name,slug,team,era,positions,height,overall,close_shot,mid_range_shot,three_ball,free_throw,shot_iq,offensive_consistency,driving_layup,standing_dunk,dunk,post_hook,post_fade,post_control,draw_foul,hands,pass_accuracy,ball_handle,speed_with_ball,pass_iq,pass_vision,passing,post_moves,speed,acceleration,agility,vertical,strength,stamina,hustle,durability,interior_defense,defense,steal,block,help_defense_iq,pass_perception,defensive_consistency,lateral_quickness,offensive_rebound,defensive_rebound
"Nikola Jokic",nikola-jokic,"Denver Nuggets",curr,"C",6'11",97,99,98,85,83,85,98,94,75,75,94,95,98,98,90,93,76,60,98,99,,,63,,62,63,96,97,80,81,83,61,56,61,83,82,80,,73,97
"Shai Gilgeous-Alexander",shai-gilgeous-alexander,"Oklahoma City Thunder",curr,"PG/SG",6'6",97,97,99,82,88,80,98,98,40,75,76,90,86,98,98,97,96,87,98,85,,,88,,86,85,66,98,90,84,69,86,70,62,89,95,85,,34,54
"Victor Wembanyama",victor-wembanyama,"San Antonio Spurs",curr,"C/PF",7'4",97,92,84,80,83,95,98,86,95,85,89,89,87,97,98,72,76,64,84,65,,,66,,69,72,70,97,98,84,97,80,59,99,97,84,98,,73,98
"Luka Doncic",luka-doncic,"Los Angeles Lakers",curr,"PG/SG",6'8",96,98,94,92,78,88,98,97,65,75,85,85,87,98,98,95,95,83,95,95,,,84,,77,79,72,90,98,84,58,59,66,53,60,57,45,,36,82
"Jalen Brunson",jalen-brunson,"New York Knicks",curr,"PG",6'2",96,95,97,88,84,95,98,98,40,35,55,84,72,98,98,96,96,84,98,75,,,84,,84,75,60,98,95,87,55,73,38,32,72,70,75,,32,48
"Giannis Antetokounmpo",giannis-antetokounmpo,"Miami Heat",curr,"PF/C",6'11",96,96,59,62,65,90,98,98,85,91,79,74,91,97,95,84,87,80,95,85,,,89,,86,85,94,98,95,70,90,87,70,62,92,88,95,,80,90
"Anthony Edwards",anthony-edwards,"Minnesota Timberwolves",curr,"SG/SF",6'4",95,96,89,92,80,85,98,97,50,97,70,84,84,95,98,79,92,90,80,65,,,94,,90,97,67,97,90,91,59,85,56,61,84,84,85,,34,60
"Cade Cunningham",cade-cunningham,"Detroit Pistons",curr,"PG/SG",6'6",94,94,97,86,81,80,98,94,40,75,70,84,85,95,98,92,90,83,95,94,,,83,,84,80,67,94,95,85,63,83,63,65,82,76,80,,38,63
"Jayson Tatum",jayson-tatum,"Boston Celtics",curr,"PF/SF",6'8",93,90,91,88,82,90,95,95,50,89,79,86,88,88,98,78,86,79,84,72,,,82,,88,83,71,95,98,68,81,85,63,37,89,84,85,,34,89
"Donovan Mitchell",donovan-mitchell,"Cleveland Cavaliers",curr,"SG/PG",6'2",93,98,89,88,86,70,95,97,50,92,37,77,44,90,98,84,93,91,84,73,,,95,,90,97,60,96,95,85,68,75,66,45,79,79,75,,36,56
"Stephen Curry",stephen-curry,"Golden State Warriors",curr,"PG/SG",6'2",93,98,94,99,93,75,98,95,25,36,35,52,35,78,98,89,97,83,90,74,,,83,,84,73,48,98,85,70,30,69,49,51,70,68,65,,32,53
"Kevin Durant",kevin-durant,"Houston Rockets",curr,"SF/SG",6'11",93,98,97,92,88,80,95,96,60,85,74,89,86,85,98,78,92,77,88,70,,,78,,78,77,63,94,90,82,70,77,38,62,75,75,75,,33,62
"Karl-Anthony Towns",karl-anthony-towns,"New York Knicks",curr,"C/PF",7'0",93,93,78,82,86,98,85,82,85,75,92,92,89,80,98,75,65,66,79,70,,,76,,76,70,90,98,90,84,71,50,42,57,79,55,65,,76,93
"Kawhi Leonard",kawhi-leonard,"Toronto Raptors",curr,"SF/SG",6'7",93,98,94,88,90,90,95,91,55,80,65,88,89,84,98,79,86,79,82,70,,,82,,89,79,79,85,85,72,81,89,93,52,91,90,90,,45,72
"Tyrese Maxey",tyrese-maxey,"Philadelphia 76ers",curr,"PG/SG",6'2",92,84,87,88,90,80,98,96,25,70,45,60,47,89,98,80,92,96,87,74,,,96,,90,80,44,98,98,90,54,79,73,60,69,68,65,,29,52
"Joel Embiid",joel-embiid,"Philadelphia 76ers",curr,"C",7'0",91,94,91,79,85,70,95,89,85,80,96,96,95,97,90,74,57,57,82,71,,,60,,59,60,96,70,65,63,86,68,36,73,83,64,80,,62,90
"Devin Booker",devin-booker,"Phoenix Suns",curr,"SG/PG",6'5",91,96,94,86,87,85,95,95,30,75,74,79,84,87,98,80,92,83,80,75,,,83,,80,79,64,95,95,83,58,75,40,45,74,74,65,,36,52
"Jaylen Brown",jaylen-brown,"Philadelphia 76ers",curr,"SG/SF",6'6",91,94,90,82,80,75,95,97,50,94,72,80,85,89,98,78,86,76,84,73,,,79,,88,84,72,95,95,83,84,90,43,51,86,87,85,,43,70
"LeBron James",lebron-james,"Philadelphia 76ers",curr,"PF/SF",6'9",91,94,83,76,74,95,80,97,80,85,82,88,84,80,98,90,84,85,97,81,,,87,,84,89,89,88,70,74,74,74,46,57,70,70,60,,38,69
"Tyrese Haliburton",tyrese-haliburton,"Indiana Pacers",curr,"PG/SG",6'5",90,98,90,87,86,85,80,94,40,65,42,49,40,62,95,97,90,83,96,95,,,83,,84,70,59,95,95,64,60,77,63,56,78,75,75,,35,49
"Anthony Davis",anthony-davis,"Washington Wizards",curr,"PF/C",6'10",90,91,80,70,73,70,85,81,90,85,85,89,85,87,85,60,75,67,72,60,,,79,,78,86,92,87,85,65,90,80,53,82,90,88,90,,74,87
"Jamal Murray",jamal-murray,"Denver Nuggets",curr,"PG/SG",6'4",89,89,90,88,89,90,90,90,30,82,38,46,74,75,84,84,89,79,85,76,,,80,,80,80,54,95,85,85,35,77,40,50,74,70,70,,32,55
"Austin Reaves",austin-reaves,"Los Angeles Lakers",curr,"SG/SF",6'5",88,97,69,85,87,95,90,94,25,70,31,32,32,89,85,85,86,78,85,72,,,83,,80,81,50,94,80,78,35,66,43,51,64,60,55,,36,59
"OG Anunoby",og-anunoby,"New York Knicks",curr,"SF/PF",6'7",88,81,76,85,82,90,90,81,60,85,38,37,36,69,90,58,72,71,52,37,,,81,,91,85,80,85,85,81,89,94,73,62,94,92,95,,46,59
"Deni Avdija",deni-avdija,"Portland Trail Blazers",curr,"SF/SG",6'8",88,85,89,75,80,90,90,88,40,75,62,59,59,80,85,79,78,69,79,77,,,75,,81,79,74,89,95,89,62,80,38,56,78,77,80,,43,74
"Scottie Barnes",scottie-barnes,"Toronto Raptors",curr,"PF/PG",6'8",88,97,87,77,81,70,90,89,80,80,70,72,87,86,95,82,79,77,88,80,,,82,,82,92,78,88,95,94,90,91,63,81,91,90,95,,57,73
"Jalen Johnson",jalen-johnson,"Atlanta Hawks",curr,"PF/SF",6'8",87,83,88,80,78,80,95,90,75,96,82,84,84,90,80,83,79,74,86,77,,,76,,76,82,68,85,80,86,66,66,49,51,60,57,50,,46,89
"Evan Mobley",evan-mobley,"Cleveland Cavaliers",curr,"PF/C",6'11",87,88,77,75,63,70,75,76,85,85,83,83,84,70,85,69,60,66,74,64,,,72,,79,81,74,90,90,88,93,82,40,85,95,85,90,,65,82
"Kyrie Irving",kyrie-irving,"Dallas Mavericks",curr,"PG/SG",6'2",87,91,98,86,92,65,95,97,25,30,35,82,54,75,96,80,99,83,80,70,,,83,,85,81,37,89,87,53,32,67,53,51,67,75,55,,43,51
"Cooper Flagg",cooper-flagg,"Dallas Mavericks",curr,"SF/PG",6'9",87,89,87,71,82,80,95,91,65,80,70,74,70,84,90,70,76,75,70,70,,,83,,85,77,70,90,90,91,81,83,49,63,82,75,80,,44,67
"Alperen Sengun",alperen-sengun,"Houston Rockets",curr,"C/PF",6'11",87,94,72,74,69,85,90,82,70,80,94,95,96,75,95,79,62,48,84,74,,,52,,64,69,90,88,90,91,72,63,56,70,69,85,65,,69,74
"Pascal Siakam",pascal-siakam,"Indiana Pacers",curr,"PF/C",6'8",87,97,75,80,69,75,85,92,80,80,89,89,91,78,90,72,79,69,79,69,,,76,,78,79,70,95,80,84,85,79,46,50,86,82,80,,47,69
"Bam Adebayo",bam-adebayo,"Miami Heat",curr,"C/PF",6'9",87,87,79,77,78,70,95,83,85,80,80,82,88,60,90,72,69,66,74,53,,,74,,84,83,89,92,90,86,95,88,49,57,94,80,95,,57,87
"Paolo Banchero",paolo-banchero,"Orlando Magic",curr,"PF/SF",6'10",87,88,82,78,78,60,95,90,75,85,80,80,90,96,95,74,76,74,84,71,,,80,,80,83,77,90,85,90,68,66,36,55,64,67,45,,43,83
"Stephon Castle",stephon-castle,"San Antonio Spurs",curr,"SG/PG",6'6",87,91,77,79,73,85,95,92,40,88,59,66,66,84,85,84,83,80,85,79,,,82,,93,72,70,90,90,89,84,90,53,47,90,88,90,,51,58
"Trae Young",trae-young,"Washington Wizards",curr,"PG",6'2",87,94,92,85,83,70,95,94,25,30,28,60,34,94,80,92,95,84,92,92,,,84,,84,78,50,95,75,64,31,55,49,32,58,70,30,,29,43
"James Harden",james-harden,"Cleveland Cavaliers",curr,"PG/SG",6'5",87,88,84,88,88,55,95,93,35,75,60,74,69,94,90,78,95,82,94,83,,,82,,85,87,71,98,60,82,62,70,46,51,63,82,65,,34,60
"Amen Thompson",amen-thompson,"Houston Rockets",curr,"SG/PG",6'7",86,89,66,56,78,65,60,85,60,96,44,48,44,44,95,80,86,93,80,70,,,96,,93,99,70,95,85,95,78,93,59,55,92,90,95,,67,61
"Chet Holmgren",chet-holmgren,"Oklahoma City Thunder",curr,"PF/C",7'1",86,92,87,79,80,70,80,86,75,75,79,79,79,85,95,60,65,67,59,36,,,75,,75,75,45,87,90,87,95,75,67,89,92,78,90,,61,86
"Damian Lillard",damian-lillard,"Portland Trail Blazers",curr,"PG",6'2",86,82,95,93,93,55,90,86,25,85,30,38,42,62,98,84,89,83,84,75,,,83,,87,89,63,97,95,54,31,69,46,37,72,77,60,,33,54
"Lauri Markkanen",lauri-markkanen,"Utah Jazz",curr,"SF/PF",7'1",86,96,72,87,90,90,90,80,80,80,84,84,86,85,95,67,65,42,75,39,,,63,,65,62,70,85,85,73,66,65,41,52,66,64,65,,55,66
"Jaren Jackson Jr.",jaren-jackson-jr,"Utah Jazz",curr,"PF/C",6'10",86,97,57,80,80,75,75,79,85,80,85,85,88,70,80,45,60,33,50,38,,,63,,80,75,82,90,80,76,92,80,42,83,95,71,95,,40,67
"LaMelo Ball",lamelo-ball,"Minnesota Timberwolves",curr,"PG/SG",6'7",86,83,76,87,89,75,90,81,45,75,52,58,52,70,98,93,95,84,93,90,,,84,,84,79,50,93,89,82,45,70,63,42,79,89,75,,42,65
"Michael Porter Jr.",michael-porter-jr,"Brooklyn Nets",curr,"SF/PF",6'10",85,89,79,87,86,70,90,92,60,80,50,74,68,55,80,65,78,77,62,66,,,80,,81,88,70,88,80,78,60,64,46,42,60,68,40,,47,80
"Brandon Miller",brandon-miller,"Charlotte Hornets",curr,"SG/SF",6'7",85,84,77,85,89,85,95,80,55,87,40,64,47,83,80,75,86,78,75,67,,,78,,82,85,60,95,80,84,50,73,46,62,67,68,65,,44,62
"Jarrett Allen",jarrett-allen,"Cleveland Cavaliers",curr,"C",6'9",85,97,80,63,71,80,90,84,90,85,83,63,84,80,95,25,35,35,48,40,,,75,,72,79,84,90,90,80,88,72,49,70,88,67,85,,72,84
"Jalen Duren",jalen-duren,"Detroit Pistons",curr,"C",6'10",85,96,70,35,70,70,60,84,80,90,85,62,94,47,70,59,59,59,50,41,,,73,,68,84,96,89,80,89,89,62,42,70,89,88,85,,90,94
"Ausar Thompson",ausar-thompson,"Detroit Pistons",curr,"SF/PF",6'7",85,88,57,70,57,30,25,82,60,91,45,46,45,43,80,70,78,86,70,62,,,94,,96,98,76,95,95,86,89,97,98,73,97,97,95,,67,65
"Jimmy Butler",jimmy-butler,"Golden State Warriors",curr,"SF/PF",6'6",85,90,90,76,86,40,80,87,40,75,80,80,80,87,98,85,86,79,89,72,,,82,,92,82,76,97,98,67,80,86,66,40,89,88,85,,65,53
"Jaden McDaniels",jaden-mcdaniels,"Minnesota Timberwolves",curr,"SF/PF",6'9",85,94,89,85,84,70,75,85,40,75,52,56,54,67,85,44,78,70,40,46,,,79,,91,80,68,85,85,91,87,91,49,67,90,90,90,,42,51
"Zion Williamson",zion-williamson,"New Orleans Pelicans",curr,"PF/PG",6'6",85,83,79,67,72,70,85,86,85,93,90,80,85,85,95,65,78,74,72,66,,,84,,81,97,92,83,95,76,59,55,46,56,64,70,40,,61,59
"Trey Murphy III",trey-murphy,"New Orleans Pelicans",curr,"SG/SF",6'8",85,84,74,85,89,95,90,81,65,88,42,44,43,82,80,59,64,74,64,63,,,84,,76,82,70,85,85,88,69,69,59,50,69,59,65,,39,62
"Jalen Williams",jalen-williams,"Oklahoma City Thunder",curr,"C/PF",6'5",85,87,79,77,83,60,70,86,25,80,67,67,66,54,87,78,86,83,78,74,,,86,,92,83,73,90,90,78,85,88,66,50,88,90,90,,41,61
"Franz Wagner",franz-wagner,"Orlando Magic",curr,"SF/PF",6'10",85,85,90,78,83,70,90,92,55,80,57,59,59,95,95,80,85,68,84,65,,,70,,73,75,73,85,85,78,56,73,49,50,74,73,70,,48,64
"Domantas Sabonis",domantas-sabonis,"Sacramento Kings",curr,"C",6'10",85,91,86,70,73,85,90,80,75,75,93,93,91,70,98,82,60,43,85,70,,,48,,49,54,82,95,90,68,70,49,49,40,69,45,60,,75,93
"Dylan Harper",dylan-harper,"San Antonio Spurs",curr,"PG/SG",6'5",85,93,93,79,74,90,90,93,30,86,34,48,45,79,95,75,90,86,78,72,,,88,,89,83,61,90,85,85,52,70,69,52,70,68,65,,43,55
"Tyler Herro",tyler-herro,"Milwaukee Bucks",curr,"SG/PG",6'5",85,98,90,85,92,70,95,93,30,60,37,42,40,82,95,79,85,74,84,67,,,79,,78,72,59,85,70,78,46,69,38,51,65,60,50,,32,60
"Kon Knueppel",kon-knueppel,"Charlotte Hornets",curr,"SF/SG",6'6",84,97,72,94,87,85,95,84,40,55,40,40,40,44,90,75,76,64,75,64,,,65,,70,78,62,89,95,96,48,70,38,42,67,67,65,,46,62
"Josh Giddey",josh-giddey,"Chicago Bulls",curr,"PG/SG",6'8",84,92,38,79,76,85,85,94,45,65,55,58,55,89,90,90,86,79,92,88,,,79,,79,74,60,88,90,85,50,62,43,53,57,54,45,,46,83
"Rudy Gobert",rudy-gobert,"Minnesota Timberwolves",curr,"C",7'1",84,80,54,29,53,75,40,57,85,75,65,58,65,70,85,68,35,25,58,33,,,48,,65,57,87,90,95,83,96,64,40,82,95,74,95,,90,87
"Mikal Bridges",mikal-bridges,"New York Knicks",curr,"SG/SF",6'6",84,92,89,83,83,75,75,79,40,75,55,57,57,60,80,78,82,72,88,62,,,80,,87,85,68,92,95,91,69,88,70,63,82,86,85,,41,49
"Desmond Bane",desmond-bane,"Orlando Magic",curr,"SG/SF",6'6",84,93,83,87,92,70,95,89,35,75,49,61,56,43,84,74,80,70,74,68,,,74,,80,78,56,92,85,87,59,79,42,51,78,78,70,,44,49
"De’Aaron Fox",deaaron-fox,"San Antonio Spurs",curr,"PG/SG",6'3",84,98,90,78,76,65,90,95,25,80,25,60,27,50,90,85,87,97,85,74,,,97,,93,84,46,96,90,83,34,84,56,42,82,82,80,,35,52
"Keyonte George",keyonte-george,"Utah Jazz",curr,"PG/SG",6'4",84,94,83,83,89,85,95,90,40,65,47,49,48,86,90,85,86,78,85,74,,,79,,78,72,55,84,85,84,34,65,43,45,57,58,50,,32,52
"Ivica Zubac",ivica-zubac,"Indiana Pacers",curr,"C",7'0",84,97,76,26,71,65,75,83,85,80,97,78,91,55,80,70,35,30,47,44,,,43,,63,75,90,80,85,76,88,63,33,67,90,67,95,,85,88
"Darius Garland",darius-garland,"Los Angeles Clippers",curr,"PG/SG",6'1",84,92,90,86,85,85,90,85,25,40,32,37,42,50,85,85,94,88,85,80,,,88,,88,84,40,95,90,81,31,71,43,37,69,66,50,,33,42
"Norman Powell",norman-powell,"Chicago Bulls",curr,"SG/SF",6'4",84,97,75,84,83,80,95,88,25,80,30,32,28,65,88,74,79,77,75,49,,,79,,80,80,60,92,90,76,50,79,53,45,77,74,75,,31,52
"Brandon Ingram",brandon-ingram,"Los Angeles Clippers",curr,"SF/PF",6'8",84,88,96,82,82,70,95,90,65,80,64,86,86,74,98,75,85,70,75,64,,,74,,74,77,42,95,80,80,54,69,38,61,58,68,40,,38,66
"Ja Morant",ja-morant,"Portland Trail Blazers",curr,"PG/SG",6'2",84,81,79,70,90,50,85,89,25,96,54,54,54,90,98,87,92,95,85,89,,,95,,95,97,52,97,75,62,49,72,49,40,79,78,75,,32,51
"Nickeil Alexander-Walker",nickeil-alexander-walker,"Atlanta Hawks",curr,"SG/PG",6'5",83,78,79,87,90,85,85,85,40,60,54,58,64,67,88,75,81,72,76,62,,,72,,87,70,67,90,75,88,52,84,56,55,82,80,80,,36,48
"Derrick White",derrick-white,"Boston Celtics",curr,"PG/SG",6'4",83,82,85,81,90,70,75,86,40,55,35,51,35,67,90,88,86,87,82,71,,,88,,93,75,46,85,95,84,58,95,49,80,95,84,95,,43,51
"Aaron Gordon",aaron-gordon,"Denver Nuggets",curr,"PF/C",6'8",83,75,74,82,76,75,70,79,85,94,58,60,74,85,95,65,62,66,60,49,,,71,,84,92,79,95,95,68,80,84,38,47,84,82,80,,55,67
"V.J. Edgecombe",vj-edgecombe,"Philadelphia 76ers",curr,"SG/PG",6'4",83,81,86,82,83,75,85,85,35,89,41,53,40,74,85,75,86,85,80,64,,,89,,91,88,57,85,85,93,53,77,59,53,77,75,75,,50,56
"Alexandre Sarr",alexandre-sarr,"Washington Wizards",curr,"C/PF",7'0",83,84,71,76,69,80,80,80,90,85,60,62,64,78,80,65,73,66,66,62,,,73,,72,77,70,80,85,78,78,72,41,96,80,82,80,,66,77
"C.J. McCollum",cj-mccollum,"Atlanta Hawks",curr,"PG/SG",6'3",83,96,88,85,77,75,95,82,30,40,38,46,32,52,91,72,86,82,79,69,,,82,,84,80,60,98,95,82,35,70,41,52,70,50,65,,39,47
"Julius Randle",julius-randle,"Brooklyn Nets",curr,"PF/C",6'9",83,91,79,76,76,70,80,91,85,80,86,79,86,82,85,70,80,68,75,67,,,73,,76,69,87,95,90,84,77,73,46,40,73,52,75,,52,67
"DeMar DeRozan",demar-derozan,"Denver Nuggets",curr,"SF/SG",6'6",83,97,95,73,87,70,90,89,55,80,65,95,91,50,85,73,83,77,75,70,,,79,,80,88,73,88,80,83,58,64,46,45,64,59,55,,33,47
"Payton Pritchard",payton-pritchard,"Boston Celtics",curr,"PG",6'1",82,98,88,87,89,85,90,86,25,35,40,46,35,57,75,84,82,75,82,71,,,75,,75,66,47,84,78,87,36,60,38,35,60,45,35,,40,51
"Dejounte Murray",dejounte-murray,"New Orleans Pelicans",curr,"PG/SG",6'4",82,97,84,74,87,80,85,90,40,75,40,48,49,61,95,82,86,83,82,81,,,83,,85,60,52,90,90,60,53,83,86,42,80,81,80,,30,76
"Josh Hart",josh-hart,"New York Knicks",curr,"PF/SF",6'5",82,94,82,83,72,70,75,87,25,70,39,58,42,57,95,73,79,79,75,71,,,81,,86,69,74,99,99,83,85,86,56,47,80,78,80,,51,82
"Isaiah Hartenstein",isaiah-hartenstein,"Oklahoma City Thunder",curr,"C",7'0",82,96,79,55,59,65,75,80,90,80,74,64,70,72,75,50,56,42,60,70,,,62,,62,70,89,80,95,72,83,41,63,71,80,54,80,,95,88
"Ajay Mitchell",ajay-mitchell,"Oklahoma City Thunder",curr,"PG/SG",6'4",82,95,79,79,87,80,90,94,35,70,30,37,38,79,80,74,82,79,75,69,,,83,,80,65,53,87,75,76,43,77,70,52,78,75,75,,40,52
"Dillon Brooks",dillon-brooks,"Phoenix Suns",curr,"SF/PF",6'7",82,97,80,80,86,65,80,73,35,75,55,66,82,69,85,59,70,69,58,37,,,75,,88,75,73,88,95,78,77,88,76,37,87,88,85,,38,51
"Jrue Holiday",jrue-holiday,"Portland Trail Blazers",curr,"PG/SG",6'4",82,91,81,83,83,70,65,85,25,65,30,72,40,40,98,80,79,78,80,77,,,78,,90,68,62,80,92,74,66,89,80,32,89,89,85,,48,55
"Donovan Clingan",donovan-clingan,"Portland Trail Blazers",curr,"C",7'2",82,94,78,75,67,85,70,65,85,75,72,54,69,69,75,55,46,38,62,43,,,44,,45,60,80,82,75,88,89,49,37,86,82,58,80,,94,90
"Zach LaVine",zach-lavine,"Sacramento Kings",curr,"SG/SF",6'5",82,97,79,85,88,70,85,87,60,94,59,66,59,80,80,70,88,81,67,42,,,84,,82,97,49,98,65,71,47,61,37,42,57,38,40,,27,47
"R.J. Barrett",rj-barrett,"Toronto Raptors",curr,"SG/SF",6'6",82,89,79,79,71,70,80,88,45,80,52,55,79,80,85,79,83,82,84,65,,,84,,84,82,76,95,80,84,58,81,40,50,79,74,75,,41,67
"Immanuel Quickley",immanuel-quickley,"Toronto Raptors",curr,"PG/SG",6'2",82,91,88,82,82,85,95,87,40,55,50,51,45,60,98,80,86,76,80,73,,,82,,82,79,54,89,85,83,37,80,56,30,78,64,75,,34,56
"Naz Reid",naz-reid,"Charlotte Hornets",curr,"C/PF",6'9",82,97,73,83,73,50,80,83,80,80,82,70,82,60,94,59,58,49,65,48,,,50,,54,75,87,88,95,85,78,54,53,73,80,65,75,,49,78
"Paul George",paul-george,"Boston Celtics",curr,"PF/SF",6'8",82,90,87,83,84,60,85,81,55,80,40,79,60,40,80,78,87,77,70,67,,,79,,84,75,70,95,75,73,71,79,86,55,79,78,70,,35,68
"Dyson Daniels",dyson-daniels,"Atlanta Hawks",curr,"SF/SG",6'7",81,90,68,50,62,45,50,84,25,75,44,55,47,51,85,77,78,79,77,71,,,79,,93,75,69,89,85,92,67,94,96,51,90,95,90,,62,62
"Onyeka Okongwu",onyeka-okongwu,"Atlanta Hawks",curr,"C",6'10",81,92,88,82,76,80,80,85,85,85,54,55,80,75,80,51,54,60,50,57,,,74,,74,75,80,88,95,89,79,64,49,72,83,65,65,,57,77
"Matas Buzelis",matas-buzelis,"Chicago Bulls",curr,"PF/SF",6'8",81,85,83,80,79,85,90,85,65,89,62,58,60,79,90,65,72,76,69,40,,,86,,70,84,69,90,85,92,58,62,38,82,65,62,50,,43,68
"Andrew Nembhard",andrew-nembhard,"Indiana Pacers",curr,"PG/SG",6'4",81,92,79,82,83,85,60,79,39,60,44,52,47,41,75,80,79,74,80,83,,,76,,88,71,46,85,69,87,68,86,42,35,85,84,85,,32,46
"Alex Caruso",alex-caruso,"Oklahoma City Thunder",curr,"SF/PG",6'5",81,88,82,80,80,70,50,76,35,75,30,43,29,40,85,75,78,82,75,57,,,82,,94,72,68,85,85,69,51,90,97,56,90,90,85,,41,56
"Cason Wallace",cason-wallace,"Oklahoma City Thunder",curr,"SG/PG",6'3",81,70,73,81,80,65,70,82,25,70,31,37,37,57,95,75,78,75,75,49,,,75,,91,72,55,90,85,91,72,93,98,52,89,93,95,,42,47
"Jalen Green",jalen-green,"Phoenix Suns",curr,"SG/SF",6'4",81,76,87,79,76,70,75,84,40,91,56,56,56,70,95,77,86,84,79,68,,,88,,88,92,55,88,85,79,45,64,66,37,60,54,55,,36,61
"Shaedon Sharpe",shaedon-sharpe,"Portland Trail Blazers",curr,"SG/PG",6'5",81,83,77,80,78,60,85,86,40,95,35,37,33,82,88,67,83,84,67,61,,,87,,89,96,50,94,85,81,49,69,73,32,65,75,45,,45,57
"Devin Vassell",devin-vassell,"San Antonio Spurs",curr,"SF/SG",6'5",81,80,92,87,82,50,75,78,40,60,51,65,65,44,80,76,82,65,79,42,,,72,,80,77,60,89,85,85,62,80,41,51,81,85,80,,35,54
"Kristaps Porzingis",kristaps-porzingis,"Golden State Warriors",curr,"C/PF",7'2",81,93,90,80,84,65,80,77,85,75,81,84,85,47,85,50,68,56,40,64,,,66,,65,78,74,80,70,68,75,56,40,84,74,60,55,,52,68
"Ayo Dosunmu",ayo-dosunmu,"Minnesota Timberwolves",curr,"SG/PG",6'4",81,89,90,86,87,65,80,89,25,75,35,50,42,64,80,72,79,73,79,70,,,76,,78,75,59,85,75,89,38,69,43,47,68,69,65,,38,52
"Walker Kessler",walker-kessler,"Los Angeles Lakers",curr,"C",7'2",81,97,74,70,70,70,65,65,85,75,74,66,74,51,95,42,44,35,48,35,,,37,,52,60,80,88,90,64,84,65,37,93,88,58,85,,93,88
"Tobias Harris",tobias-harris,"San Antonio Spurs",curr,"PF/SF",6'8",81,97,84,82,87,60,80,79,65,75,70,70,86,68,95,77,79,56,78,48,,,75,,67,79,73,97,73,80,67,68,46,55,66,64,60,,41,68
"Neemias Queta",neemias-queta,"Boston Celtics",curr,"C",7'0",80,98,76,50,70,70,60,76,75,70,62,60,62,50,85,52,38,30,62,37,,,59,,59,65,85,80,95,81,89,68,46,86,88,57,85,,84,83
"Cameron Johnson",cameron-johnson,"Denver Nuggets",curr,"SF/SG",6'8",80,75,71,89,84,85,75,78,60,60,69,69,69,64,57,59,59,43,66,40,,,70,,70,79,60,85,86,75,65,69,40,51,64,68,65,,40,51
"Jabari Smith Jr.",jabari-smith,"Houston Rockets",curr,"PF/SF",6'10",80,93,79,83,78,70,85,72,75,85,79,79,79,54,85,65,75,69,66,34,,,76,,76,75,70,89,85,93,70,69,38,63,67,67,55,,48,67
"Cedric Coward",cedric-coward,"Memphis Grizzlies",curr,"SG/SF",6'5",80,92,69,78,85,85,65,87,50,80,30,48,32,45,80,68,73,79,68,62,,,88,,84,83,57,95,85,84,58,73,40,55,71,68,55,,52,73
"Ty Jerome",ty-jerome,"Memphis Grizzlies",curr,"PG/SG",6'5",80,95,85,83,88,80,95,87,40,45,38,37,37,77,80,84,86,68,84,90,,,69,,73,62,46,85,68,54,32,56,76,42,62,48,35,,42,50
"Zach Edey",zach-edey,"Memphis Grizzlies",curr,"C",7'4",80,98,78,74,78,70,70,61,80,70,82,65,82,50,95,58,39,30,63,32,,,46,,31,66,84,79,85,57,79,37,38,94,79,67,75,,92,91
"Ryan Rollins",ryan-rollins,"Milwaukee Bucks",curr,"PG/SG",6'3",80,85,79,84,79,75,80,84,25,65,40,42,42,79,85,79,79,82,79,73,,,86,,86,80,39,85,85,84,43,68,70,52,67,62,60,,37,60
"Saddiq Bey",saddiq-bey,"New Orleans Pelicans",curr,"SF/PF",6'8",80,87,64,82,84,70,90,84,45,75,63,64,90,88,95,64,76,57,75,46,,,63,,72,70,80,81,90,83,64,69,42,32,67,65,65,,53,60
"Jalen Suggs",jalen-suggs,"Orlando Magic",curr,"PG/SG",6'5",80,87,83,80,85,50,50,82,40,80,39,38,74,50,84,75,80,86,77,74,,,88,,92,90,59,88,85,79,55,89,97,63,84,82,85,,37,60
"Anthony Black",anthony-black,"Orlando Magic",curr,"PG/SG",6'7",80,82,75,79,73,85,85,85,35,75,48,52,52,74,90,80,86,74,77,67,,,75,,85,75,58,92,90,87,63,84,66,60,84,82,80,,37,53
"Toumani Camara",toumani-camara,"Portland Trail Blazers",curr,"PF/SF",6'7",80,86,60,83,70,55,40,82,60,75,55,55,55,32,85,68,65,58,67,41,,,63,,89,78,78,88,95,96,87,91,82,51,92,90,95,,50,55
"Collin Murray-Boyles",collin-murray-boyles,"Toronto Raptors",curr,"C/PF",6'7",80,94,70,76,65,70,70,84,55,75,65,65,65,67,85,67,74,74,70,43,,,83,,86,75,70,85,95,78,72,74,79,80,70,68,65,,81,58
"Isaiah Collier",isaiah-collier,"Utah Jazz",curr,"PG/SG",6'4",80,94,68,73,72,55,75,88,30,75,28,41,37,50,95,90,86,90,90,87,,,93,,88,75,60,89,80,83,30,62,59,52,57,57,55,,32,48
"Kyshawn George",kyshawn-george,"Washington Wizards",curr,"PF/SF",6'8",80,83,79,82,80,85,90,82,40,60,59,58,59,30,95,66,74,60,66,71,,,64,,74,72,60,90,85,80,70,70,46,67,71,70,60,,41,65
"Coby White",coby-white,"Charlotte Hornets",curr,"PG/SG",6'4",80,90,74,81,82,70,80,86,30,65,34,45,49,78,95,79,87,84,84,72,,,85,,85,81,56,90,85,84,49,64,37,35,66,64,55,,33,59
"Grayson Allen",grayson-allen,"Charlotte Hornets",curr,"SG/SF",6'3",80,80,84,86,85,85,85,79,25,70,31,43,42,49,78,68,78,79,70,70,,,84,,78,81,44,85,80,73,35,72,66,45,70,74,45,,36,47
"Nicolas Claxton",nicolas-claxton,"Chicago Bulls",curr,"C",6'11",80,89,75,64,62,70,70,77,80,75,72,64,72,55,80,40,49,44,48,70,,,69,,77,79,75,90,89,82,84,79,40,76,85,64,85,,69,75
"Bobby Portis Jr.",bobby-portis,"Miami Heat",curr,"C/PF",6'10",80,96,82,89,71,75,55,72,75,70,83,83,87,74,85,55,52,59,52,40,,,65,,64,64,83,85,90,81,78,40,40,45,75,65,65,,56,84
"Miles Bridges",miles-bridges,"Phoenix Suns",curr,"PF/SF",6'7",80,89,57,80,83,70,95,85,60,88,84,84,85,89,95,69,76,71,74,61,,,75,,76,85,84,93,80,88,60,59,37,52,62,68,45,,42,68
"Mitchell Robinson",mitchell-robinson,"Boston Celtics",curr,"C",7'0",80,90,68,32,41,70,35,64,85,80,65,52,50,41,80,70,40,25,54,31,,,48,,65,76,92,80,85,72,83,49,66,88,87,65,80,,98,87
"Ryan Kalkbrenner",ryan-kalkbrenner,"Charlotte Hornets",curr,"C",7'1",79,98,74,73,71,85,70,61,80,75,71,60,70,67,85,50,37,30,50,30,,,44,,35,74,70,85,85,87,78,30,38,89,78,54,75,,85,65
"Moussa Diabaté",moussa-diabate,"Charlotte Hornets",curr,"C/PF",6'10",79,85,72,67,66,70,60,78,65,80,67,57,67,57,65,42,40,66,52,39,,,73,,73,78,74,80,95,85,65,41,43,73,65,50,55,,93,79
"Tre Jones",tre-jones,"Chicago Bulls",curr,"PG",6'1",79,97,87,75,82,70,85,87,25,35,32,34,30,86,80,83,84,80,83,74,,,80,,80,71,60,85,75,84,34,73,63,40,70,67,60,,36,49
"Daniel Gafford",daniel-gafford,"Dallas Mavericks",curr,"C",6'10",79,91,65,29,68,70,50,73,85,75,69,67,67,57,70,37,35,44,37,33,,,75,,70,80,80,75,89,76,84,57,46,83,83,50,80,,81,79
"P.J. Washington",pj-washington,"Dallas Mavericks",curr,"PF/SF",6'7",79,87,73,75,69,70,50,70,65,80,68,63,63,44,95,55,70,63,60,35,,,75,,80,69,70,85,85,80,78,79,43,70,80,78,80,,51,72
"Dereck Lively II",dereck-lively-ii,"Dallas Mavericks",curr,"C",7'1",79,97,60,52,64,80,50,82,85,83,59,54,59,40,90,69,52,40,68,61,,,50,,57,67,74,80,95,57,83,57,38,90,80,54,80,,78,80
"Naji Marshall",naji-marshall,"Dallas Mavericks",curr,"SF/PG",6'6",79,97,70,71,77,75,85,91,45,70,57,58,58,86,95,75,74,62,75,63,,,62,,65,75,67,85,70,83,52,60,49,30,62,64,40,,41,60
"Christian Braun",christian-braun,"Denver Nuggets",curr,"SG/SF",6'6",79,97,67,78,79,60,75,85,25,85,25,55,36,69,90,69,69,74,74,44,,,83,,83,83,60,93,95,83,40,79,37,45,78,80,80,,51,53
"Duncan Robinson",duncan-robinson,"Detroit Pistons",curr,"SG/SF",6'7",79,97,79,93,76,75,85,78,30,70,40,44,35,54,90,66,72,56,70,40,,,59,,67,72,35,85,75,81,50,67,37,51,64,65,60,,33,47
"Daniss Jenkins",daniss-jenkins,"Detroit Pistons",curr,"PG/SG",6'4",79,76,84,83,82,80,60,80,30,60,36,36,28,72,85,80,86,74,85,72,,,75,,75,70,45,85,80,86,32,69,63,50,69,75,65,,45,46
"Draymond Green",draymond-green,"Golden State Warriors",curr,"PF/C",6'6",79,78,75,75,69,30,25,73,55,65,50,51,51,30,80,80,78,69,84,73,,,73,,84,66,85,85,90,78,93,88,79,61,95,84,95,,41,74
"Brandin Podziemski",brandin-podziemski,"Golden State Warriors",curr,"PG/PG",6'4",79,94,79,83,78,75,90,89,35,60,54,55,55,75,85,69,84,81,68,69,,,82,,82,78,54,89,85,93,45,63,56,40,62,72,45,,42,68
"Fred VanVleet",fred-vanvleet,"Houston Rockets",curr,"PG",6'0",79,75,82,78,81,80,60,70,25,35,30,32,28,55,98,84,86,83,85,70,,,83,,80,75,52,95,94,56,27,80,66,51,79,74,80,,33,49
"Reed Sheppard",reed-sheppard,"Houston Rockets",curr,"PG/SG",6'2",79,88,83,84,81,70,75,75,25,70,44,45,40,52,90,79,79,84,79,68,,,88,,89,87,56,93,95,91,54,78,86,62,70,77,70,,32,51
"T.J. McConnell",tj-mcconnell,"Indiana Pacers",curr,"PG",6'1",79,98,89,75,86,75,60,80,25,25,44,58,38,40,79,92,79,73,92,97,,,76,,82,65,44,85,92,74,49,82,86,47,70,87,80,,36,54
"Aaron Nesmith",aaron-nesmith,"Indiana Pacers",curr,"SF/SG",6'6",79,90,70,82,83,85,70,74,35,55,53,57,57,78,85,69,70,64,65,38,,,78,,76,79,67,87,85,72,72,76,36,55,76,57,75,,43,53
"Andrew Wiggins",andrew-wiggins,"Miami Heat",curr,"PF/SF",6'7",79,88,73,86,79,80,70,79,40,85,65,74,77,50,85,62,79,80,60,46,,,82,,82,97,64,87,90,82,55,74,49,71,70,67,65,,53,52
"Myles Turner",myles-turner,"Milwaukee Bucks",curr,"C",6'11",79,85,88,82,74,70,40,66,80,65,76,80,80,40,85,31,35,32,68,34,,,56,,66,69,82,95,80,83,86,70,41,87,87,70,85,,46,69
"Kevin Porter Jr.",kevin-porter-jr,"Milwaukee Bucks",curr,"PG/SG",6'4",79,79,94,76,88,60,75,83,40,80,25,62,44,84,80,82,82,83,82,78,,,85,,75,75,52,88,80,76,44,69,96,53,64,75,55,,40,62
"Herbert Jones",herbert-jones,"New Orleans Pelicans",curr,"SF/SG",6'7",79,65,75,73,81,40,30,60,55,75,62,62,62,55,85,65,75,69,75,49,,,74,,91,72,72,82,85,75,85,90,83,56,90,88,85,,41,49
"Jeremiah Fears",jeremiah-fears,"New Orleans Pelicans",curr,"PG/SG",6'3",79,73,75,79,79,75,75,82,40,70,40,41,40,79,85,78,88,90,79,69,,,93,,88,75,49,85,85,94,38,62,63,53,62,60,60,,39,56
"Derik Queen",derik-queen,"New Orleans Pelicans",curr,"PF/C",6'9",79,85,71,66,79,75,75,82,65,70,78,78,78,75,90,79,69,52,82,70,,,54,,54,62,83,85,80,94,69,52,59,73,68,62,60,,60,83
"Wendell Carter Jr.",wendell-carter-jr,"Orlando Magic",curr,"C/PF",6'10",79,86,86,75,81,50,60,79,80,75,81,81,81,75,85,56,50,47,70,39,,,68,,55,68,82,85,90,83,78,47,41,58,80,70,70,,63,78
"Collin Gillespie",collin-gillespie,"Phoenix Suns",curr,"PG",6'1",79,93,76,86,87,80,90,80,40,54,31,46,40,67,75,82,79,82,84,71,,,82,,82,72,47,85,80,83,33,62,63,42,60,58,55,,45,55
"Scoot Henderson",scoot-henderson,"Portland Trail Blazers",curr,"PG/SG",6'3",79,74,82,79,84,80,80,81,35,88,44,44,44,40,95,79,86,88,77,72,,,89,,89,90,53,95,80,68,41,66,43,50,65,67,50,,38,49
"Keegan Murray",keegan-murray,"Sacramento Kings",curr,"PF/SF",6'8",79,97,73,76,78,60,75,77,60,80,69,69,69,45,80,65,70,73,66,33,,,76,,79,79,60,85,86,76,68,78,43,80,64,75,75,,47,62
"Malik Monk",malik-monk,"Sacramento Kings",curr,"SG/PG",6'3",79,83,79,83,88,75,80,78,40,75,25,62,45,44,95,75,79,76,75,70,,,80,,80,88,48,88,72,81,45,60,41,55,54,57,45,,31,46
"Maxime Raynaud",maxime-raynaud,"Sacramento Kings",curr,"C",7'1",79,98,85,72,79,75,85,74,75,75,70,70,81,69,90,50,52,44,54,34,,,67,,52,66,69,85,85,93,59,32,36,57,55,52,50,,64,85
"Keldon Johnson",keldon-johnson,"San Antonio Spurs",curr,"SG/SF",6'6",79,97,83,82,80,60,70,87,65,75,59,62,62,61,95,74,79,73,74,36,,,76,,78,71,70,90,95,87,67,73,38,35,69,64,65,,62,67
"Julian Champagnie",julian-champagnie,"San Antonio Spurs",curr,"PF/SF",6'7",79,79,78,87,84,90,80,80,40,60,43,44,52,69,85,66,68,65,64,33,,,69,,75,67,67,85,75,93,45,75,42,53,70,67,70,,42,71
"Jakob Poeltl",jakob-poeltl,"Toronto Raptors",curr,"C",7'0",79,97,79,45,63,65,60,78,75,60,84,79,84,60,85,69,38,31,62,44,,,51,,37,57,81,80,80,72,81,45,46,67,79,67,80,,77,80
"Brice Sensabaugh",brice-sensabaugh,"Utah Jazz",curr,"SF/SG",6'6",79,98,79,81,82,75,90,84,35,60,57,59,57,57,95,65,74,62,63,46,,,65,,67,70,64,88,70,89,50,55,43,42,55,50,35,,42,52
"Ace Bailey",ace-bailey,"Utah Jazz",curr,"SG/SF",6'9",79,97,78,81,77,80,90,71,60,80,59,62,60,59,80,66,75,79,66,39,,,85,,84,79,61,88,80,89,59,68,42,62,67,68,60,,52,52
"Kel’el Ware",kelel-ware,"Milwaukee Bucks",curr,"C/PF",7'0",79,77,64,81,76,70,60,72,85,86,65,54,60,62,90,37,52,46,52,29,,,66,,68,90,70,89,90,89,75,37,46,82,69,50,60,,87,91
"John Collins",john-collins,"Detroit Pistons",curr,"PF/C",6'9",79,97,74,83,78,65,40,84,85,90,76,76,90,40,80,58,60,50,58,31,,,71,,65,85,75,92,85,80,70,49,46,66,70,38,50,,57,64
"Marcus Smart",marcus-smart,"Houston Rockets",curr,"SF/SG",6'3",79,82,78,79,82,70,60,70,25,50,25,58,78,27,70,75,74,74,75,48,,,75,,89,83,73,89,90,73,74,86,80,51,86,85,85,,37,46
"Kelly Oubre Jr.",kelly-oubre-jr,"Indiana Pacers",curr,"SF/PF",6'8",79,91,83,82,76,65,80,83,40,84,45,53,52,70,88,73,74,69,75,34,,,72,,82,95,58,90,75,74,49,74,56,53,70,75,55,,42,60
"Rui Hachimura",rui-hachimura,"Los Angeles Clippers",curr,"PF/SF",6'8",79,87,85,85,73,75,85,75,80,80,74,70,72,50,85,51,72,67,54,28,,,72,,74,80,79,90,85,79,60,54,36,50,59,50,35,,37,51
"Collin Sexton",collin-sexton,"Los Angeles Lakers",curr,"SG/PG",6'3",79,93,82,84,86,70,80,82,30,75,25,38,28,50,75,75,86,87,74,71,,,88,,88,84,48,95,80,81,45,67,63,40,60,60,50,,36,43
"Jerami Grant",jerami-grant,"Memphis Grizzlies",curr,"SF/PF",6'7",79,80,62,83,81,70,80,81,80,80,62,59,69,75,95,69,76,72,70,42,,,77,,77,78,69,95,94,74,70,69,40,58,77,72,75,,42,48
"Anfernee Simons",anfernee-simons,"Philadelphia 76ers",curr,"SG/PG",6'3",79,97,79,82,90,70,75,89,40,89,49,49,49,59,95,75,86,79,79,57,,,86,,89,90,41,92,90,77,49,59,40,37,50,55,40,,37,45
"Darryn Peterson",darryn-peterson,"Utah Jazz",curr,"SG/PG",6'6",79,81,83,81,83,65,65,83,40,85,47,60,55,72,95,69,86,81,71,49,,,84,,84,84,57,90,90,80,49,73,69,42,72,71,60,,39,49
"AJ Dybantsa",aj-dybantsa,"Washington Wizards",curr,"SF/PF",6'9",79,83,82,74,77,65,65,80,60,85,60,60,60,69,95,66,79,80,66,49,,,87,,83,92,69,87,80,83,59,70,55,40,64,54,55,,57,60
"Cameron Boozer",cameron-boozer,"Memphis Grizzlies",curr,"PF/C",6'9",79,85,81,79,79,70,65,75,65,70,78,78,78,68,95,68,67,64,75,57,,,68,,63,71,77,89,90,80,64,59,47,41,66,65,55,,70,79
"Peyton Watson",peyton-watson,"Cleveland Cavaliers",curr,"SF/PF",6'7",79,84,90,82,73,65,80,72,60,65,44,42,40,40,95,60,70,76,62,39,,,77,,80,82,69,88,75,78,78,78,43,74,80,78,80,,42,62
"Tim Hardaway Jr.",tim-hardaway-jr,"Miami Heat",curr,"SG/SF",6'5",79,91,84,87,81,85,80,85,35,78,36,53,38,70,71,75,78,68,84,33,,,68,,75,78,55,85,83,82,45,70,36,35,63,58,40,,29,48
"Bennedict Mathurin",bennedict-mathurin,"New Orleans Pelicans",curr,"SG/SF",6'5",79,83,79,76,87,75,85,77,35,80,55,58,55,67,90,75,79,81,82,42,,,84,,84,82,54,92,85,85,42,69,40,42,65,62,50,,44,66
"Gui Santos",gui-santos,"Golden State Warriors",curr,"SF/PF",6'7",78,96,69,80,73,70,80,84,50,65,59,59,59,45,80,69,69,69,69,64,,,73,,72,74,50,80,75,86,66,69,63,55,70,57,50,,54,65
"Tari Eason",tari-eason,"Houston Rockets",curr,"SF/SG",6'8",78,75,54,80,75,60,40,79,35,80,54,52,51,44,80,50,70,72,47,35,,,80,,85,80,70,85,85,79,78,85,70,56,84,85,80,,67,69
"Obi Toppin",obi-toppin,"Indiana Pacers",curr,"PF/C",6'9",78,98,53,75,85,60,60,88,85,90,67,67,69,60,90,55,60,56,59,70,,,70,,69,90,74,88,70,65,66,48,43,32,62,47,40,,41,83
"Jarace Walker",jarace-walker,"Indiana Pacers",curr,"SF/PF",6'7",78,82,74,81,75,75,80,72,70,85,57,58,58,40,80,69,62,70,68,53,,,81,,81,90,83,90,80,88,67,62,43,51,60,62,60,,37,75
"Jaylen Wells",jaylen-wells,"Memphis Grizzlies",curr,"SF/SG",6'8",78,94,90,82,78,60,60,77,45,70,42,44,42,55,80,62,75,70,64,37,,,86,,80,67,66,85,85,89,51,80,46,37,78,75,75,,42,48
"Pelle Larsson",pelle-larsson,"Miami Heat",curr,"SF/SG",6'5",78,94,87,76,79,70,75,75,45,75,38,44,42,69,80,64,68,74,68,65,,,87,,80,79,55,85,85,84,52,65,41,45,60,57,50,,45,49
"Donte DiVincenzo",donte-divincenzo,"Minnesota Timberwolves",curr,"PG/SG",6'4",78,84,88,84,76,80,80,85,25,75,28,45,38,52,70,77,79,81,79,64,,,85,,87,95,60,90,85,83,58,82,59,51,84,88,80,,40,54
"Miles McBride",miles-mcbride,"New York Knicks",curr,"SG/PG",6'2",78,58,91,86,81,80,70,74,25,65,25,58,48,55,80,72,88,80,72,52,,,86,,86,80,44,85,85,76,40,81,42,40,78,74,75,,37,44
"Mark Williams",mark-williams,"Phoenix Suns",curr,"C",7'1",78,97,60,36,77,65,85,76,85,75,60,60,60,55,85,44,35,32,64,32,,,65,,64,75,86,75,88,75,75,44,56,76,74,60,60,,90,84
"Robert Williams III",robert-williams-iii,"Portland Trail Blazers",curr,"C/PF",6'9",78,98,69,74,62,30,35,84,80,75,60,50,65,37,75,57,48,38,62,37,,,71,,64,75,83,80,90,66,85,78,46,95,88,85,85,,91,91
"Kyle Filipowski",kyle-filipowski,"Utah Jazz",curr,"C/PF",6'11",78,97,70,76,75,70,75,64,70,70,74,72,74,50,85,60,69,57,60,61,,,77,,57,66,70,85,90,90,60,55,59,61,65,57,50,,65,86
"Bilal Coulibaly",bilal-coulibaly,"Washington Wizards",curr,"SF/SG",6'7",78,65,70,73,75,75,50,78,60,85,50,50,50,50,80,69,72,64,72,52,,,82,,85,85,63,92,80,81,67,80,76,71,78,78,75,,41,62
"Tre Johnson",tre-johnson,"Washington Wizards",curr,"SG/PG",6'5",78,81,98,82,87,65,65,75,50,75,42,44,75,55,95,66,86,76,67,47,,,77,,82,86,58,86,80,81,41,62,38,51,60,62,55,,35,51
"Will Riley",will-riley,"Washington Wizards",curr,"PF/SF",6'9",78,88,68,76,80,85,95,82,30,70,59,66,59,79,95,66,70,74,68,45,,,82,,65,67,59,85,85,92,60,62,46,35,65,57,50,,43,49
"Jared McCain",jared-mccain,"Oklahoma City Thunder",curr,"PG/SG",6'3",78,83,77,84,87,90,80,78,30,70,37,38,38,60,85,73,86,75,73,42,,,76,,76,68,52,85,80,78,45,63,43,35,60,60,55,,36,52
"Isaiah Joe",isaiah-joe,"Detroit Pistons",curr,"SG/PG",6'4",78,96,92,87,89,65,85,86,40,60,35,38,30,85,85,67,74,63,69,36,,,72,,77,79,47,80,75,80,42,69,46,42,61,52,55,,37,50
"Jaime Jaquez Jr.",jaime-jaquez-jr,"Milwaukee Bucks",curr,"PF/SF",6'6",78,92,69,73,77,70,80,86,55,88,60,64,63,45,80,70,73,64,74,71,,,67,,75,82,70,88,90,91,68,72,40,47,75,72,75,,48,61
"Santi Aldama",santi-aldama,"Dallas Mavericks",curr,"PF/C",7'0",78,97,80,80,67,70,85,79,70,65,72,71,72,50,95,70,68,54,70,62,,,59,,60,59,74,80,80,77,67,66,43,62,74,68,65,,55,73
"Quentin Grimes",quentin-grimes,"Los Angeles Lakers",curr,"SG/SF",6'4",78,89,70,79,84,70,75,82,25,70,39,48,42,72,80,70,79,79,75,62,,,86,,84,75,63,85,80,89,46,83,42,51,80,78,75,,36,53
"Caris LeVert",caris-levert,"Milwaukee Bucks",curr,"SF/SG",6'7",78,83,84,79,66,60,75,80,60,75,52,54,49,60,95,75,86,72,84,67,,,75,,77,80,54,92,80,75,45,74,63,73,70,68,60,,36,47
"Nikola Vucevic",nikola-vucevic,"Orlando Magic",curr,"C",6'9",78,97,83,81,81,70,60,69,75,65,86,83,85,44,80,77,35,32,76,66,,,62,,49,45,85,88,70,78,68,41,37,60,67,57,45,,63,85
"Deandre Ayton",deandre-ayton,"Washington Wizards",curr,"C",7'0",78,98,85,63,63,60,40,79,90,75,82,78,82,58,82,53,61,55,70,29,,,75,,65,82,85,75,50,81,76,49,38,72,75,64,70,,77,83
"Luguentz Dort",luguentz-dort,"Atlanta Hawks",curr,"SG/SF",6'4",78,64,86,78,76,40,40,71,50,85,40,38,44,40,85,67,72,76,68,31,,,79,,94,87,78,92,94,84,75,90,75,55,90,88,90,,42,51
"Max Strus",max-strus,"Los Angeles Clippers",curr,"SF/SG",6'5",78,86,85,91,88,70,70,74,35,65,48,47,47,42,85,72,69,74,70,42,,,76,,76,74,49,95,70,58,45,66,33,25,60,57,50,,47,81
"Sam Merrill",sam-merrill,"Cleveland Cavaliers",curr,"SG/SF",6'4",77,87,69,91,86,80,80,69,30,45,30,44,48,55,80,74,76,60,79,46,,,62,,68,60,52,80,60,70,42,68,38,37,62,62,55,,36,46
"Paul Reed",paul-reed,"Detroit Pistons",curr,"C/PF",6'9",77,98,74,76,65,60,70,82,80,75,70,70,70,64,75,48,52,41,44,50,,,49,,52,65,86,80,80,82,69,43,91,90,66,58,40,,92,76
"Al Horford",al-horford,"Golden State Warriors",curr,"C/PF",6'8",77,92,79,80,85,55,50,65,70,65,76,79,79,37,84,79,50,33,84,64,,,53,,67,69,88,95,85,66,82,68,46,84,85,78,85,,50,77
"Brook Lopez",brook-lopez,"Los Angeles Clippers",curr,"C",7'1",77,94,74,80,77,60,70,54,75,65,76,76,86,40,85,35,35,25,70,36,,,25,,60,60,89,92,85,78,80,45,43,85,80,78,80,,40,64
"Derrick Jones Jr.",derrick-jones-jr,"Los Angeles Clippers",curr,"PF/SF",6'6",77,91,82,79,76,60,65,78,85,94,50,52,52,52,90,65,68,61,54,34,,,77,,82,93,74,83,80,71,67,82,49,75,81,80,80,,48,48
"G.G. Jackson",gregory-jackson-ii,"Memphis Grizzlies",curr,"PF/SF",6'9",77,88,89,76,74,60,70,73,65,85,59,59,59,49,95,59,62,80,50,41,,,82,,79,82,62,88,60,82,58,58,40,73,70,69,40,,47,68
"Davion Mitchell",davion-mitchell,"Miami Heat",curr,"PG/SG",6'0",77,98,74,82,67,55,65,80,25,40,30,30,30,30,95,75,86,82,75,74,,,82,,88,70,60,90,95,84,44,86,46,37,85,82,85,,33,45
"Kyle Kuzma",kyle-kuzma,"Milwaukee Bucks",curr,"SF/PF",6'9",77,84,79,78,72,60,70,77,75,75,66,65,66,50,95,66,77,67,78,59,,,74,,74,75,74,85,95,81,66,75,41,55,74,72,70,,42,66
"Landry Shamet",landry-shamet,"New York Knicks",curr,"SG/SF",6'5",77,69,82,83,72,80,75,82,35,70,30,38,26,69,76,79,78,82,79,36,,,85,,85,80,41,85,81,71,25,60,40,45,57,50,35,,36,41
"Jaylin Williams",jaylin-williams,"Oklahoma City Thunder",curr,"C",6'9",77,83,85,82,79,80,75,77,75,75,69,67,68,67,75,70,59,38,74,62,,,50,,57,62,70,78,90,81,68,54,40,72,67,57,55,,39,87
"De’Andre Hunter",deandre-hunter,"Sacramento Kings",curr,"SF/PF",6'7",77,94,82,73,87,60,70,77,65,70,51,52,51,60,85,67,70,69,64,42,,,76,,83,75,65,88,80,71,63,82,38,37,80,60,80,,38,63
"Jose Alvarado",jose-alvarado,"New York Knicks",curr,"PG/SG",6'0",77,91,74,79,80,75,75,71,25,30,35,30,30,40,85,70,73,75,71,71,,,76,,86,78,42,80,79,78,31,85,85,37,85,85,85,,35,53
"Isaiah Stewart",isaiah-stewart,"Memphis Grizzlies",curr,"C/PF",6'8",77,92,77,77,76,55,60,78,75,70,73,64,75,50,70,44,34,52,50,33,,,63,,71,70,89,80,85,83,87,78,32,91,86,42,80,,65,66
"Jonas Valančiūnas",jonas-valanciunas,"Free Agency",curr,"C",6'11",77,98,74,72,77,60,70,80,80,65,84,64,89,65,80,36,35,33,65,55,,,49,,48,54,91,90,80,77,69,40,35,81,60,47,45,,85,88
"Caleb Wilson",caleb-wilson,"Chicago Bulls",curr,"PF/C",6'10",77,82,67,65,71,60,50,82,75,88,61,61,60,66,75,59,67,76,65,37,,,85,,82,92,61,88,85,67,77,75,67,79,75,70,65,,67,75
"Jarred Vanderbilt",jarred-vanderbilt,"Los Angeles Lakers",curr,"PF/C",6'8",76,58,74,72,62,50,40,71,75,75,40,32,50,40,85,60,65,65,38,37,,,75,,83,80,70,75,95,78,83,81,63,56,81,80,80,,67,79
"Sam Hauser",sam-hauser,"Boston Celtics",curr,"SF/PF",6'7",76,94,79,87,89,75,75,61,40,60,44,45,45,55,95,50,43,55,60,34,,,61,,62,62,66,85,88,82,48,55,38,52,52,44,45,,41,60
"Noah Clowney",noah-clowney,"Brooklyn Nets",curr,"PF/C",6'10",76,88,43,78,80,95,80,67,80,80,60,59,60,65,85,57,59,57,68,38,,,64,,64,75,64,90,85,83,68,57,42,62,67,66,55,,41,64
"Egor Dëmin",egor-demin,"Brooklyn Nets",curr,"SG/PG",6'8",76,89,60,82,83,60,75,83,45,65,52,51,55,57,90,84,86,70,85,70,,,70,,75,74,60,88,90,78,47,65,46,51,60,67,60,,34,60
"Nolan Traore",nolan-traore,"Brooklyn Nets",curr,"PG/SG",6'3",76,83,57,74,77,70,80,78,30,70,42,44,69,62,81,79,86,85,80,73,,,85,,85,74,56,92,80,88,44,60,49,56,57,60,40,,31,45
"Jalen Smith",jalen-smith,"Chicago Bulls",curr,"C/PF",6'8",76,71,67,80,74,70,80,70,85,80,72,71,71,57,80,29,38,49,40,37,,,69,,68,86,79,82,70,77,70,48,37,76,73,44,45,,69,85
"Jaylon Tyson",jaylon-tyson,"Cleveland Cavaliers",curr,"SF/PF",6'6",76,92,65,84,70,65,70,77,40,75,40,57,52,60,80,62,75,77,69,43,,,80,,76,75,63,85,90,83,50,70,42,53,70,67,60,,61,59
"Moses Moody",moses-moody,"Golden State Warriors",curr,"SF/SG",6'5",76,82,73,86,77,55,70,85,40,70,44,48,49,70,80,65,74,70,64,37,,,73,,77,70,68,88,80,83,68,71,53,60,69,60,65,,42,52
"De’Anthony Melton",deanthony-melton,"Golden State Warriors",curr,"SG/PG",6'2",76,88,72,70,83,70,80,74,25,70,25,58,48,49,95,74,79,74,74,63,,,76,,81,75,54,80,85,69,48,82,97,55,82,82,80,,45,54
"Cam Spencer",cam-spencer,"Memphis Grizzlies",curr,"SG/PG",6'3",76,97,86,84,94,60,70,69,30,55,36,37,30,52,85,84,77,70,84,77,,,73,,73,53,50,85,90,84,44,59,43,40,50,52,45,,37,47
"Jordan Clarkson",jordan-clarkson,"New York Knicks",curr,"SG/SF",6'5",76,97,63,76,82,70,70,83,25,70,30,37,38,60,98,73,86,79,73,41,,,79,,75,85,54,80,80,79,43,58,38,42,52,49,40,,52,38
"Kenrich Williams",kenrich-williams,"Oklahoma City Thunder",curr,"PF/C",6'7",76,84,90,82,64,70,60,81,40,65,57,58,58,55,90,69,69,63,69,46,,,66,,75,72,63,80,90,74,68,75,53,42,74,75,75,,60,63
"Tristan da Silva",tristan-da-silva,"Orlando Magic",curr,"SF/PF",6'8",76,90,49,83,89,85,70,77,60,65,69,69,69,55,90,64,69,59,68,37,,,85,,67,67,62,90,85,92,64,64,53,51,58,57,50,,41,59
"Precious Achiuwa",precious-achiuwa,"Sacramento Kings",curr,"PF/C",6'8",76,94,60,73,56,60,65,79,85,80,57,44,42,50,75,36,49,66,50,35,,,75,,74,79,78,84,90,83,79,56,56,66,79,70,75,,75,78
"Harrison Barnes",harrison-barnes,"San Antonio Spurs",curr,"PF/SF",6'7",76,85,63,82,83,50,80,86,55,80,48,65,79,40,75,62,78,73,67,39,,,77,,75,95,70,92,75,85,67,72,40,40,65,65,60,,42,45
"Luke Kornet",luke-kornet,"San Antonio Spurs",curr,"C",7'1",76,85,66,70,82,80,75,65,75,60,78,78,78,58,85,50,43,33,60,42,,,38,,37,62,75,85,85,75,74,32,37,81,76,54,70,,90,68
"Carter Bryant",carter-bryant,"San Antonio Spurs",curr,"SF/PF",6'6",76,60,74,77,71,50,55,70,45,88,50,50,50,38,80,62,70,75,62,32,,,88,,88,80,66,85,85,87,60,84,37,62,82,80,85,,49,72
"Jamal Shead",jamal-shead,"Toronto Raptors",curr,"PG/SG",6'1",76,72,51,74,78,85,70,72,25,50,30,31,30,40,80,84,86,88,86,75,,,93,,94,74,49,88,95,91,34,77,63,45,67,60,50,,33,43
"Ja’Kobe Walter",jakobe-walter,"Toronto Raptors",curr,"SG/SF",6'4",76,84,78,82,83,85,75,76,35,75,49,50,50,45,80,69,70,79,69,34,,,89,,82,76,57,88,85,84,47,66,76,47,59,55,50,,47,50
"Jusuf Nurkic",jusuf-nurkic,"Utah Jazz",curr,"C",6'11",76,97,88,79,55,50,60,65,75,65,77,72,77,70,85,70,40,25,82,73,,,51,,49,50,90,86,75,67,71,45,73,56,79,60,70,,73,93
"Carlton Carrington",bub-carrington,"Washington Wizards",curr,"PG/SG",6'4",76,69,80,83,72,95,70,69,35,60,54,55,55,57,85,79,86,77,79,71,,,82,,72,75,54,89,80,96,40,55,38,42,52,52,35,,33,54
"Justin Champagnie",justin-champagnie,"Washington Wizards",curr,"PF/SF",6'6",76,71,79,75,78,75,75,80,65,75,48,44,40,42,80,62,69,66,62,36,,,73,,73,78,70,80,85,86,49,73,59,67,74,73,70,,76,72
"Ousmane Dieng",ousmane-dieng,"Milwaukee Bucks",curr,"SF/PF",6'9",76,85,77,81,76,75,65,66,45,75,45,48,48,47,90,69,70,75,70,62,,,78,,78,79,62,88,80,81,67,68,40,56,60,52,45,,39,62
"Royce O’Neale",royce-oneale,"Charlotte Hornets",curr,"PF/SF",6'6",76,73,70,84,72,75,70,78,55,70,54,52,59,59,75,60,68,62,63,49,,,62,,83,65,67,80,80,85,68,80,56,53,80,68,75,,38,66
"Keon Ellis",keon-ellis,"Brooklyn Nets",curr,"SF/SG",6'4",76,95,60,80,72,50,40,77,25,65,27,40,38,54,85,64,74,77,65,31,,,81,,84,79,54,85,80,88,58,84,93,70,82,87,85,,39,42
"Marvin Bagley III",marvin-bagley-iii,"Denver Nuggets",curr,"C/PF",6'11",76,94,79,75,65,60,75,75,70,75,78,78,78,50,70,47,62,64,60,42,,,73,,74,86,82,85,80,73,58,49,38,70,60,65,40,,86,75
"Sandro Mamukelashvili",sandro-mamukelashvili,"Los Angeles Lakers",curr,"PF/C",6'9",76,90,70,81,75,75,80,72,65,65,62,60,63,54,85,62,59,49,69,46,,,59,,59,69,76,85,85,81,65,50,53,63,68,52,45,,60,71
"Andre Drummond",andre-drummond,"New York Knicks",curr,"C",6'11",76,85,60,79,64,50,50,63,85,80,70,45,64,40,85,52,45,49,70,36,,,60,,58,79,94,75,75,77,75,52,43,78,74,70,65,,94,91
"Dean Wade",dean-wade,"Philadelphia 76ers",curr,"PF/SF",6'9",76,93,70,79,71,60,40,78,80,75,60,60,64,44,70,38,60,43,55,35,,,62,,84,83,69,80,85,73,80,84,49,56,84,82,85,,47,66
"Jaxson Hayes",jaxson-hayes,"Utah Jazz",curr,"C/PF",7'0",76,98,68,60,64,60,65,78,85,88,68,54,65,52,90,29,38,41,40,33,,,58,,64,75,72,80,95,84,78,48,40,80,79,45,65,,69,67
"Khris Middleton",khris-middleton,"Washington Wizards",curr,"SF/PF",6'7",76,81,87,78,87,60,40,78,40,65,67,70,78,40,80,74,75,71,74,65,,,71,,74,66,73,75,80,73,67,74,42,40,74,70,70,,43,60
"Aaron Wiggins",aaron-wiggins,"Atlanta Hawks",curr,"SF/PF",6'5",76,82,87,80,74,65,80,77,35,70,52,57,54,62,76,68,70,75,68,41,,,84,,84,72,45,80,65,81,48,59,59,58,57,52,55,,41,54
"Zaccharie Risacher",zaccharie-risacher,"Dallas Mavericks",curr,"SF/SG",6'8",76,90,65,81,64,70,70,77,55,70,55,56,56,54,95,68,79,68,67,32,,,70,,82,67,56,91,85,86,57,79,53,62,79,79,75,,49,59
"Dennis Schroder",dennis-schroder,"Charlotte Hornets",curr,"PG/SG",6'1",76,85,74,76,83,70,70,81,25,45,25,38,27,37,85,82,86,84,82,73,,,84,,88,74,46,93,90,81,34,73,46,40,72,67,60,,35,51
"Bradley Beal",bradley-beal,"Los Angeles Clippers",curr,"SG/SF",6'4",76,85,80,80,81,65,70,84,30,75,55,55,54,45,92,74,86,76,74,47,,,76,,83,87,62,84,78,56,45,60,46,56,57,40,40,,36,47
"Klay Thompson",klay-thompson,"Miami Heat",curr,"SG/SF",6'5",76,85,79,88,76,70,80,67,35,65,35,65,64,60,85,57,67,67,57,38,,,71,,75,67,62,91,80,79,60,75,37,51,70,48,70,,31,47
"Brandon Williams",brandon-williams,"Golden State Warriors",curr,"PG/SG",6'1",76,85,83,69,80,60,85,88,25,50,27,46,50,84,90,80,82,77,80,73,,,79,,79,68,62,89,70,77,33,62,59,51,57,52,45,,36,53
"Jake LaRavia",jake-laravia,"Los Angeles Lakers",curr,"SF/SG",6'7",75,94,55,75,77,60,50,80,60,75,60,60,60,69,70,69,68,57,68,38,,,59,,78,72,62,88,85,85,78,78,73,56,77,78,75,,60,52
"Luka Garza",luka-garza,"Boston Celtics",curr,"C/PF",6'10",75,98,74,81,76,65,75,77,60,45,79,79,79,59,85,55,35,34,55,36,,,40,,40,48,69,80,85,79,54,30,40,65,52,56,30,,91,53
"Baylor Scheierman",baylor-scheierman,"Boston Celtics",curr,"SG/SF",6'6",75,97,86,83,86,90,70,76,40,55,30,48,40,44,66,70,71,75,69,41,,,86,,64,54,58,90,85,89,47,56,43,35,57,47,40,,47,66
"Hugo González",hugo-gonzalez,"Boston Celtics",curr,"SF/PG",6'6",75,84,76,79,50,80,65,75,45,75,47,48,42,40,70,62,70,70,62,29,,,75,,75,75,64,88,90,88,53,73,56,60,74,70,65,,57,71
"Day’Ron Sharpe",dayron-sharpe,"Brooklyn Nets",curr,"C",6'9",75,90,74,69,68,65,65,78,75,70,48,35,48,44,70,62,58,38,66,70,,,61,,61,73,82,80,95,79,69,60,88,61,69,55,60,,92,86
"Danny Wolf",danny-wolf,"Brooklyn Nets",curr,"PF/SF",6'11",75,75,70,75,77,70,75,72,70,70,69,69,67,69,95,69,69,47,75,65,,,47,,52,57,67,90,85,82,58,55,41,63,52,50,45,,51,83
"Zach Collins",zach-collins,"Chicago Bulls",curr,"C",6'9",75,89,79,79,70,70,50,70,70,65,84,78,83,50,75,30,40,38,30,44,,,66,,65,79,70,75,75,60,68,45,31,58,67,65,40,,68,82
"Isaac Okoro",isaac-okoro,"Chicago Bulls",curr,"SF/SG",6'4",75,65,60,77,79,60,45,80,45,75,47,49,47,54,80,65,71,73,67,34,,,77,,85,80,67,89,90,85,68,84,40,55,80,82,80,,47,40
"Max Christie",max-christie,"Dallas Mavericks",curr,"SG/SF",6'5",75,75,81,84,89,65,75,71,35,80,39,42,42,41,90,68,70,78,66,38,,,87,,87,82,55,98,85,91,44,80,36,50,77,75,75,,29,52
"Julian Strawther",julian-strawther,"Denver Nuggets",curr,"SF/SG",6'6",75,96,70,80,81,65,70,79,35,70,40,40,40,67,95,64,74,57,65,38,,,63,,70,64,53,90,75,80,44,74,43,40,68,68,65,,34,57
"Ron Holland",ronald-holland,"Detroit Pistons",curr,"PF/SF",6'8",75,91,64,70,80,40,25,83,55,80,40,42,42,57,80,60,75,79,60,35,,,85,,88,80,69,90,85,90,78,84,90,56,84,82,85,,56,67
"Javonte Green",javonte-green,"Detroit Pistons",curr,"SF/SG",6'5",75,90,70,81,84,55,50,76,25,85,52,52,52,60,95,60,72,69,68,30,,,72,,74,85,56,80,85,77,74,77,93,56,74,80,75,,48,56
"Gary Payton II",gary-payton-ii,"Golden State Warriors",curr,"SF/PF",6'2",75,97,75,72,59,25,25,85,35,75,30,42,42,37,89,60,70,79,67,65,,,81,,83,85,59,85,80,70,79,87,86,57,84,91,80,,69,68
"Jay Huff",jay-huff,"Indiana Pacers",curr,"C",7'1",75,98,82,77,82,60,75,61,65,65,74,74,74,64,80,50,43,33,60,39,,,48,,47,62,70,80,85,81,79,32,40,93,78,64,75,,47,65
"Kris Dunn",kris-dunn,"Los Angeles Clippers",curr,"PG/SG",6'3",75,95,71,81,78,50,45,71,40,55,39,60,42,40,80,72,78,82,74,66,,,83,,87,83,56,85,90,80,40,87,90,40,88,88,85,,40,51
"Scotty Pippen Jr.",scotty-pippen-jr,"Memphis Grizzlies",curr,"PG/SG",6'1",75,74,79,75,78,70,75,81,25,65,25,36,31,50,72,85,86,82,85,82,,,82,,82,79,39,82,75,61,31,62,93,62,54,55,50,,47,39
"Olivier-Maxence Prosper",olivier-maxence-prosper,"Memphis Grizzlies",curr,"C/PF",6'7",75,92,68,82,76,70,75,81,40,85,57,57,57,69,80,65,60,66,61,34,,,79,,81,88,69,88,85,85,74,74,56,52,64,58,60,,57,62
"Terrence Shannon Jr.",terrence-shannon,"Minnesota Timberwolves",curr,"SF/PF",6'6",75,60,76,82,77,60,70,83,40,85,47,52,48,64,85,68,79,84,68,35,,,87,,87,83,67,90,75,71,49,72,42,30,62,57,50,,36,45
"Yves Missi",yves-missi,"New Orleans Pelicans",curr,"C/PF",6'11",75,78,42,30,56,70,45,60,85,80,62,50,58,40,90,29,35,45,37,36,,,78,,67,85,72,80,95,87,75,48,35,92,70,45,60,,91,67
"Adem Bona",adem-bona,"Philadelphia 76ers",curr,"C",6'10",75,77,57,54,71,70,40,67,80,80,55,42,55,37,70,40,52,57,40,28,,,82,,68,89,73,84,90,86,70,37,40,90,72,50,60,,77,66
"Jordan Goodwin",jordan-goodwin,"Phoenix Suns",curr,"PG/SG",6'3",75,79,75,80,70,75,75,75,25,35,33,43,48,66,90,78,78,73,78,53,,,75,,84,55,60,80,95,81,57,76,96,47,75,78,75,,68,63
"Oso Ighodaro",oso-ighodaro,"Phoenix Suns",curr,"C/PF",6'11",75,97,60,35,46,70,70,73,80,80,60,59,59,37,80,58,60,65,59,55,,,86,,74,90,66,85,85,91,62,47,59,67,62,57,45,,65,69
"Nique Clifford",nique-clifford,"Sacramento Kings",curr,"SF/SG",6'5",75,83,74,77,69,60,75,77,40,70,44,48,49,60,80,65,74,79,64,48,,,86,,82,80,62,88,80,89,55,66,53,51,62,60,55,,43,58
"Jock Landale",jock-landale,"Atlanta Hawks",curr,"C",6'11",75,98,72,81,64,65,65,76,65,65,84,84,84,44,70,57,52,45,57,42,,,54,,54,75,75,80,70,76,71,48,38,62,62,60,45,,85,63
"Kevin Huerter",kevin-huerter,"Detroit Pistons",curr,"SG/SF",6'6",75,94,67,79,77,45,75,85,30,65,25,60,35,50,90,74,79,72,76,62,,,84,,73,75,50,85,80,83,44,64,53,58,58,57,50,,37,61
"Mike Conley",mike-conley,"Boston Celtics",curr,"PG",6'1",75,86,70,74,90,80,40,72,25,30,25,40,29,60,84,82,82,78,82,70,,,78,,84,92,40,85,80,76,31,80,43,51,80,78,75,,34,45
"Luke Kennard",luke-kennard,"Phoenix Suns",curr,"SG/PG",6'5",75,98,82,93,93,65,70,72,30,60,28,35,32,49,80,74,75,66,74,46,,,69,,68,60,40,92,70,79,35,51,42,37,50,50,40,,35,48
"Pat Spencer",pat-spencer,"Phoenix Suns",curr,"PG/SG",6'3",75,86,76,80,77,75,75,68,40,75,42,56,42,59,85,79,79,75,79,73,,,75,,75,83,54,85,85,79,44,55,59,35,45,47,40,,47,50
"Ziaire Williams",ziaire-williams,"Los Angeles Lakers",curr,"SF/SG",6'9",75,78,68,77,85,60,50,72,65,80,48,44,58,50,75,50,79,82,54,34,,,87,,87,82,57,90,80,80,60,73,90,55,70,74,70,,37,50
"Jaden Ivey",jaden-ivey,"Free Agency",curr,"SG/PG",6'4",75,93,91,80,81,35,60,85,30,85,44,42,44,62,90,79,86,84,78,52,,,85,,86,79,54,92,85,77,59,71,41,62,70,69,65,,41,50
"Guerschon Yabusele",guerschon-yabusele,"Free Agency",curr,"C/PF",6'7",75,55,79,79,74,75,75,79,50,85,62,62,62,65,85,62,66,54,66,35,,,62,,60,70,74,80,90,74,62,66,41,53,52,41,40,,56,72
"Kentavious Caldwell-Pope",kentavious-caldwell-pope,"Philadelphia 76ers",curr,"SG/SF",6'5",75,88,87,80,91,50,30,74,35,73,35,58,35,40,90,67,70,75,68,68,,,79,,84,69,60,92,85,76,45,84,53,45,82,82,80,,35,50
"Keaton Wagler",keaton-wagler,"Los Angeles Clippers",curr,"SG/PG",6'6",75,73,81,80,80,65,60,73,25,40,52,51,52,59,98,80,82,73,82,79,,,73,,72,76,54,85,85,80,43,68,42,37,64,57,55,,35,46
"Darius Acuff Jr.",darius-acuff-jr,"Sacramento Kings",curr,"PG/S",6'3",75,84,83,83,81,50,60,84,30,80,28,32,37,54,85,84,87,90,84,82,,,92,,92,84,55,89,75,80,30,61,47,34,57,54,50,,32,44
"Bruce Brown",bruce-brown-jr,"Free Agency",curr,"SF/PG",6'4",75,70,41,79,76,70,65,75,30,70,28,34,42,60,95,79,79,76,87,42,,,78,,78,80,75,92,80,84,58,77,63,47,79,75,65,,50,55
"Devin Carter",devin-carter,"Free Agency",curr,"PG/SG",6'2",75,82,83,73,80,65,70,74,30,80,40,42,42,40,95,80,79,87,80,69,,,93,,89,94,60,92,90,77,58,73,73,50,70,80,50,,51,63
"Dalton Knecht",dalton-knecht,"Los Angeles Lakers",curr,"SF/SG",6'6",74,92,91,79,70,60,40,78,45,65,48,49,49,44,85,64,68,74,65,29,,,86,,59,77,50,90,85,87,50,59,42,63,59,57,35,,39,53
"Jordan Walsh",jordan-walsh,"Boston Celtics",curr,"PF/SF",6'6",74,74,67,81,76,55,40,67,40,80,57,54,57,44,85,63,68,68,62,31,,,77,,81,86,63,89,90,86,78,82,63,67,82,85,80,,65,67
"Terance Mann",terance-mann,"Brooklyn Nets",curr,"SG/SF",6'6",74,82,82,80,79,60,60,83,45,75,47,50,50,49,75,79,79,70,83,67,,,71,,73,79,50,85,90,81,54,66,41,47,62,59,50,,50,51
"Sion James",sion-james,"Charlotte Hornets",curr,"SG/SF",6'5",74,50,70,80,85,75,65,73,55,70,58,58,59,47,75,69,69,78,69,43,,,91,,85,81,77,80,80,93,69,72,41,50,70,68,65,,40,61
"Grant Williams",grant-williams,"Charlotte Hornets",curr,"PF/C",6'7",74,88,77,81,81,60,55,77,50,60,59,58,66,37,80,69,66,54,72,43,,,58,,70,66,73,88,80,68,68,68,36,58,69,60,60,,62,64
"Patrick Williams",patrick-williams,"Chicago Bulls",curr,"PF/SF",6'6",74,61,86,77,68,60,55,63,60,65,44,42,40,45,80,60,70,64,62,36,,,70,,74,77,64,88,75,86,70,76,42,53,80,65,65,,44,53
"Thomas Bryant",thomas-bryant,"Cleveland Cavaliers",curr,"C",6'9",74,97,85,79,80,50,40,69,75,65,73,73,73,37,78,40,53,53,42,31,,,62,,57,52,80,88,95,77,63,40,40,72,79,50,45,,67,80
"Will Richard",will-richard,"Golden State Warriors",curr,"SG/SF",6'3",74,81,84,77,85,75,65,83,30,75,42,44,44,40,70,60,67,70,67,38,,,78,,78,74,56,80,90,83,50,72,86,37,70,79,65,,51,46
"Clint Capela",clint-capela,"Houston Rockets",curr,"C",6'10",74,75,50,25,60,45,30,63,80,75,64,48,64,34,70,34,48,30,35,33,,,58,,51,68,82,78,75,78,83,47,56,89,86,74,80,,97,80
"Steven Adams",steven-adams,"Houston Rockets",curr,"C",6'11",74,73,65,26,58,25,50,66,70,70,72,62,69,59,75,69,35,33,68,35,,,48,,63,68,96,68,75,63,80,55,43,65,80,70,70,,98,75
"Jordan Miller",jordan-miller,"Los Angeles Clippers",curr,"SF/SG",6'5",74,94,85,75,76,60,75,84,40,80,54,52,58,64,65,60,69,72,62,57,,,84,,78,81,52,85,70,79,54,65,53,42,60,40,45,,50,52
"Kobe Sanders",kobe-sanders,"Los Angeles Clippers",curr,"PG/SF",6'8",74,85,77,82,79,70,70,77,70,85,47,52,49,64,95,70,75,74,79,43,,,77,,75,75,42,85,90,86,48,57,49,40,51,50,45,,38,51
"Javon Small",javon-small,"Memphis Grizzlies",curr,"PG/SG",6'1",74,71,78,82,83,75,80,77,35,80,37,37,32,60,85,75,79,84,75,73,,,87,,85,89,49,85,90,73,44,64,56,50,60,57,40,,48,56
"Simone Fontecchio",simone-fontecchio,"Miami Heat",curr,"SF/PF",6'7",74,75,83,82,84,60,75,77,40,65,50,50,50,67,69,55,58,52,60,43,,,55,,66,55,62,80,95,78,51,65,43,42,64,47,45,,49,60
"Gary Trent Jr.",gary-trent-jr,"Milwaukee Bucks",curr,"SG/SF",6'5",74,73,95,82,77,60,65,80,40,75,44,57,46,54,73,70,79,77,71,35,,,85,,76,90,58,80,70,83,50,61,40,30,60,64,35,,28,37
"A.J. Green",aj-green,"Milwaukee Bucks",curr,"SG/SF",6'4",74,90,84,87,84,70,75,74,40,40,34,34,34,40,80,69,73,68,69,38,,,69,,69,75,50,80,70,82,40,63,35,32,50,60,45,,31,47
"Jordan Poole",jordan-poole,"New Orleans Pelicans",curr,"SG/PG",6'4",74,77,66,75,88,60,70,77,45,60,29,47,44,78,80,83,89,80,82,66,,,81,,79,73,61,80,65,82,47,57,40,53,54,51,30,,30,45
"Karlo Matkovic",karlo-matkovic,"New Orleans Pelicans",curr,"PF/C",6'10",74,78,75,81,73,60,70,78,75,75,69,68,68,44,80,50,55,47,52,34,,,56,,51,67,77,80,80,80,73,41,41,87,66,54,50,,66,72
"DeAndre Jordan",deandre-jordan,"New Orleans Pelicans",curr,"C",6'11",74,75,25,25,41,65,30,57,75,75,52,37,52,44,90,25,30,33,66,28,,,65,,62,83,85,92,80,75,70,57,35,85,67,55,55,,90,94
"Goga Bitadze",goga-bitadze,"Orlando Magic",curr,"C",6'11",74,98,72,69,71,55,40,51,75,65,76,68,76,40,70,54,60,52,69,46,,,53,,37,63,86,80,75,79,78,25,53,86,80,40,80,,91,76
"Justin Edwards",justin-edwards,"Philadelphia 76ers",curr,"SF/PF",6'7",74,89,79,80,85,60,70,81,40,80,40,40,40,44,75,65,70,79,65,44,,,82,,82,81,59,85,80,87,50,68,80,51,58,54,50,,38,45
"Dominick Barlow",dominick-barlow,"Philadelphia 76ers",curr,"PF/C",6'9",74,87,44,70,71,75,75,80,60,75,68,68,68,62,85,51,69,64,52,33,,,68,,68,75,70,80,85,85,59,55,49,67,59,49,50,,66,59
"Ryan Dunn",ryan-dunn,"Phoenix Suns",curr,"PF/SF",6'7",74,77,70,76,48,50,50,73,55,80,38,37,37,30,80,60,69,69,55,40,,,83,,88,79,65,88,90,87,76,80,66,60,80,80,80,,65,66
"Dylan Cardwell",dylan-cardwell,"Sacramento Kings",curr,"C/PF",6'10",74,90,60,37,53,30,55,71,85,80,52,47,52,37,70,58,44,33,62,38,,,51,,62,80,82,80,90,82,83,57,43,89,79,58,80,,94,85
"Jamison Battle",jamison-battle,"Toronto Raptors",curr,"SF/PF",6'7",74,94,85,85,83,50,75,71,40,65,50,52,50,49,80,52,62,57,51,32,,,64,,58,65,55,80,70,83,58,58,35,42,52,54,40,,46,65
"Vit Krejci",vit-krejci,"Portland Trail Blazers",curr,"SF/PG",6'8",74,97,74,82,75,80,65,81,45,70,35,38,38,44,75,69,70,74,70,39,,,75,,75,76,57,80,75,80,50,60,46,51,59,58,40,,36,47
"Buddy Hield",buddy-hield,"Atlanta Hawks",curr,"SG/SF",6'4",74,97,50,88,81,55,35,78,25,65,28,45,48,59,94,70,79,74,70,44,,,75,,78,78,41,90,60,83,48,69,70,51,54,60,50,,43,53
"Josh Minott",josh-minott,"Brooklyn Nets",curr,"PF/C",6'8",74,82,85,82,79,60,70,76,65,80,51,55,52,64,85,62,63,68,60,34,,,72,,76,80,62,90,85,82,59,67,80,65,67,79,65,,57,63
"Leonard Miller",leonard-miller,"Chicago Bulls",curr,"PF/SF",6'10",74,95,70,73,74,60,75,85,65,85,59,54,55,67,85,51,70,70,52,34,,,73,,73,82,55,90,85,85,57,63,38,56,60,59,40,,65,72
"Isaiah Jackson",isaiah-jackson,"Los Angeles Clippers",curr,"C/PF",6'9",74,97,69,59,65,55,45,72,75,70,59,48,55,59,80,40,59,54,44,36,,,73,,73,81,76,82,90,73,70,54,56,83,66,49,55,,88,80
"Walter Clayton Jr.",walter-clayton-jr,"Memphis Grizzlies",curr,"PG/SG",6'4",74,89,84,71,90,65,55,75,40,60,35,38,30,85,85,74,79,84,74,73,,,86,,84,74,47,80,75,88,40,64,46,53,52,52,45,,34,47
"Kasparas Jakucionis",kasparas-jakucionis,"Milwaukee Bucks",curr,"PG/SG",6'6",74,60,71,83,88,70,75,77,35,70,51,52,52,73,80,82,86,82,82,66,,,82,,82,75,60,95,85,84,59,66,46,42,65,59,60,,48,51
"Bones Hyland",bones-hyland,"Minnesota Timberwolves",curr,"PG/SG",6'2",74,75,88,82,78,60,70,82,25,60,30,32,32,69,85,74,79,84,75,71,,,87,,87,68,32,88,85,85,30,66,49,51,64,63,55,,35,47
"Moritz Wagner",moritz-wagner,"Brooklyn Nets",curr,"C/PF",6'11",74,80,84,75,82,50,80,72,75,65,74,74,74,40,70,54,40,53,55,38,,,73,,67,75,81,78,85,66,58,40,59,32,58,54,35,,58,83
"Dorian Finney-Smith",dorian-finney-smith,"Charlotte Hornets",curr,"PF/SF",6'7",74,80,71,73,64,70,60,84,40,84,54,50,54,58,72,65,60,44,68,32,,,67,,82,83,62,80,80,70,72,83,41,47,74,74,75,,56,51
"Taurean Prince",taurean-prince,"Detroit Pistons",curr,"SF/SG",6'6",74,73,79,84,83,70,50,76,75,70,52,45,51,55,85,68,70,69,55,37,,,80,,78,84,60,84,85,66,64,74,42,47,68,81,60,,28,53
"Kris Murray",kris-murray,"Memphis Grizzlies",curr,"PF/SF",6'8",74,91,77,66,71,75,70,68,60,75,50,52,52,60,80,60,69,62,60,34,,,68,,73,75,60,90,80,83,60,66,53,56,65,66,50,,61,48
"Trey Lyles",trey-lyles,"Minnesota Timberwolves",curr,"PF/C",6'9",74,82,75,77,68,70,60,74,70,65,72,74,72,51,80,55,58,54,68,35,,,66,,59,65,69,81,80,76,68,36,46,57,64,62,40,,57,77
"Josh Okogie",josh-okogie,"Utah Jazz",curr,"SG/SF",6'4",74,78,70,81,57,70,70,73,30,75,42,44,44,49,70,69,76,81,62,31,,,88,,84,92,58,80,95,80,50,77,70,50,78,77,70,,56,48
"Cameron Thomas",cameron-thomas,"Free Agency",curr,"SG/PG",6'3",74,90,74,78,82,50,85,87,50,75,37,39,39,55,74,59,82,70,52,70,,,77,,75,79,44,86,75,77,41,59,28,35,51,52,40,,32,44
"Cole Anthony",cole-anthony,"Free Agency",curr,"PG/SG",6'2",74,94,84,75,59,55,60,79,40,85,49,58,44,62,80,77,84,84,78,82,,,84,,84,77,59,88,85,87,45,69,56,57,55,52,45,,41,66
"Cameron Payne",cameron-payne,"Free Agency",curr,"PG",6'3",74,90,71,76,86,70,75,79,25,25,25,36,31,45,72,75,86,75,79,70,,,75,,75,72,39,82,75,73,31,60,89,57,51,52,40,,29,55
"Lonzo Ball",lonzo-ball,"Free Agency",curr,"PG/SG",6'6",74,55,63,72,70,40,30,70,30,75,35,44,40,50,84,83,86,85,83,72,,,85,,86,80,52,93,70,73,60,81,86,51,80,80,75,,45,66
"Mario Hezonja",mario-hezonja,"Cleveland Cavaliers",curr,"SF/PF",6'8",74,79,74,78,80,70,50,79,45,75,54,62,45,35,77,58,75,73,70,38,,,75,,75,79,60,80,72,89,45,68,61,51,60,62,35,,36,63
"Marcus Sasser",marcus-sasser,"Dallas Mavericks",curr,"PG/SG",6'1",74,76,60,82,84,85,75,78,25,50,32,37,37,47,75,74,80,75,74,71,,,75,,83,69,47,85,85,79,35,70,70,42,67,67,65,,34,43
"Matisse Thybulle",matisse-thybulle,"Los Angeles Lakers",curr,"SG/SF",6'5",74,62,48,81,87,40,25,74,35,70,30,30,30,25,70,55,65,69,35,35,,,76,,85,70,59,85,90,61,60,85,98,68,85,97,85,,46,52
"Kevin Love",kevin-love,"Free Agency",curr,"C/PF",6'8",74,98,79,81,84,40,55,70,70,50,71,77,75,50,80,65,52,33,77,57,,,60,,54,60,80,60,80,71,69,50,36,57,75,57,50,,68,89
"Mikel Brown Jr.",mikel-brown-jr,"Brooklyn Nets",curr,"PG/SG",6'5",74,82,80,80,84,60,50,82,35,80,47,48,48,60,85,79,86,81,79,74,,,82,,82,80,51,85,80,80,45,63,66,30,57,60,50,,30,45
"Kingston Flemings",kingston-flemings,"Atlanta Hawks",curr,"PG/SG",6'4",74,79,84,79,78,50,50,79,25,80,30,30,30,44,95,80,86,90,80,79,,,91,,90,85,43,90,90,80,44,74,69,31,69,64,65,,30,42
"Ben Simmons",ben-simmons,"Sacramento Kings",curr,"PG/C",6'10",74,91,46,50,73,50,35,80,75,85,76,73,78,60,75,79,86,78,80,76,,,80,,78,81,75,80,80,72,73,76,49,60,76,75,70,,47,77
"Asa Newell",asa-newell,"Atlanta Hawks",curr,"PF/C",6'10",73,91,67,82,56,60,60,74,80,85,60,60,60,51,75,54,69,69,55,33,,,75,,70,78,67,85,90,85,70,66,46,63,67,69,60,,66,53
"Ben Saraf",ben-saraf,"Brooklyn Nets",curr,"PG/SG",6'6",73,77,78,67,82,65,65,66,30,60,30,45,48,67,80,83,76,83,83,72,,,83,,79,67,52,80,70,84,40,62,63,40,60,57,45,,36,47
"Tidjane Salaün",tidjane-salaun,"Charlotte Hornets",curr,"PF/SF",6'10",73,76,65,80,65,70,60,76,65,80,52,51,51,47,80,47,66,66,45,34,,,71,,82,80,60,88,90,81,69,74,38,52,65,59,50,,51,84
"Quenton Jackson",quenton-jackson,"Indiana Pacers",curr,"SG/PG",6'4",73,76,45,81,81,70,75,82,40,80,33,40,31,57,80,78,78,76,78,70,,,85,,85,88,42,80,75,71,46,73,43,42,70,75,65,,41,52
"Ben Sheppard",ben-sheppard,"Indiana Pacers",curr,"SG/SF",6'6",73,85,79,81,77,60,60,78,35,60,48,49,47,49,80,70,73,74,70,43,,,84,,84,75,54,85,90,82,54,79,41,35,78,75,75,,41,55
"Yanic Konan Niederhäuser",yanic-konan-niederhauser,"Los Angeles Clippers",curr,"C/PF",6'11",73,95,62,40,76,60,60,69,85,80,55,54,55,47,80,29,44,41,40,29,,,73,,64,90,68,85,85,72,70,48,30,87,69,45,50,,72,76
"Nikola Jovic",nikola-jovic,"Miami Heat",curr,"C/PF",6'10",73,80,70,73,68,85,60,76,30,60,55,60,44,62,90,69,70,67,68,66,,,68,,68,72,65,85,70,79,59,62,46,57,60,57,40,,40,68
"Dru Smith",dru-smith,"Miami Heat",curr,"PG/SG",6'2",73,84,77,71,83,70,75,79,40,45,38,37,40,60,80,78,79,70,78,69,,,70,,70,62,43,85,75,72,40,74,95,56,74,79,65,,51,51
"Bryce McGowens",bryce-mcgowens,"New Orleans Pelicans",curr,"SF/SG",6'6",73,86,82,82,78,65,75,72,40,80,42,42,42,55,78,52,74,72,50,38,,,74,,75,81,48,85,75,81,37,66,42,42,65,60,65,,32,48
"Tyler Kolek",tyler-kolek,"New York Knicks",curr,"PG/SG",6'2",73,82,79,82,70,60,65,82,25,45,37,57,42,45,85,79,77,74,79,74,,,74,,84,74,54,90,90,85,32,73,46,40,58,57,50,,36,58
"Noah Penda",noah-penda,"Orlando Magic",curr,"PF/SF",6'7",73,63,68,76,69,60,60,70,50,75,52,51,52,57,80,67,69,62,68,44,,,66,,84,67,70,85,85,87,73,73,59,62,70,70,65,,70,71
"Khaman Maluach",khaman-maluach,"Phoenix Suns",curr,"C",7'1",73,70,66,50,71,40,40,70,85,80,65,52,60,40,85,51,44,37,51,27,,,48,,63,65,70,85,85,85,81,63,32,94,82,57,75,,79,80
"Rasheer Fleming",rasheer-fleming,"Phoenix Suns",curr,"PF/C",6'9",73,71,74,78,56,70,65,72,70,75,60,60,60,69,80,55,62,69,52,27,,,77,,70,75,75,85,80,85,67,40,46,71,68,62,55,,70,53
"Sidy Cissoko",sidy-cissoko,"Portland Trail Blazers",curr,"SF/SG",6'6",73,72,67,72,65,75,75,77,50,75,48,47,47,67,85,61,68,66,60,40,,,74,,75,80,68,89,80,86,59,66,49,56,68,54,50,,47,45
"Sviatoslav Mykhailiuk",sviatoslav-mykhailiuk,"Utah Jazz",curr,"SG/SF",6'7",73,92,83,84,89,75,70,72,40,55,42,47,38,39,94,69,64,75,64,42,,,82,,82,69,54,81,65,80,37,55,37,32,50,54,30,,41,45
"Jamir Watkins",jamir-watkins,"Washington Wizards",curr,"SF/PF",6'6",73,80,78,71,68,50,75,73,60,85,42,44,43,60,80,68,79,74,65,37,,,82,,85,87,66,90,75,87,67,69,83,62,65,59,45,,52,63
"Corey Kispert",corey-kispert,"Atlanta Hawks",curr,"SG/SF",6'6",73,88,80,80,82,60,50,73,40,60,38,39,39,42,75,66,71,66,69,44,,,76,,76,69,60,84,80,81,54,70,33,45,69,67,65,,38,52
"Robert Dillingham",rob-dillingham,"Chicago Bulls",curr,"PG/SG",6'2",73,67,74,74,76,65,75,70,30,75,37,39,39,45,90,69,90,88,68,70,,,89,,86,85,39,90,85,84,34,63,70,37,57,58,50,,36,53
"Tyus Jones",tyus-jones,"Denver Nuggets",curr,"PG",6'1",73,88,78,70,89,70,40,89,25,30,28,40,35,70,78,84,86,69,88,67,,,71,,71,57,34,92,87,81,30,67,66,35,60,80,50,,31,41
"Kobe Brown",kobe-brown,"Indiana Pacers",curr,"PF/SF",6'7",73,85,72,81,80,65,70,78,60,65,64,64,64,50,80,69,70,57,70,43,,,60,,62,66,70,88,85,83,62,62,38,51,60,57,45,,65,60
"Taylor Hendricks",taylor-hendricks,"Memphis Grizzlies",curr,"PF/SF",6'9",73,90,78,76,66,55,60,80,60,75,54,54,54,42,85,55,69,69,62,33,,,72,,75,78,62,92,85,78,68,68,59,65,67,62,50,,55,64
"Jevon Carter",jevon-carter,"Orlando Magic",curr,"PG/SG",6'0",73,66,93,79,82,70,65,75,25,35,32,34,30,40,80,75,79,76,70,56,,,76,,83,71,60,85,76,80,34,79,66,50,72,75,70,,33,47
"Bogdan Bogdanovic",bogdan-bogdanovic,"Houston Rockets",curr,"SG/SF",6'5",73,80,75,76,80,70,45,75,50,65,62,57,57,50,85,71,76,73,70,65,,,75,,75,78,63,89,67,71,44,63,46,37,57,52,40,,33,58
"Gradey Dick",gradey-dick,"Los Angeles Clippers",curr,"SF/SG",6'7",73,66,82,72,87,60,50,73,35,75,36,47,40,60,80,67,75,74,65,32,,,76,,74,78,54,89,85,86,55,73,59,40,69,73,55,,47,53
"Jaden Hardy",jaden-hardy,"Los Angeles Lakers",curr,"SG/PG",6'3",73,83,88,82,75,50,70,77,40,80,47,49,49,46,85,75,83,76,75,37,,,83,,83,85,39,84,85,86,34,55,36,40,50,51,50,,34,46
"D’Angelo Russell",dangelo-russell,"Memphis Grizzlies",curr,"PG/SG",6'3",73,94,92,76,72,50,40,85,25,45,35,55,60,67,81,82,86,81,82,82,,,81,,65,71,54,93,65,79,40,57,40,37,54,40,45,,35,53
"Quinten Post",quinten-post,"Memphis Grizzlies",curr,"C",7'0",73,95,89,76,79,70,70,69,75,65,67,62,65,52,80,59,43,32,60,44,,,47,,33,40,70,80,70,85,62,33,38,67,60,45,50,,56,74
"Caleb Love",caleb-love,"Philadelphia 76ers",curr,"PG/SG",6'3",73,75,91,77,74,60,65,77,25,65,25,37,25,75,85,74,79,81,78,66,,,83,,75,74,51,82,70,88,34,65,40,35,58,57,40,,38,51
"Rayan Rupert",rayan-rupert,"Philadelphia 76ers",curr,"SF/SG",6'6",73,75,63,77,74,70,65,79,45,70,40,44,42,40,70,68,72,65,68,33,,,67,,72,69,52,88,85,87,53,70,70,40,70,70,65,,46,60
"Kyle Anderson",kyle-anderson,"Toronto Raptors",curr,"PF/C",6'8",73,97,48,79,71,60,40,84,55,45,45,48,41,49,70,78,81,65,79,67,,,66,,80,66,62,85,64,77,60,79,73,67,78,75,75,,50,61
"Vince Williams Jr.",vince-williams-jr,"Free Agency",curr,"PG/SF",6'4",73,85,55,73,78,65,45,75,35,70,41,53,39,44,70,80,79,60,80,77,,,68,,82,70,52,87,90,73,55,79,49,58,77,75,75,,50,65
"Drew Eubanks",drew-eubanks,"Free Agency",curr,"C",6'10",73,97,73,73,56,65,75,69,75,70,77,77,77,44,75,42,37,38,55,27,,,61,,62,75,70,80,85,75,74,47,46,89,59,50,45,,62,78
"Ochai Agbaji",ochai-agbaji,"Free Agency",curr,"SF/PF",6'5",73,72,83,65,84,60,50,78,65,80,52,52,52,40,78,60,75,78,60,32,,,85,,79,85,64,90,85,88,57,78,40,56,77,75,65,,51,53
"Joe Ingles",joe-ingles,"Free Agency",curr,"PF/SF",6'8",73,64,65,82,86,60,45,80,40,45,50,55,48,40,70,75,70,60,75,71,,,66,,80,60,64,92,70,70,58,80,53,35,78,78,75,,34,56
"Jalen Pickett",jalen-pickett,"Los Angeles Clippers",curr,"PG/SG",6'2",73,91,70,81,76,80,65,75,25,60,55,58,58,50,81,72,75,72,74,70,,,72,,72,67,59,88,70,81,47,62,37,37,62,65,45,,40,60
"Morez Johnson Jr.",morez-johnson-jr,"Dallas Mavericks",curr,"PF/C",6'9",73,72,69,67,78,50,30,70,80,85,57,55,56,37,70,51,54,59,55,37,,,83,,79,87,77,85,90,77,70,67,39,67,67,49,55,,69,66
"Yaxel Lendeborg",yaxel-lendeborg,"Golden State Warriors",curr,"PF/SF",6'9",73,77,74,78,82,60,50,77,55,85,59,60,60,42,95,70,76,70,70,66,,,75,,70,81,66,90,80,80,70,70,60,60,67,64,50,,54,60
"Brayden Burries",brayden-burries,"Milwaukee Bucks",curr,"SG/SF",6'4",73,82,80,79,80,60,50,80,40,70,42,44,42,44,80,67,77,75,69,54,,,80,,78,80,60,85,80,80,46,69,62,37,67,60,50,,44,51
"Trendon Watford",trendon-watford,"New Orleans Pelicans",curr,"PF/PG",6'8",73,96,68,68,78,60,65,81,75,75,69,69,69,66,75,69,50,57,75,70,,,63,,63,80,79,85,80,77,66,52,36,62,52,50,40,,48,69
"Tre Mann",tre-mann,"Washington Wizards",curr,"PG/SG",6'4",73,66,70,76,85,70,75,85,25,60,35,55,60,45,85,77,83,73,75,70,,,74,,74,68,53,88,75,77,49,62,41,40,60,59,40,,43,56
"Julian Reese",julian-reese,"Free Agency",curr,"C/PF",6'9",73,73,66,30,67,50,50,78,70,70,66,65,66,65,60,47,62,58,48,37,,,68,,64,75,78,80,95,85,67,59,43,51,64,50,40,,90,87
"Nicolas Batum",nicolas-batum,"Free Agency",curr,"PF/SF",6'8",73,77,70,82,77,70,35,74,55,60,40,63,62,35,85,70,71,68,73,32,,,68,,75,82,65,88,85,77,66,73,56,56,68,50,65,,36,61
"Nick Richards",nick-richards,"Miami Heat",curr,"C",6'11",73,69,79,47,64,60,60,56,75,75,52,47,52,40,80,37,35,49,36,28,,,72,,70,75,65,81,85,84,75,47,33,80,78,40,70,,79,87
"Jonathan Kuminga",jonathan-kuminga,"Minnesota Timberwolves",curr,"PF/SF",6'7",73,92,49,79,72,70,80,86,65,85,49,60,60,79,85,69,67,75,68,60,,,84,,84,90,73,88,80,80,73,73,40,52,70,69,50,,57,78
"Aday Mara",aday-mara,"Oklahoma City Thunder",curr,"C",7'3",73,80,66,47,56,65,55,58,75,65,72,60,69,52,90,64,47,37,70,57,,,46,,46,53,72,89,85,80,73,44,41,86,73,47,60,,62,73
"Cody Williams",cody-williams,"Minnesota Timberwolves",curr,"PF/SF",6'8",73,97,80,70,70,65,55,78,50,80,53,57,53,40,95,63,82,79,63,41,,,85,,86,75,63,90,75,88,68,73,43,56,70,60,55,,46,47
"Josh Green",josh-green,"Utah Jazz",curr,"SF/SG",6'6",73,96,69,81,89,50,30,75,30,80,35,34,30,44,95,67,70,72,65,33,,,86,,86,80,60,89,90,82,35,79,59,37,79,78,75,,53,41
"John Konchar",john-konchar,"Free Agency",curr,"SF/PF",6'5",73,97,73,69,69,70,55,76,40,55,44,47,47,40,85,74,76,60,79,45,,,62,,69,70,60,93,90,74,54,62,91,72,50,60,45,,57,65
"Mouhamed Gueye",mouhamed-gueye,"Atlanta Hawks",curr,"PF/C",6'11",72,71,54,73,65,65,70,71,75,80,52,51,52,58,90,60,60,52,62,34,,,67,,67,75,63,88,90,80,60,48,76,68,57,50,45,,65,68
"Drake Powell",drake-powell,"Brooklyn Nets",curr,"SG/PG",6'5",72,94,75,72,91,40,40,75,45,85,44,44,44,50,80,69,70,75,69,42,,,86,,87,95,54,85,90,87,54,75,40,45,70,70,65,,34,46
"Noa Essengue",noa-essengue,"Chicago Bulls",curr,"PF/SF",6'8",72,71,70,70,70,60,50,72,50,80,60,60,60,76,90,60,69,72,60,39,,,85,,82,82,55,80,80,48,60,68,60,45,60,68,45,,55,54
"Craig Porter Jr.",craig-porter,"Cleveland Cavaliers",curr,"PG",6'1",72,71,75,79,56,70,65,77,30,50,44,48,49,60,85,75,73,79,75,71,,,79,,79,72,48,88,90,84,44,73,83,71,60,84,65,,64,55
"Caleb Martin",caleb-martin,"Dallas Mavericks",curr,"PF/SF",6'5",72,63,65,78,61,70,45,83,25,70,55,54,54,48,75,62,69,59,69,47,,,68,,74,74,58,85,90,73,68,75,66,55,74,72,70,,42,61
"Spencer Jones",spencer-jones,"Denver Nuggets",curr,"PF/SF",6'7",72,95,72,81,61,70,70,76,40,65,40,40,45,59,88,54,68,60,57,29,,,67,,64,68,50,80,95,82,57,64,53,58,64,57,50,,56,50
"Jae’Sean Tate",jaesean-tate,"Houston Rockets",curr,"SF/PF",6'4",72,92,70,72,69,40,40,85,65,75,69,68,69,54,85,70,74,62,72,38,,,69,,70,75,78,89,95,73,70,70,70,42,68,69,65,,65,55
"Johnny Furphy",johnny-furphy,"Indiana Pacers",curr,"SF/SG",6'8",72,89,77,79,49,75,60,77,60,60,47,52,49,48,85,60,59,60,64,33,,,79,,63,79,54,85,90,68,52,57,49,50,52,48,50,,52,77
"Myron Gardner",myron-gardner,"Miami Heat",curr,"SF/SG",6'5",72,88,72,82,73,55,60,76,40,70,43,47,48,45,84,69,72,65,69,54,,,70,,78,78,62,84,75,85,45,69,70,48,68,67,65,,73,78
"Jericho Sims",jericho-sims,"Milwaukee Bucks",curr,"C",6'10",72,90,69,26,64,50,60,64,80,89,60,60,60,40,80,30,35,34,32,37,,,80,,80,83,70,85,90,80,66,40,32,51,66,55,40,,82,75
"Jaylen Clark",jaylen-clark,"Minnesota Timberwolves",curr,"SG/SF",6'4",72,78,67,73,66,65,50,72,50,70,40,38,44,39,70,62,69,76,60,31,,,79,,86,77,55,85,85,87,52,81,80,50,82,80,75,,61,44
"Joan Beringer",joan-beringer,"Minnesota Timberwolves",curr,"C",6'11",72,69,45,26,62,60,40,68,85,80,57,50,55,40,80,49,47,41,47,31,,,56,,67,80,70,85,90,85,73,40,35,80,66,55,40,,93,70
"Mohamed Diawara",mohamed-diawara,"New York Knicks",curr,"PF/C",6'9",72,81,88,81,55,60,65,70,70,85,59,59,59,59,85,54,57,60,54,41,,,74,,69,84,69,85,85,85,64,60,41,50,65,50,50,,38,61
"Nikola Topic",nikola-topic,"Oklahoma City Thunder",curr,"PG/SG",6'6",72,81,69,75,87,60,65,81,40,65,44,57,40,55,85,81,86,79,81,76,,,79,,76,69,59,85,75,50,45,63,44,47,60,52,45,,32,47
"Jamal Cain",jamal-cain,"Orlando Magic",curr,"SF/PF",6'7",72,87,59,81,90,65,65,80,65,75,59,55,57,40,75,44,53,60,49,36,,,66,,68,75,60,80,70,78,60,68,42,37,55,50,50,,53,53
"Jase Richardson",jase-richardson,"Orlando Magic",curr,"SG/PG",6'1",72,93,84,80,73,70,50,77,40,87,37,39,38,54,80,70,79,80,72,61,,,81,,84,80,57,85,85,84,33,67,37,37,64,60,55,,45,46
"Tristan Vukcevic",tristan-vukcevic,"Washington Wizards",curr,"C/PF",7'0",72,98,74,78,78,55,75,82,70,65,66,67,69,68,78,45,51,50,55,49,,,57,,55,65,72,89,80,79,59,44,46,81,57,37,45,,50,72
"Jahmai Mashack",jahmai-mashack,"Memphis Grizzlies",curr,"SG/SF",6'4",72,78,70,67,57,75,50,68,45,70,40,40,57,39,69,69,67,68,68,37,,,82,,88,80,60,85,60,82,60,75,93,60,75,75,70,,46,44
"K.J. Simpson",kj-simpson,"Denver Nuggets",curr,"PG",6'2",72,76,53,74,81,75,65,78,25,50,28,40,37,50,80,78,87,76,78,71,,,76,,83,82,52,85,80,84,42,64,86,25,59,59,40,,38,57
"Kam Jones",kam-jones,"Milwaukee Bucks",curr,"SG/PG",6'4",72,88,79,73,66,70,65,78,30,60,40,40,40,54,89,79,82,76,79,70,,,76,,75,60,52,88,85,72,30,60,41,25,58,57,40,,35,44
"Jonathan Isaac",jonathan-isaac,"Orlando Magic",curr,"PF/C",6'10",72,89,44,59,60,35,30,66,60,70,44,45,44,30,68,54,57,66,52,29,,,73,,80,80,70,70,65,68,83,80,86,91,80,78,80,,67,74
"Ariel Hukporti",ariel-hukporti,"Philadelphia 76ers",curr,"C/PF",7'0",72,41,57,47,79,75,45,58,75,75,54,50,52,65,75,43,45,40,44,36,,,47,,37,68,78,80,95,81,74,37,38,90,57,40,45,,87,75
"Micah Potter",micah-potter,"Portland Trail Blazers",curr,"C/PF",6'9",72,95,70,83,88,80,70,59,75,65,63,63,63,50,76,54,42,32,55,42,,,43,,43,60,76,80,85,80,59,37,38,55,59,57,45,,57,75
"Ryan Nembhard",ryan-nembhard,"Atlanta Hawks",curr,"PG",5'11",72,82,79,80,77,55,60,78,25,30,35,30,30,35,85,89,86,80,89,81,,,80,,79,68,37,85,85,87,31,66,36,30,57,75,45,,30,50
"Dante Exum",dante-exum,"Free Agency",curr,"SG/SF",6'5",72,83,73,80,74,60,50,75,25,60,28,55,40,52,85,73,75,79,73,72,,,79,,79,77,48,80,75,56,27,78,63,51,78,78,75,,30,47
"Amir Coffey",amir-coffey,"Free Agency",curr,"SF/SG",6'7",72,74,94,74,79,50,50,84,25,75,38,53,54,49,81,72,75,75,74,34,,,75,,75,75,52,80,70,79,47,64,36,51,68,64,50,,41,46
"Eric Gordon",eric-gordon,"Free Agency",curr,"SG/SF",6'3",72,77,80,83,75,50,40,75,30,70,35,63,50,60,94,69,79,78,73,43,,,79,,79,82,60,92,85,72,42,73,46,56,73,68,50,,30,39
"Dalano Banton",dalano-banton,"Free Agency",curr,"PG/SG",6'8",72,56,71,77,71,65,60,84,30,65,30,45,48,79,80,78,76,72,79,70,,,76,,76,75,66,80,75,78,40,68,59,67,60,62,60,,40,51
"Monte Morris",monte-morris,"Free Agency",curr,"PG",6'2",72,83,89,72,85,60,35,79,25,50,28,45,32,37,80,85,80,83,85,67,,,83,,83,72,41,85,80,73,44,62,43,40,52,55,35,,32,49
"Mason Plumlee",mason-plumlee,"Free Agency",curr,"C",7'0",72,85,60,58,65,30,40,81,85,80,75,70,70,40,81,75,37,50,72,66,,,57,,48,75,80,78,92,69,74,46,40,75,72,68,60,,71,89
"Kelly Olynyk",kelly-olynyk,"Free Agency",curr,"C/PF",7'0",72,93,70,74,71,35,50,76,70,60,79,79,79,49,78,70,42,25,76,70,,,31,,35,55,70,89,90,73,70,50,53,60,66,45,65,,66,71
"Aaron Holiday",aaron-holiday,"Free Agency",curr,"SG/PG",6'0",72,94,64,82,87,75,70,79,25,60,25,45,32,47,80,82,86,76,82,40,,,76,,77,56,49,85,85,81,34,68,46,37,67,69,45,,33,40
"Anthony Gill",anthony-gill,"Free Agency",curr,"PF/C",6'7",72,98,72,75,77,60,70,76,75,75,69,69,69,40,74,38,54,53,55,42,,,69,,67,79,76,80,88,76,66,60,46,60,50,58,50,,59,55
"Seth Curry",seth-curry,"Free Agency",curr,"SG/PG",6'1",72,70,95,89,80,60,70,85,25,36,27,35,30,35,69,75,78,77,75,37,,,78,,78,68,41,89,80,61,25,57,40,42,54,55,35,,37,48
"Maxi Kleber",maxi-kleber,"Free Agency",curr,"C/PF",6'10",72,86,70,67,58,50,35,73,75,75,67,67,64,40,80,70,64,45,68,35,,,45,,77,56,79,85,80,67,80,77,33,63,75,75,75,,67,54
"A.J. Lawson",aj-lawson,"Free Agency",curr,"SF/SG",6'6",72,75,68,81,66,75,65,80,45,75,52,52,55,54,75,69,69,69,64,34,,,74,,79,80,49,85,80,84,48,60,41,53,60,65,50,,46,68
"Gabe Vincent",gabe-vincent,"Free Agency",curr,"PG/SG",6'2",72,63,70,76,95,70,60,80,25,45,26,32,26,37,90,78,82,70,79,41,,,73,,73,66,49,85,69,71,37,60,43,32,60,57,45,,34,36
"Keaton Wallace",keaton-wallace,"Free Agency",curr,"PG/SG",6'3",72,84,69,81,83,70,65,77,25,50,32,30,29,40,85,70,72,76,74,72,,,80,,79,72,49,88,70,79,44,70,76,47,70,68,70,,26,55
"Karim Lopez",karim-lopez,"Memphis Grizzlies",curr,"SF/PF",6'9",72,77,74,73,73,60,40,74,50,75,67,67,66,41,95,67,69,67,69,59,,,71,,64,83,69,85,90,83,66,64,41,55,62,60,50,,42,66
"Dwight Powell",dwight-powell,"Free Agency",curr,"C",6'10",72,96,69,75,69,30,30,71,75,65,77,79,79,43,70,55,60,44,64,36,,,71,,58,67,80,90,75,74,74,45,49,60,68,74,65,,74,69
"Lonnie Walker IV",lonnie-walker-iv,"Denver Nuggets",curr,"SG/SF",6'4",72,76,85,77,76,65,45,82,40,75,48,53,48,67,75,70,78,77,67,67,,,89,,89,83,64,85,65,82,55,74,38,51,62,65,35,,33,65
"Cameron Carr",cameron-carr,"Los Angeles Lakers",curr,"SG/SF",6'5",72,70,79,80,80,60,50,76,35,85,36,47,38,50,71,64,78,80,66,48,,,87,,86,97,45,85,83,83,44,64,44,52,60,62,50,,31,52
"Nate Ament",nate-ament,"Milwaukee Bucks",curr,"SF/PF",6'10",72,73,76,76,79,60,40,73,45,70,51,59,52,62,75,67,75,71,69,51,,,77,,73,79,49,85,50,80,49,60,47,41,60,57,45,,46,50
"Kyle Lowry",kyle-lowry,"Free Agency",curr,"PG/SG",6'0",72,67,77,75,82,60,40,68,25,25,38,44,40,40,95,75,79,84,80,67,,,84,,84,72,67,96,97,79,60,80,76,56,80,80,80,,34,48
"Ron Harper Jr.",ron-harper-jr,"Boston Celtics",curr,"SF/SG",6'5",71,70,72,78,79,70,70,72,40,70,44,45,30,57,85,59,72,63,68,33,,,69,,69,70,47,80,75,83,42,60,43,47,60,52,55,,57,48
"Pat Connaughton",pat-connaughton,"Charlotte Hornets",curr,"SG/SF",6'5",71,90,69,79,65,60,35,78,30,86,35,34,30,66,90,69,78,65,78,49,,,77,,78,95,45,80,80,73,35,73,32,57,70,71,65,,45,63
"Liam McNeeley",liam-mcneeley,"Charlotte Hornets",curr,"SF/SG",6'7",71,56,70,83,82,60,60,67,40,60,38,39,39,58,85,68,69,70,68,51,,,81,,73,72,54,84,80,79,51,62,47,37,58,57,40,,42,66
"Nae’Qwan Tomlin",naeqwan-tomlin,"Cleveland Cavaliers",curr,"PF/C",6'8",71,75,72,64,75,50,65,77,60,80,57,62,57,55,80,67,72,65,70,33,,,75,,70,80,69,80,80,86,64,70,56,75,67,62,60,,67,50
"Tyrese Proctor",tyrese-proctor,"Cleveland Cavaliers",curr,"SG/PG",6'4",71,70,79,79,89,60,70,76,35,65,49,49,52,37,90,79,80,82,77,54,,,82,,81,77,51,85,85,80,42,60,48,27,54,57,45,,34,51
"Moussa Cisse",moussa-cisse,"Dallas Mavericks",curr,"C",6'11",71,81,44,25,44,40,25,63,80,80,57,47,50,40,75,40,40,40,40,27,,,59,,57,79,70,80,90,85,75,44,42,96,78,40,60,,94,83
"Zeke Nnaji",zeke-nnaji,"Denver Nuggets",curr,"C/PF",6'9",71,73,76,72,77,45,45,75,80,70,69,67,67,69,77,33,37,52,42,30,,,77,,77,82,70,80,89,83,72,54,42,73,57,42,50,,55,67
"DaRon Holmes II",daron-holmes,"Denver Nuggets",curr,"C/PF",6'10",71,77,76,78,70,55,65,68,75,75,68,67,68,50,80,49,60,59,50,42,,,75,,69,64,67,88,80,73,76,63,29,62,72,62,55,,42,55
"Thomas Sorber",thomas-sorber,"Oklahoma City Thunder",curr,"C/PF",6'9",71,75,70,60,72,50,45,70,75,75,68,68,68,44,85,69,66,52,72,48,,,59,,66,74,72,85,90,43,69,58,62,75,62,62,60,,68,69
"Jabari Walker",jabari-walker,"Philadelphia 76ers",curr,"PF/SF",6'7",71,60,70,76,75,60,40,71,45,75,65,65,65,40,80,52,60,71,54,31,,,75,,75,79,70,80,70,85,68,60,43,56,67,65,60,,69,69
"Daeqwon Plowden",daeqwon-plowden,"Sacramento Kings",curr,"SF/SG",6'4",71,85,68,78,85,50,50,78,40,80,47,44,47,37,80,60,67,76,62,31,,,83,,82,83,62,80,75,79,46,66,41,37,65,62,50,,45,47
"Jordan McLaughlin",jordan-mclaughlin,"San Antonio Spurs",curr,"PG",5'11",71,69,74,80,75,85,55,84,25,65,25,25,25,49,70,83,84,70,80,62,,,72,,74,74,52,80,70,74,25,73,86,25,52,74,60,,35,46
"Chaney Johnson",chaney-johnson,"Brooklyn Nets",curr,"SF/PF",6'7",71,86,70,72,79,50,40,75,65,85,48,48,47,37,70,57,65,69,55,66,,,79,,79,85,60,80,90,85,69,73,70,62,66,65,60,,69,63
"Jalen Slawson",jalen-slawson,"Indiana Pacers",curr,"SF/PF",6'7",71,73,73,76,77,60,60,70,65,80,45,48,49,49,70,58,66,65,49,64,,,68,,67,72,62,85,64,79,65,59,80,79,65,67,60,,37,76
"Jamaree Bouyea",jamaree-bouyea,"Phoenix Suns",curr,"PG/SG",6'2",71,85,67,72,71,65,75,79,25,45,27,35,31,60,75,75,76,83,70,65,,,83,,83,70,41,85,85,73,42,68,73,66,65,67,50,,40,52
"Haywood Highsmith",haywood-highsmith,"Phoenix Suns",curr,"SF/PF",6'5",71,86,70,81,75,55,50,78,35,45,47,54,46,40,70,55,70,64,55,35,,,70,,81,79,50,80,65,60,70,79,59,61,78,77,70,,45,52
"Trayce Jackson-Davis",trayce-jackson-davis,"Toronto Raptors",curr,"C/PF",6'9",71,61,70,44,51,50,25,73,80,85,60,60,60,40,75,62,66,69,64,43,,,79,,74,88,69,85,85,86,63,58,41,83,57,55,50,,83,73
"Blake Hinson",blake-hinson,"Utah Jazz",curr,"PF/SF",6'8",71,70,75,80,69,70,70,70,40,55,57,58,57,54,85,62,69,54,69,30,,,59,,63,70,50,88,70,79,51,57,28,37,47,45,35,,45,46
"L.J. Cryer",lj-cryer,"Golden State Warriors",curr,"PG",6'1",71,86,79,81,85,60,75,70,25,30,25,32,25,57,95,77,79,84,77,36,,,84,,82,70,32,80,78,77,25,57,28,25,57,57,45,,33,48
"Charles Bassey",charles-bassey,"Golden State Warriors",curr,"C",6'10",71,92,69,62,64,25,30,70,75,75,50,50,50,40,70,35,42,54,48,34,,,67,,67,82,78,80,85,75,77,57,46,90,68,50,60,,90,89
"Gary Harris",gary-harris,"Detroit Pistons",curr,"SG/SF",6'4",71,85,79,82,79,50,35,78,40,50,28,51,47,60,75,75,76,70,75,37,,,75,,80,78,53,85,80,72,68,80,59,50,80,55,80,,38,46
"Larry Nance Jr.",larry-nance-jr,"Indiana Pacers",curr,"C/PF",6'6",71,93,74,71,70,50,40,72,75,80,58,54,59,50,78,69,64,49,70,44,,,65,,61,86,69,80,85,67,74,61,76,74,78,76,60,,52,70
"Kevon Looney",kevon-looney,"Los Angeles Lakers",curr,"C",6'9",71,74,44,69,55,30,30,70,75,70,55,52,62,38,66,55,61,48,66,55,,,58,,69,63,79,85,96,77,72,46,59,70,74,64,65,,94,77
"Branden Carlson",branden-carlson,"Portland Trail Blazers",curr,"C",7'0",71,82,72,78,71,75,65,46,65,60,64,65,65,68,85,47,37,27,47,36,,,35,,30,57,66,85,70,75,52,30,36,82,57,39,35,,54,72
"Jonathan Mogbo",jonathan-mogbo,"Sacramento Kings",curr,"PF/C",6'9",71,89,53,70,70,45,30,80,60,80,50,50,50,55,64,66,70,69,67,52,,,87,,79,75,68,88,85,82,64,64,56,66,67,68,60,,69,78
"Pete Nance",pete-nance,"Milwaukee Bucks",curr,"PF/C",6'9",71,89,70,83,76,65,70,73,75,75,70,54,60,40,70,47,52,49,50,35,,,63,,57,75,69,85,85,84,60,48,36,58,60,60,40,,46,64
"Jeremiah Robinson-Earl",jeremiah-robinson-earl,"Free Agency",curr,"PF/C",6'8",71,82,88,69,84,60,40,79,75,75,64,65,66,50,70,65,69,55,66,32,,,62,,62,69,60,80,85,83,66,40,42,25,66,52,45,,71,75
"Cody Martin",cody-martin,"Free Agency",curr,"SF/SG",6'6",71,79,72,71,70,50,40,85,25,75,59,59,55,79,75,74,73,68,78,50,,,68,,72,75,58,90,90,70,48,69,73,66,69,69,60,,50,65
"Dario Šarić",dario-saric,"Free Agency",curr,"PF/C",6'10",71,82,71,70,83,25,40,74,45,70,81,79,81,50,92,75,69,57,84,38,,,63,,69,60,65,82,86,78,80,66,63,25,80,55,75,,62,76
"Garrison Mathews",garrison-mathews,"Free Agency",curr,"SG/SF",6'6",71,74,81,82,82,95,50,79,45,55,36,47,48,54,95,71,76,47,82,34,,,50,,60,65,52,89,88,79,42,59,40,51,58,52,45,,31,43
"Chris Boucher",chris-boucher,"Free Agency",curr,"PF/C",6'9",71,90,81,77,78,45,30,74,85,80,72,64,72,50,85,33,41,25,59,30,,,57,,55,74,76,89,80,72,76,37,43,72,78,50,60,,67,76
"James Wiseman",james-wiseman,"Free Agency",curr,"C",6'11",71,94,67,57,70,55,40,70,75,75,67,58,58,40,85,54,66,54,64,33,,,67,,51,68,70,77,85,77,74,50,31,71,70,54,60,,75,84
"Markelle Fultz",markelle-fultz,"Free Agency",curr,"PG/SG",6'4",71,81,69,67,78,50,40,81,30,75,42,48,69,79,81,74,76,77,74,66,,,79,,79,75,56,92,75,75,50,75,86,40,72,69,40,,44,44
"Omer Yurtseven",omer-yurtseven,"Free Agency",curr,"C",6'11",71,93,69,61,68,40,75,65,70,65,66,64,65,47,82,50,60,37,52,40,,,53,,52,70,70,85,80,76,62,49,36,47,62,58,40,,88,71
"Jalen Wilson",jalen-wilson,"Atlanta Hawks",curr,"PF/SF",6'6",71,80,79,79,73,70,65,76,30,75,55,54,55,59,90,64,68,73,63,33,,,82,,79,75,59,80,84,89,35,57,40,32,50,52,40,,34,58
"Jett Howard",jett-howard,"Dallas Mavericks",curr,"SG/SF",6'8",71,81,68,81,95,70,50,73,35,65,50,54,54,47,85,69,73,66,65,38,,,69,,69,72,58,90,80,82,55,67,33,53,72,52,45,,43,51
"Oscar Tshiebwe",oscar-tshiebwe,"Houston Rockets",curr,"C/PF",6'8",71,97,69,37,57,30,40,79,75,75,54,48,48,37,95,42,40,39,55,40,,,75,,67,75,73,80,90,79,69,48,53,45,69,40,55,,96,80
"Julian Phillips",julian-phillips,"Houston Rockets",curr,"SF/PF",6'6",71,81,68,75,77,70,50,70,45,80,54,57,55,55,80,60,66,67,57,29,,,73,,78,80,40,85,85,86,55,68,46,55,67,68,65,,63,41
"Christian Koloko",christian-koloko,"New Orleans Pelicans",curr,"C",6'11",71,64,60,29,63,65,35,64,75,75,54,50,51,50,70,37,42,44,52,31,,,72,,72,75,65,80,80,83,75,37,66,92,75,50,75,,67,60
"Nate Williams",jeenathan-williams,"Free Agency",curr,"SF/SG",6'5",71,64,79,81,85,60,70,72,40,70,37,45,48,40,80,65,71,65,66,34,,,68,,68,70,52,95,65,79,40,52,41,25,50,47,40,,66,38
"Sharife Cooper",sharife-cooper,"Free Agency",curr,"PG",6'0",71,77,94,79,82,40,50,79,25,40,25,32,25,72,81,75,86,88,79,72,,,88,,88,80,39,80,78,84,25,70,36,40,64,52,50,,37,54
"Blake Wesley",blake-wesley,"Free Agency",curr,"PG/SG",6'4",71,71,42,70,56,55,55,80,40,86,54,57,50,59,80,78,83,77,79,70,,,78,,78,84,40,92,75,71,49,73,86,40,60,79,60,,36,48
"Tyrese Martin",tyrese-martin,"Free Agency",curr,"SG/PG",6'6",71,68,76,75,68,80,60,69,40,60,56,60,59,59,69,75,77,63,75,63,,,70,,72,70,59,85,65,82,54,66,46,37,60,40,55,,49,55
"Nick Smith Jr.",nick-smith-jr,"Free Agency",curr,"PG/SG",6'2",71,96,70,81,91,60,65,82,40,80,37,39,38,41,80,70,79,84,72,42,,,84,,84,86,48,89,75,86,33,63,43,42,57,50,40,,29,41
"Lindy Waters III",lindy-waters-iii,"Free Agency",curr,"SG/SF",6'5",71,90,85,77,80,65,75,70,25,65,28,54,34,65,70,69,69,50,67,37,,,60,,69,67,33,83,70,72,53,67,46,55,62,62,40,,37,60
"Tony Bradley",tony-bradley-jr,"Free Agency",curr,"C",6'10",71,84,66,26,74,40,50,77,75,60,72,62,79,65,85,44,44,33,58,33,,,51,,54,51,82,80,90,77,72,35,33,55,70,58,55,,89,67
"Jeff Green",jeff-green,"Free Agency",curr,"PF/C",6'8",71,88,75,76,82,40,50,79,65,70,70,68,72,51,85,65,74,50,64,33,,,63,,75,84,70,89,85,75,69,70,32,62,68,54,60,,41,49
"Killian Hayes",killian-hayes,"Free Agency",curr,"PG/SG",6'5",71,65,65,72,70,70,50,74,25,60,35,55,60,40,85,82,83,75,84,74,,,79,,79,70,56,89,85,83,49,73,53,51,69,70,65,,30,64
"Isaiah Livers",isaiah-livers,"Free Agency",curr,"SF/PF",6'6",71,78,86,77,82,70,50,76,25,65,26,32,35,44,80,68,70,70,65,32,,,73,,74,71,55,85,66,68,37,65,42,40,60,60,55,,40,46
"Jeremy Sochan",jeremy-sochan,"Portland Trail Blazers",curr,"PF/C",6'8",71,92,45,70,71,50,40,83,60,80,48,52,53,79,70,79,79,65,82,52,,,70,,74,74,60,90,85,82,65,74,40,52,69,68,65,,67,63
"Trey Jemison III",trey-jemison,"Toronto Raptors",curr,"C",6'10",71,83,50,29,39,70,50,60,75,75,67,54,65,40,80,44,40,44,45,35,,,55,,52,72,76,90,90,79,71,37,66,76,70,50,65,,78,65
"Labaron Philon Jr.",labaron-philon-jr,"Philadelphia 76ers",curr,"PG/SG",6'4",71,77,73,80,80,50,50,77,30,60,42,48,69,60,81,79,86,87,79,77,,,87,,86,71,47,85,75,80,42,67,59,30,65,64,40,,36,49
"Zuby Ejiofor",zuby-ejiofor,"Atlanta Hawks",curr,"C/PF",6'9",71,72,64,62,72,50,30,73,50,80,62,62,62,52,85,62,66,67,66,44,,,80,,60,82,79,80,90,84,72,67,57,79,67,54,65,,72,66
"Chris Cenac Jr.",chris-cenac-jr,"Boston Celtics",curr,"C/PF",6'11",71,70,74,62,62,50,30,64,85,80,62,55,60,37,80,50,52,59,57,37,,,73,,69,86,68,82,80,80,70,62,44,62,70,49,50,,70,74
"Hannes Steinbach",hannes-steinbach,"Charlotte Hornets",curr,"C/PF",6'11",71,80,70,70,76,50,40,65,75,65,71,62,70,42,95,60,44,52,60,37,,,62,,45,72,76,85,75,80,67,45,44,62,67,57,50,,78,80
"Dailyn Swain",dailyn-swain,"Chicago Bulls",curr,"SF/SG",6'8",71,75,70,72,81,45,30,75,55,75,49,49,49,44,75,67,70,76,68,50,,,80,,85,75,54,88,80,80,58,77,60,30,70,57,65,,47,60
"Tarik Biberovic",tarik-biberovic,"Dallas Mavericks",curr,"SF/SG",6'7",71,76,78,85,91,60,60,70,30,65,55,60,44,52,80,54,69,67,55,42,,,68,,67,54,38,85,70,80,49,61,40,25,60,47,40,,37,46
"Alpha Diallo",alpha-diallo,"Denver Nuggets",curr,"SF/SG",6'7",71,73,74,74,76,47,40,73,40,70,50,47,47,45,75,70,70,70,71,42,,,75,,81,75,59,80,80,72,68,78,74,40,78,74,75,,38,44
"Ebuka Okorie",ebuka-okorie,"Detroit Pistons",curr,"PG/SG",6'2",71,75,77,77,83,65,50,76,25,45,25,38,27,67,80,75,86,86,75,70,,,86,,86,81,54,88,75,80,34,67,70,29,57,61,35,,31,51
"Georges Niang",georges-niang,"Golden State Warriors",curr,"PF",6'7",71,95,79,82,80,70,45,77,25,50,70,71,70,40,74,65,67,44,70,37,,,44,,55,72,60,88,80,84,60,55,35,42,62,60,35,,40,62
"Koa Peat",koa-peat,"Phoenix Suns",curr,"PF/SF",6'8",71,80,62,60,62,50,50,80,80,80,73,69,73,44,85,66,66,69,68,39,,,84,,74,88,79,90,90,80,66,62,42,47,62,55,50,,42,53
"Alex Karaban",alex-karaban,"Sacramento Kings",curr,"PF/SF",6'8",71,70,72,84,85,65,50,66,45,65,50,56,54,45,85,60,61,62,69,47,,,71,,66,69,60,85,85,80,58,62,38,48,60,57,45,,41,51
"Tarris Reed Jr.",tarris-reed-jr,"San Antonio Spurs",curr,"C",6'11",71,79,67,30,62,50,30,76,70,75,57,50,54,40,70,60,57,58,62,47,,,75,,61,76,79,80,85,80,71,61,51,75,72,55,50,,81,80
"Andre Jackson Jr.",andre-jackson-jr,"Toronto Raptors",curr,"SF/SG",6'6",71,70,68,79,70,60,40,67,40,87,40,40,40,37,80,65,65,74,60,59,,,84,,82,87,50,90,80,80,53,75,70,40,75,74,70,,65,53
"Allen Graves",allen-graves,"Toronto Raptors",curr,"PF/C",6'9",71,79,79,79,75,50,50,72,50,75,72,62,49,44,95,69,63,68,70,57,,,68,,68,68,62,85,90,80,48,57,49,40,51,50,45,,38,51
"Dalen Terry",dalen-terry,"Golden State Warriors",curr,"SG/SF",6'6",71,62,72,79,55,60,55,76,25,80,40,46,42,54,85,76,80,74,78,62,,,76,,76,69,58,85,85,83,43,69,76,67,69,70,65,,48,56
"Micah Peavy",micah-peavy,"Memphis Grizzlies",curr,"SF/SG",6'7",71,59,75,69,71,60,50,76,40,80,52,51,47,42,85,75,76,70,75,38,,,85,,82,78,53,85,75,85,59,71,66,47,70,55,50,,53,47
"Jordan Hawkins",jordan-hawkins,"Memphis Grizzlies",curr,"SG/PG",6'5",71,53,71,79,80,60,60,75,25,60,37,48,44,55,80,70,74,68,71,33,,,70,,72,67,48,89,80,85,45,65,35,53,67,64,50,,38,50
"Adou Thiero",adou-thiero,"Los Angeles Lakers",curr,"SF/PF",6'7",70,75,64,71,69,35,25,74,50,88,40,40,40,65,70,47,69,71,47,32,,,87,,85,92,69,80,70,66,57,67,72,55,64,60,50,,64,57
"Bronny James Jr.",bronny-james,"Los Angeles Lakers",curr,"PG/SG",6'2",70,64,72,79,73,60,50,72,35,80,37,37,30,47,85,67,70,83,65,41,,,87,,87,90,60,90,90,82,47,72,57,44,70,60,65,,33,50
"Isaac Jones",isaac-jones,"Detroit Pistons",curr,"PF/C",6'8",70,78,64,49,62,60,40,70,75,75,60,60,60,44,95,44,58,60,44,28,,,70,,67,74,70,85,90,83,60,59,28,81,58,55,45,,67,64
"Cam Christie",cam-christie,"Los Angeles Clippers",curr,"SG/SF",6'6",70,63,79,70,76,60,40,65,40,75,40,40,40,40,90,68,70,78,68,37,,,87,,82,77,42,86,70,83,47,62,41,40,58,57,45,,44,65
"Keshad Johnson",keshad-johnson,"Miami Heat",curr,"PF/SF",6'6",70,75,70,71,68,60,65,72,50,86,59,59,59,40,80,57,65,70,55,37,,,92,,80,89,65,88,90,80,52,60,46,70,57,52,40,,68,66
"Colin Castleton",colin-castleton,"Orlando Magic",curr,"PF/C",6'10",70,78,70,69,83,50,45,64,65,65,67,67,67,38,80,50,57,33,60,37,,,58,,54,63,63,80,85,82,62,32,37,65,62,54,50,,80,69
"Yang Hansen",yang-hansen,"Portland Trail Blazers",curr,"C",7'1",70,62,66,63,82,70,50,58,75,70,70,68,70,50,68,67,32,32,69,48,,,47,,37,55,69,85,75,85,69,40,36,66,67,61,45,,52,67
"David Jones-Garcia",david-jones-garcia,"San Antonio Spurs",curr,"SG/PG",6'4",70,76,70,76,78,70,35,72,50,75,38,42,39,44,70,74,60,66,74,74,,,73,,76,78,59,80,75,80,48,65,64,52,67,62,50,,54,59
"Alijah Martin",alijah-martin,"Toronto Raptors",curr,"SG/PG",6'2",70,77,76,75,76,40,35,76,25,85,35,37,37,59,80,67,73,78,67,52,,,88,,88,85,57,85,85,84,48,74,86,56,70,69,70,,62,44
"P.J. Hall",pj-hall,"Charlotte Hornets",curr,"C/PF",6'8",70,60,73,74,79,50,65,67,75,75,60,60,60,69,70,48,60,59,52,37,,,73,,52,82,70,87,80,81,55,47,50,60,55,57,40,,89,77
"John Poulakidas",john-poulakidas,"Dallas Mavericks",curr,"SG/SF",6'6",70,67,75,80,73,75,75,67,50,60,42,45,44,57,70,54,59,57,54,31,,,62,,57,63,53,85,65,85,37,54,42,25,75,50,55,,41,56
"Cormac Ryan",cormac-ryan,"Milwaukee Bucks",curr,"SG/SF",6'5",70,74,79,84,88,70,60,74,35,60,44,45,41,62,82,69,68,62,69,37,,,68,,67,75,57,85,66,78,40,66,53,57,65,60,40,,40,34
"Mohamed Bamba",mohamed-bamba,"Utah Jazz",curr,"C",7'0",70,83,65,74,68,35,35,60,75,70,69,64,69,45,80,35,46,32,51,32,,,62,,51,75,68,78,75,77,75,48,41,94,77,64,60,,66,87
"Elijah Harkless",elijah-harkless,"Detroit Pistons",curr,"PG/SG",6'3",70,74,74,75,75,55,70,74,25,50,28,38,31,57,75,74,76,80,72,62,,,80,,85,75,57,85,85,82,42,76,80,47,70,72,70,,48,57
"Johnny Juzang",johnny-juzang,"Free Agency",curr,"SG/SF",6'5",70,89,89,80,83,55,50,71,35,75,55,59,64,44,85,59,72,66,62,34,,,70,,70,72,55,85,75,84,50,58,42,40,52,50,50,,43,54
"Orlando Robinson",orlando-robinson,"Free Agency",curr,"C",6'10",70,75,69,76,80,60,35,70,70,60,59,58,59,38,85,52,40,35,54,55,,,49,,49,64,70,80,90,82,62,36,38,61,60,54,60,,80,71
"Colby Jones",colby-jones,"Free Agency",curr,"SG/PG",6'6",70,88,71,72,67,70,50,75,25,75,38,40,39,44,75,67,68,68,70,41,,,74,,75,72,48,90,85,83,49,71,86,70,54,47,50,,47,55
"Tosan Evbuomwan",tosan-evbuomwan,"Free Agency",curr,"SF/PF",6'8",70,85,72,72,76,60,50,76,40,65,52,52,58,35,69,69,75,60,69,37,,,64,,60,68,58,88,95,85,57,57,40,53,47,55,50,,52,64
"Johni Broome",johni-broome,"Los Angeles Clippers",curr,"PF/C",6'10",70,75,75,69,60,50,50,73,50,60,70,70,70,55,90,69,67,57,69,42,,,60,,62,51,71,80,90,68,70,60,49,72,67,47,60,,69,69
"Dariq Whitehead",dariq-whitehead,"Free Agency",curr,"SG/SF",6'6",70,77,76,80,79,60,40,70,50,80,44,51,47,37,80,67,78,76,66,35,,,79,,79,82,52,90,70,79,40,65,38,37,67,67,45,,34,56
"Drew Timme",drew-timme,"Free Agency",curr,"C/PF",6'10",70,86,75,75,79,60,60,68,70,65,68,67,68,40,80,58,52,40,70,47,,,48,,40,66,68,80,75,84,57,40,46,45,58,47,30,,57,60
"Yuki Kawamura",yuki-kawamura,"Free Agency",curr,"PG",5'8",70,69,72,76,86,70,70,66,25,25,25,25,25,44,80,82,86,85,82,80,,,85,,84,80,60,75,45,82,25,61,55,26,45,35,30,,36,56
"Xavier Tillman Sr.",xavier-tillman,"Free Agency",curr,"C/PF",6'8",70,86,68,62,45,40,45,73,75,65,70,70,70,46,95,62,61,37,68,29,,,46,,67,69,79,82,85,79,74,66,49,57,75,74,65,,51,72
"Mac McClung",mac-mcclung,"Free Agency",curr,"SG/PG",6'2",70,78,64,75,64,60,65,78,35,94,44,45,43,39,85,75,69,78,68,75,,,79,,70,82,48,84,80,78,40,67,52,42,50,58,40,,29,67
"Patrick Baldwin Jr.",patrick-baldwin-jr,"Free Agency",curr,"PF/SF",6'9",70,70,72,77,74,70,55,74,55,70,54,52,52,52,80,55,58,55,60,34,,,57,,64,62,69,85,70,82,56,59,49,65,55,54,40,,42,84
"David Roddy",david-roddy,"Free Agency",curr,"PF/SF",6'4",70,84,72,80,82,60,30,77,50,60,62,62,62,59,81,62,66,54,60,44,,,75,,74,66,73,88,85,85,64,65,42,53,69,62,55,,41,73
"Kevin McCullar Jr.",kevin-mccullar,"Free Agency",curr,"SF/SG",6'6",70,76,75,74,79,50,40,76,45,75,59,62,60,45,85,68,66,68,67,33,,,75,,82,75,55,90,80,84,52,72,56,63,70,68,50,,74,55
"Doug McDermott",doug-mcdermott,"Free Agency",curr,"SF/PF",6'7",70,85,78,84,76,50,50,79,50,65,60,66,62,60,75,65,67,47,65,31,,,59,,60,67,60,81,67,75,52,58,31,45,63,50,40,,34,43
"Garrett Temple",garrett-temple,"Free Agency",curr,"SG/SF",6'5",70,82,55,72,79,70,40,70,25,30,37,55,46,40,85,75,75,57,74,47,,,57,,76,69,44,85,79,70,46,78,59,47,77,74,70,,58,51
"E.J. Liddell",ej-liddell,"Free Agency",curr,"PF/SF",6'6",70,89,79,70,76,40,45,75,55,60,66,71,68,37,85,59,60,59,58,42,,,73,,73,89,65,80,65,84,65,54,33,75,62,54,50,,49,72
"Antonio Reeves",antonio-reeves,"Free Agency",curr,"SG/SF",6'5",70,89,75,82,84,60,60,80,30,70,39,36,39,40,80,62,70,73,62,36,,,83,,78,75,39,85,70,85,32,60,42,40,52,48,40,,40,41
"Bismack Biyombo",bismack-biyombo,"Free Agency",curr,"C",6'8",70,92,62,25,51,40,30,60,80,68,48,45,54,39,75,25,35,25,74,35,,,48,,55,63,80,79,95,77,82,50,46,82,85,54,70,,65,81
"Wendell Moore Jr.",wendell-moore,"Free Agency",curr,"SF/SG",6'5",70,77,72,76,81,70,50,71,50,80,44,47,44,32,72,57,67,68,54,43,,,70,,74,83,58,85,90,82,56,72,59,51,70,72,60,,58,63
"Bez Mbeng",bez-mbeng,"Free Agency",curr,"SG/PG",6'4",70,78,66,67,68,80,30,67,30,65,44,44,38,47,80,67,69,72,68,51,,,75,,78,75,56,80,75,85,55,73,86,53,70,64,60,,44,45
"Henri Veesaar",henri-veesaar,"Atlanta Hawks",curr,"C/PF",7'0",70,74,74,76,62,50,45,70,75,75,67,67,67,37,78,58,59,62,59,42,,,66,,57,79,68,88,95,82,63,40,40,72,57,50,45,,67,80
"Joshua Jefferson",joshua-jefferson,"Brooklyn Nets",curr,"PF/SF",6'9",70,71,68,72,70,60,40,71,55,70,66,67,67,59,90,69,69,57,70,62,,,60,,69,67,66,80,85,80,68,69,67,42,68,62,50,,50,60
"Christian Anderson",christian-anderson,"Charlotte Hornets",curr,"PG",6'3",70,74,77,82,81,50,50,72,25,45,33,37,37,40,81,77,86,85,79,79,,,85,,85,79,41,85,85,79,37,60,64,30,58,57,40,,31,41
"Meleek Thomas",meleek-thomas,"Cleveland Cavaliers",curr,"SG/PG",6'5",70,69,78,82,84,60,50,70,25,60,30,32,32,39,85,69,71,77,70,61,,,79,,77,77,32,88,85,80,39,64,64,31,59,63,45,,32,47
"Bruce Thornton",bruce-thornton,"Houston Rockets",curr,"PG/SG",6'2",70,79,83,82,83,50,50,79,25,40,25,37,25,50,73,77,86,77,78,60,,,77,,77,75,59,82,70,82,37,60,63,30,60,57,35,,32,42
"Braden Smith",braden-smith,"Indiana Pacers",curr,"PG",6'0",70,69,81,78,83,60,50,70,25,40,30,30,38,40,79,86,79,73,86,85,,,73,,73,72,44,85,75,83,37,62,67,27,57,54,40,,31,41
"Isaiah Evans",isaiah-evans,"Minnesota Timberwolves",curr,"SG/SF",6'6",70,70,74,81,86,60,50,70,45,70,43,45,41,37,76,66,71,74,67,40,,,82,,76,71,55,88,80,84,48,66,41,37,60,57,45,,32,40
"Caleb Houstan",caleb-houstan,"New Orleans Pelicans",curr,"SF/SG",6'8",70,74,76,81,84,50,45,70,25,25,32,32,32,44,80,62,70,72,65,30,,,78,,82,72,40,86,70,85,47,80,40,40,78,68,80,,36,44
"Kobe Bufkin",kobe-bufkin,"New Orleans Pelicans",curr,"SG/PG",6'4",70,80,79,70,72,50,45,80,30,75,42,44,43,40,90,72,87,86,73,67,,,86,,86,80,40,95,80,73,48,64,38,56,54,52,40,,46,61
"Bennett Stirtz",bennett-stirtz,"Oklahoma City Thunder",curr,"PG/SG",6'4",70,70,80,81,85,50,55,70,40,45,38,37,37,44,80,84,86,68,84,90,,,70,,70,69,46,85,70,80,34,60,56,30,51,57,40,,34,40
"Jayden Quaintance",jayden-quaintance,"San Antonio Spurs",curr,"C/PF",6'10",70,69,48,38,45,50,25,69,70,85,50,47,59,47,80,57,64,65,55,42,,,78,,79,88,65,85,80,80,71,67,59,82,71,67,60,,65,69
"Taelon Peter",taelon-peter,"San Antonio Spurs",curr,"PG/SG",6'3",70,81,80,76,77,70,65,79,35,80,30,38,26,59,76,67,69,72,69,55,,,81,,74,80,41,85,81,84,40,52,70,51,50,75,45,,35,53
"Malachi Smith",malachi-smith,"Toronto Raptors",curr,"PG/SG",6'4",70,78,77,80,78,75,60,70,25,55,47,47,48,44,84,76,75,75,76,66,,,76,,69,65,52,84,69,80,45,60,83,45,62,63,45,,46,48
"Malaki Branham",malaki-branham,"Orlando Magic",curr,"SG/PG",6'4",70,85,74,75,83,60,70,74,60,75,47,44,49,41,80,59,69,74,59,60,,,82,,82,75,55,86,70,85,45,63,42,42,54,52,45,,47,59
"Grant Nelson",grant-nelson,"Brooklyn Nets",curr,"PF/C",7'0",70,74,70,69,73,70,60,69,60,70,64,64,64,74,70,57,58,54,58,30,,,58,,52,72,59,80,75,83,59,40,45,62,50,45,40,,60,65
"A.J. Johnson",aj-johnson,"New Orleans Pelicans",curr,"SG/PG",6'5",70,52,74,68,83,60,60,73,30,80,30,30,30,44,80,70,86,79,72,67,,,83,,79,76,39,80,75,80,49,56,37,37,48,47,30,,38,53
"Taj Gibson",taj-gibson,"New Orleans Pelicans",curr,"C",6'9",70,77,82,50,71,50,30,65,75,65,75,75,75,37,77,33,35,32,54,32,,,49,,57,58,83,75,85,69,69,58,59,60,67,57,50,,84,70
"Amari Williams",amari-williams,"Boston Celtics",curr,"C/PF",6'11",69,67,60,55,62,50,40,67,75,80,62,50,60,54,70,66,64,62,69,56,,,66,,68,75,69,85,85,84,70,60,47,68,72,50,55,,60,60
"Enrique Freeman",enrique-freeman,"Minnesota Timberwolves",curr,"PF/C",6'9",69,74,66,66,67,35,30,74,60,80,61,61,62,40,80,59,62,59,60,32,,,74,,74,81,60,88,95,84,66,66,35,56,68,63,50,,40,57
"Pacome Dadiet",pacome-dadiet,"New York Knicks",curr,"SF/PF",6'9",69,70,76,75,75,50,40,72,40,75,44,46,46,37,90,57,75,70,58,34,,,78,,76,65,50,85,80,81,50,69,50,50,65,52,50,,25,71
"Brooks Barnhizer",brooks-barnhizer,"Oklahoma City Thunder",curr,"SF/SG",6'5",69,74,79,72,76,50,40,70,40,70,48,48,40,45,70,70,69,67,70,59,,,70,,79,77,67,85,80,85,59,70,70,50,70,65,65,,42,60
"Malevy Leons",malevy-leons,"Golden State Warriors",curr,"PF/C",6'9",69,64,68,74,79,40,40,60,65,65,59,59,59,40,80,57,47,47,52,32,,,52,,75,60,55,85,85,78,72,72,67,73,70,65,60,,82,48
"RayJ Dennis",rayj-dennis,"Atlanta Hawks",curr,"PG/SG",6'1",69,72,74,75,73,60,55,73,25,55,33,34,33,47,84,75,74,79,75,73,,,79,,80,75,42,85,80,84,44,67,68,35,62,55,45,,32,44
"DaQuan Jeffries",daquan-jeffries,"Free Agency",curr,"SF/SG",6'5",69,73,75,78,79,60,40,72,70,75,63,65,60,42,70,55,70,68,53,34,,,79,,79,89,57,80,60,76,54,58,40,63,50,54,35,,42,49
"Kennedy Chandler",kennedy-chandler,"Free Agency",curr,"PG",5'11",69,66,71,73,68,50,65,75,26,65,38,54,31,55,81,78,86,85,82,74,,,85,,75,82,28,90,85,85,27,68,41,45,68,70,65,,33,48
"Drew Peterson",drew-peterson,"Free Agency",curr,"PF/SF",6'9",69,70,74,79,75,75,50,73,60,65,45,47,46,45,70,69,68,58,68,38,,,59,,58,68,62,85,85,73,52,43,40,42,45,50,40,,52,66
"Stanley Umude",stanley-umude,"Free Agency",curr,"SF/SG",6'6",69,73,70,76,91,55,60,67,30,60,42,43,45,47,74,68,68,65,68,29,,,67,,68,70,52,85,73,78,52,67,41,60,65,57,60,,39,65
"DeJon Jarreau",dejon-jarreau,"Free Agency",curr,"SG/PG",6'5",69,68,62,74,72,50,30,70,40,55,34,40,33,42,84,68,73,71,66,73,,,75,,78,75,45,80,85,75,40,71,73,45,70,71,55,,51,69
"Luke Travers",luke-travers,"Free Agency",curr,"SF/PF",6'7",69,70,72,74,68,60,50,70,30,65,35,34,30,54,90,64,71,65,63,31,,,68,,66,75,48,80,84,84,52,62,36,56,52,45,50,,37,33
"Bobi Klintman",bobi-klintman,"Free Agency",curr,"PF/SF",6'9",69,68,70,74,80,60,50,69,65,75,49,50,50,47,80,68,70,68,68,43,,,75,,68,72,55,90,75,74,57,64,62,57,60,62,55,,41,51
"Jules Bernard",jules-bernard,"Free Agency",curr,"SG",6'6",69,69,75,76,78,65,65,75,40,60,30,45,48,60,69,65,70,60,62,61,,,63,,64,70,48,85,65,84,54,64,36,37,68,40,45,,60,54
"Trentyn Flowers",trentyn-flowers,"Free Agency",curr,"SF/SG",6'9",69,62,71,75,64,50,35,62,70,85,47,52,49,42,80,57,69,75,60,44,,,83,,75,92,42,85,70,80,52,62,57,37,54,52,45,,48,54
"Skal Labissiere",skal-labissiere,"Free Agency",curr,"C/PF",6'10",69,79,78,73,70,50,40,62,75,60,65,65,65,40,76,37,57,57,55,34,,,67,,63,77,65,80,75,73,73,54,54,60,70,38,50,,69,78
"Andersson Garcia",andersson-garcia,"Free Agency",curr,"PF/SF",6'7",69,71,69,71,69,50,30,70,70,75,57,58,55,54,70,57,63,58,60,32,,,63,,66,79,70,85,80,84,66,66,73,60,60,57,50,,67,68
"Alondes Williams",alondes-williams,"Free Agency",curr,"PG/SG",6'4",69,79,72,76,70,65,65,79,40,70,44,48,49,50,80,65,77,77,68,64,,,84,,84,78,57,88,80,76,44,60,35,55,52,50,50,,52,55
"John Tonje",john-tonje,"Portland Trail Blazers",curr,"SF/SG",6'4",69,80,80,80,87,50,40,78,35,70,40,40,40,44,85,58,70,67,58,37,,,74,,74,79,55,85,75,83,50,62,42,40,52,50,50,,43,54
"Harrison Ingram",harrison-ingram,"Utah Jazz",curr,"SF/SG",6'5",69,73,73,74,62,50,30,73,45,75,59,58,57,42,80,62,70,75,62,41,,,82,,75,82,64,88,75,83,60,62,49,39,69,60,55,,59,60
"TyTy Washington Jr.",tyty-washington,"Free Agency",curr,"PG/SG",6'3",69,78,77,70,75,65,60,76,25,75,25,38,26,50,80,68,86,80,69,60,,,80,,80,79,54,95,85,83,55,66,49,37,62,70,40,,27,52
"Thanasis Antetokounmpo",thanasis-antetokounmpo,"Free Agency",curr,"PF/C",6'7",69,71,66,66,63,60,40,80,40,85,53,50,60,69,64,54,69,69,75,38,,,77,,75,82,66,80,90,72,42,59,33,51,54,50,40,,64,61
"Tyler Smith",tyler-smith,"Free Agency",curr,"C/PF",6'9",69,72,75,73,73,60,50,64,80,80,64,64,64,44,70,39,57,67,58,32,,,72,,69,84,65,85,75,83,53,52,35,59,52,47,35,,76,73
"Adama Bal",adama-bal,"Free Agency",curr,"SG/PG",6'7",69,72,71,76,75,60,45,68,40,70,47,48,47,49,95,69,76,73,69,40,,,76,,70,73,49,85,85,85,47,63,42,25,60,55,40,,35,43
"JD Davison",jd-davison,"Free Agency",curr,"PG/SG",6'1",69,70,73,71,73,50,50,72,25,85,30,31,38,40,80,72,86,84,75,72,,,85,,85,84,54,88,45,82,25,56,69,61,55,54,45,,36,55
"Tyler Bilodeau",tyler-bilodeau,"Brooklyn Nets",curr,"PF/C",6'9",69,78,77,82,84,65,45,71,50,65,60,64,62,40,85,64,63,57,66,41,,,60,,59,62,59,88,90,84,59,59,37,34,50,60,40,,44,51
"Sergio De Larrea",sergio-de-larrea,"Dallas Mavericks",curr,"SG/PG",6'5",69,71,69,81,83,60,45,73,35,60,54,57,55,49,90,68,73,70,72,57,,,71,,70,70,57,89,85,80,47,60,38,37,58,57,45,,44,54
"Tobi Lawal",tobi-lawal,"Dallas Mavericks",curr,"PF/SF",6'8",69,70,62,68,44,35,30,71,80,93,53,50,51,40,75,60,60,79,63,37,,,84,,83,99,54,90,75,80,64,66,40,59,64,47,40,,60,66
"Trevon Brazile",trevon-brazile,"Denver Nuggets",curr,"PF/C",6'10",69,64,61,70,70,50,40,72,75,80,58,54,59,50,75,67,62,66,67,45,,,83,,69,90,69,80,80,83,66,63,60,66,66,56,45,,47,58
"Ugonna Onyenso",ugonna-onyenso,"Detroit Pistons",curr,"C",7'0",69,70,60,50,73,50,25,67,80,75,50,40,50,30,70,54,42,44,57,30,,,67,,54,71,73,80,80,80,73,44,43,84,70,58,60,,62,66
"Baba Miller",baba-miller,"Los Angeles Clippers",curr,"PF/SF",6'11",69,70,62,52,65,50,35,78,50,75,54,52,54,67,85,61,68,64,60,40,,,71,,66,81,58,89,75,80,66,66,49,56,62,57,50,,57,74
"Ryan Conwell",ryan-conwell,"Miami Heat",curr,"SG/SF",6'4",69,74,78,80,83,60,50,74,30,50,37,38,38,42,85,67,69,73,68,42,,,78,,76,82,40,95,80,85,45,64,40,30,58,57,40,,37,49
"Bogoljub Markovic",bogoljub-markovic,"Milwaukee Bucks",curr,"PF/C",6'11",69,74,74,78,76,50,50,64,65,65,68,68,68,50,76,54,55,53,54,53,,,56,,55,54,68,85,85,80,57,40,47,52,58,54,40,,60,65
"Otega Oweh",otega-oweh,"Oklahoma City Thunder",curr,"SG/SF",6'4",69,75,72,72,73,50,50,78,65,80,52,52,52,40,78,60,70,76,67,32,,,83,,79,79,60,89,85,80,57,69,67,37,67,64,50,,41,44
"Izaiyah Nelson",izaiyah-nelson,"Orlando Magic",curr,"C/PF",6'9",69,70,63,48,73,40,25,71,80,85,47,44,47,34,70,57,52,69,58,40,,,80,,70,82,68,85,85,80,73,69,59,75,70,55,50,,80,73
"Ja’Kobi Gillespie",jakobi-gillespie,"San Antonio Spurs",curr,"PG/SG",6'1",69,73,76,77,81,50,50,73,25,30,37,39,30,41,80,71,79,85,72,70,,,85,,85,81,48,89,75,80,43,69,78,25,62,67,50,,29,40
"Maliq Brown",maliq-brown,"San Antonio Spurs",curr,"PF/C",6'9",69,70,56,55,50,40,30,70,55,75,47,47,47,54,75,52,60,61,57,44,,,86,,82,76,65,80,85,80,74,74,75,67,74,75,70,,47,58
"Jaden Bradley",jaden-bradley,"Toronto Raptors",curr,"PG/SG",6'3",69,64,69,75,81,60,45,70,25,35,30,31,30,40,80,74,75,76,75,70,,,80,,87,78,59,88,85,80,34,70,67,27,67,60,55,,30,41
"Felix Okpara",felix-okpara,"Washington Wizards",curr,"C",6'11",69,70,57,52,64,40,30,72,80,80,52,42,52,37,70,47,54,67,47,29,,,82,,75,76,70,84,85,80,70,66,40,75,70,47,50,,69,59
"Lucas Williamson",lucas-williamson,"Free Agency",curr,"SG/PG",6'4",69,71,70,73,71,70,55,70,25,65,44,44,44,44,80,67,71,69,68,41,,,70,,75,68,56,80,70,79,54,67,67,30,52,62,45,,34,48
"Dillon Jones",dillon-jones,"Free Agency",curr,"PF/C",6'5",69,63,70,57,55,50,35,72,35,65,50,50,50,55,89,68,70,67,69,53,,,75,,82,71,70,85,80,80,67,69,42,42,69,57,55,,58,67
"Chris Mañon",chris-manon,"Los Angeles Lakers",curr,"SG/SF",6'4",68,71,68,69,74,50,30,74,30,85,42,44,44,40,70,69,68,70,65,54,,,83,,84,88,58,80,95,83,50,70,79,55,65,77,60,,40,47
"Chaz Lanier",chaz-lanier,"Detroit Pistons",curr,"SG/SF",6'3",68,78,77,75,76,50,50,78,25,60,37,48,44,40,80,62,72,79,57,33,,,85,,79,88,48,92,80,84,40,52,52,28,51,44,45,,52,41
"Tolu Smith",tolu-smith,"Detroit Pistons",curr,"C/PF",6'11",68,70,49,37,68,50,45,63,70,70,70,68,70,40,80,45,34,48,42,36,,,52,,44,65,80,80,65,84,60,34,40,62,65,55,40,,70,70
"Vladislav Goldin",vladislav-goldin,"Miami Heat",curr,"C",7'0",68,70,68,66,73,50,50,58,75,65,67,67,67,63,75,59,44,30,59,37,,,33,,30,50,70,80,80,83,66,45,35,67,66,45,50,,69,65
"Rocco Zikarsky",rocco-zikarsky,"Minnesota Timberwolves",curr,"C",7'3",68,70,50,39,62,60,50,56,75,65,67,48,60,54,66,50,37,29,50,30,,,48,,30,54,73,80,70,83,68,52,48,74,62,44,50,,70,70
"CJ Huntley",cj-huntley,"Phoenix Suns",curr,"PF/C",6'9",68,74,73,72,69,50,40,78,75,80,60,60,60,45,80,48,48,47,58,34,,,59,,57,80,50,80,80,83,63,51,42,59,60,47,45,,69,70
"Chucky Hepburn",chucky-hepburn,"Toronto Raptors",curr,"PG",6'0",68,70,71,73,81,30,40,72,25,40,28,30,30,74,70,77,76,76,76,73,,,76,,90,62,43,85,87,78,30,79,84,32,78,78,70,,36,43
"Keshon Gilbert",keshon-gilbert,"Atlanta Hawks",curr,"SG/SF",6'4",68,76,73,73,75,60,35,76,25,60,32,34,30,40,80,70,74,73,70,67,,,77,,83,71,60,85,76,84,34,76,67,34,70,72,65,,38,43
"Tristan Enaruna",tristan-enaruna,"Cleveland Cavaliers",curr,"SF/SG",6'6",68,70,72,72,75,40,35,70,25,80,44,47,50,39,80,68,70,75,67,44,,,84,,80,80,67,85,65,84,30,70,57,47,68,67,65,,52,54
"Riley Minix",riley-minix,"Cleveland Cavaliers",curr,"PF/SF",6'7",68,69,71,76,83,50,40,62,45,60,54,54,54,40,70,54,55,55,54,30,,,60,,60,70,58,80,80,83,55,59,62,47,57,60,50,,60,62
"Zyon Pullin",zyon-pullin,"Minnesota Timberwolves",curr,"PG/SG",6'4",68,72,74,75,75,60,50,70,25,45,35,37,37,49,85,73,76,78,73,65,,,79,,79,66,48,88,75,79,49,63,49,32,57,55,40,,36,44
"Alex Morales",alex-morales,"Orlando Magic",curr,"SG/SF",6'6",68,70,69,76,75,50,50,70,45,75,52,52,52,78,80,69,75,67,70,44,,,72,,75,72,60,85,75,76,64,73,74,32,70,70,50,,57,64
"Chris Youngblood",chris-youngblood,"Portland Trail Blazers",curr,"SG/SF",6'4",68,67,74,78,80,70,45,69,40,60,35,38,35,65,85,57,68,63,58,30,,,72,,73,70,52,80,80,84,42,64,47,32,60,40,45,,42,65
"Jayson Kent",jayson-kent,"Portland Trail Blazers",curr,"SF/SG",6'8",68,74,72,80,85,55,35,70,50,80,44,48,39,42,78,59,66,69,59,32,,,79,,69,80,55,80,70,83,40,56,43,30,54,45,35,,30,38
"Koby Brea",koby-brea,"Phoenix Suns",curr,"SG/SF",6'5",68,72,74,82,89,60,50,71,40,60,40,41,40,30,85,68,67,62,66,37,,,68,,66,64,51,85,88,82,48,59,42,45,59,55,50,,41,57
"Trey Alexander",trey-alexander,"Utah Jazz",curr,"PG/S",6'5",68,73,81,70,82,60,50,73,25,30,28,42,31,55,74,70,73,74,70,54,,,78,,75,67,34,80,75,84,30,59,41,30,52,47,30,,34,46
"Tamar Bates",tamar-bates,"Utah Jazz",curr,"SG/SF",6'5",68,76,77,80,92,50,50,70,40,65,37,38,47,40,80,54,70,64,57,32,,,70,,73,75,54,85,70,64,44,60,57,30,57,55,50,,45,47
"Jahmyl Telfort",jahmyl-telfort,"Free Agency",curr,"SF/PF",6'7",68,73,72,73,77,50,40,73,55,70,59,59,59,46,70,58,66,58,57,52,,,63,,69,72,62,75,60,83,54,60,50,37,60,57,45,,47,57
"Kevon Harris",kevon-harris,"Free Agency",curr,"SG/SF",6'5",68,75,72,80,76,40,60,75,40,75,33,56,45,49,79,64,69,69,65,29,,,71,,71,78,58,85,84,77,60,62,53,51,45,60,45,,59,51
"N’Faly Dante",nfaly-dante,"Free Agency",curr,"C/PF",6'11",68,65,36,25,61,50,30,66,80,80,55,52,55,40,78,25,32,57,40,31,,,73,,48,70,70,70,95,73,70,48,37,69,70,60,50,,67,69
"Jackson Rowe",jackson-rowe,"Free Agency",curr,"PF/SF",6'7",68,70,69,74,71,65,50,67,60,70,54,57,57,50,74,59,54,59,60,50,,,66,,63,74,70,80,79,76,54,52,54,50,54,54,40,,64,57
"Kyle Mangas",kyle-mangas,"Free Agency",curr,"SG/PG",6'4",68,72,76,80,76,70,50,71,25,45,25,40,25,40,75,72,70,68,72,60,,,70,,69,70,54,84,65,78,27,60,67,40,55,67,50,,49,55
"Lawson Lovering",lawson-lovering,"Free Agency",curr,"C",7'1",68,78,47,33,44,50,30,58,65,65,72,71,72,49,80,50,62,37,47,35,,,47,,40,52,73,80,75,83,69,40,49,60,70,57,55,,70,75
"Payton Sandfort",payton-sandfort,"Free Agency",curr,"SF/SG",6'7",68,72,78,80,87,60,40,72,40,55,40,40,40,37,95,57,58,54,55,32,,,59,,65,60,50,85,70,84,42,59,37,37,55,50,40,,39,44
"Tyreke Key",tyreke-key,"Free Agency",curr,"PG/SG",6'2",68,81,82,80,86,70,50,78,25,40,25,37,25,40,70,70,73,73,70,47,,,73,,73,67,50,83,70,77,30,65,50,30,64,68,45,,37,44
"Malik Williams",malik-williams,"Free Agency",curr,"C/PF",6'11",68,70,70,71,65,50,40,68,70,65,55,56,56,41,80,45,37,48,42,27,,,54,,54,65,67,80,65,77,67,40,42,72,65,55,45,,85,78
"Darius Brown II",darius-brown,"Free Agency",curr,"PG/SG",6'2",68,77,80,79,81,50,35,74,25,40,29,32,44,44,80,82,74,77,82,82,,,79,,79,72,42,80,65,78,47,66,33,47,54,65,40,,27,49
"Javonte Cooke",javonte-cooke,"Free Agency",curr,"SF/SG",6'6",68,75,74,75,71,60,40,74,40,70,44,48,51,40,78,65,71,66,67,57,,,70,,73,75,54,80,70,78,50,60,47,35,52,50,35,,38,61
"Gabe McGlothan",gabe-mcglothan,"Free Agency",curr,"PF",6'7",68,69,66,74,84,50,30,67,60,75,62,62,62,44,75,52,68,57,54,34,,,66,,66,75,67,88,90,78,67,67,50,50,69,67,55,,62,64
"Kadary Richmond",kadary-richmond,"Free Agency",curr,"SG/PG",6'6",68,70,69,68,77,60,35,74,25,70,27,34,32,54,69,69,70,77,68,57,,,79,,79,80,67,85,75,84,47,69,79,30,67,78,50,,44,59
"Buddy Boeheim",buddy-boeheim,"Free Agency",curr,"SG/SF",6'6",68,68,77,78,84,70,50,70,45,60,44,47,48,40,80,62,68,57,62,31,,,57,,59,70,44,80,80,78,42,59,43,45,52,55,45,,44,48
"Max Shulga",max-shulga,"Free Agency",curr,"PG/SG",6'4",68,74,77,80,78,50,50,74,30,45,30,44,48,55,80,75,75,74,75,54,,,75,,72,67,52,80,60,83,42,60,75,28,57,54,50,,41,47
"Josh Oduro",josh-oduro,"Free Agency",curr,"PF/C",6'9",68,74,70,66,69,60,45,55,65,65,66,68,69,50,64,62,62,50,67,47,,,57,,58,65,66,78,90,84,66,58,52,52,62,55,40,,59,70
"Hayden Gray",hayden-gray,"Free Agency",curr,"SG/PG",6'4",68,73,72,74,74,50,35,70,55,55,55,57,57,42,85,74,74,68,75,69,,,69,,78,68,62,85,85,83,50,70,79,40,68,65,55,,34,44
"Olivier Sarr",olivier-sarr,"Free Agency",curr,"C",6'10",68,68,74,69,79,55,35,60,75,75,64,62,64,40,70,50,52,49,55,29,,,65,,63,74,66,85,80,77,58,40,30,80,59,48,35,,75,70
"Isaiah Stevens",isaiah-stevens,"Free Agency",curr,"PG/SG",5'11",68,70,74,74,84,60,40,72,25,35,25,31,30,45,70,78,79,88,78,78,,,88,,87,72,48,80,76,82,44,58,36,25,52,50,40,,30,39
"Emanuel Miller",emanuel-miller,"Free Agency",curr,"SF/SG",6'5",68,67,70,74,75,50,35,70,45,80,45,55,57,40,80,56,60,67,57,44,,,82,,79,84,60,85,80,81,55,58,50,47,50,47,40,,49,60
"Norchad Omier",norchad-omier,"Free Agency",curr,"PF/C",6'7",68,71,70,71,75,50,40,70,60,75,54,52,57,44,74,44,54,53,55,30,,,71,,66,70,70,80,80,83,67,63,60,44,62,54,40,,75,75
"Trevon Scott",trevon-scott,"Free Agency",curr,"PF/SF",6'8",68,69,71,73,71,60,40,75,40,70,42,51,49,50,70,61,68,54,64,41,,,62,,52,72,60,85,75,76,64,54,30,41,52,44,40,,68,69
"Mouhamadou Gueye",mouhamadou-gueye,"Free Agency",curr,"C/PF",6'9",68,64,62,60,55,40,30,65,70,70,54,52,54,44,78,47,57,47,50,30,,,57,,59,75,65,80,80,77,60,55,40,85,54,52,35,,74,67
"Dillon Mitchell",dillon-mitchell,"Boston Celtics",curr,"PF/SF",6'8",68,71,44,40,49,40,25,71,75,85,52,50,50,40,80,67,66,65,67,52,,,80,,83,82,66,75,85,78,68,71,60,56,67,60,60,,62,68
"Kylan Boswell",kylan-boswell,"Charlotte Hornets",curr,"PG",6'2",68,70,75,74,78,60,40,70,25,40,32,34,30,40,80,75,79,79,70,56,,,79,,83,78,60,85,76,81,34,74,62,50,70,57,60,,33,47
"Michael Ajayi",michael-ajayi,"Charlotte Hornets",curr,"PF",6'7",68,70,67,66,65,45,30,70,70,75,54,52,52,47,81,62,62,52,60,50,,,71,,73,71,65,85,80,83,62,62,62,54,60,45,50,,76,80
"Tobe Awaka",tobe-awaka,"Chicago Bulls",curr,"PF",6'8",68,71,63,59,64,50,25,67,70,70,59,40,47,40,70,52,50,54,52,29,,,80,,66,87,70,80,85,90,64,54,38,45,67,52,40,,80,66
"Jaylin Sellers",jaylin-sellers,"Chicago Bulls",curr,"SG",6'5",68,71,77,79,86,50,40,71,45,70,31,29,38,74,75,64,69,67,65,37,,,71,,85,72,52,85,80,81,40,65,80,53,60,78,40,,56,65
"Ernest Udeh Jr.",ernest-udeh-jr,"Cleveland Cavaliers",curr,"C",6'11",68,67,44,26,51,50,25,70,85,75,44,45,48,40,35,25,35,44,34,29,,,70,,70,78,80,79,75,83,74,60,25,70,74,54,60,,71,72
"Bryce Hopkins",bryce-hopkins,"Denver Nuggets",curr,"PF/SF",6'7",68,71,67,74,71,50,40,72,60,75,54,54,54,45,80,60,67,66,66,46,,,74,,70,75,69,87,85,83,68,68,60,37,58,67,45,,57,60
"Isaiah Crawford",isaiah-crawford,"Houston Rockets",curr,"SF/SG",6'6",68,71,74,76,73,50,50,70,50,65,57,57,57,45,80,48,57,57,47,37,,,61,,61,74,59,90,75,83,55,57,45,44,52,57,40,,54,59
"Sean Pedulla",sean-pedulla,"Houston Rockets",curr,"PG",6'1",68,72,75,77,82,60,50,76,25,50,28,45,32,37,80,77,76,75,77,72,,,75,,74,72,41,85,80,83,44,63,54,30,62,55,35,,32,49
"Quadir Copeland",quadir-copeland,"Houston Rockets",curr,"PG",6'6",68,70,72,74,77,50,40,70,30,70,45,45,48,79,80,70,71,70,71,63,,,72,,76,75,56,80,75,80,49,69,72,34,68,62,60,,33,49
"Nick Martinelli",nick-martinelli,"Los Angeles Clippers",curr,"SF/PF",6'7",68,80,80,80,81,60,50,70,40,60,57,62,55,40,75,58,60,44,59,41,,,50,,47,67,55,80,70,80,52,52,35,42,52,47,35,,52,54
"Arthur Kaluma",arthur-kaluma,"Los Angeles Lakers",curr,"SF",6'7",68,75,72,75,80,50,45,75,60,75,52,50,50,55,80,64,70,69,67,33,,,77,,70,75,69,80,80,86,64,70,56,45,57,52,50,,52,53
"AK Okereke",ak-okereke,"Los Angeles Lakers",curr,"PF",6'7",68,70,72,73,77,50,45,70,45,65,62,62,62,47,80,57,62,59,58,49,,,63,,63,68,73,85,80,80,59,63,36,51,60,57,45,,50,52
"Tre Donaldson",tre-donaldson,"Miami Heat",curr,"PG",6'3",68,71,76,76,73,50,50,71,25,60,30,32,36,46,95,75,77,80,75,67,,,80,,82,70,54,95,85,83,44,70,66,37,65,68,60,,33,52
"Jaron Pierre Jr.",jaron-pierre-jr,"New Orleans Pelicans",curr,"SG/SG",6'5",68,73,78,77,78,50,50,73,35,70,28,52,42,37,85,62,70,70,60,35,,,76,,74,72,57,80,80,83,44,61,40,42,56,50,40,,33,36
"Malik Dia",malik-dia,"New Orleans Pelicans",curr,"PF",6'9",68,74,69,69,68,50,45,70,65,70,66,67,66,66,75,59,57,57,57,34,,,60,,60,70,79,85,70,77,64,52,36,45,52,50,45,,52,64
"Tyler Nickel",tyler-nickel,"New York Knicks",curr,"SF/SG",6'7",68,74,75,81,85,,,70,35,55,38,38,,,,,,,,,,,,,,,,,,,,,,,,,,,,
"Josh Dix",josh-dix,"Oklahoma City Thunder",curr,"SG",6'6",68,73,77,77,85,60,40,70,50,65,50,55,50,50,85,44,67,65,70,60,,,66,,66,68,60,85,67,77,44,63,40,37,57,52,40,,33,52
"Emanuel Sharp",emanuel-sharp,"Sacramento Kings",curr,"SG/PG",6'3",68,63,70,82,89,65,50,70,35,50,30,38,26,40,76,66,69,72,66,36,,,78,,80,68,49,85,81,81,40,62,60,27,62,50,45,,30,44
"Trevor Keels",trevor-keels,"Free Agency",curr,"SG",6'4",68,71,68,71,84,70,50,70,50,70,40,38,44,50,72,74,78,74,77,72,,,74,,74,68,60,85,94,79,37,60,52,51,55,54,50,,44,47
"Tristen Newton",tristen-newton,"Free Agency",curr,"SG/PG",6'5",68,70,69,73,81,50,40,71,30,50,40,42,40,50,80,75,79,76,74,69,,,76,,81,68,49,88,85,83,49,64,58,42,60,50,45,,52,58
"Curtis Jones",curtis-jones,"Free Agency",curr,"SG/PG",6'3",68,88,71,72,67,70,50,75,25,75,38,40,39,44,75,67,68,68,70,41,,,74,,75,72,48,90,85,83,49,71,86,70,54,47,50,,47,55
"Rafael Castro",rafael-castro,"Houston Rockets",curr,"PF/C",6'11",68,74,66,44,66,50,30,67,75,75,53,51,53,44,84,59,54,52,62,34,,,71,,59,79,66,80,80,78,64,59,41,67,60,40,40,,66,74
"Adam Flagler",adam-flagler,"Sacramento Kings",curr,"PG/SG",6'3",67,77,77,70,81,65,50,70,40,45,42,44,40,32,85,66,69,70,62,40,,,72,,70,70,47,84,75,78,42,57,45,30,52,50,40,,32,37
"Jamarion Sharp",jamarion-sharp,"Los Angeles Clippers",curr,"C",7'5",67,69,30,25,41,70,35,50,75,65,60,45,54,70,40,35,27,25,35,30,,,25,,30,30,64,75,70,65,70,30,42,82,70,34,50,,67,70
"Russell Westbrook",russell-westbrook,"Free Agency",curr,"PG/SG",6'4",42,93,70,78,69,50,90,88,30,80,45,66,80,60,85,80,86,89,82,79,,,89,,89,92,75,92,95,78,42,74,66,37,70,55,70,,48,67