leagueId,seasonYear,gameDate,gameId,gameCode,gameStatus,gameStatusText,gameSequence,gameDateEst,gameTimeEst,gameDateTimeEst,gameDateUTC,gameTimeUTC,gameDateTimeUTC,awayTeamTime,homeTeamTime,day,monthNum,weekNumber,weekName,ifNecessary,seriesGameNumber,gameLabel,gameSubLabel,seriesText,arenaName,arenaState,arenaCity,postponedStatus,branchLink,gameSubtype,isNeutral,homeTeam_teamId,homeTeam_teamName,homeTeam_teamCity,homeTeam_teamTricode,homeTeam_teamSlug,homeTeam_wins,homeTeam_losses,homeTeam_score,homeTeam_seed,awayTeam_teamId,awayTeam_teamName,awayTeam_teamCity,awayTeam_teamTricode,awayTeam_teamSlug,awayTeam_wins,awayTeam_losses,awayTeam_score,awayTeam_seed,nationalBroadcasters_0_broadcasterScope,nationalBroadcasters_0_broadcasterMedia,nationalBroadcasters_0_broadcasterId,nationalBroadcasters_0_broadcasterDisplay,nationalBroadcasters_0_broadcasterAbbreviation,nationalBroadcasters_0_broadcasterDescription,nationalBroadcasters_0_tapeDelayComments,nationalBroadcasters_0_broadcasterVideoLink,nationalBroadcasters_0_broadcasterTeamId,nationalBroadcasters_0_broadcasterRanking,nationalBroadcasters_0_localizationRegion,nationalBroadcasters_1_broadcasterScope,nationalBroadcasters_1_broadcasterMedia,nationalBroadcasters_1_broadcasterId,nationalBroadcasters_1_broadcasterDisplay,nationalBroadcasters_1_broadcasterAbbreviation,nationalBroadcasters_1_broadcasterDescription,nationalBroadcasters_1_tapeDelayComments,nationalBroadcasters_1_broadcasterVideoLink,nationalBroadcasters_1_broadcasterTeamId,nationalBroadcasters_1_broadcasterRanking,nationalBroadcasters_1_localizationRegion,nationalBroadcasters_2_broadcasterScope,nationalBroadcasters_2_broadcasterMedia,nationalBroadcasters_2_broadcasterId,nationalBroadcasters_2_broadcasterDisplay,nationalBroadcasters_2_broadcasterAbbreviation,nationalBroadcasters_2_broadcasterDescription,nationalBroadcasters_2_tapeDelayComments,nationalBroadcasters_2_broadcasterVideoLink,nationalBroadcasters_2_broadcasterTeamId,nationalBroadcasters_2_broadcasterRanking,nationalBroadcasters_2_localizationRegion,nationalRadioBroadcasters_0_broadcasterScope,nationalRadioBroadcasters_0_broadcasterMedia,nationalRadioBroadcasters_0_broadcasterId,nationalRadioBroadcasters_0_broadcasterDisplay,nationalRadioBroadcasters_0_broadcasterAbbreviation,nationalRadioBroadcasters_0_broadcasterDescription,nationalRadioBroadcasters_0_tapeDelayComments,nationalRadioBroadcasters_0_broadcasterVideoLink,nationalRadioBroadcasters_0_broadcasterTeamId,nationalRadioBroadcasters_0_broadcasterRanking,nationalRadioBroadcasters_0_localizationRegion,nationalRadioBroadcasters_1_broadcasterScope,nationalRadioBroadcasters_1_broadcasterMedia,nationalRadioBroadcasters_1_broadcasterId,nationalRadioBroadcasters_1_broadcasterDisplay,nationalRadioBroadcasters_1_broadcasterAbbreviation,nationalRadioBroadcasters_1_broadcasterDescription,nationalRadioBroadcasters_1_tapeDelayComments,nationalRadioBroadcasters_1_broadcasterVideoLink,nationalRadioBroadcasters_1_broadcasterTeamId,nationalRadioBroadcasters_1_broadcasterRanking,nationalRadioBroadcasters_1_localizationRegion,homeTvBroadcasters_0_broadcasterScope,homeTvBroadcasters_0_broadcasterMedia,homeTvBroadcasters_0_broadcasterId,homeTvBroadcasters_0_broadcasterDisplay,homeTvBroadcasters_0_broadcasterAbbreviation,homeTvBroadcasters_0_broadcasterDescription,homeTvBroadcasters_0_tapeDelayComments,homeTvBroadcasters_0_broadcasterVideoLink,homeTvBroadcasters_0_broadcasterTeamId,homeTvBroadcasters_0_broadcasterRanking,homeTvBroadcasters_0_localizationRegion,homeTvBroadcasters_1_broadcasterScope,homeTvBroadcasters_1_broadcasterMedia,homeTvBroadcasters_1_broadcasterId,homeTvBroadcasters_1_broadcasterDisplay,homeTvBroadcasters_1_broadcasterAbbreviation,homeTvBroadcasters_1_broadcasterDescription,homeTvBroadcasters_1_tapeDelayComments,homeTvBroadcasters_1_broadcasterVideoLink,homeTvBroadcasters_1_broadcasterTeamId,homeTvBroadcasters_1_broadcasterRanking,homeTvBroadcasters_1_localizationRegion,homeRadioBroadcasters_broadcasterScope,homeRadioBroadcasters_broadcasterMedia,homeRadioBroadcasters_broadcasterId,homeRadioBroadcasters_broadcasterDisplay,homeRadioBroadcasters_broadcasterAbbreviation,homeRadioBroadcasters_broadcasterDescription,homeRadioBroadcasters_tapeDelayComments,homeRadioBroadcasters_broadcasterVideoLink,homeRadioBroadcasters_broadcasterTeamId,homeRadioBroadcasters_broadcasterRanking,homeRadioBroadcasters_localizationRegion,awayTvBroadcasters_broadcasterScope,awayTvBroadcasters_broadcasterMedia,awayTvBroadcasters_broadcasterId,awayTvBroadcasters_broadcasterDisplay,awayTvBroadcasters_broadcasterAbbreviation,awayTvBroadcasters_broadcasterDescription,awayTvBroadcasters_tapeDelayComments,awayTvBroadcasters_broadcasterVideoLink,awayTvBroadcasters_broadcasterTeamId,awayTvBroadcasters_broadcasterRanking,awayTvBroadcasters_localizationRegion,awayRadioBroadcasters_broadcasterScope,awayRadioBroadcasters_broadcasterMedia,awayRadioBroadcasters_broadcasterId,awayRadioBroadcasters_broadcasterDisplay,awayRadioBroadcasters_broadcasterAbbreviation,awayRadioBroadcasters_broadcasterDescription,awayRadioBroadcasters_tapeDelayComments,awayRadioBroadcasters_broadcasterVideoLink,awayRadioBroadcasters_broadcasterTeamId,awayRadioBroadcasters_broadcasterRanking,awayRadioBroadcasters_localizationRegion
00,2026-27,10/03/2026 00:00:00,0012600009,20261003/MIATOR,1,7:00 pm ET,1,2026-10-03T00:00:00Z,1900-01-01T19:00:00Z,2026-10-03T19:00:00Z,2026-10-03T04:00:00Z,1900-01-01T23:00:00Z,2026-10-03T23:00:00Z,2026-10-03T19:00:00Z,2026-10-03T19:00:00Z,Sat,10,0,,false,,Preseason,NBA Canada Game,,Videotron Centre,QC,Quebec City,N,,,False,1610612761,Raptors,Toronto,TOR,raptors,0,0,0,0,1610612748,Heat,Miami,MIA,heat,0,0,0,0,natl,tv,7.0,NBA TV,NBA TV,Watch with League Pass or your TV subscription,,,-1.0,,,,,,,,,,,,,,,,,,,,,,,,,natl,radio,1001098,SiriusXM,SiriusXM,,,https://www.siriusxm.com/sports/nba,-1,,,,,,,,,,,,,,,,,,,,,,,,,,,,,,,,,,,,,,,,,,,,,,,away,tv,1001720.0,WPLG Local 10,WPLG,,,https://local10plusplatinum.maz.tv/open?deeplink=local10platinum://item/3776211-3882966?item=44d4cc7fbb9f4bd72cf272489b39eadf-3742525-3848761,1610612748.0,,,away,radio,1001523.0,FM 104.3 WQAM / S: WAQI 710,WQAM-FM/WAQI,,,,1610612748.0,,
00,2026-27,10/04/2026 00:00:00,0012600066,20261004/GSWLAC,1,7:00 pm ET,1,2026-10-04T00:00:00Z,1900-01-01T19:00:00Z,2026-10-04T19:00:00Z,2026-10-04T04:00:00Z,1900-01-01T23:00:00Z,2026-10-04T23:00:00Z,2026-10-04T16:00:00Z,2026-10-04T16:00:00Z,Sun,10,0,,false,,Preseason,,,Stan Sheriff Center,HI,Honolulu,N,,,False,1610612746,Clippers,LA,LAC,clippers,0,0,0,0,1610612744,Warriors,Golden State,GSW,warriors,0,0,0,0,natl,tv,1001042.0,TBD,TBD,,,,-1.0,,,,,,,,,,,,,,,,,,,,,,,,,natl,radio,1001098,SiriusXM,SiriusXM,,,https://www.siriusxm.com/sports/nba,-1,,,,,,,,,,,,,,,,,,,,,,,,,,,,,,,,,,,,,,,,,,,,,,,,,,,,,,,,,,,,,,,,,,,,
00,2026-27,10/04/2026 00:00:00,0012600067,20261004/UTADEN,1,7:00 pm ET,2,2026-10-04T00:00:00Z,1900-01-01T19:00:00Z,2026-10-04T19:00:00Z,2026-10-04T04:00:00Z,1900-01-01T23:00:00Z,2026-10-04T23:00:00Z,2026-10-04T17:00:00Z,2026-10-04T17:00:00Z,Sun,10,0,,false,,Preseason,,,CU Events Center,CO,Boulder,N,,,False,1610612743,Nuggets,Denver,DEN,nuggets,0,0,0,0,1610612762,Jazz,Utah,UTA,jazz,0,0,0,0,natl,tv,1001042.0,TBD,TBD,,,,-1.0,,,,,,,,,,,,,,,,,,,,,,,,,natl,radio,1001098,SiriusXM,SiriusXM,,,https://www.siriusxm.com/sports/nba,-1,,,,,,,,,,,,,,,,,,,,,,,,,,,,,,,,,,,,,,,,,,,,,,,,,,,,,,,,,,,,,,,,,,,,
00,2026-27,10/05/2026 00:00:00,0012600004,20261005/MEMATL,1,7:00 pm ET,1,2026-10-05T00:00:00Z,1900-01-01T19:00:00Z,2026-10-05T19:00:00Z,2026-10-05T04:00:00Z,1900-01-01T23:00:00Z,2026-10-05T23:00:00Z,2026-10-05T18:00:00Z,2026-10-05T19:00:00Z,Mon,10,0,,false,,Preseason,,,State Farm Arena,GA,Atlanta,N,,,False,1610612737,Hawks,Atlanta,ATL,hawks,0,0,0,0,1610612763,Grizzlies,Memphis,MEM,grizzlies,0,0,0,0,natl,tv,1001042.0,TBD,TBD,,,,-1.0,,,,,,,,,,,,,,,,,,,,,,,,,natl,radio,1001098,SiriusXM,SiriusXM,,,https://www.siriusxm.com/sports/nba,-1,,,,,,,,,,,,,,,,,,,,,,,,,,,,,,,,,,,,,,,,,,,,,,,,,,,,,,,,,,,,,,,,,,,,
00,2026-27,10/05/2026 00:00:00,0012600022,20261005/PHXDET,1,7:00 pm ET,2,2026-10-05T00:00:00Z,1900-01-01T19:00:00Z,2026-10-05T19:00:00Z,2026-10-05T04:00:00Z,1900-01-01T23:00:00Z,2026-10-05T23:00:00Z,2026-10-05T16:00:00Z,2026-10-05T19:00:00Z,Mon,10,0,,false,,Preseason,,,Little Caesars Arena,MI,Detroit,N,,,False,1610612765,Pistons,Detroit,DET,pistons,0,0,0,0,1610612756,Suns,Phoenix,PHX,suns,0,0,0,0,natl,tv,1001042.0,TBD,TBD,,,,-1.0,,,,,,,,,,,,,,,,,,,,,,,,,natl,radio,1001098,SiriusXM,SiriusXM,,,https://www.siriusxm.com/sports/nba,-1,,,,,,,,,,,,,,,,,,,,,,,,,,,,,,,,,,,,,,,,,,,,,,,,,,,,,,,,,,,,,,,,,,,,
00,2026-27,10/05/2026 00:00:00,0012600023,20261005/NYKPHI,1,7:00 pm ET,3,2026-10-05T00:00:00Z,1900-01-01T19:00:00Z,2026-10-05T19:00:00Z,2026-10-05T04:00:00Z,1900-01-01T23:00:00Z,2026-10-05T23:00:00Z,2026-10-05T19:00:00Z,2026-10-05T19:00:00Z,Mon,10,0,,false,,Preseason,,,Xfinity Mobile Arena,PA,Philadelphia,N,,,False,1610612755,76ers,Philadelphia,PHI,sixers,0,0,0,0,1610612752,Knicks,New York,NYK,knicks,0,0,0,0,natl,tv,1001042.0,TBD,TBD,,,,-1.0,,,,,,,,,,,,,,,,,,,,,,,,,natl,radio,1001098,SiriusXM,SiriusXM,,,https://www.siriusxm.com/sports/nba,-1,,,,,,,,,,,,,,,,,,,,,,,,,,,,,,,,,,,,,,,,,,,,,,,,,,,,,,,,,,,,,,,,,,,,
00,2026-27,10/05/2026 00:00:00,0012600024,20261005/MINMIL,1,8:00 pm ET,4,2026-10-05T00:00:00Z,1900-01-01T20:00:00Z,2026-10-05T20:00:00Z,2026-10-05T04:00:00Z,1900-01-01T00:00:00Z,2026-10-06T00:00:00Z,2026-10-05T19:00:00Z,2026-10-05T19:00:00Z,Mon,10,0,,false,,Preseason,,,Fiserv Forum,WI,Milwaukee,N,,,False,1610612749,Bucks,Milwaukee,MIL,bucks,0,0,0,0,1610612750,Timberwolves,Minnesota,MIN,timberwolves,0,0,0,0,natl,tv,1001042.0,TBD,TBD,,,,-1.0,,,,,,,,,,,,,,,,,,,,,,,,,natl,radio,1001098,SiriusXM,SiriusXM,,,https://www.siriusxm.com/sports/nba,-1,,,,,,,,,,,,,,,,,,,,,,,,,,,,,,,,,,,,,,,,,,,,,,,,,,,,,,,,,,,,,,,,,,,,
00,2026-27,10/05/2026 00:00:00,0012600028,20261005/LALSAC,1,10:00 pm ET,5,2026-10-05T00:00:00Z,1900-01-01T22:00:00Z,2026-10-05T22:00:00Z,2026-10-05T04:00:00Z,1900-01-01T02:00:00Z,2026-10-06T02:00:00Z,2026-10-05T19:00:00Z,2026-10-05T19:00:00Z,Mon,10,0,,false,,Preseason,,,Golden 1 Center,CA,Sacramento,N,,,False,1610612758,Kings,Sacramento,SAC,kings,0,0,0,0,1610612747,Lakers,Los Angeles,LAL,lakers,0,0,0,0,natl,tv,1001042.0,TBD,TBD,,,,-1.0,,,,,,,,,,,,,,,,,,,,,,,,,natl,radio,1001098,SiriusXM,SiriusXM,,,https://www.siriusxm.com/sports/nba,-1,,,,,,,,,,,,,,,,,,,,,,,,,,,,,,,,,,,,,,,,,,,,,,,away,tv,1651.0,Spectrum SportsNet,SPECSN,,,,1610612747.0,,,away,radio,1001605.0,ESPN LA 710/980 KFWB,KSPN/KFWB,,,,1610612747.0,,
00,2026-27,10/06/2026 00:00:00,0012600010,20261006/LALGSW,1,10:00 pm ET,4,2026-10-06T00:00:00Z,1900-01-01T22:00:00Z,2026-10-06T22:00:00Z,2026-10-06T04:00:00Z,1900-01-01T02:00:00Z,2026-10-07T02:00:00Z,2026-10-06T19:00:00Z,2026-10-06T19:00:00Z,Tue,10,0,,false,,Preseason,,,Chase Center,CA,San Francisco,N,,,False,1610612744,Warriors,Golden State,GSW,warriors,0,0,0,0,1610612747,Lakers,Los Angeles,LAL,lakers,0,0,0,0,natl,tv,1001042.0,TBD,TBD,,,,-1.0,,,,,,,,,,,,,,,,,,,,,,,,,natl,radio,1001098,SiriusXM,SiriusXM,,,https://www.siriusxm.com/sports/nba,-1,,,,,,,,,,,,,,home,tv,1097.0,NBCSBA,NBCSBA,,,,1610612744.0,,,,,,,,,,,,,,,,,,,,,,,,,away,tv,1651.0,Spectrum SportsNet,SPECSN,,,,1610612747.0,,,away,radio,1001605.0,ESPN LA 710/980 KFWB,KSPN/KFWB,,,,1610612747.0,,
00,2026-27,10/06/2026 00:00:00,0012600025,20261006/BKNCHA,1,7:00 pm ET,1,2026-10-06T00:00:00Z,1900-01-01T19:00:00Z,2026-10-06T19:00:00Z,2026-10-06T04:00:00Z,1900-01-01T23:00:00Z,2026-10-06T23:00:00Z,2026-10-06T19:00:00Z,2026-10-06T19:00:00Z,Tue,10,0,,false,,Preseason,,,Spectrum Center,NC,Charlotte,N,,,False,1610612766,Hornets,Charlotte,CHA,hornets,0,0,0,0,1610612751,Nets,Brooklyn,BKN,nets,0,0,0,0,natl,tv,1001042.0,TBD,TBD,,,,-1.0,,,,,,,,,,,,,,,,,,,,,,,,,natl,radio,1001098,SiriusXM,SiriusXM,,,https://www.siriusxm.com/sports/nba,-1,,,,,,,,,,,,,,,,,,,,,,,,,,,,,,,,,,,,,,,,,,,,,,,,,,,,,,,,,,,,,,,,,,,,
00,2026-27,10/06/2026 00:00:00,0012600026,20261006/NOPOKC,1,8:00 pm ET,2,2026-10-06T00:00:00Z,1900-01-01T20:00:00Z,2026-10-06T20:00:00Z,2026-10-06T04:00:00Z,1900-01-01T00:00:00Z,2026-10-07T00:00:00Z,2026-10-06T19:00:00Z,2026-10-06T19:00:00Z,Tue,10,0,,false,,Preseason,,,BOK Center,OK,Tulsa,N,,,False,1610612760,Thunder,Oklahoma City,OKC,thunder,0,0,0,0,1610612740,Pelicans,New Orleans,NOP,pelicans,0,0,0,0,natl,tv,1001042.0,TBD,TBD,,,,-1.0,,,,,,,,,,,,,,,,,,,,,,,,,natl,radio,1001098,SiriusXM,SiriusXM,,,https://www.siriusxm.com/sports/nba,-1,,,,,,,,,,,,,,,,,,,,,,,,,,,,,,,,,,,,,,,,,,,,,,,,,,,,,,,,,,,,,,,,,,,,
00,2026-27,10/06/2026 00:00:00,0012600027,20261006/DENUTA,1,9:00 pm ET,3,2026-10-06T00:00:00Z,1900-01-01T21:00:00Z,2026-10-06T21:00:00Z,2026-10-06T04:00:00Z,1900-01-01T01:00:00Z,2026-10-07T01:00:00Z,2026-10-06T19:00:00Z,2026-10-06T19:00:00Z,Tue,10,0,,false,,Preseason,,,Delta Center,UT,Salt Lake City,N,,,False,1610612762,Jazz,Utah,UTA,jazz,0,0,0,0,1610612743,Nuggets,Denver,DEN,nuggets,0,0,0,0,natl,tv,1001042.0,TBD,TBD,,,,-1.0,,,,,,,,,,,,,,,,,,,,,,,,,natl,radio,1001098,SiriusXM,SiriusXM,,,https://www.siriusxm.com/sports/nba,-1,,,,,,,,,,,,,,,,,,,,,,,,,,,,,,,,,,,,,,,,,,,,,,,,,,,,,,,,,,,,,,,,,,,,
00,2026-27,10/07/2026 00:00:00,0012600029,20261007/MININD,1,7:00 pm ET,1,2026-10-07T00:00:00Z,1900-01-01T19:00:00Z,2026-10-07T19:00:00Z,2026-10-07T04:00:00Z,1900-01-01T23:00:00Z,2026-10-07T23:00:00Z,2026-10-07T18:00:00Z,2026-10-07T19:00:00Z,Wed,10,0,,false,,Preseason,,,Hilton Coliseum,IA,Ames,N,,,False,1610612754,Pacers,Indiana,IND,pacers,0,0,0,0,1610612750,Timberwolves,Minnesota,MIN,timberwolves,0,0,0,0,natl,tv,1001042.0,TBD,TBD,,,,-1.0,,,,,,,,,,,,,,,,,,,,,,,,,natl,radio,1001098,SiriusXM,SiriusXM,,,https://www.siriusxm.com/sports/nba,-1,,,,,,,,,,,,,,,,,,,,,,,,,,,,,,,,,,,,,,,,,,,,,,,,,,,,,,,,,,,,,,,,,,,,
00,2026-27,10/07/2026 00:00:00,0012600030,20261007/PHXCHI,1,8:00 pm ET,2,2026-10-07T00:00:00Z,1900-01-01T20:00:00Z,2026-10-07T20:00:00Z,2026-10-07T04:00:00Z,1900-01-01T00:00:00Z,2026-10-08T00:00:00Z,2026-10-07T17:00:00Z,2026-10-07T19:00:00Z,Wed,10,0,,false,,Preseason,,,United Center,IL,Chicago,N,,,False,1610612741,Bulls,Chicago,CHI,bulls,0,0,0,0,1610612756,Suns,Phoenix,PHX,suns,0,0,0,0,natl,tv,1001042.0,TBD,TBD,,,,-1.0,,,,,,,,,,,,,,,,,,,,,,,,,natl,radio,1001098,SiriusXM,SiriusXM,,,https://www.siriusxm.com/sports/nba,-1,,,,,,,,,,,,,,,,,,,,,,,,,,,,,,,,,,,,,,,,,,,,,,,,,,,,,,,,,,,,,,,,,,,,
00,2026-27,10/07/2026 00:00:00,0012600031,20261007/ORLMEM,1,8:00 pm ET,3,2026-10-07T00:00:00Z,1900-01-01T20:00:00Z,2026-10-07T20:00:00Z,2026-10-07T04:00:00Z,1900-01-01T00:00:00Z,2026-10-08T00:00:00Z,2026-10-07T20:00:00Z,2026-10-07T19:00:00Z,Wed,10,0,,false,,Preseason,,,FedExForum,TN,Memphis,N,,,False,1610612763,Grizzlies,Memphis,MEM,grizzlies,0,0,0,0,1610612753,Magic,Orlando,ORL,magic,0,0,0,0,natl,tv,1001042.0,TBD,TBD,,,,-1.0,,,,,,,,,,,,,,,,,,,,,,,,,natl,radio,1001098,SiriusXM,SiriusXM,,,https://www.siriusxm.com/sports/nba,-1,,,,,,,,,,,,,,,,,,,,,,,,,,,,,,,,,,,,,,,,,,,,,,,,,,,,,,,,,,,,,,,,,,,,
00,2026-27,10/07/2026 00:00:00,0012600032,20261007/MILOKC,1,8:00 pm ET,4,2026-10-07T00:00:00Z,1900-01-01T20:00:00Z,2026-10-07T20:00:00Z,2026-10-07T04:00:00Z,1900-01-01T00:00:00Z,2026-10-08T00:00:00Z,2026-10-07T19:00:00Z,2026-10-07T19:00:00Z,Wed,10,0,,false,,Preseason,,,Paycom Center,OK,Oklahoma City,N,,,False,1610612760,Thunder,Oklahoma City,OKC,thunder,0,0,0,0,1610612749,Bucks,Milwaukee,MIL,bucks,0,0,0,0,natl,tv,1001042.0,TBD,TBD,,,,-1.0,,,,,,,,,,,,,,,,,,,,,,,,,natl,radio,1001098,SiriusXM,SiriusXM,,,https://www.siriusxm.com/sports/nba,-1,,,,,,,,,,,,,,,,,,,,,,,,,,,,,,,,,,,,,,,,,,,,,,,,,,,,,,,,,,,,,,,,,,,,
00,2026-27,10/07/2026 00:00:00,0012600033,20261007/GSWPOR,1,10:00 pm ET,5,2026-10-07T00:00:00Z,1900-01-01T22:00:00Z,2026-10-07T22:00:00Z,2026-10-07T04:00:00Z,1900-01-01T02:00:00Z,2026-10-08T02:00:00Z,2026-10-07T19:00:00Z,2026-10-07T19:00:00Z,Wed,10,0,,false,,Preseason,,,Moda Center,OR,Portland,N,,,False,1610612757,Trail Blazers,Portland,POR,blazers,0,0,0,0,1610612744,Warriors,Golden State,GSW,warriors,0,0,0,0,natl,tv,1001042.0,TBD,TBD,,,,-1.0,,,,,,,,,,,,,,,,,,,,,,,,,natl,radio,1001098,SiriusXM,SiriusXM,,,https://www.siriusxm.com/sports/nba,-1,,,,,,,,,,,,,,home,tv,1001196.0,KUNP,KUNP,,,,1610612757.0,,,,,,,,,,,,,,home,radio,1472.0,Rip City Radio 620,KPOJ,,,,1610612757.0,,,,,,,,,,,,,,,,,,,,,,,,
00,2026-27,10/08/2026 00:00:00,0012600001,20261008/NOPMIA,1,7:30 pm ET,2,2026-10-08T00:00:00Z,1900-01-01T19:30:00Z,2026-10-08T19:30:00Z,2026-10-08T04:00:00Z,1900-01-01T23:30:00Z,2026-10-08T23:30:00Z,2026-10-08T18:30:00Z,2026-10-08T19:30:00Z,Thu,10,0,,false,,Preseason,,,Kaseya Center,FL,Miami,N,,,False,1610612748,Heat,Miami,MIA,heat,0,0,0,0,1610612740,Pelicans,New Orleans,NOP,pelicans,0,0,0,0,natl,tv,1001042.0,TBD,TBD,,,,-1.0,,,,,,,,,,,,,,,,,,,,,,,,,natl,radio,1001098,SiriusXM,SiriusXM,,,https://www.siriusxm.com/sports/nba,-1,,,,,,,,,,,,,,home,tv,1001720.0,WPLG Local 10,WPLG,,,https://local10plusplatinum.maz.tv/open?deeplink=local10platinum://item/3776211-3882966?item=44d4cc7fbb9f4bd72cf272489b39eadf-3742525-3848761,1610612748.0,,,,,,,,,,,,,,home,radio,1001523.0,FM 104.3 WQAM / S: WAQI 710,WQAM-FM/WAQI,,,,1610612748.0,,,,,,,,,,,,,,,,,,,,,,,,
00,2026-27,10/08/2026 00:00:00,0012600005,20261008/ATLSAS,1,8:00 pm ET,5,2026-10-08T00:00:00Z,1900-01-01T20:00:00Z,2026-10-08T20:00:00Z,2026-10-08T04:00:00Z,1900-01-01T00:00:00Z,2026-10-09T00:00:00Z,2026-10-08T20:00:00Z,2026-10-08T19:00:00Z,Thu,10,0,,false,,Preseason,,,Frost Bank Center,TX,San Antonio,N,,,False,1610612759,Spurs,San Antonio,SAS,spurs,0,0,0,0,1610612737,Hawks,Atlanta,ATL,hawks,0,0,0,0,natl,tv,1001042.0,TBD,TBD,,,,-1.0,,,,,,,,,,,,,,,,,,,,,,,,,natl,radio,1001098,SiriusXM,SiriusXM,,,https://www.siriusxm.com/sports/nba,-1,,,,,,,,,,,,,,,,,,,,,,,,,,,,,,,,,,,,,,,,,,,,,,,,,,,,,,,,,,,,,,,,,,,,
00,2026-27,10/08/2026 00:00:00,0012600011,20261008/BOSCLE,1,7:00 pm ET,1,2026-10-08T00:00:00Z,1900-01-01T19:00:00Z,2026-10-08T19:00:00Z,2026-10-08T04:00:00Z,1900-01-01T23:00:00Z,2026-10-08T23:00:00Z,2026-10-08T19:00:00Z,2026-10-08T19:00:00Z,Thu,10,0,,false,,Preseason,,,Rocket Arena,OH,Cleveland,N,,,False,1610612739,Cavaliers,Cleveland,CLE,cavaliers,0,0,0,0,1610612738,Celtics,Boston,BOS,celtics,0,0,0,0,natl,tv,1001042.0,TBD,TBD,,,,-1.0,,,,,,,,,,,,,,,,,,,,,,,,,natl,radio,1001098,SiriusXM,SiriusXM,,,https://www.siriusxm.com/sports/nba,-1,,,,,,,,,,,,,,,,,,,,,,,,,,,,,,,,,,,,,,,,,,,,,,,away,tv,1658.0,NBC SPORTS BOSTON,NBCSB,,,,1610612738.0,,,,,,,,,,,,,
00,2026-27,10/08/2026 00:00:00,0012600034,20261008/PHIBKN,1,7:30 pm ET,3,2026-10-08T00:00:00Z,1900-01-01T19:30:00Z,2026-10-08T19:30:00Z,2026-10-08T04:00:00Z,1900-01-01T23:30:00Z,2026-10-08T23:30:00Z,2026-10-08T19:30:00Z,2026-10-08T19:30:00Z,Thu,10,0,,false,,Preseason,,,Barclays Center,NY,Brooklyn,N,,,False,1610612751,Nets,Brooklyn,BKN,nets,0,0,0,0,1610612755,76ers,Philadelphia,PHI,sixers,0,0,0,0,natl,tv,1001042.0,TBD,TBD,,,,-1.0,,,,,,,,,,,,,,,,,,,,,,,,,natl,radio,1001098,SiriusXM,SiriusXM,,,https://www.siriusxm.com/sports/nba,-1,,,,,,,,,,,,,,,,,,,,,,,,,,,,,,,,,,,,,,,,,,,,,,,,,,,,,,,,,,,,,,,,,,,,
00,2026-27,10/08/2026 00:00:00,0012600035,20261008/WASNYK,1,7:30 pm ET,4,2026-10-08T00:00:00Z,1900-01-01T19:30:00Z,2026-10-08T19:30:00Z,2026-10-08T04:00:00Z,1900-01-01T23:30:00Z,2026-10-08T23:30:00Z,2026-10-08T19:30:00Z,2026-10-08T19:30:00Z,Thu,10,0,,false,,Preseason,,,Madison Square Garden,NY,New York,N,,,False,1610612752,Knicks,New York,NYK,knicks,0,0,0,0,1610612764,Wizards,Washington,WAS,wizards,0,0,0,0,natl,tv,1001042.0,TBD,TBD,,,,-1.0,,,,,,,,,,,,,,,,,,,,,,,,,natl,radio,1001098,SiriusXM,SiriusXM,,,https://www.siriusxm.com/sports/nba,-1,,,,,,,,,,,,,,,,,,,,,,,,,,,,,,,,,,,,,,,,,,,,,,,,,,,,,,,,,,,,,,,,,,,,
00,2026-27,10/08/2026 00:00:00,0012600036,20261008/SACLAL,1,10:30 pm ET,6,2026-10-08T00:00:00Z,1900-01-01T22:30:00Z,2026-10-08T22:30:00Z,2026-10-08T04:00:00Z,1900-01-01T02:30:00Z,2026-10-09T02:30:00Z,2026-10-08T19:30:00Z,2026-10-08T19:30:00Z,Thu,10,0,,false,,Preseason,,,Crypto.com Arena,CA,Los Angeles,N,,,False,1610612747,Lakers,Los Angeles,LAL,lakers,0,0,0,0,1610612758,Kings,Sacramento,SAC,kings,0,0,0,0,natl,tv,127.0,ESPN2,ESPN2,,,https://espn.smart.link/b4uxwf8ow?ex_cid=NBA&gameId=401898717&referringapp=nba,-1.0,6.0,,,,,,,,,,,,,,,,,,,,,,,,natl,radio,1001098,SiriusXM,SiriusXM,,,https://www.siriusxm.com/sports/nba,-1,,,,,,,,,,,,,,home,tv,1651.0,Spectrum SportsNet,SPECSN,,,,1610612747.0,,,,,,,,,,,,,,home,radio,1001605.0,ESPN LA 710/980 KFWB,KSPN/KFWB,,,,1610612747.0,,,,,,,,,,,,,,,,,,,,,,,,
00,2026-27,10/09/2026 00:00:00,0012600012,20261009/HOUDAL,1,8:00 am ET,1,2026-10-09T00:00:00Z,1900-01-01T08:00:00Z,2026-10-09T08:00:00Z,2026-10-09T04:00:00Z,1900-01-01T12:00:00Z,2026-10-09T12:00:00Z,2026-10-09T07:00:00Z,2026-10-09T07:00:00Z,Fri,10,0,,false,,Preseason,NBA China Game,Neutral Site,Venetian Arena,,"Macao, China",N,,,True,1610612742,Mavericks,Dallas,DAL,mavericks,0,0,0,0,1610612745,Rockets,Houston,HOU,rockets,0,0,0,0,natl,tv,1001042.0,TBD,TBD,,,,-1.0,,,,,,,,,,,,,,,,,,,,,,,,,natl,radio,1001098,SiriusXM,SiriusXM,,,https://www.siriusxm.com/sports/nba,-1,,,,,,,,,,,,,,,,,,,,,,,,,,,,,,,,,,,,,,,,,,,,,,,,,,,,,,,,,,,,,,,,,,,,
00,2026-27,10/09/2026 00:00:00,0012600037,20261009/MEMCHI,1,8:00 pm ET,2,2026-10-09T00:00:00Z,1900-01-01T20:00:00Z,2026-10-09T20:00:00Z,2026-10-09T04:00:00Z,1900-01-01T00:00:00Z,2026-10-10T00:00:00Z,2026-10-09T19:00:00Z,2026-10-09T19:00:00Z,Fri,10,0,,false,,Preseason,,,United Center,IL,Chicago,N,,,False,1610612741,Bulls,Chicago,CHI,bulls,0,0,0,0,1610612763,Grizzlies,Memphis,MEM,grizzlies,0,0,0,0,natl,tv,1001042.0,TBD,TBD,,,,-1.0,,,,,,,,,,,,,,,,,,,,,,,,,natl,radio,1001098,SiriusXM,SiriusXM,,,https://www.siriusxm.com/sports/nba,-1,,,,,,,,,,,,,,,,,,,,,,,,,,,,,,,,,,,,,,,,,,,,,,,,,,,,,,,,,,,,,,,,,,,,
00,2026-27,10/10/2026 00:00:00,0012600002,20261010/MINMIA,1,8:00 pm ET,4,2026-10-10T00:00:00Z,1900-01-01T20:00:00Z,2026-10-10T20:00:00Z,2026-10-10T04:00:00Z,1900-01-01T00:00:00Z,2026-10-11T00:00:00Z,2026-10-10T19:00:00Z,2026-10-10T20:00:00Z,Sat,10,0,,false,,Preseason,,,Kaseya Center,FL,Miami,N,,,False,1610612748,Heat,Miami,MIA,heat,0,0,0,0,1610612750,Timberwolves,Minnesota,MIN,timberwolves,0,0,0,0,natl,tv,1001042.0,TBD,TBD,,,,-1.0,,,,,,,,,,,,,,,,,,,,,,,,,natl,radio,1001098,SiriusXM,SiriusXM,,,https://www.siriusxm.com/sports/nba,-1,,,,,,,,,,,,,,home,tv,1001720.0,WPLG Local 10,WPLG,,,https://local10plusplatinum.maz.tv/open?deeplink=local10platinum://item/3776211-3882966?item=44d4cc7fbb9f4bd72cf272489b39eadf-3742525-3848761,1610612748.0,,,,,,,,,,,,,,home,radio,1001523.0,FM 104.3 WQAM / S: WAQI 710,WQAM-FM/WAQI,,,,1610612748.0,,,,,,,,,,,,,,,,,,,,,,,,
00,2026-27,10/10/2026 00:00:00,0012600006,20261010/ATLIND,1,7:00 pm ET,2,2026-10-10T00:00:00Z,1900-01-01T19:00:00Z,2026-10-10T19:00:00Z,2026-10-10T04:00:00Z,1900-01-01T23:00:00Z,2026-10-10T23:00:00Z,2026-10-10T19:00:00Z,2026-10-10T19:00:00Z,Sat,10,0,,false,,Preseason,,,Gainbridge Fieldhouse,IN,Indianapolis,N,,,False,1610612754,Pacers,Indiana,IND,pacers,0,0,0,0,1610612737,Hawks,Atlanta,ATL,hawks,0,0,0,0,natl,tv,1001042.0,TBD,TBD,,,,-1.0,,,,,,,,,,,,,,,,,,,,,,,,,natl,radio,1001098,SiriusXM,SiriusXM,,,https://www.siriusxm.com/sports/nba,-1,,,,,,,,,,,,,,,,,,,,,,,,,,,,,,,,,,,,,,,,,,,,,,,,,,,,,,,,,,,,,,,,,,,,
00,2026-27,10/10/2026 00:00:00,0012600013,20261010/PHIBOS,1,8:00 pm ET,5,2026-10-10T00:00:00Z,1900-01-01T20:00:00Z,2026-10-10T20:00:00Z,2026-10-10T04:00:00Z,1900-01-01T00:00:00Z,2026-10-11T00:00:00Z,2026-10-10T20:00:00Z,2026-10-10T20:00:00Z,Sat,10,0,,false,,Preseason,,,TD Garden,MA,Boston,N,,,False,1610612738,Celtics,Boston,BOS,celtics,0,0,0,0,1610612755,76ers,Philadelphia,PHI,sixers,0,0,0,0,natl,tv,1001042.0,TBD,TBD,,,,-1.0,,,,,,,,,,,,,,,,,,,,,,,,,natl,radio,1001098,SiriusXM,SiriusXM,,,https://www.siriusxm.com/sports/nba,-1,,,,,,,,,,,,,,home,tv,1658.0,NBC SPORTS BOSTON,NBCSB,,,,1610612738.0,,,,,,,,,,,,,,,,,,,,,,,,,,,,,,,,,,,,,,,,,,,,,,
00,2026-27,10/10/2026 00:00:00,0012600014,20261010/SACGSW,1,8:30 pm ET,6,2026-10-10T00:00:00Z,1900-01-01T20:30:00Z,2026-10-10T20:30:00Z,2026-10-10T04:00:00Z,1900-01-01T00:30:00Z,2026-10-11T00:30:00Z,2026-10-10T17:30:00Z,2026-10-10T17:30:00Z,Sat,10,0,,false,,Preseason,,,Chase Center,CA,San Francisco,N,,,False,1610612744,Warriors,Golden State,GSW,warriors,0,0,0,0,1610612758,Kings,Sacramento,SAC,kings,0,0,0,0,natl,tv,1001042.0,TBD,TBD,,,,-1.0,,,,,,,,,,,,,,,,,,,,,,,,,natl,radio,1001098,SiriusXM,SiriusXM,,,https://www.siriusxm.com/sports/nba,-1,,,,,,,,,,,,,,home,tv,1097.0,NBCSBA,NBCSBA,,,,1610612744.0,,,,,,,,,,,,,,,,,,,,,,,,,away,tv,1027.0,NBCSCA,NBCSCA,,,,1610612758.0,,,,,,,,,,,,,
00,2026-27,10/10/2026 00:00:00,0012600015,20261010/LACTOR,1,6:30 pm ET,1,2026-10-10T00:00:00Z,1900-01-01T18:30:00Z,2026-10-10T18:30:00Z,2026-10-10T04:00:00Z,1900-01-01T22:30:00Z,2026-10-10T22:30:00Z,2026-10-10T15:30:00Z,2026-10-10T18:30:00Z,Sat,10,0,,false,,Preseason,NBA Canada Game,,Rogers Arena,BC,Vancouver,N,,,False,1610612761,Raptors,Toronto,TOR,raptors,0,0,0,0,1610612746,Clippers,LA,LAC,clippers,0,0,0,0,natl,tv,1001042.0,TBD,TBD,,,,-1.0,,,,,,,,,,,,,,,,,,,,,,,,,natl,radio,1001098,SiriusXM,SiriusXM,,,https://www.siriusxm.com/sports/nba,-1,,,,,,,,,,,,,,,,,,,,,,,,,,,,,,,,,,,,,,,,,,,,,,,,,,,,,,,,,,,,,,,,,,,,
00,2026-27,10/10/2026 00:00:00,0012600038,20261010/DETWAS,1,7:00 pm ET,3,2026-10-10T00:00:00Z,1900-01-01T19:00:00Z,2026-10-10T19:00:00Z,2026-10-10T04:00:00Z,1900-01-01T23:00:00Z,2026-10-10T23:00:00Z,2026-10-10T19:00:00Z,2026-10-10T19:00:00Z,Sat,10,0,,false,,Preseason,,,Capital One Arena,DC,Washington,N,,,False,1610612764,Wizards,Washington,WAS,wizards,0,0,0,0,1610612765,Pistons,Detroit,DET,pistons,0,0,0,0,natl,tv,1001042.0,TBD,TBD,,,,-1.0,,,,,,,,,,,,,,,,,,,,,,,,,natl,radio,1001098,SiriusXM,SiriusXM,,,https://www.siriusxm.com/sports/nba,-1,,,,,,,,,,,,,,,,,,,,,,,,,,,,,,,,,,,,,,,,,,,,,,,,,,,,,,,,,,,,,,,,,,,,
00,2026-27,10/10/2026 00:00:00,0012600039,20261010/SASPHX,1,10:30 pm ET,7,2026-10-10T00:00:00Z,1900-01-01T22:30:00Z,2026-10-10T22:30:00Z,2026-10-10T04:00:00Z,1900-01-01T02:30:00Z,2026-10-11T02:30:00Z,2026-10-10T21:30:00Z,2026-10-10T19:30:00Z,Sat,10,0,,false,,Preseason,,,Mortgage Matchup Center,AZ,Phoenix,N,,,False,1610612756,Suns,Phoenix,PHX,suns,0,0,0,0,1610612759,Spurs,San Antonio,SAS,spurs,0,0,0,0,natl,tv,127.0,ESPN2,ESPN2,,,https://espn.smart.link/b4uxwf8ow?ex_cid=NBA&gameId=401898720&referringapp=nba,-1.0,6.0,,,,,,,,,,,,,,,,,,,,,,,,natl,radio,1001098,SiriusXM,SiriusXM,,,https://www.siriusxm.com/sports/nba,-1,,,,,,,,,,,,,,,,,,,,,,,,,,,,,,,,,,,,,,,,,,,,,,,,,,,,,,,,,,,,,,,,,,,,
00,2026-27,10/11/2026 00:00:00,0012600016,20261011/DALHOU,1,6:00 am ET,1,2026-10-11T00:00:00Z,1900-01-01T06:00:00Z,2026-10-11T06:00:00Z,2026-10-11T04:00:00Z,1900-01-01T10:00:00Z,2026-10-11T10:00:00Z,2026-10-11T05:00:00Z,2026-10-11T05:00:00Z,Sun,10,0,,false,,Preseason,NBA China Game,Neutral Site,Venetian Arena,,"Macao, China",N,,Global Games,True,1610612745,Rockets,Houston,HOU,rockets,0,0,0,0,1610612742,Mavericks,Dallas,DAL,mavericks,0,0,0,0,natl,tv,1001042.0,TBD,TBD,,,,-1.0,,,,,,,,,,,,,,,,,,,,,,,,,natl,radio,1001098,SiriusXM,SiriusXM,,,https://www.siriusxm.com/sports/nba,-1,,,,,,,,,,,,,,,,,,,,,,,,,,,,,,,,,,,,,,,,,,,,,,,,,,,,,,,,,,,,,,,,,,,,
00,2026-27,10/11/2026 00:00:00,0012600040,20261011/MILCHA,1,7:00 pm ET,3,2026-10-11T00:00:00Z,1900-01-01T19:00:00Z,2026-10-11T19:00:00Z,2026-10-11T04:00:00Z,1900-01-01T23:00:00Z,2026-10-11T23:00:00Z,2026-10-11T18:00:00Z,2026-10-11T19:00:00Z,Sun,10,0,,false,,Preseason,,,Spectrum Center,NC,Charlotte,N,,,False,1610612766,Hornets,Charlotte,CHA,hornets,0,0,0,0,1610612749,Bucks,Milwaukee,MIL,bucks,0,0,0,0,natl,tv,1001042.0,TBD,TBD,,,,-1.0,,,,,,,,,,,,,,,,,,,,,,,,,natl,radio,1001098,SiriusXM,SiriusXM,,,https://www.siriusxm.com/sports/nba,-1,,,,,,,,,,,,,,,,,,,,,,,,,,,,,,,,,,,,,,,,,,,,,,,,,,,,,,,,,,,,,,,,,,,,
00,2026-27,10/11/2026 00:00:00,0012600041,20261011/ORLCLE,1,6:30 pm ET,2,2026-10-11T00:00:00Z,1900-01-01T18:30:00Z,2026-10-11T18:30:00Z,2026-10-11T04:00:00Z,1900-01-01T22:30:00Z,2026-10-11T22:30:00Z,2026-10-11T18:30:00Z,2026-10-11T18:30:00Z,Sun,10,0,,false,,Preseason,,,Rocket Arena,OH,Cleveland,N,,,False,1610612739,Cavaliers,Cleveland,CLE,cavaliers,0,0,0,0,1610612753,Magic,Orlando,ORL,magic,0,0,0,0,natl,tv,2.0,ESPN,ESPN,,,https://espn.smart.link/b4uxwf8ow?ex_cid=NBA&gameId=401898401&referringapp=nba,-1.0,2.0,,,,,,,,,,,,,,,,,,,,,,,,natl,radio,1001098,SiriusXM,SiriusXM,,,https://www.siriusxm.com/sports/nba,-1,,,,,,,,,,,,,,,,,,,,,,,,,,,,,,,,,,,,,,,,,,,,,,,,,,,,,,,,,,,,,,,,,,,,
00,2026-27,10/11/2026 00:00:00,0012600065,20261011/CHIDEN,1,9:00 pm ET,4,2026-10-11T00:00:00Z,1900-01-01T21:00:00Z,2026-10-11T21:00:00Z,2026-10-11T04:00:00Z,1900-01-01T01:00:00Z,2026-10-12T01:00:00Z,2026-10-11T20:00:00Z,2026-10-11T19:00:00Z,Sun,10,0,,false,,Preseason,,,Ball Arena,CO,Denver,N,,,False,1610612743,Nuggets,Denver,DEN,nuggets,0,0,0,0,1610612741,Bulls,Chicago,CHI,bulls,0,0,0,0,natl,tv,2.0,ESPN,ESPN,,,https://espn.smart.link/b4uxwf8ow?ex_cid=NBA&gameId=401908941&referringapp=nba,-1.0,2.0,,,,,,,,,,,,,,,,,,,,,,,,natl,radio,1001098,SiriusXM,SiriusXM,,,https://www.siriusxm.com/sports/nba,-1,,,,,,,,,,,,,,,,,,,,,,,,,,,,,,,,,,,,,,,,,,,,,,,,,,,,,,,,,,,,,,,,,,,,
00,2026-27,10/12/2026 00:00:00,0012600007,20261012/OKCATL,1,7:00 pm ET,2,2026-10-12T00:00:00Z,1900-01-01T19:00:00Z,2026-10-12T19:00:00Z,2026-10-12T04:00:00Z,1900-01-01T23:00:00Z,2026-10-12T23:00:00Z,2026-10-12T18:00:00Z,2026-10-12T19:00:00Z,Mon,10,0,,false,,Preseason,,,State Farm Arena,GA,Atlanta,N,,,False,1610612737,Hawks,Atlanta,ATL,hawks,0,0,0,0,1610612760,Thunder,Oklahoma City,OKC,thunder,0,0,0,0,natl,tv,1001042.0,TBD,TBD,,,,-1.0,,,,,,,,,,,,,,,,,,,,,,,,,natl,radio,1001098,SiriusXM,SiriusXM,,,https://www.siriusxm.com/sports/nba,-1,,,,,,,,,,,,,,,,,,,,,,,,,,,,,,,,,,,,,,,,,,,,,,,,,,,,,,,,,,,,,,,,,,,,
00,2026-27,10/12/2026 00:00:00,0012600042,20261012/LONPOR,1,4:00 pm ET,1,2026-10-12T00:00:00Z,1900-01-01T16:00:00Z,2026-10-12T16:00:00Z,2026-10-12T04:00:00Z,1900-01-01T20:00:00Z,2026-10-12T20:00:00Z,2026-10-12T21:00:00Z,2026-10-12T13:00:00Z,Mon,10,0,,false,,Preseason,,,Moda Center,OR,Portland,N,,,False,1610612757,Trail Blazers,Portland,POR,blazers,0,0,0,0,50015,Lions,London,LON,lions,0,0,0,0,natl,tv,1001042.0,TBD,TBD,,,,-1.0,,,,,,,,,,,,,,,,,,,,,,,,,natl,radio,1001098,SiriusXM,SiriusXM,,,https://www.siriusxm.com/sports/nba,-1,,,,,,,,,,,,,,,,,,,,,,,,,,,,,,,,,,,,home,radio,1472.0,Rip City Radio 620,KPOJ,,,,1610612757.0,,,,,,,,,,,,,,,,,,,,,,,,
00,2026-27,10/12/2026 00:00:00,0012600043,20261012/MINNYK,1,7:30 pm ET,4,2026-10-12T00:00:00Z,1900-01-01T19:30:00Z,2026-10-12T19:30:00Z,2026-10-12T04:00:00Z,1900-01-01T23:30:00Z,2026-10-12T23:30:00Z,2026-10-12T18:30:00Z,2026-10-12T19:30:00Z,Mon,10,0,,false,,Preseason,,,Madison Square Garden,NY,New York,N,,,False,1610612752,Knicks,New York,NYK,knicks,0,0,0,0,1610612750,Timberwolves,Minnesota,MIN,timberwolves,0,0,0,0,natl,tv,1001042.0,TBD,TBD,,,,-1.0,,,,,,,,,,,,,,,,,,,,,,,,,natl,radio,1001098,SiriusXM,SiriusXM,,,https://www.siriusxm.com/sports/nba,-1,,,,,,,,,,,,,,,,,,,,,,,,,,,,,,,,,,,,,,,,,,,,,,,,,,,,,,,,,,,,,,,,,,,,
00,2026-27,10/12/2026 00:00:00,0012600044,20261012/SASUTA,1,9:00 pm ET,5,2026-10-12T00:00:00Z,1900-01-01T21:00:00Z,2026-10-12T21:00:00Z,2026-10-12T04:00:00Z,1900-01-01T01:00:00Z,2026-10-13T01:00:00Z,2026-10-12T20:00:00Z,2026-10-12T19:00:00Z,Mon,10,0,,false,,Preseason,,,Delta Center,UT,Salt Lake City,N,,,False,1610612762,Jazz,Utah,UTA,jazz,0,0,0,0,1610612759,Spurs,San Antonio,SAS,spurs,0,0,0,0,natl,tv,1001042.0,TBD,TBD,,,,-1.0,,,,,,,,,,,,,,,,,,,,,,,,,natl,radio,1001098,SiriusXM,SiriusXM,,,https://www.siriusxm.com/sports/nba,-1,,,,,,,,,,,,,,,,,,,,,,,,,,,,,,,,,,,,,,,,,,,,,,,,,,,,,,,,,,,,,,,,,,,,
00,2026-27,10/12/2026 00:00:00,0012600050,20261012/BKNWAS,1,7:00 pm ET,3,2026-10-12T00:00:00Z,1900-01-01T19:00:00Z,2026-10-12T19:00:00Z,2026-10-12T04:00:00Z,1900-01-01T23:00:00Z,2026-10-12T23:00:00Z,2026-10-12T19:00:00Z,2026-10-12T19:00:00Z,Mon,10,0,,false,,Preseason,,,Capital One Arena,DC,Washington,N,,,False,1610612764,Wizards,Washington,WAS,wizards,0,0,0,0,1610612751,Nets,Brooklyn,BKN,nets,0,0,0,0,natl,tv,1001042.0,TBD,TBD,,,,-1.0,,,,,,,,,,,,,,,,,,,,,,,,,natl,radio,1001098,SiriusXM,SiriusXM,,,https://www.siriusxm.com/sports/nba,-1,,,,,,,,,,,,,,,,,,,,,,,,,,,,,,,,,,,,,,,,,,,,,,,,,,,,,,,,,,,,,,,,,,,,
00,2026-27,10/13/2026 00:00:00,0012600045,20261013/CLEORL,1,7:00 pm ET,1,2026-10-13T00:00:00Z,1900-01-01T19:00:00Z,2026-10-13T19:00:00Z,2026-10-13T04:00:00Z,1900-01-01T23:00:00Z,2026-10-13T23:00:00Z,2026-10-13T19:00:00Z,2026-10-13T19:00:00Z,Tue,10,0,,false,,Preseason,,,Kia Center,FL,Orlando,N,,,False,1610612753,Magic,Orlando,ORL,magic,0,0,0,0,1610612739,Cavaliers,Cleveland,CLE,cavaliers,0,0,0,0,natl,tv,1001453.0,Peacock,Peacock,,,https://peacocktv.app.link/w8VfTBHgO5b,-1.0,3.0,,natl,tv,1001488.0,NBC Sports Network,NBCSN,,,,-1.0,7.0,National,,,,,,,,,,,,natl,radio,1001098,SiriusXM,SiriusXM,,,https://www.siriusxm.com/sports/nba,-1,,,,,,,,,,,,,,,,,,,,,,,,,,,,,,,,,,,,,,,,,,,,,,,,,,,,,,,,,,,,,,,,,,,,
00,2026-27,10/13/2026 00:00:00,0012600046,20261013/NYKTOR,1,7:00 pm ET,2,2026-10-13T00:00:00Z,1900-01-01T19:00:00Z,2026-10-13T19:00:00Z,2026-10-13T04:00:00Z,1900-01-01T23:00:00Z,2026-10-13T23:00:00Z,2026-10-13T19:00:00Z,2026-10-13T19:00:00Z,Tue,10,0,,false,,Preseason,,,Scotiabank Arena,ON,Toronto,N,,,False,1610612761,Raptors,Toronto,TOR,raptors,0,0,0,0,1610612752,Knicks,New York,NYK,knicks,0,0,0,0,natl,tv,1001042.0,TBD,TBD,,,,-1.0,,,,,,,,,,,,,,,,,,,,,,,,,natl,radio,1001098,SiriusXM,SiriusXM,,,https://www.siriusxm.com/sports/nba,-1,,,,,,,,,,,,,,,,,,,,,,,,,,,,,,,,,,,,,,,,,,,,,,,,,,,,,,,,,,,,,,,,,,,,
00,2026-27,10/13/2026 00:00:00,0012600047,20261013/INDOKC,1,8:00 pm ET,3,2026-10-13T00:00:00Z,1900-01-01T20:00:00Z,2026-10-13T20:00:00Z,2026-10-13T04:00:00Z,1900-01-01T00:00:00Z,2026-10-14T00:00:00Z,2026-10-13T20:00:00Z,2026-10-13T19:00:00Z,Tue,10,0,,false,,Preseason,,,Paycom Center,OK,Oklahoma City,N,,,False,1610612760,Thunder,Oklahoma City,OKC,thunder,0,0,0,0,1610612754,Pacers,Indiana,IND,pacers,0,0,0,0,natl,tv,1001042.0,TBD,TBD,,,,-1.0,,,,,,,,,,,,,,,,,,,,,,,,,natl,radio,1001098,SiriusXM,SiriusXM,,,https://www.siriusxm.com/sports/nba,-1,,,,,,,,,,,,,,,,,,,,,,,,,,,,,,,,,,,,,,,,,,,,,,,,,,,,,,,,,,,,,,,,,,,,
00,2026-27,10/13/2026 00:00:00,0012600048,20261013/GSWLAL,1,10:00 pm ET,4,2026-10-13T00:00:00Z,1900-01-01T22:00:00Z,2026-10-13T22:00:00Z,2026-10-13T04:00:00Z,1900-01-01T02:00:00Z,2026-10-14T02:00:00Z,2026-10-13T19:00:00Z,2026-10-13T19:00:00Z,Tue,10,0,,false,,Preseason,,,T-Mobile Arena,NV,Las Vegas,N,,,False,1610612747,Lakers,Los Angeles,LAL,lakers,0,0,0,0,1610612744,Warriors,Golden State,GSW,warriors,0,0,0,0,natl,tv,1001042.0,TBD,TBD,,,,-1.0,,,,,,,,,,,,,,,,,,,,,,,,,natl,radio,1001098,SiriusXM,SiriusXM,,,https://www.siriusxm.com/sports/nba,-1,,,,,,,,,,,,,,home,tv,1651.0,Spectrum SportsNet,SPECSN,,,,1610612747.0,,,,,,,,,,,,,,home,radio,1001605.0,ESPN LA 710/980 KFWB,KSPN/KFWB,,,,1610612747.0,,,,,,,,,,,,,,,,,,,,,,,,
00,2026-27,10/13/2026 00:00:00,0012600049,20261013/PORSAC,1,10:00 pm ET,5,2026-10-13T00:00:00Z,1900-01-01T22:00:00Z,2026-10-13T22:00:00Z,2026-10-13T04:00:00Z,1900-01-01T02:00:00Z,2026-10-14T02:00:00Z,2026-10-13T19:00:00Z,2026-10-13T19:00:00Z,Tue,10,0,,false,,Preseason,,,Golden 1 Center,CA,Sacramento,N,,,False,1610612758,Kings,Sacramento,SAC,kings,0,0,0,0,1610612757,Trail Blazers,Portland,POR,blazers,0,0,0,0,natl,tv,1001042.0,TBD,TBD,,,,-1.0,,,,,,,,,,,,,,,,,,,,,,,,,natl,radio,1001098,SiriusXM,SiriusXM,,,https://www.siriusxm.com/sports/nba,-1,,,,,,,,,,,,,,,,,,,,,,,,,,,,,,,,,,,,,,,,,,,,,,,,,,,,,,,,,,away,radio,1472.0,Rip City Radio 620,KPOJ,,,,1610612757.0,,
00,2026-27,10/14/2026 00:00:00,0012600003,20261014/BKNMIA,1,7:30 pm ET,1,2026-10-14T00:00:00Z,1900-01-01T19:30:00Z,2026-10-14T19:30:00Z,2026-10-14T04:00:00Z,1900-01-01T23:30:00Z,2026-10-14T23:30:00Z,2026-10-14T19:30:00Z,2026-10-14T19:30:00Z,Wed,10,0,,false,,Preseason,,,Kaseya Center,FL,Miami,N,,,False,1610612748,Heat,Miami,MIA,heat,0,0,0,0,1610612751,Nets,Brooklyn,BKN,nets,0,0,0,0,natl,tv,1001042.0,TBD,TBD,,,,-1.0,,,,,,,,,,,,,,,,,,,,,,,,,natl,radio,1001098,SiriusXM,SiriusXM,,,https://www.siriusxm.com/sports/nba,-1,,,,,,,,,,,,,,home,tv,1001720.0,WPLG Local 10,WPLG,,,https://local10plusplatinum.maz.tv/open?deeplink=local10platinum://item/3776211-3882966?item=44d4cc7fbb9f4bd72cf272489b39eadf-3742525-3848761,1610612748.0,,,,,,,,,,,,,,home,radio,1001523.0,FM 104.3 WQAM / S: WAQI 710,WQAM-FM/WAQI,,,,1610612748.0,,,,,,,,,,,,,,,,,,,,,,,,
00,2026-27,10/14/2026 00:00:00,0012600017,20261014/CHABOS,1,7:30 pm ET,2,2026-10-14T00:00:00Z,1900-01-01T19:30:00Z,2026-10-14T19:30:00Z,2026-10-14T04:00:00Z,1900-01-01T23:30:00Z,2026-10-14T23:30:00Z,2026-10-14T19:30:00Z,2026-10-14T19:30:00Z,Wed,10,0,,false,,Preseason,,,TD Garden,MA,Boston,N,,,False,1610612738,Celtics,Boston,BOS,celtics,0,0,0,0,1610612766,Hornets,Charlotte,CHA,hornets,0,0,0,0,natl,tv,1001042.0,TBD,TBD,,,,-1.0,,,,,,,,,,,,,,,,,,,,,,,,,natl,radio,1001098,SiriusXM,SiriusXM,,,https://www.siriusxm.com/sports/nba,-1,,,,,,,,,,,,,,home,tv,1658.0,NBC SPORTS BOSTON,NBCSB,,,,1610612738.0,,,,,,,,,,,,,,,,,,,,,,,,,,,,,,,,,,,,,,,,,,,,,,
00,2026-27,10/14/2026 00:00:00,0012600051,20261014/NOPDAL,1,8:00 pm ET,3,2026-10-14T00:00:00Z,1900-01-01T20:00:00Z,2026-10-14T20:00:00Z,2026-10-14T04:00:00Z,1900-01-01T00:00:00Z,2026-10-15T00:00:00Z,2026-10-14T19:00:00Z,2026-10-14T19:00:00Z,Wed,10,0,,false,,Preseason,,,American Airlines Center,TX,Dallas,N,,,False,1610612742,Mavericks,Dallas,DAL,mavericks,0,0,0,0,1610612740,Pelicans,New Orleans,NOP,pelicans,0,0,0,0,natl,tv,1001042.0,TBD,TBD,,,,-1.0,,,,,,,,,,,,,,,,,,,,,,,,,natl,radio,1001098,SiriusXM,SiriusXM,,,https://www.siriusxm.com/sports/nba,-1,,,,,,,,,,,,,,,,,,,,,,,,,,,,,,,,,,,,,,,,,,,,,,,,,,,,,,,,,,,,,,,,,,,,
00,2026-27,10/14/2026 00:00:00,0012600052,20261014/CHIMIL,1,8:00 pm ET,4,2026-10-14T00:00:00Z,1900-01-01T20:00:00Z,2026-10-14T20:00:00Z,2026-10-14T04:00:00Z,1900-01-01T00:00:00Z,2026-10-15T00:00:00Z,2026-10-14T19:00:00Z,2026-10-14T19:00:00Z,Wed,10,0,,false,,Preseason,,,Fiserv Forum,WI,Milwaukee,N,,,False,1610612749,Bucks,Milwaukee,MIL,bucks,0,0,0,0,1610612741,Bulls,Chicago,CHI,bulls,0,0,0,0,natl,tv,1001042.0,TBD,TBD,,,,-1.0,,,,,,,,,,,,,,,,,,,,,,,,,natl,radio,1001098,SiriusXM,SiriusXM,,,https://www.siriusxm.com/sports/nba,-1,,,,,,,,,,,,,,,,,,,,,,,,,,,,,,,,,,,,,,,,,,,,,,,,,,,,,,,,,,,,,,,,,,,,
00,2026-27,10/14/2026 00:00:00,0012600053,20261014/DETMIN,1,8:00 pm ET,5,2026-10-14T00:00:00Z,1900-01-01T20:00:00Z,2026-10-14T20:00:00Z,2026-10-14T04:00:00Z,1900-01-01T00:00:00Z,2026-10-15T00:00:00Z,2026-10-14T20:00:00Z,2026-10-14T19:00:00Z,Wed,10,0,,false,,Preseason,,,Target Center,MN,Minneapolis,N,,,False,1610612750,Timberwolves,Minnesota,MIN,timberwolves,0,0,0,0,1610612765,Pistons,Detroit,DET,pistons,0,0,0,0,natl,tv,1001042.0,TBD,TBD,,,,-1.0,,,,,,,,,,,,,,,,,,,,,,,,,natl,radio,1001098,SiriusXM,SiriusXM,,,https://www.siriusxm.com/sports/nba,-1,,,,,,,,,,,,,,,,,,,,,,,,,,,,,,,,,,,,,,,,,,,,,,,,,,,,,,,,,,,,,,,,,,,,
00,2026-27,10/14/2026 00:00:00,0012600054,20261014/PHXSAS,1,8:00 pm ET,6,2026-10-14T00:00:00Z,1900-01-01T20:00:00Z,2026-10-14T20:00:00Z,2026-10-14T04:00:00Z,1900-01-01T00:00:00Z,2026-10-15T00:00:00Z,2026-10-14T17:00:00Z,2026-10-14T19:00:00Z,Wed,10,0,,false,,Preseason,,,Frost Bank Center,TX,San Antonio,N,,,False,1610612759,Spurs,San Antonio,SAS,spurs,0,0,0,0,1610612756,Suns,Phoenix,PHX,suns,0,0,0,0,natl,tv,1001042.0,TBD,TBD,,,,-1.0,,,,,,,,,,,,,,,,,,,,,,,,,natl,radio,1001098,SiriusXM,SiriusXM,,,https://www.siriusxm.com/sports/nba,-1,,,,,,,,,,,,,,,,,,,,,,,,,,,,,,,,,,,,,,,,,,,,,,,,,,,,,,,,,,,,,,,,,,,,
00,2026-27,10/14/2026 00:00:00,0012600064,20261014/DENLAC,1,10:30 pm ET,7,2026-10-14T00:00:00Z,1900-01-01T22:30:00Z,2026-10-14T22:30:00Z,2026-10-14T04:00:00Z,1900-01-01T02:30:00Z,2026-10-15T02:30:00Z,2026-10-14T20:30:00Z,2026-10-14T19:30:00Z,Wed,10,0,,false,,Preseason,,,Intuit Dome,CA,Inglewood,N,,,False,1610612746,Clippers,LA,LAC,clippers,0,0,0,0,1610612743,Nuggets,Denver,DEN,nuggets,0,0,0,0,natl,tv,1001042.0,TBD,TBD,,,,-1.0,,,,,,,,,,,,,,,,,,,,,,,,,natl,radio,1001098,SiriusXM,SiriusXM,,,https://www.siriusxm.com/sports/nba,-1,,,,,,,,,,,,,,,,,,,,,,,,,,,,,,,,,,,,,,,,,,,,,,,,,,,,,,,,,,,,,,,,,,,,
00,2026-27,10/15/2026 00:00:00,0012600020,20261015/OKCHOU,1,8:30 pm ET,2,2026-10-15T00:00:00Z,1900-01-01T20:30:00Z,2026-10-15T20:30:00Z,2026-10-15T04:00:00Z,1900-01-01T00:30:00Z,2026-10-16T00:30:00Z,2026-10-15T19:30:00Z,2026-10-15T19:30:00Z,Thu,10,0,,false,,Preseason,,,Toyota Center,TX,Houston,N,,,False,1610612745,Rockets,Houston,HOU,rockets,0,0,0,0,1610612760,Thunder,Oklahoma City,OKC,thunder,0,0,0,0,natl,tv,1001042.0,TBD,TBD,,,,-1.0,,,,,,,,,,,,,,,,,,,,,,,,,natl,radio,1001098,SiriusXM,SiriusXM,,,https://www.siriusxm.com/sports/nba,-1,,,,,,,,,,,,,,,,,,,,,,,,,,,,,,,,,,,,,,,,,,,,,,,,,,,,,,,,,,,,,,,,,,,,
00,2026-27,10/15/2026 00:00:00,0012600055,20261015/TORNYK,1,7:30 pm ET,1,2026-10-15T00:00:00Z,1900-01-01T19:30:00Z,2026-10-15T19:30:00Z,2026-10-15T04:00:00Z,1900-01-01T23:30:00Z,2026-10-15T23:30:00Z,2026-10-15T19:30:00Z,2026-10-15T19:30:00Z,Thu,10,0,,false,,Preseason,,,Madison Square Garden,NY,New York,N,,,False,1610612752,Knicks,New York,NYK,knicks,0,0,0,0,1610612761,Raptors,Toronto,TOR,raptors,0,0,0,0,natl,tv,1001042.0,TBD,TBD,,,,-1.0,,,,,,,,,,,,,,,,,,,,,,,,,natl,radio,1001098,SiriusXM,SiriusXM,,,https://www.siriusxm.com/sports/nba,-1,,,,,,,,,,,,,,,,,,,,,,,,,,,,,,,,,,,,,,,,,,,,,,,,,,,,,,,,,,,,,,,,,,,,
00,2026-27,10/16/2026 00:00:00,0012600008,20261016/ATLDAL,1,8:00 pm ET,5,2026-10-16T00:00:00Z,1900-01-01T20:00:00Z,2026-10-16T20:00:00Z,2026-10-16T04:00:00Z,1900-01-01T00:00:00Z,2026-10-17T00:00:00Z,2026-10-16T20:00:00Z,2026-10-16T19:00:00Z,Fri,10,0,,false,,Preseason,,,American Airlines Center,TX,Dallas,N,,,False,1610612742,Mavericks,Dallas,DAL,mavericks,0,0,0,0,1610612737,Hawks,Atlanta,ATL,hawks,0,0,0,0,natl,tv,1001042.0,TBD,TBD,,,,-1.0,,,,,,,,,,,,,,,,,,,,,,,,,natl,radio,1001098,SiriusXM,SiriusXM,,,https://www.siriusxm.com/sports/nba,-1,,,,,,,,,,,,,,,,,,,,,,,,,,,,,,,,,,,,,,,,,,,,,,,,,,,,,,,,,,,,,,,,,,,,
00,2026-27,10/16/2026 00:00:00,0012600018,20261016/BOSPHI,1,7:00 pm ET,1,2026-10-16T00:00:00Z,1900-01-01T19:00:00Z,2026-10-16T19:00:00Z,2026-10-16T04:00:00Z,1900-01-01T23:00:00Z,2026-10-16T23:00:00Z,2026-10-16T19:00:00Z,2026-10-16T19:00:00Z,Fri,10,0,,false,,Preseason,,,Xfinity Mobile Arena,PA,Philadelphia,N,,,False,1610612755,76ers,Philadelphia,PHI,sixers,0,0,0,0,1610612738,Celtics,Boston,BOS,celtics,0,0,0,0,natl,tv,1001042.0,TBD,TBD,,,,-1.0,,,,,,,,,,,,,,,,,,,,,,,,,natl,radio,1001098,SiriusXM,SiriusXM,,,https://www.siriusxm.com/sports/nba,-1,,,,,,,,,,,,,,,,,,,,,,,,,,,,,,,,,,,,,,,,,,,,,,,away,tv,1658.0,NBC SPORTS BOSTON,NBCSB,,,,1610612738.0,,,,,,,,,,,,,
00,2026-27,10/16/2026 00:00:00,0012600019,20261016/PORGSW,1,10:00 pm ET,10,2026-10-16T00:00:00Z,1900-01-01T22:00:00Z,2026-10-16T22:00:00Z,2026-10-16T04:00:00Z,1900-01-01T02:00:00Z,2026-10-17T02:00:00Z,2026-10-16T19:00:00Z,2026-10-16T19:00:00Z,Fri,10,0,,false,,Preseason,,,Chase Center,CA,San Francisco,N,,,False,1610612744,Warriors,Golden State,GSW,warriors,0,0,0,0,1610612757,Trail Blazers,Portland,POR,blazers,0,0,0,0,natl,tv,1001042.0,TBD,TBD,,,,-1.0,,,,,,,,,,,,,,,,,,,,,,,,,natl,radio,1001098,SiriusXM,SiriusXM,,,https://www.siriusxm.com/sports/nba,-1,,,,,,,,,,,,,,home,tv,1097.0,NBCSBA,NBCSBA,,,,1610612744.0,,,,,,,,,,,,,,,,,,,,,,,,,away,tv,1001196.0,KUNP,KUNP,,,,1610612757.0,,,away,radio,1472.0,Rip City Radio 620,KPOJ,,,,1610612757.0,,
00,2026-27,10/16/2026 00:00:00,0012600021,20261016/MIAORL,1,7:00 pm ET,2,2026-10-16T00:00:00Z,1900-01-01T19:00:00Z,2026-10-16T19:00:00Z,2026-10-16T04:00:00Z,1900-01-01T23:00:00Z,2026-10-16T23:00:00Z,2026-10-16T19:00:00Z,2026-10-16T19:00:00Z,Fri,10,0,,false,,Preseason,,,Kia Center,FL,Orlando,N,,,False,1610612753,Magic,Orlando,ORL,magic,0,0,0,0,1610612748,Heat,Miami,MIA,heat,0,0,0,0,natl,tv,1001042.0,TBD,TBD,,,,-1.0,,,,,,,,,,,,,,,,,,,,,,,,,natl,radio,1001098,SiriusXM,SiriusXM,,,https://www.siriusxm.com/sports/nba,-1,,,,,,,,,,,,,,,,,,,,,,,,,,,,,,,,,,,,,,,,,,,,,,,away,tv,1001720.0,WPLG Local 10,WPLG,,,https://local10plusplatinum.maz.tv/open?deeplink=local10platinum://item/3776211-3882966?item=44d4cc7fbb9f4bd72cf272489b39eadf-3742525-3848761,1610612748.0,,,away,radio,1001523.0,FM 104.3 WQAM / S: WAQI 710,WQAM-FM/WAQI,,,,1610612748.0,,
00,2026-27,10/16/2026 00:00:00,0012600056,20261016/TORDET,1,7:00 pm ET,3,2026-10-16T00:00:00Z,1900-01-01T19:00:00Z,2026-10-16T19:00:00Z,2026-10-16T04:00:00Z,1900-01-01T23:00:00Z,2026-10-16T23:00:00Z,2026-10-16T19:00:00Z,2026-10-16T19:00:00Z,Fri,10,0,,false,,Preseason,,,Little Caesars Arena,MI,Detroit,N,,,False,1610612765,Pistons,Detroit,DET,pistons,0,0,0,0,1610612761,Raptors,Toronto,TOR,raptors,0,0,0,0,natl,tv,1001042.0,TBD,TBD,,,,-1.0,,,,,,,,,,,,,,,,,,,,,,,,,natl,radio,1001098,SiriusXM,SiriusXM,,,https://www.siriusxm.com/sports/nba,-1,,,,,,,,,,,,,,,,,,,,,,,,,,,,,,,,,,,,,,,,,,,,,,,,,,,,,,,,,,,,,,,,,,,,
00,2026-27,10/16/2026 00:00:00,0012600057,20261016/MILIND,1,7:00 pm ET,4,2026-10-16T00:00:00Z,1900-01-01T19:00:00Z,2026-10-16T19:00:00Z,2026-10-16T04:00:00Z,1900-01-01T23:00:00Z,2026-10-16T23:00:00Z,2026-10-16T18:00:00Z,2026-10-16T19:00:00Z,Fri,10,0,,false,,Preseason,,,Gainbridge Fieldhouse,IN,Indianapolis,N,,,False,1610612754,Pacers,Indiana,IND,pacers,0,0,0,0,1610612749,Bucks,Milwaukee,MIL,bucks,0,0,0,0,natl,tv,1001042.0,TBD,TBD,,,,-1.0,,,,,,,,,,,,,,,,,,,,,,,,,natl,radio,1001098,SiriusXM,SiriusXM,,,https://www.siriusxm.com/sports/nba,-1,,,,,,,,,,,,,,,,,,,,,,,,,,,,,,,,,,,,,,,,,,,,,,,,,,,,,,,,,,,,,,,,,,,,
00,2026-27,10/16/2026 00:00:00,0012600058,20261016/MINCHI,1,8:00 pm ET,6,2026-10-16T00:00:00Z,1900-01-01T20:00:00Z,2026-10-16T20:00:00Z,2026-10-16T04:00:00Z,1900-01-01T00:00:00Z,2026-10-17T00:00:00Z,2026-10-16T19:00:00Z,2026-10-16T19:00:00Z,Fri,10,0,,false,,Preseason,,,United Center,IL,Chicago,N,,,False,1610612741,Bulls,Chicago,CHI,bulls,0,0,0,0,1610612750,Timberwolves,Minnesota,MIN,timberwolves,0,0,0,0,natl,tv,1001042.0,TBD,TBD,,,,-1.0,,,,,,,,,,,,,,,,,,,,,,,,,natl,radio,1001098,SiriusXM,SiriusXM,,,https://www.siriusxm.com/sports/nba,-1,,,,,,,,,,,,,,,,,,,,,,,,,,,,,,,,,,,,,,,,,,,,,,,,,,,,,,,,,,,,,,,,,,,,
00,2026-27,10/16/2026 00:00:00,0012600059,20261016/CHAMEM,1,8:00 pm ET,7,2026-10-16T00:00:00Z,1900-01-01T20:00:00Z,2026-10-16T20:00:00Z,2026-10-16T04:00:00Z,1900-01-01T00:00:00Z,2026-10-17T00:00:00Z,2026-10-16T20:00:00Z,2026-10-16T19:00:00Z,Fri,10,0,,false,,Preseason,,,FedExForum,TN,Memphis,N,,,False,1610612763,Grizzlies,Memphis,MEM,grizzlies,0,0,0,0,1610612766,Hornets,Charlotte,CHA,hornets,0,0,0,0,natl,tv,1001042.0,TBD,TBD,,,,-1.0,,,,,,,,,,,,,,,,,,,,,,,,,natl,radio,1001098,SiriusXM,SiriusXM,,,https://www.siriusxm.com/sports/nba,-1,,,,,,,,,,,,,,,,,,,,,,,,,,,,,,,,,,,,,,,,,,,,,,,,,,,,,,,,,,,,,,,,,,,,
00,2026-27,10/16/2026 00:00:00,0012600060,20261016/WASNOP,1,8:00 pm ET,8,2026-10-16T00:00:00Z,1900-01-01T20:00:00Z,2026-10-16T20:00:00Z,2026-10-16T04:00:00Z,1900-01-01T00:00:00Z,2026-10-17T00:00:00Z,2026-10-16T20:00:00Z,2026-10-16T19:00:00Z,Fri,10,0,,false,,Preseason,,,Smoothie King Center,LA,New Orleans,N,,,False,1610612740,Pelicans,New Orleans,NOP,pelicans,0,0,0,0,1610612764,Wizards,Washington,WAS,wizards,0,0,0,0,natl,tv,1001042.0,TBD,TBD,,,,-1.0,,,,,,,,,,,,,,,,,,,,,,,,,natl,radio,1001098,SiriusXM,SiriusXM,,,https://www.siriusxm.com/sports/nba,-1,,,,,,,,,,,,,,,,,,,,,,,,,,,,,,,,,,,,,,,,,,,,,,,,,,,,,,,,,,,,,,,,,,,,
00,2026-27,10/16/2026 00:00:00,0012600061,20261016/SACSAS,1,8:00 pm ET,9,2026-10-16T00:00:00Z,1900-01-01T20:00:00Z,2026-10-16T20:00:00Z,2026-10-16T04:00:00Z,1900-01-01T00:00:00Z,2026-10-17T00:00:00Z,2026-10-16T17:00:00Z,2026-10-16T19:00:00Z,Fri,10,0,,false,,Preseason,,,Frost Bank Center,TX,San Antonio,N,,,False,1610612759,Spurs,San Antonio,SAS,spurs,0,0,0,0,1610612758,Kings,Sacramento,SAC,kings,0,0,0,0,natl,tv,1001042.0,TBD,TBD,,,,-1.0,,,,,,,,,,,,,,,,,,,,,,,,,natl,radio,1001098,SiriusXM,SiriusXM,,,https://www.siriusxm.com/sports/nba,-1,,,,,,,,,,,,,,,,,,,,,,,,,,,,,,,,,,,,,,,,,,,,,,,,,,,,,,,,,,,,,,,,,,,,
00,2026-27,10/16/2026 00:00:00,0012600062,20261016/UTAPHX,1,10:00 pm ET,11,2026-10-16T00:00:00Z,1900-01-01T22:00:00Z,2026-10-16T22:00:00Z,2026-10-16T04:00:00Z,1900-01-01T02:00:00Z,2026-10-17T02:00:00Z,2026-10-16T20:00:00Z,2026-10-16T19:00:00Z,Fri,10,0,,false,,Preseason,,,Mortgage Matchup Center,AZ,Phoenix,N,,,False,1610612756,Suns,Phoenix,PHX,suns,0,0,0,0,1610612762,Jazz,Utah,UTA,jazz,0,0,0,0,natl,tv,1001042.0,TBD,TBD,,,,-1.0,,,,,,,,,,,,,,,,,,,,,,,,,natl,radio,1001098,SiriusXM,SiriusXM,,,https://www.siriusxm.com/sports/nba,-1,,,,,,,,,,,,,,,,,,,,,,,,,,,,,,,,,,,,,,,,,,,,,,,,,,,,,,,,,,,,,,,,,,,,
00,2026-27,10/16/2026 00:00:00,0012600063,20261016/DENLAL,1,10:30 pm ET,12,2026-10-16T00:00:00Z,1900-01-01T22:30:00Z,2026-10-16T22:30:00Z,2026-10-16T04:00:00Z,1900-01-01T02:30:00Z,2026-10-17T02:30:00Z,2026-10-16T20:30:00Z,2026-10-16T19:30:00Z,Fri,10,0,,false,,Preseason,,,Crypto.com Arena,CA,Los Angeles,N,,,False,1610612747,Lakers,Los Angeles,LAL,lakers,0,0,0,0,1610612743,Nuggets,Denver,DEN,nuggets,0,0,0,0,natl,tv,2.0,ESPN,ESPN,,,https://espn.smart.link/b4uxwf8ow?ex_cid=NBA&gameId=401898719&referringapp=nba,-1.0,2.0,,,,,,,,,,,,,,,,,,,,,,,,natl,radio,1001098,SiriusXM,SiriusXM,,,https://www.siriusxm.com/sports/nba,-1,,,,,,,,,,,,,,home,tv,1651.0,Spectrum SportsNet,SPECSN,,,,1610612747.0,,,,,,,,,,,,,,home,radio,1001605.0,ESPN LA 710/980 KFWB,KSPN/KFWB,,,,1610612747.0,,,,,,,,,,,,,,,,,,,,,,,,
00,2026-27,10/20/2026 00:00:00,0022600001,20261020/BOSDET,1,3:00 pm ET,1,2026-10-20T00:00:00Z,1900-01-01T15:00:00Z,2026-10-20T15:00:00Z,2026-10-20T04:00:00Z,1900-01-01T19:00:00Z,2026-10-20T19:00:00Z,2026-10-20T15:00:00Z,2026-10-20T15:00:00Z,Tue,10,1,Week 1,false,,,,,Little Caesars Arena,MI,Detroit,N,,,False,1610612765,Pistons,Detroit,DET,pistons,0,0,0,0,1610612738,Celtics,Boston,BOS,celtics,0,0,0,0,natl,tv,1001452.0,NBC,NBC,,,,-1.0,5.0,National,natl,tv,1001453.0,Peacock,Peacock,,,https://peacocktv.app.link/uH0S2M9BM5b,-1.0,3.0,,,,,,,,,,,,,natl,radio,1001098,SiriusXM,SiriusXM,,,https://www.siriusxm.com/sports/nba,-1,,,,,,,,,,,,,,,,,,,,,,,,,,,,,,,,,,,,,,,,,,,,,,,,,,,,,,,,,,,,,,,,,,,,
00,2026-27,10/20/2026 00:00:00,0022600002,20261020/PHINYK,1,7:00 pm ET,2,2026-10-20T00:00:00Z,1900-01-01T19:00:00Z,2026-10-20T19:00:00Z,2026-10-20T04:00:00Z,1900-01-01T23:00:00Z,2026-10-20T23:00:00Z,2026-10-20T19:00:00Z,2026-10-20T19:00:00Z,Tue,10,1,Week 1,false,,,,,Madison Square Garden,NY,New York,N,,,False,1610612752,Knicks,New York,NYK,knicks,0,0,0,0,1610612755,76ers,Philadelphia,PHI,sixers,0,0,0,0,natl,tv,1001452.0,NBC,NBC,,,,-1.0,5.0,National,natl,tv,1001453.0,Peacock,Peacock,,,https://peacocktv.app.link/V3Ir0yHgO5b,-1.0,3.0,,,,,,,,,,,,,natl,radio,3,ESPN Radio,ESPNR,,,,-1,,,natl,radio,1001098.0,SiriusXM,SiriusXM,,,https://www.siriusxm.com/sports/nba,-1.0,,,,,,,,,,,,,,,,,,,,,,,,,,,,,,,,,,,,,,,,,,,,,,,,,,,,,,,,,
00,2026-27,10/20/2026 00:00:00,0022600003,20261020/OKCSAS,1,9:30 pm ET,3,2026-10-20T00:00:00Z,1900-01-01T21:30:00Z,2026-10-20T21:30:00Z,2026-10-20T04:00:00Z,1900-01-01T01:30:00Z,2026-10-21T01:30:00Z,2026-10-20T20:30:00Z,2026-10-20T20:30:00Z,Tue,10,1,Week 1,false,,,,,Frost Bank Center,TX,San Antonio,N,,,False,1610612759,Spurs,San Antonio,SAS,spurs,0,0,0,0,1610612760,Thunder,Oklahoma City,OKC,thunder,0,0,0,0,natl,tv,1001452.0,NBC,NBC,,,,-1.0,5.0,National,natl,tv,1001453.0,Peacock,Peacock,,,https://peacocktv.app.link/kkm01l8Ti6b,-1.0,3.0,,,,,,,,,,,,,natl,radio,1001098,SiriusXM,SiriusXM,,,https://www.siriusxm.com/sports/nba,-1,,,,,,,,,,,,,,,,,,,,,,,,,,,,,,,,,,,,,,,,,,,,,,,,,,,,,,,,,,,,,,,,,,,,
00,2026-27,10/21/2026 00:00:00,0022600004,20261021/MINMIA,1,7:30 pm ET,3,2026-10-21T00:00:00Z,1900-01-01T19:30:00Z,2026-10-21T19:30:00Z,2026-10-21T04:00:00Z,1900-01-01T23:30:00Z,2026-10-21T23:30:00Z,2026-10-21T18:30:00Z,2026-10-21T19:30:00Z,Wed,10,1,Week 1,false,,,,,Kaseya Center,FL,Miami,N,,,False,1610612748,Heat,Miami,MIA,heat,0,0,0,0,1610612750,Timberwolves,Minnesota,MIN,timberwolves,0,0,0,0,natl,tv,2.0,ESPN,ESPN,,,https://www.espn.com/watch/catalog/7b3729c9-7f69-308a-bf8a-ee15a6aba154/nba#bucketId=29446&sourceCollection=Featured_Sports_ ,-1.0,2.0,,,,,,,,,,,,,,,,,,,,,,,,natl,radio,1001098,SiriusXM,SiriusXM,,,https://www.siriusxm.com/sports/nba,-1,,,,,,,,,,,,,,,,,,,,,,,,,,,,,,,,,,,,home,radio,1001523.0,FM 104.3 WQAM / S: WAQI 710,WQAM-FM/WAQI,,,,1610612748.0,,,,,,,,,,,,,,,,,,,,,,,,
00,2026-27,10/21/2026 00:00:00,0022600005,20261021/GSWLAL,1,10:00 pm ET,9,2026-10-21T00:00:00Z,1900-01-01T22:00:00Z,2026-10-21T22:00:00Z,2026-10-21T04:00:00Z,1900-01-01T02:00:00Z,2026-10-22T02:00:00Z,2026-10-21T19:00:00Z,2026-10-21T19:00:00Z,Wed,10,1,Week 1,false,,,,,Crypto.com Arena,CA,Los Angeles,N,,,False,1610612747,Lakers,Los Angeles,LAL,lakers,0,0,0,0,1610612744,Warriors,Golden State,GSW,warriors,0,0,0,0,natl,tv,2.0,ESPN,ESPN,,,https://www.espn.com/watch/catalog/7b3729c9-7f69-308a-bf8a-ee15a6aba154/nba#bucketId=29446&sourceCollection=Featured_Sports_ ,-1.0,2.0,,,,,,,,,,,,,,,,,,,,,,,,natl,radio,1001098,SiriusXM,SiriusXM,,,https://www.siriusxm.com/sports/nba,-1,,,,,,,,,,,,,,,,,,,,,,,,,,,,,,,,,,,,home,radio,1001605.0,ESPN LA 710/980 KFWB,KSPN/KFWB,,,,1610612747.0,,,,,,,,,,,,,,,,,,,,,,,,
00,2026-27,10/21/2026 00:00:00,0022600085,20261021/ATLORL,1,7:00 pm ET,1,2026-10-21T00:00:00Z,1900-01-01T19:00:00Z,2026-10-21T19:00:00Z,2026-10-21T04:00:00Z,1900-01-01T23:00:00Z,2026-10-21T23:00:00Z,2026-10-21T19:00:00Z,2026-10-21T19:00:00Z,Wed,10,1,Week 1,false,,,,,Kia Center,FL,Orlando,N,,,False,1610612753,Magic,Orlando,ORL,magic,0,0,0,0,1610612737,Hawks,Atlanta,ATL,hawks,0,0,0,0,,,,,,,,,,,,,,,,,,,,,,,,,,,,,,,,,,natl,radio,1001098,SiriusXM,SiriusXM,,,https://www.siriusxm.com/sports/nba,-1,,,,,,,,,,,,,,,,,,,,,,,,,,,,,,,,,,,,,,,,,,,,,,,,,,,,,,,,,,,,,,,,,,,,
00,2026-27,10/21/2026 00:00:00,0022600086,20261021/MILWAS,1,7:00 pm ET,2,2026-10-21T00:00:00Z,1900-01-01T19:00:00Z,2026-10-21T19:00:00Z,2026-10-21T04:00:00Z,1900-01-01T23:00:00Z,2026-10-21T23:00:00Z,2026-10-21T18:00:00Z,2026-10-21T19:00:00Z,Wed,10,1,Week 1,false,,,,,Capital One Arena,DC,Washington,N,,,False,1610612764,Wizards,Washington,WAS,wizards,0,0,0,0,1610612749,Bucks,Milwaukee,MIL,bucks,0,0,0,0,,,,,,,,,,,,,,,,,,,,,,,,,,,,,,,,,,natl,radio,1001098,SiriusXM,SiriusXM,,,https://www.siriusxm.com/sports/nba,-1,,,,,,,,,,,,,,,,,,,,,,,,,,,,,,,,,,,,,,,,,,,,,,,,,,,,,,,,,,,,,,,,,,,,
00,2026-27,10/21/2026 00:00:00,0022600087,20261021/CHABKN,1,7:30 pm ET,4,2026-10-21T00:00:00Z,1900-01-01T19:30:00Z,2026-10-21T19:30:00Z,2026-10-21T04:00:00Z,1900-01-01T23:30:00Z,2026-10-21T23:30:00Z,2026-10-21T19:30:00Z,2026-10-21T19:30:00Z,Wed,10,1,Week 1,false,,,,,Barclays Center,NY,Brooklyn,N,,,False,1610612751,Nets,Brooklyn,BKN,nets,0,0,0,0,1610612766,Hornets,Charlotte,CHA,hornets,0,0,0,0,,,,,,,,,,,,,,,,,,,,,,,,,,,,,,,,,,natl,radio,1001098,SiriusXM,SiriusXM,,,https://www.siriusxm.com/sports/nba,-1,,,,,,,,,,,,,,home,tv,175.0,DAZN (YES),YES,,,,1610612751.0,,,,,,,,,,,,,,,,,,,,,,,,,,,,,,,,,,,,,,,,,,,,,,
00,2026-27,10/21/2026 00:00:00,0022600088,20261021/CHITOR,1,7:30 pm ET,5,2026-10-21T00:00:00Z,1900-01-01T19:30:00Z,2026-10-21T19:30:00Z,2026-10-21T04:00:00Z,1900-01-01T23:30:00Z,2026-10-21T23:30:00Z,2026-10-21T18:30:00Z,2026-10-21T19:30:00Z,Wed,10,1,Week 1,false,,,,,Scotiabank Arena,ON,Toronto,N,,,False,1610612761,Raptors,Toronto,TOR,raptors,0,0,0,0,1610612741,Bulls,Chicago,CHI,bulls,0,0,0,0,,,,,,,,,,,,,,,,,,,,,,,,,,,,,,,,,,natl,radio,1001098,SiriusXM,SiriusXM,,,https://www.siriusxm.com/sports/nba,-1,,,,,,,,,,,,,,,,,,,,,,,,,,,,,,,,,,,,,,,,,,,,,,,,,,,,,,,,,,,,,,,,,,,,
00,2026-27,10/21/2026 00:00:00,0022600089,20261021/UTAMEM,1,8:00 pm ET,6,2026-10-21T00:00:00Z,1900-01-01T20:00:00Z,2026-10-21T20:00:00Z,2026-10-21T04:00:00Z,1900-01-01T00:00:00Z,2026-10-22T00:00:00Z,2026-10-21T18:00:00Z,2026-10-21T19:00:00Z,Wed,10,1,Week 1,false,,,,,FedExForum,TN,Memphis,N,,,False,1610612763,Grizzlies,Memphis,MEM,grizzlies,0,0,0,0,1610612762,Jazz,Utah,UTA,jazz,0,0,0,0,,,,,,,,,,,,,,,,,,,,,,,,,,,,,,,,,,natl,radio,1001098,SiriusXM,SiriusXM,,,https://www.siriusxm.com/sports/nba,-1,,,,,,,,,,,,,,,,,,,,,,,,,,,,,,,,,,,,,,,,,,,,,,,,,,,,,,,,,,,,,,,,,,,,
00,2026-27,10/21/2026 00:00:00,0022600090,20261021/INDNOP,1,8:00 pm ET,7,2026-10-21T00:00:00Z,1900-01-01T20:00:00Z,2026-10-21T20:00:00Z,2026-10-21T04:00:00Z,1900-01-01T00:00:00Z,2026-10-22T00:00:00Z,2026-10-21T20:00:00Z,2026-10-21T19:00:00Z,Wed,10,1,Week 1,false,,,,,Smoothie King Center,LA,New Orleans,N,,,False,1610612740,Pelicans,New Orleans,NOP,pelicans,0,0,0,0,1610612754,Pacers,Indiana,IND,pacers,0,0,0,0,,,,,,,,,,,,,,,,,,,,,,,,,,,,,,,,,,natl,radio,1001098,SiriusXM,SiriusXM,,,https://www.siriusxm.com/sports/nba,-1,,,,,,,,,,,,,,,,,,,,,,,,,,,,,,,,,,,,,,,,,,,,,,,,,,,,,,,,,,,,,,,,,,,,
00,2026-27,10/21/2026 00:00:00,0022600091,20261021/DALHOU,1,8:30 pm ET,8,2026-10-21T00:00:00Z,1900-01-01T20:30:00Z,2026-10-21T20:30:00Z,2026-10-21T04:00:00Z,1900-01-01T00:30:00Z,2026-10-22T00:30:00Z,2026-10-21T19:30:00Z,2026-10-21T19:30:00Z,Wed,10,1,Week 1,false,,,,,Toyota Center,TX,Houston,N,,,False,1610612745,Rockets,Houston,HOU,rockets,0,0,0,0,1610612742,Mavericks,Dallas,DAL,mavericks,0,0,0,0,,,,,,,,,,,,,,,,,,,,,,,,,,,,,,,,,,natl,radio,1001098,SiriusXM,SiriusXM,,,https://www.siriusxm.com/sports/nba,-1,,,,,,,,,,,,,,,,,,,,,,,,,,,,,,,,,,,,,,,,,,,,,,,,,,,,,,,,,,,,,,,,,,,,
00,2026-27,10/21/2026 00:00:00,0022600092,20261021/PHXPOR,1,10:00 pm ET,10,2026-10-21T00:00:00Z,1900-01-01T22:00:00Z,2026-10-21T22:00:00Z,2026-10-21T04:00:00Z,1900-01-01T02:00:00Z,2026-10-22T02:00:00Z,2026-10-21T19:00:00Z,2026-10-21T19:00:00Z,Wed,10,1,Week 1,false,,,,,Moda Center,OR,Portland,N,,,False,1610612757,Trail Blazers,Portland,POR,blazers,0,0,0,0,1610612756,Suns,Phoenix,PHX,suns,0,0,0,0,,,,,,,,,,,,,,,,,,,,,,,,,,,,,,,,,,natl,radio,1001098,SiriusXM,SiriusXM,,,https://www.siriusxm.com/sports/nba,-1,,,,,,,,,,,,,,home,tv,1001196.0,KUNP,KUNP,,,,1610612757.0,,,,,,,,,,,,,,home,radio,1472.0,Rip City Radio 620,KPOJ,,,,1610612757.0,,,,,,,,,,,,,,,,,,,,,,,,
00,2026-27,10/21/2026 00:00:00,0022600093,20261021/SACLAC,1,10:30 pm ET,11,2026-10-21T00:00:00Z,1900-01-01T22:30:00Z,2026-10-21T22:30:00Z,2026-10-21T04:00:00Z,1900-01-01T02:30:00Z,2026-10-22T02:30:00Z,2026-10-21T19:30:00Z,2026-10-21T19:30:00Z,Wed,10,1,Week 1,false,,,,,Intuit Dome,CA,Inglewood,N,,,False,1610612746,Clippers,LA,LAC,clippers,0,0,0,0,1610612758,Kings,Sacramento,SAC,kings,0,0,0,0,,,,,,,,,,,,,,,,,,,,,,,,,,,,,,,,,,natl,radio,1001098,SiriusXM,SiriusXM,,,https://www.siriusxm.com/sports/nba,-1,,,,,,,,,,,,,,,,,,,,,,,,,,,,,,,,,,,,,,,,,,,,,,,away,tv,1027.0,NBCSCA,NBCSCA,,,,1610612758.0,,,,,,,,,,,,,
00,2026-27,10/22/2026 00:00:00,0022600006,20261022/CLEPHI,1,7:00 pm ET,1,2026-10-22T00:00:00Z,1900-01-01T19:00:00Z,2026-10-22T19:00:00Z,2026-10-22T04:00:00Z,1900-01-01T23:00:00Z,2026-10-22T23:00:00Z,2026-10-22T19:00:00Z,2026-10-22T19:00:00Z,Thu,10,1,Week 1,false,,,,,Xfinity Mobile Arena,PA,Philadelphia,N,,,False,1610612755,76ers,Philadelphia,PHI,sixers,0,0,0,0,1610612739,Cavaliers,Cleveland,CLE,cavaliers,0,0,0,0,natl,tv,2.0,ESPN,ESPN,,,https://espn.smart.link/b4uxwf8ow?ex_cid=NBA&gameId=401909093&referringapp=nba,-1.0,2.0,,,,,,,,,,,,,,,,,,,,,,,,natl,radio,1001098,SiriusXM,SiriusXM,,,https://www.siriusxm.com/sports/nba,-1,,,,,,,,,,,,,,,,,,,,,,,,,,,,,,,,,,,,,,,,,,,,,,,,,,,,,,,,,,,,,,,,,,,,
00,2026-27,10/22/2026 00:00:00,0022600007,20261022/DENOKC,1,9:30 pm ET,2,2026-10-22T00:00:00Z,1900-01-01T21:30:00Z,2026-10-22T21:30:00Z,2026-10-22T04:00:00Z,1900-01-01T01:30:00Z,2026-10-23T01:30:00Z,2026-10-22T19:30:00Z,2026-10-22T20:30:00Z,Thu,10,1,Week 1,false,,,,,Paycom Center,OK,Oklahoma City,N,,,False,1610612760,Thunder,Oklahoma City,OKC,thunder,0,0,0,0,1610612743,Nuggets,Denver,DEN,nuggets,0,0,0,0,natl,tv,2.0,ESPN,ESPN,,,https://espn.smart.link/b4uxwf8ow?ex_cid=NBA&gameId=401909094&referringapp=nba,-1.0,2.0,,,,,,,,,,,,,,,,,,,,,,,,natl,radio,1001098,SiriusXM,SiriusXM,,,https://www.siriusxm.com/sports/nba,-1,,,,,,,,,,,,,,,,,,,,,,,,,,,,,,,,,,,,,,,,,,,,,,,,,,,,,,,,,,,,,,,,,,,,
00,2026-27,10/23/2026 00:00:00,0022600008,20261023/NYKBOS,1,7:00 pm ET,1,2026-10-23T00:00:00Z,1900-01-01T19:00:00Z,2026-10-23T19:00:00Z,2026-10-23T04:00:00Z,1900-01-01T23:00:00Z,2026-10-23T23:00:00Z,2026-10-23T19:00:00Z,2026-10-23T19:00:00Z,Fri,10,1,Week 1,false,,,,,TD Garden,MA,Boston,N,,,False,1610612738,Celtics,Boston,BOS,celtics,0,0,0,0,1610612752,Knicks,New York,NYK,knicks,0,0,0,0,natl,tv,1000664.0,Prime Video,Amazon,,,https://www.amazon.com/gp/video/tournament/amzn1.dv.icid.cf75b42a-68cd-4a1c-993a-a0b3f0575c5f?jic=20%7CCgZTcG9ydHMSA2FsbA%3D%3D&ref_=atv_hm_spo_c_7a7vxF_4_6,-1.0,4.0,,,,,,,,,,,,,,,,,,,,,,,,natl,radio,1001098,SiriusXM,SiriusXM,,,https://www.siriusxm.com/sports/nba,-1,,,,,,,,,,,,,,,,,,,,,,,,,,,,,,,,,,,,,,,,,,,,,,,,,,,,,,,,,,,,,,,,,,,,
00,2026-27,10/23/2026 00:00:00,0022600009,20261023/HOUSAS,1,9:30 pm ET,8,2026-10-23T00:00:00Z,1900-01-01T21:30:00Z,2026-10-23T21:30:00Z,2026-10-23T04:00:00Z,1900-01-01T01:30:00Z,2026-10-24T01:30:00Z,2026-10-23T20:30:00Z,2026-10-23T20:30:00Z,Fri,10,1,Week 1,false,,,,,Moody Center,TX,Austin,N,,,False,1610612759,Spurs,San Antonio,SAS,spurs,0,0,0,0,1610612745,Rockets,Houston,HOU,rockets,0,0,0,0,natl,tv,1000664.0,Prime Video,Amazon,,,https://www.amazon.com/gp/video/tournament/amzn1.dv.icid.cf75b42a-68cd-4a1c-993a-a0b3f0575c5f?jic=20%7CCgZTcG9ydHMSA2FsbA%3D%3D&ref_=atv_hm_spo_c_7a7vxF_4_6,-1.0,4.0,,,,,,,,,,,,,,,,,,,,,,,,natl,radio,1001098,SiriusXM,SiriusXM,,,https://www.siriusxm.com/sports/nba,-1,,,,,,,,,,,,,,,,,,,,,,,,,,,,,,,,,,,,,,,,,,,,,,,,,,,,,,,,,,,,,,,,,,,,
00,2026-27,10/23/2026 00:00:00,0022600094,20261023/ATLCHA,1,7:00 pm ET,2,2026-10-23T00:00:00Z,1900-01-01T19:00:00Z,2026-10-23T19:00:00Z,2026-10-23T04:00:00Z,1900-01-01T23:00:00Z,2026-10-23T23:00:00Z,2026-10-23T19:00:00Z,2026-10-23T19:00:00Z,Fri,10,1,Week 1,false,,,,,Spectrum Center,NC,Charlotte,N,,,False,1610612766,Hornets,Charlotte,CHA,hornets,0,0,0,0,1610612737,Hawks,Atlanta,ATL,hawks,0,0,0,0,,,,,,,,,,,,,,,,,,,,,,,,,,,,,,,,,,natl,radio,1001098,SiriusXM,SiriusXM,,,https://www.siriusxm.com/sports/nba,-1,,,,,,,,,,,,,,,,,,,,,,,,,,,,,,,,,,,,,,,,,,,,,,,,,,,,,,,,,,,,,,,,,,,,
00,2026-27,10/23/2026 00:00:00,0022600095,20261023/DALIND,1,7:00 pm ET,3,2026-10-23T00:00:00Z,1900-01-01T19:00:00Z,2026-10-23T19:00:00Z,2026-10-23T04:00:00Z,1900-01-01T23:00:00Z,2026-10-23T23:00:00Z,2026-10-23T18:00:00Z,2026-10-23T19:00:00Z,Fri,10,1,Week 1,false,,,,,Gainbridge Fieldhouse,IN,Indianapolis,N,,,False,1610612754,Pacers,Indiana,IND,pacers,0,0,0,0,1610612742,Mavericks,Dallas,DAL,mavericks,0,0,0,0,,,,,,,,,,,,,,,,,,,,,,,,,,,,,,,,,,natl,radio,1001098,SiriusXM,SiriusXM,,,https://www.siriusxm.com/sports/nba,-1,,,,,,,,,,,,,,,,,,,,,,,,,,,,,,,,,,,,,,,,,,,,,,,,,,,,,,,,,,,,,,,,,,,,
00,2026-27,10/23/2026 00:00:00,0022600096,20261023/MINORL,1,7:00 pm ET,4,2026-10-23T00:00:00Z,1900-01-01T19:00:00Z,2026-10-23T19:00:00Z,2026-10-23T04:00:00Z,1900-01-01T23:00:00Z,2026-10-23T23:00:00Z,2026-10-23T18:00:00Z,2026-10-23T19:00:00Z,Fri,10,1,Week 1,false,,,,,Kia Center,FL,Orlando,N,,,False,1610612753,Magic,Orlando,ORL,magic,0,0,0,0,1610612750,Timberwolves,Minnesota,MIN,timberwolves,0,0,0,0,,,,,,,,,,,,,,,,,,,,,,,,,,,,,,,,,,natl,radio,1001098,SiriusXM,SiriusXM,,,https://www.siriusxm.com/sports/nba,-1,,,,,,,,,,,,,,,,,,,,,,,,,,,,,,,,,,,,,,,,,,,,,,,,,,,,,,,,,,,,,,,,,,,,
00,2026-27,10/23/2026 00:00:00,0022600097,20261023/TORWAS,1,7:00 pm ET,5,2026-10-23T00:00:00Z,1900-01-01T19:00:00Z,2026-10-23T19:00:00Z,2026-10-23T04:00:00Z,1900-01-01T23:00:00Z,2026-10-23T23:00:00Z,2026-10-23T19:00:00Z,2026-10-23T19:00:00Z,Fri,10,1,Week 1,false,,,,,Capital One Arena,DC,Washington,N,,,False,1610612764,Wizards,Washington,WAS,wizards,0,0,0,0,1610612761,Raptors,Toronto,TOR,raptors,0,0,0,0,,,,,,,,,,,,,,,,,,,,,,,,,,,,,,,,,,natl,radio,1001098,SiriusXM,SiriusXM,,,https://www.siriusxm.com/sports/nba,-1,,,,,,,,,,,,,,,,,,,,,,,,,,,,,,,,,,,,,,,,,,,,,,,,,,,,,,,,,,,,,,,,,,,,
00,2026-27,10/23/2026 00:00:00,0022600098,20261023/DETMIA,1,8:00 pm ET,6,2026-10-23T00:00:00Z,1900-01-01T20:00:00Z,2026-10-23T20:00:00Z,2026-10-23T04:00:00Z,1900-01-01T00:00:00Z,2026-10-24T00:00:00Z,2026-10-23T20:00:00Z,2026-10-23T20:00:00Z,Fri,10,1,Week 1,false,,,,,Kaseya Center,FL,Miami,N,,,False,1610612748,Heat,Miami,MIA,heat,0,0,0,0,1610612765,Pistons,Detroit,DET,pistons,0,0,0,0,,,,,,,,,,,,,,,,,,,,,,,,,,,,,,,,,,natl,radio,1001098,SiriusXM,SiriusXM,,,https://www.siriusxm.com/sports/nba,-1,,,,,,,,,,,,,,home,tv,1001720.0,WPLG Local 10,WPLG,,,https://local10plusplatinum.maz.tv/open?deeplink=local10platinum://item/3776211-3882966?item=44d4cc7fbb9f4bd72cf272489b39eadf-3742525-3848761,1610612748.0,,,,,,,,,,,,,,home,radio,1001523.0,FM 104.3 WQAM / S: WAQI 710,WQAM-FM/WAQI,,,,1610612748.0,,,,,,,,,,,,,,,,,,,,,,,,
00,2026-27,10/23/2026 00:00:00,0022600099,20261023/CHIMIL,1,8:00 pm ET,7,2026-10-23T00:00:00Z,1900-01-01T20:00:00Z,2026-10-23T20:00:00Z,2026-10-23T04:00:00Z,1900-01-01T00:00:00Z,2026-10-24T00:00:00Z,2026-10-23T19:00:00Z,2026-10-23T19:00:00Z,Fri,10,1,Week 1,false,,,,,Fiserv Forum,WI,Milwaukee,N,,,False,1610612749,Bucks,Milwaukee,MIL,bucks,0,0,0,0,1610612741,Bulls,Chicago,CHI,bulls,0,0,0,0,,,,,,,,,,,,,,,,,,,,,,,,,,,,,,,,,,natl,radio,1001098,SiriusXM,SiriusXM,,,https://www.siriusxm.com/sports/nba,-1,,,,,,,,,,,,,,,,,,,,,,,,,,,,,,,,,,,,,,,,,,,,,,,,,,,,,,,,,,,,,,,,,,,,
00,2026-27,10/23/2026 00:00:00,0022600100,20261023/NOPUTA,1,9:30 pm ET,9,2026-10-23T00:00:00Z,1900-01-01T21:30:00Z,2026-10-23T21:30:00Z,2026-10-23T04:00:00Z,1900-01-01T01:30:00Z,2026-10-24T01:30:00Z,2026-10-23T20:30:00Z,2026-10-23T19:30:00Z,Fri,10,1,Week 1,false,,,,,Delta Center,UT,Salt Lake City,N,,,False,1610612762,Jazz,Utah,UTA,jazz,0,0,0,0,1610612740,Pelicans,New Orleans,NOP,pelicans,0,0,0,0,,,,,,,,,,,,,,,,,,,,,,,,,,,,,,,,,,natl,radio,1001098,SiriusXM,SiriusXM,,,https://www.siriusxm.com/sports/nba,-1,,,,,,,,,,,,,,,,,,,,,,,,,,,,,,,,,,,,,,,,,,,,,,,,,,,,,,,,,,,,,,,,,,,,
00,2026-27,10/23/2026 00:00:00,0022600101,20261023/MEMGSW,1,10:00 pm ET,10,2026-10-23T00:00:00Z,1900-01-01T22:00:00Z,2026-10-23T22:00:00Z,2026-10-23T04:00:00Z,1900-01-01T02:00:00Z,2026-10-24T02:00:00Z,2026-10-23T21:00:00Z,2026-10-23T19:00:00Z,Fri,10,1,Week 1,false,,,,,Chase Center,CA,San Francisco,N,,,False,1610612744,Warriors,Golden State,GSW,warriors,0,0,0,0,1610612763,Grizzlies,Memphis,MEM,grizzlies,0,0,0,0,,,,,,,,,,,,,,,,,,,,,,,,,,,,,,,,,,natl,radio,1001098,SiriusXM,SiriusXM,,,https://www.siriusxm.com/sports/nba,-1,,,,,,,,,,,,,,home,tv,1097.0,NBCSBA,NBCSBA,,,,1610612744.0,,,,,,,,,,,,,,,,,,,,,,,,,,,,,,,,,,,,,,,,,,,,,,
00,2026-27,10/23/2026 00:00:00,0022600102,20261023/LACLAL,1,10:00 pm ET,11,2026-10-23T00:00:00Z,1900-01-01T22:00:00Z,2026-10-23T22:00:00Z,2026-10-23T04:00:00Z,1900-01-01T02:00:00Z,2026-10-24T02:00:00Z,2026-10-23T19:00:00Z,2026-10-23T19:00:00Z,Fri,10,1,Week 1,false,,,,,Crypto.com Arena,CA,Los Angeles,N,,,False,1610612747,Lakers,Los Angeles,LAL,lakers,0,0,0,0,1610612746,Clippers,LA,LAC,clippers,0,0,0,0,,,,,,,,,,,,,,,,,,,,,,,,,,,,,,,,,,natl,radio,1001098,SiriusXM,SiriusXM,,,https://www.siriusxm.com/sports/nba,-1,,,,,,,,,,,,,,home,tv,1651.0,Spectrum SportsNet,SPECSN,,,,1610612747.0,,,,,,,,,,,,,,home,radio,1001605.0,ESPN LA 710/980 KFWB,KSPN/KFWB,,,,1610612747.0,,,,,,,,,,,,,,,,,,,,,,,,
00,2026-27,10/23/2026 00:00:00,0022600103,20261023/PORSAC,1,10:00 pm ET,12,2026-10-23T00:00:00Z,1900-01-01T22:00:00Z,2026-10-23T22:00:00Z,2026-10-23T04:00:00Z,1900-01-01T02:00:00Z,2026-10-24T02:00:00Z,2026-10-23T19:00:00Z,2026-10-23T19:00:00Z,Fri,10,1,Week 1,false,,,,,Golden 1 Center,CA,Sacramento,N,,,False,1610612758,Kings,Sacramento,SAC,kings,0,0,0,0,1610612757,Trail Blazers,Portland,POR,blazers,0,0,0,0,,,,,,,,,,,,,,,,,,,,,,,,,,,,,,,,,,natl,radio,1001098,SiriusXM,SiriusXM,,,https://www.siriusxm.com/sports/nba,-1,,,,,,,,,,,,,,home,tv,1027.0,NBCSCA,NBCSCA,,,,1610612758.0,,,,,,,,,,,,,,,,,,,,,,,,,away,tv,1001196.0,KUNP,KUNP,,,,1610612757.0,,,away,radio,1472.0,Rip City Radio 620,KPOJ,,,,1610612757.0,,
00,2026-27,10/24/2026 00:00:00,0022600104,20261024/MIACHA,1,6:00 pm ET,1,2026-10-24T00:00:00Z,1900-01-01T18:00:00Z,2026-10-24T18:00:00Z,2026-10-24T04:00:00Z,1900-01-01T22:00:00Z,2026-10-24T22:00:00Z,2026-10-24T18:00:00Z,2026-10-24T18:00:00Z,Sat,10,1,Week 1,false,,,,,Spectrum Center,NC,Charlotte,N,,,False,1610612766,Hornets,Charlotte,CHA,hornets,0,0,0,0,1610612748,Heat,Miami,MIA,heat,0,0,0,0,,,,,,,,,,,,,,,,,,,,,,,,,,,,,,,,,,natl,radio,1001098,SiriusXM,SiriusXM,,,https://www.siriusxm.com/sports/nba,-1,,,,,,,,,,,,,,,,,,,,,,,,,,,,,,,,,,,,,,,,,,,,,,,away,tv,1001720.0,WPLG Local 10,WPLG,,,https://local10plusplatinum.maz.tv/open?deeplink=local10platinum://item/3776211-3882966?item=44d4cc7fbb9f4bd72cf272489b39eadf-3742525-3848761,1610612748.0,,,away,radio,1001523.0,FM 104.3 WQAM / S: WAQI 710,WQAM-FM/WAQI,,,,1610612748.0,,
00,2026-27,10/24/2026 00:00:00,0022600105,20261024/BKNCLE,1,7:30 pm ET,2,2026-10-24T00:00:00Z,1900-01-01T19:30:00Z,2026-10-24T19:30:00Z,2026-10-24T04:00:00Z,1900-01-01T23:30:00Z,2026-10-24T23:30:00Z,2026-10-24T19:30:00Z,2026-10-24T19:30:00Z,Sat,10,1,Week 1,false,,,,,Rocket Arena,OH,Cleveland,N,,,False,1610612739,Cavaliers,Cleveland,CLE,cavaliers,0,0,0,0,1610612751,Nets,Brooklyn,BKN,nets,0,0,0,0,,,,,,,,,,,,,,,,,,,,,,,,,,,,,,,,,,natl,radio,1001098,SiriusXM,SiriusXM,,,https://www.siriusxm.com/sports/nba,-1,,,,,,,,,,,,,,,,,,,,,,,,,,,,,,,,,,,,,,,,,,,,,,,away,tv,175.0,DAZN (YES),YES,,,,1610612751.0,,,,,,,,,,,,,
00,2026-27,10/24/2026 00:00:00,0022600106,20261024/MILPHI,1,7:30 pm ET,3,2026-10-24T00:00:00Z,1900-01-01T19:30:00Z,2026-10-24T19:30:00Z,2026-10-24T04:00:00Z,1900-01-01T23:30:00Z,2026-10-24T23:30:00Z,2026-10-24T18:30:00Z,2026-10-24T19:30:00Z,Sat,10,1,Week 1,false,,,,,Xfinity Mobile Arena,PA,Philadelphia,N,,,False,1610612755,76ers,Philadelphia,PHI,sixers,0,0,0,0,1610612749,Bucks,Milwaukee,MIL,bucks,0,0,0,0,natl,tv,7.0,NBA TV,NBA TV,Watch with League Pass or your TV subscription,,,-1.0,,,,,,,,,,,,,,,,,,,,,,,,,natl,radio,1001098,SiriusXM,SiriusXM,,,https://www.siriusxm.com/sports/nba,-1,,,,,,,,,,,,,,,,,,,,,,,,,,,,,,,,,,,,,,,,,,,,,,,,,,,,,,,,,,,,,,,,,,,,
00,2026-27,10/24/2026 00:00:00,0022600107,20261024/HOUATL,1,8:00 pm ET,4,2026-10-24T00:00:00Z,1900-01-01T20:00:00Z,2026-10-24T20:00:00Z,2026-10-24T04:00:00Z,1900-01-01T00:00:00Z,2026-10-25T00:00:00Z,2026-10-24T19:00:00Z,2026-10-24T20:00:00Z,Sat,10,1,Week 1,false,,,,,State Farm Arena,GA,Atlanta,N,,,False,1610612737,Hawks,Atlanta,ATL,hawks,0,0,0,0,1610612745,Rockets,Houston,HOU,rockets,0,0,0,0,,,,,,,,,,,,,,,,,,,,,,,,,,,,,,,,,,natl,radio,1001098,SiriusXM,SiriusXM,,,https://www.siriusxm.com/sports/nba,-1,,,,,,,,,,,,,,,,,,,,,,,,,,,,,,,,,,,,,,,,,,,,,,,,,,,,,,,,,,,,,,,,,,,,
00,2026-27,10/24/2026 00:00:00,0022600108,20261024/WASCHI,1,8:00 pm ET,5,2026-10-24T00:00:00Z,1900-01-01T20:00:00Z,2026-10-24T20:00:00Z,2026-10-24T04:00:00Z,1900-01-01T00:00:00Z,2026-10-25T00:00:00Z,2026-10-24T20:00:00Z,2026-10-24T19:00:00Z,Sat,10,1,Week 1,false,,,,,United Center,IL,Chicago,N,,,False,1610612741,Bulls,Chicago,CHI,bulls,0,0,0,0,1610612764,Wizards,Washington,WAS,wizards,0,0,0,0,,,,,,,,,,,,,,,,,,,,,,,,,,,,,,,,,,natl,radio,1001098,SiriusXM,SiriusXM,,,https://www.siriusxm.com/sports/nba,-1,,,,,,,,,,,,,,,,,,,,,,,,,,,,,,,,,,,,,,,,,,,,,,,,,,,,,,,,,,,,,,,,,,,,
00,2026-27,10/24/2026 00:00:00,0022600109,20261024/SASDAL,1,8:00 pm ET,6,2026-10-24T00:00:00Z,1900-01-01T20:00:00Z,2026-10-24T20:00:00Z,2026-10-24T04:00:00Z,1900-01-01T00:00:00Z,2026-10-25T00:00:00Z,2026-10-24T19:00:00Z,2026-10-24T19:00:00Z,Sat,10,1,Week 1,false,,,,,American Airlines Center,TX,Dallas,N,,,False,1610612742,Mavericks,Dallas,DAL,mavericks,0,0,0,0,1610612759,Spurs,San Antonio,SAS,spurs,0,0,0,0,,,,,,,,,,,,,,,,,,,,,,,,,,,,,,,,,,natl,radio,1001098,SiriusXM,SiriusXM,,,https://www.siriusxm.com/sports/nba,-1,,,,,,,,,,,,,,,,,,,,,,,,,,,,,,,,,,,,,,,,,,,,,,,,,,,,,,,,,,,,,,,,,,,,
00,2026-27,10/24/2026 00:00:00,0022600110,20261024/NOPDEN,1,9:00 pm ET,7,2026-10-24T00:00:00Z,1900-01-01T21:00:00Z,2026-10-24T21:00:00Z,2026-10-24T04:00:00Z,1900-01-01T01:00:00Z,2026-10-25T01:00:00Z,2026-10-24T20:00:00Z,2026-10-24T19:00:00Z,Sat,10,1,Week 1,false,,,,,Ball Arena,CO,Denver,N,,,False,1610612743,Nuggets,Denver,DEN,nuggets,0,0,0,0,1610612740,Pelicans,New Orleans,NOP,pelicans,0,0,0,0,,,,,,,,,,,,,,,,,,,,,,,,,,,,,,,,,,natl,radio,1001098,SiriusXM,SiriusXM,,,https://www.siriusxm.com/sports/nba,-1,,,,,,,,,,,,,,,,,,,,,,,,,,,,,,,,,,,,,,,,,,,,,,,,,,,,,,,,,,,,,,,,,,,,
00,2026-27,10/24/2026 00:00:00,0022600111,20261024/GSWPHX,1,10:00 pm ET,8,2026-10-24T00:00:00Z,1900-01-01T22:00:00Z,2026-10-24T22:00:00Z,2026-10-24T04:00:00Z,1900-01-01T02:00:00Z,2026-10-25T02:00:00Z,2026-10-24T19:00:00Z,2026-10-24T19:00:00Z,Sat,10,1,Week 1,false,,,,,Mortgage Matchup Center,AZ,Phoenix,N,,,False,1610612756,Suns,Phoenix,PHX,suns,0,0,0,0,1610612744,Warriors,Golden State,GSW,warriors,0,0,0,0,natl,tv,7.0,NBA TV,NBA TV,Watch with League Pass or your TV subscription,,,-1.0,,,,,,,,,,,,,,,,,,,,,,,,,natl,radio,1001098,SiriusXM,SiriusXM,,,https://www.siriusxm.com/sports/nba,-1,,,,,,,,,,,,,,,,,,,,,,,,,,,,,,,,,,,,,,,,,,,,,,,away,tv,1097.0,NBCSBA,NBCSBA,,,,1610612744.0,,,,,,,,,,,,,
00,2026-27,10/25/2026 00:00:00,0022600112,20261025/LALUTA,1,5:00 pm ET,1,2026-10-25T00:00:00Z,1900-01-01T17:00:00Z,2026-10-25T17:00:00Z,2026-10-25T04:00:00Z,1900-01-01T21:00:00Z,2026-10-25T21:00:00Z,2026-10-25T14:00:00Z,2026-10-25T15:00:00Z,Sun,10,1,Week 1,false,,,,,Delta Center,UT,Salt Lake City,N,,,False,1610612762,Jazz,Utah,UTA,jazz,0,0,0,0,1610612747,Lakers,Los Angeles,LAL,lakers,0,0,0,0,,,,,,,,,,,,,,,,,,,,,,,,,,,,,,,,,,natl,radio,1001098,SiriusXM,SiriusXM,,,https://www.siriusxm.com/sports/nba,-1,,,,,,,,,,,,,,,,,,,,,,,,,,,,,,,,,,,,,,,,,,,,,,,away,tv,1651.0,Spectrum SportsNet,SPECSN,,,,1610612747.0,,,away,radio,1001605.0,ESPN LA 710/980 KFWB,KSPN/KFWB,,,,1610612747.0,,
00,2026-27,10/25/2026 00:00:00,0022600113,20261025/INDBKN,1,6:00 pm ET,2,2026-10-25T00:00:00Z,1900-01-01T18:00:00Z,2026-10-25T18:00:00Z,2026-10-25T04:00:00Z,1900-01-01T22:00:00Z,2026-10-25T22:00:00Z,2026-10-25T18:00:00Z,2026-10-25T18:00:00Z,Sun,10,1,Week 1,false,,,,,Barclays Center,NY,Brooklyn,N,,,False,1610612751,Nets,Brooklyn,BKN,nets,0,0,0,0,1610612754,Pacers,Indiana,IND,pacers,0,0,0,0,,,,,,,,,,,,,,,,,,,,,,,,,,,,,,,,,,natl,radio,1001098,SiriusXM,SiriusXM,,,https://www.siriusxm.com/sports/nba,-1,,,,,,,,,,,,,,home,tv,175.0,DAZN (YES),YES,,,,1610612751.0,,,,,,,,,,,,,,,,,,,,,,,,,,,,,,,,,,,,,,,,,,,,,,
00,2026-27,10/25/2026 00:00:00,0022600114,20261025/ORLNYK,1,7:00 pm ET,3,2026-10-25T00:00:00Z,1900-01-01T19:00:00Z,2026-10-25T19:00:00Z,2026-10-25T04:00:00Z,1900-01-01T23:00:00Z,2026-10-25T23:00:00Z,2026-10-25T19:00:00Z,2026-10-25T19:00:00Z,Sun,10,1,Week 1,false,,,,,Madison Square Garden,NY,New York,N,,,False,1610612752,Knicks,New York,NYK,knicks,0,0,0,0,1610612753,Magic,Orlando,ORL,magic,0,0,0,0,,,,,,,,,,,,,,,,,,,,,,,,,,,,,,,,,,natl,radio,1001098,SiriusXM,SiriusXM,,,https://www.siriusxm.com/sports/nba,-1,,,,,,,,,,,,,,,,,,,,,,,,,,,,,,,,,,,,,,,,,,,,,,,,,,,,,,,,,,,,,,,,,,,,
00,2026-27,10/25/2026 00:00:00,0022600115,20261025/TORMIN,1,7:00 pm ET,4,2026-10-25T00:00:00Z,1900-01-01T19:00:00Z,2026-10-25T19:00:00Z,2026-10-25T04:00:00Z,1900-01-01T23:00:00Z,2026-10-25T23:00:00Z,2026-10-25T19:00:00Z,2026-10-25T18:00:00Z,Sun,10,1,Week 1,false,,,,,Target Center,MN,Minneapolis,N,,,False,1610612750,Timberwolves,Minnesota,MIN,timberwolves,0,0,0,0,1610612761,Raptors,Toronto,TOR,raptors,0,0,0,0,natl,tv,7.0,NBA TV,NBA TV,Watch with League Pass or your TV subscription,,,-1.0,,,,,,,,,,,,,,,,,,,,,,,,,natl,radio,1001098,SiriusXM,SiriusXM,,,https://www.siriusxm.com/sports/nba,-1,,,,,,,,,,,,,,,,,,,,,,,,,,,,,,,,,,,,,,,,,,,,,,,,,,,,,,,,,,,,,,,,,,,,
00,2026-27,10/25/2026 00:00:00,0022600116,20261025/LACOKC,1,7:00 pm ET,5,2026-10-25T00:00:00Z,1900-01-01T19:00:00Z,2026-10-25T19:00:00Z,2026-10-25T04:00:00Z,1900-01-01T23:00:00Z,2026-10-25T23:00:00Z,2026-10-25T16:00:00Z,2026-10-25T18:00:00Z,Sun,10,1,Week 1,false,,,,,Paycom Center,OK,Oklahoma City,N,,,False,1610612760,Thunder,Oklahoma City,OKC,thunder,0,0,0,0,1610612746,Clippers,LA,LAC,clippers,0,0,0,0,,,,,,,,,,,,,,,,,,,,,,,,,,,,,,,,,,natl,radio,1001098,SiriusXM,SiriusXM,,,https://www.siriusxm.com/sports/nba,-1,,,,,,,,,,,,,,,,,,,,,,,,,,,,,,,,,,,,,,,,,,,,,,,,,,,,,,,,,,,,,,,,,,,,
00,2026-27,10/25/2026 00:00:00,0022600117,20261025/DETPHI,1,7:30 pm ET,6,2026-10-25T00:00:00Z,1900-01-01T19:30:00Z,2026-10-25T19:30:00Z,2026-10-25T04:00:00Z,1900-01-01T23:30:00Z,2026-10-25T23:30:00Z,2026-10-25T19:30:00Z,2026-10-25T19:30:00Z,Sun,10,1,Week 1,false,,,,,Xfinity Mobile Arena,PA,Philadelphia,N,,,False,1610612755,76ers,Philadelphia,PHI,sixers,0,0,0,0,1610612765,Pistons,Detroit,DET,pistons,0,0,0,0,,,,,,,,,,,,,,,,,,,,,,,,,,,,,,,,,,natl,radio,1001098,SiriusXM,SiriusXM,,,https://www.siriusxm.com/sports/nba,-1,,,,,,,,,,,,,,,,,,,,,,,,,,,,,,,,,,,,,,,,,,,,,,,,,,,,,,,,,,,,,,,,,,,,
00,2026-27,10/25/2026 00:00:00,0022600118,20261025/MEMSAC,1,9:00 pm ET,7,2026-10-25T00:00:00Z,1900-01-01T21:00:00Z,2026-10-25T21:00:00Z,2026-10-25T04:00:00Z,1900-01-01T01:00:00Z,2026-10-26T01:00:00Z,2026-10-25T20:00:00Z,2026-10-25T18:00:00Z,Sun,10,1,Week 1,false,,,,,Golden 1 Center,CA,Sacramento,N,,,False,1610612758,Kings,Sacramento,SAC,kings,0,0,0,0,1610612763,Grizzlies,Memphis,MEM,grizzlies,0,0,0,0,,,,,,,,,,,,,,,,,,,,,,,,,,,,,,,,,,natl,radio,1001098,SiriusXM,SiriusXM,,,https://www.siriusxm.com/sports/nba,-1,,,,,,,,,,,,,,home,tv,1027.0,NBCSCA,NBCSCA,,,,1610612758.0,,,,,,,,,,,,,,,,,,,,,,,,,,,,,,,,,,,,,,,,,,,,,,
00,2026-27,10/26/2026 00:00:00,0022600119,20261026/WASCHA,1,7:00 pm ET,1,2026-10-26T00:00:00Z,1900-01-01T19:00:00Z,2026-10-26T19:00:00Z,2026-10-26T04:00:00Z,1900-01-01T23:00:00Z,2026-10-26T23:00:00Z,2026-10-26T19:00:00Z,2026-10-26T19:00:00Z,Mon,10,2,Week 2,false,,,,,Spectrum Center,NC,Charlotte,N,,,False,1610612766,Hornets,Charlotte,CHA,hornets,0,0,0,0,1610612764,Wizards,Washington,WAS,wizards,0,0,0,0,,,,,,,,,,,,,,,,,,,,,,,,,,,,,,,,,,natl,radio,1001098,SiriusXM,SiriusXM,,,https://www.siriusxm.com/sports/nba,-1,,,,,,,,,,,,,,,,,,,,,,,,,,,,,,,,,,,,,,,,,,,,,,,,,,,,,,,,,,,,,,,,,,,,
00,2026-27,10/26/2026 00:00:00,0022600120,20261026/MINCLE,1,7:00 pm ET,2,2026-10-26T00:00:00Z,1900-01-01T19:00:00Z,2026-10-26T19:00:00Z,2026-10-26T04:00:00Z,1900-01-01T23:00:00Z,2026-10-26T23:00:00Z,2026-10-26T18:00:00Z,2026-10-26T19:00:00Z,Mon,10,2,Week 2,false,,,,,Rocket Arena,OH,Cleveland,N,,,False,1610612739,Cavaliers,Cleveland,CLE,cavaliers,0,0,0,0,1610612750,Timberwolves,Minnesota,MIN,timberwolves,0,0,0,0,,,,,,,,,,,,,,,,,,,,,,,,,,,,,,,,,,natl,radio,1001098,SiriusXM,SiriusXM,,,https://www.siriusxm.com/sports/nba,-1,,,,,,,,,,,,,,,,,,,,,,,,,,,,,,,,,,,,,,,,,,,,,,,,,,,,,,,,,,,,,,,,,,,,
00,2026-27,10/26/2026 00:00:00,0022600121,20261026/CHIBOS,1,7:30 pm ET,3,2026-10-26T00:00:00Z,1900-01-01T19:30:00Z,2026-10-26T19:30:00Z,2026-10-26T04:00:00Z,1900-01-01T23:30:00Z,2026-10-26T23:30:00Z,2026-10-26T18:30:00Z,2026-10-26T19:30:00Z,Mon,10,2,Week 2,false,,,,,TD Garden,MA,Boston,N,,,False,1610612738,Celtics,Boston,BOS,celtics,0,0,0,0,1610612741,Bulls,Chicago,CHI,bulls,0,0,0,0,,,,,,,,,,,,,,,,,,,,,,,,,,,,,,,,,,natl,radio,1001098,SiriusXM,SiriusXM,,,https://www.siriusxm.com/sports/nba,-1,,,,,,,,,,,,,,home,tv,1658.0,NBC SPORTS BOSTON,NBCSB,,,,1610612738.0,,,,,,,,,,,,,,,,,,,,,,,,,,,,,,,,,,,,,,,,,,,,,,
00,2026-27,10/26/2026 00:00:00,0022600122,20261026/DALMIA,1,7:30 pm ET,4,2026-10-26T00:00:00Z,1900-01-01T19:30:00Z,2026-10-26T19:30:00Z,2026-10-26T04:00:00Z,1900-01-01T23:30:00Z,2026-10-26T23:30:00Z,2026-10-26T18:30:00Z,2026-10-26T19:30:00Z,Mon,10,2,Week 2,false,,,,,Kaseya Center,FL,Miami,N,,,False,1610612748,Heat,Miami,MIA,heat,0,0,0,0,1610612742,Mavericks,Dallas,DAL,mavericks,0,0,0,0,natl,tv,7.0,NBA TV,NBA TV,Watch with League Pass or your TV subscription,,,-1.0,,,,,,,,,,,,,,,,,,,,,,,,,natl,radio,1001098,SiriusXM,SiriusXM,,,https://www.siriusxm.com/sports/nba,-1,,,,,,,,,,,,,,home,tv,1001720.0,WPLG Local 10,WPLG,,,https://local10plusplatinum.maz.tv/open?deeplink=local10platinum://item/3776211-3882966?item=44d4cc7fbb9f4bd72cf272489b39eadf-3742525-3848761,1610612748.0,,,,,,,,,,,,,,home,radio,1001523.0,FM 104.3 WQAM / S: WAQI 710,WQAM-FM/WAQI,,,,1610612748.0,,,,,,,,,,,,,,,,,,,,,,,,
00,2026-27,10/26/2026 00:00:00,0022600123,20261026/INDMIL,1,8:00 pm ET,5,2026-10-26T00:00:00Z,1900-01-01T20:00:00Z,2026-10-26T20:00:00Z,2026-10-26T04:00:00Z,1900-01-01T00:00:00Z,2026-10-27T00:00:00Z,2026-10-26T20:00:00Z,2026-10-26T19:00:00Z,Mon,10,2,Week 2,false,,,,,Fiserv Forum,WI,Milwaukee,N,,,False,1610612749,Bucks,Milwaukee,MIL,bucks,0,0,0,0,1610612754,Pacers,Indiana,IND,pacers,0,0,0,0,,,,,,,,,,,,,,,,,,,,,,,,,,,,,,,,,,natl,radio,1001098,SiriusXM,SiriusXM,,,https://www.siriusxm.com/sports/nba,-1,,,,,,,,,,,,,,,,,,,,,,,,,,,,,,,,,,,,,,,,,,,,,,,,,,,,,,,,,,,,,,,,,,,,
00,2026-27,10/26/2026 00:00:00,0022600124,20261026/PHXOKC,1,8:00 pm ET,6,2026-10-26T00:00:00Z,1900-01-01T20:00:00Z,2026-10-26T20:00:00Z,2026-10-26T04:00:00Z,1900-01-01T00:00:00Z,2026-10-27T00:00:00Z,2026-10-26T17:00:00Z,2026-10-26T19:00:00Z,Mon,10,2,Week 2,false,,,,,Paycom Center,OK,Oklahoma City,N,,,False,1610612760,Thunder,Oklahoma City,OKC,thunder,0,0,0,0,1610612756,Suns,Phoenix,PHX,suns,0,0,0,0,,,,,,,,,,,,,,,,,,,,,,,,,,,,,,,,,,natl,radio,1001098,SiriusXM,SiriusXM,,,https://www.siriusxm.com/sports/nba,-1,,,,,,,,,,,,,,,,,,,,,,,,,,,,,,,,,,,,,,,,,,,,,,,,,,,,,,,,,,,,,,,,,,,,
00,2026-27,10/26/2026 00:00:00,0022600125,20261026/ATLHOU,1,8:30 pm ET,7,2026-10-26T00:00:00Z,1900-01-01T20:30:00Z,2026-10-26T20:30:00Z,2026-10-26T04:00:00Z,1900-01-01T00:30:00Z,2026-10-27T00:30:00Z,2026-10-26T20:30:00Z,2026-10-26T19:30:00Z,Mon,10,2,Week 2,false,,,,,Toyota Center,TX,Houston,N,,,False,1610612745,Rockets,Houston,HOU,rockets,0,0,0,0,1610612737,Hawks,Atlanta,ATL,hawks,0,0,0,0,,,,,,,,,,,,,,,,,,,,,,,,,,,,,,,,,,natl,radio,1001098,SiriusXM,SiriusXM,,,https://www.siriusxm.com/sports/nba,-1,,,,,,,,,,,,,,,,,,,,,,,,,,,,,,,,,,,,,,,,,,,,,,,,,,,,,,,,,,,,,,,,,,,,
00,2026-27,10/26/2026 00:00:00,0022600126,20261026/MEMUTA,1,9:00 pm ET,8,2026-10-26T00:00:00Z,1900-01-01T21:00:00Z,2026-10-26T21:00:00Z,2026-10-26T04:00:00Z,1900-01-01T01:00:00Z,2026-10-27T01:00:00Z,2026-10-26T20:00:00Z,2026-10-26T19:00:00Z,Mon,10,2,Week 2,false,,,,,Delta Center,UT,Salt Lake City,N,,,False,1610612762,Jazz,Utah,UTA,jazz,0,0,0,0,1610612763,Grizzlies,Memphis,MEM,grizzlies,0,0,0,0,,,,,,,,,,,,,,,,,,,,,,,,,,,,,,,,,,natl,radio,1001098,SiriusXM,SiriusXM,,,https://www.siriusxm.com/sports/nba,-1,,,,,,,,,,,,,,,,,,,,,,,,,,,,,,,,,,,,,,,,,,,,,,,,,,,,,,,,,,,,,,,,,,,,
00,2026-27,10/26/2026 00:00:00,0022600127,20261026/GSWDEN,1,10:00 pm ET,9,2026-10-26T00:00:00Z,1900-01-01T22:00:00Z,2026-10-26T22:00:00Z,2026-10-26T04:00:00Z,1900-01-01T02:00:00Z,2026-10-27T02:00:00Z,2026-10-26T19:00:00Z,2026-10-26T20:00:00Z,Mon,10,2,Week 2,false,,,,,Ball Arena,CO,Denver,N,,,False,1610612743,Nuggets,Denver,DEN,nuggets,0,0,0,0,1610612744,Warriors,Golden State,GSW,warriors,0,0,0,0,natl,tv,1001453.0,Peacock,Peacock,,,https://peacocktv.app.link/wqSslqOQ95b,-1.0,3.0,,natl,tv,1001488.0,NBC Sports Network,NBCSN,,,,-1.0,7.0,National,,,,,,,,,,,,natl,radio,1001098,SiriusXM,SiriusXM,,,https://www.siriusxm.com/sports/nba,-1,,,,,,,,,,,,,,,,,,,,,,,,,,,,,,,,,,,,,,,,,,,,,,,,,,,,,,,,,,,,,,,,,,,,
00,2026-27,10/27/2026 00:00:00,0022600128,20261027/BKNBOS,1,7:30 pm ET,1,2026-10-27T00:00:00Z,1900-01-01T19:30:00Z,2026-10-27T19:30:00Z,2026-10-27T04:00:00Z,1900-01-01T23:30:00Z,2026-10-27T23:30:00Z,2026-10-27T19:30:00Z,2026-10-27T19:30:00Z,Tue,10,2,Week 2,false,,,,,TD Garden,MA,Boston,N,,,False,1610612738,Celtics,Boston,BOS,celtics,0,0,0,0,1610612751,Nets,Brooklyn,BKN,nets,0,0,0,0,,,,,,,,,,,,,,,,,,,,,,,,,,,,,,,,,,natl,radio,1001098,SiriusXM,SiriusXM,,,https://www.siriusxm.com/sports/nba,-1,,,,,,,,,,,,,,home,tv,1658.0,NBC SPORTS BOSTON,NBCSB,,,,1610612738.0,,,,,,,,,,,,,,,,,,,,,,,,,away,tv,175.0,DAZN (YES),YES,,,,1610612751.0,,,,,,,,,,,,,
00,2026-27,10/27/2026 00:00:00,0022600129,20261027/DETNYK,1,8:00 pm ET,2,2026-10-27T00:00:00Z,1900-01-01T20:00:00Z,2026-10-27T20:00:00Z,2026-10-27T04:00:00Z,1900-01-01T00:00:00Z,2026-10-28T00:00:00Z,2026-10-27T20:00:00Z,2026-10-27T20:00:00Z,Tue,10,2,Week 2,false,,,,,Madison Square Garden,NY,New York,N,,,False,1610612752,Knicks,New York,NYK,knicks,0,0,0,0,1610612765,Pistons,Detroit,DET,pistons,0,0,0,0,natl,tv,1001452.0,NBC,NBC,,,,-1.0,5.0,East,natl,tv,1001453.0,Peacock,Peacock,,,https://peacocktv.app.link/hCvzooOQ95b,-1.0,3.0,,,,,,,,,,,,,natl,radio,1001098,SiriusXM,SiriusXM,,,https://www.siriusxm.com/sports/nba,-1,,,,,,,,,,,,,,,,,,,,,,,,,,,,,,,,,,,,,,,,,,,,,,,,,,,,,,,,,,,,,,,,,,,,
00,2026-27,10/27/2026 00:00:00,0022600130,20261027/SACSAS,1,8:00 pm ET,3,2026-10-27T00:00:00Z,1900-01-01T20:00:00Z,2026-10-27T20:00:00Z,2026-10-27T04:00:00Z,1900-01-01T00:00:00Z,2026-10-28T00:00:00Z,2026-10-27T17:00:00Z,2026-10-27T19:00:00Z,Tue,10,2,Week 2,false,,,,,Frost Bank Center,TX,San Antonio,N,,,False,1610612759,Spurs,San Antonio,SAS,spurs,0,0,0,0,1610612758,Kings,Sacramento,SAC,kings,0,0,0,0,,,,,,,,,,,,,,,,,,,,,,,,,,,,,,,,,,natl,radio,1001098,SiriusXM,SiriusXM,,,https://www.siriusxm.com/sports/nba,-1,,,,,,,,,,,,,,,,,,,,,,,,,,,,,,,,,,,,,,,,,,,,,,,away,tv,1027.0,NBCSCA,NBCSCA,,,,1610612758.0,,,,,,,,,,,,,
00,2026-27,10/27/2026 00:00:00,0022600131,20261027/PORLAL,1,11:00 pm ET,4,2026-10-27T00:00:00Z,1900-01-01T23:00:00Z,2026-10-27T23:00:00Z,2026-10-27T04:00:00Z,1900-01-01T03:00:00Z,2026-10-28T03:00:00Z,2026-10-27T20:00:00Z,2026-10-27T20:00:00Z,Tue,10,2,Week 2,false,,,,,Crypto.com Arena,CA,Los Angeles,N,,,False,1610612747,Lakers,Los Angeles,LAL,lakers,0,0,0,0,1610612757,Trail Blazers,Portland,POR,blazers,0,0,0,0,natl,tv,1001452.0,NBC,NBC,,,,-1.0,5.0,West,natl,tv,1001453.0,Peacock,Peacock,,,https://peacocktv.app.link/WOEp1mOQ95b,-1.0,3.0,,,,,,,,,,,,,natl,radio,1001098,SiriusXM,SiriusXM,,,https://www.siriusxm.com/sports/nba,-1,,,,,,,,,,,,,,home,tv,1651.0,Spectrum SportsNet,SPECSN,,,,1610612747.0,,,,,,,,,,,,,,home,radio,1001605.0,ESPN LA 710/980 KFWB,KSPN/KFWB,,,,1610612747.0,,,,,,,,,,,,,,away,radio,1472.0,Rip City Radio 620,KPOJ,,,,1610612757.0,,
00,2026-27,10/28/2026 00:00:00,0022600132,20261028/MIAATL,1,7:00 pm ET,1,2026-10-28T00:00:00Z,1900-01-01T19:00:00Z,2026-10-28T19:00:00Z,2026-10-28T04:00:00Z,1900-01-01T23:00:00Z,2026-10-28T23:00:00Z,2026-10-28T19:00:00Z,2026-10-28T19:00:00Z,Wed,10,2,Week 2,false,,,,,State Farm Arena,GA,Atlanta,N,,,False,1610612737,Hawks,Atlanta,ATL,hawks,0,0,0,0,1610612748,Heat,Miami,MIA,heat,0,0,0,0,,,,,,,,,,,,,,,,,,,,,,,,,,,,,,,,,,natl,radio,1001098,SiriusXM,SiriusXM,,,https://www.siriusxm.com/sports/nba,-1,,,,,,,,,,,,,,,,,,,,,,,,,,,,,,,,,,,,,,,,,,,,,,,away,tv,1001720.0,WPLG Local 10,WPLG,,,https://local10plusplatinum.maz.tv/open?deeplink=local10platinum://item/3776211-3882966?item=44d4cc7fbb9f4bd72cf272489b39eadf-3742525-3848761,1610612748.0,,,away,radio,1001523.0,FM 104.3 WQAM / S: WAQI 710,WQAM-FM/WAQI,,,,1610612748.0,,
00,2026-27,10/28/2026 00:00:00,0022600133,20261028/WASCLE,1,7:00 pm ET,2,2026-10-28T00:00:00Z,1900-01-01T19:00:00Z,2026-10-28T19:00:00Z,2026-10-28T04:00:00Z,1900-01-01T23:00:00Z,2026-10-28T23:00:00Z,2026-10-28T19:00:00Z,2026-10-28T19:00:00Z,Wed,10,2,Week 2,false,,,,,Rocket Arena,OH,Cleveland,N,,,False,1610612739,Cavaliers,Cleveland,CLE,cavaliers,0,0,0,0,1610612764,Wizards,Washington,WAS,wizards,0,0,0,0,,,,,,,,,,,,,,,,,,,,,,,,,,,,,,,,,,natl,radio,1001098,SiriusXM,SiriusXM,,,https://www.siriusxm.com/sports/nba,-1,,,,,,,,,,,,,,,,,,,,,,,,,,,,,,,,,,,,,,,,,,,,,,,,,,,,,,,,,,,,,,,,,,,,
00,2026-27,10/28/2026 00:00:00,0022600134,20261028/CHADET,1,7:00 pm ET,3,2026-10-28T00:00:00Z,1900-01-01T19:00:00Z,2026-10-28T19:00:00Z,2026-10-28T04:00:00Z,1900-01-01T23:00:00Z,2026-10-28T23:00:00Z,2026-10-28T19:00:00Z,2026-10-28T19:00:00Z,Wed,10,2,Week 2,false,,,,,Little Caesars Arena,MI,Detroit,N,,,False,1610612765,Pistons,Detroit,DET,pistons,0,0,0,0,1610612766,Hornets,Charlotte,CHA,hornets,0,0,0,0,,,,,,,,,,,,,,,,,,,,,,,,,,,,,,,,,,natl,radio,1001098,SiriusXM,SiriusXM,,,https://www.siriusxm.com/sports/nba,-1,,,,,,,,,,,,,,,,,,,,,,,,,,,,,,,,,,,,,,,,,,,,,,,,,,,,,,,,,,,,,,,,,,,,
00,2026-27,10/28/2026 00:00:00,0022600135,20261028/PHIIND,1,7:00 pm ET,4,2026-10-28T00:00:00Z,1900-01-01T19:00:00Z,2026-10-28T19:00:00Z,2026-10-28T04:00:00Z,1900-01-01T23:00:00Z,2026-10-28T23:00:00Z,2026-10-28T19:00:00Z,2026-10-28T19:00:00Z,Wed,10,2,Week 2,false,,,,,Gainbridge Fieldhouse,IN,Indianapolis,N,,,False,1610612754,Pacers,Indiana,IND,pacers,0,0,0,0,1610612755,76ers,Philadelphia,PHI,sixers,0,0,0,0,natl,tv,2.0,ESPN,ESPN,,,https://www.espn.com/watch/catalog/7b3729c9-7f69-308a-bf8a-ee15a6aba154/nba#bucketId=29446&sourceCollection=Featured_Sports_,-1.0,2.0,,,,,,,,,,,,,,,,,,,,,,,,natl,radio,1001098,SiriusXM,SiriusXM,,,https://www.siriusxm.com/sports/nba,-1,,,,,,,,,,,,,,,,,,,,,,,,,,,,,,,,,,,,,,,,,,,,,,,,,,,,,,,,,,,,,,,,,,,,
00,2026-27,10/28/2026 00:00:00,0022600136,20261028/ORLTOR,1,7:30 pm ET,5,2026-10-28T00:00:00Z,1900-01-01T19:30:00Z,2026-10-28T19:30:00Z,2026-10-28T04:00:00Z,1900-01-01T23:30:00Z,2026-10-28T23:30:00Z,2026-10-28T19:30:00Z,2026-10-28T19:30:00Z,Wed,10,2,Week 2,false,,,,,Scotiabank Arena,ON,Toronto,N,,,False,1610612761,Raptors,Toronto,TOR,raptors,0,0,0,0,1610612753,Magic,Orlando,ORL,magic,0,0,0,0,,,,,,,,,,,,,,,,,,,,,,,,,,,,,,,,,,natl,radio,1001098,SiriusXM,SiriusXM,,,https://www.siriusxm.com/sports/nba,-1,,,,,,,,,,,,,,,,,,,,,,,,,,,,,,,,,,,,,,,,,,,,,,,,,,,,,,,,,,,,,,,,,,,,
00,2026-27,10/28/2026 00:00:00,0022600137,20261028/NYKCHI,1,8:00 pm ET,6,2026-10-28T00:00:00Z,1900-01-01T20:00:00Z,2026-10-28T20:00:00Z,2026-10-28T04:00:00Z,1900-01-01T00:00:00Z,2026-10-29T00:00:00Z,2026-10-28T20:00:00Z,2026-10-28T19:00:00Z,Wed,10,2,Week 2,false,,,,,United Center,IL,Chicago,N,,,False,1610612741,Bulls,Chicago,CHI,bulls,0,0,0,0,1610612752,Knicks,New York,NYK,knicks,0,0,0,0,,,,,,,,,,,,,,,,,,,,,,,,,,,,,,,,,,natl,radio,1001098,SiriusXM,SiriusXM,,,https://www.siriusxm.com/sports/nba,-1,,,,,,,,,,,,,,,,,,,,,,,,,,,,,,,,,,,,,,,,,,,,,,,,,,,,,,,,,,,,,,,,,,,,
00,2026-27,10/28/2026 00:00:00,0022600138,20261028/HOUMIL,1,8:00 pm ET,7,2026-10-28T00:00:00Z,1900-01-01T20:00:00Z,2026-10-28T20:00:00Z,2026-10-28T04:00:00Z,1900-01-01T00:00:00Z,2026-10-29T00:00:00Z,2026-10-28T19:00:00Z,2026-10-28T19:00:00Z,Wed,10,2,Week 2,false,,,,,Fiserv Forum,WI,Milwaukee,N,,,False,1610612749,Bucks,Milwaukee,MIL,bucks,0,0,0,0,1610612745,Rockets,Houston,HOU,rockets,0,0,0,0,,,,,,,,,,,,,,,,,,,,,,,,,,,,,,,,,,natl,radio,1001098,SiriusXM,SiriusXM,,,https://www.siriusxm.com/sports/nba,-1,,,,,,,,,,,,,,,,,,,,,,,,,,,,,,,,,,,,,,,,,,,,,,,,,,,,,,,,,,,,,,,,,,,,
00,2026-27,10/28/2026 00:00:00,0022600139,20261028/GSWMIN,1,8:00 pm ET,8,2026-10-28T00:00:00Z,1900-01-01T20:00:00Z,2026-10-28T20:00:00Z,2026-10-28T04:00:00Z,1900-01-01T00:00:00Z,2026-10-29T00:00:00Z,2026-10-28T17:00:00Z,2026-10-28T19:00:00Z,Wed,10,2,Week 2,false,,,,,Target Center,MN,Minneapolis,N,,,False,1610612750,Timberwolves,Minnesota,MIN,timberwolves,0,0,0,0,1610612744,Warriors,Golden State,GSW,warriors,0,0,0,0,,,,,,,,,,,,,,,,,,,,,,,,,,,,,,,,,,natl,radio,1001098,SiriusXM,SiriusXM,,,https://www.siriusxm.com/sports/nba,-1,,,,,,,,,,,,,,,,,,,,,,,,,,,,,,,,,,,,,,,,,,,,,,,away,tv,1097.0,NBCSBA,NBCSBA,,,,1610612744.0,,,,,,,,,,,,,
00,2026-27,10/28/2026 00:00:00,0022600140,20261028/DENNOP,1,8:00 pm ET,9,2026-10-28T00:00:00Z,1900-01-01T20:00:00Z,2026-10-28T20:00:00Z,2026-10-28T04:00:00Z,1900-01-01T00:00:00Z,2026-10-29T00:00:00Z,2026-10-28T18:00:00Z,2026-10-28T19:00:00Z,Wed,10,2,Week 2,false,,,,,Smoothie King Center,LA,New Orleans,N,,,False,1610612740,Pelicans,New Orleans,NOP,pelicans,0,0,0,0,1610612743,Nuggets,Denver,DEN,nuggets,0,0,0,0,,,,,,,,,,,,,,,,,,,,,,,,,,,,,,,,,,natl,radio,1001098,SiriusXM,SiriusXM,,,https://www.siriusxm.com/sports/nba,-1,,,,,,,,,,,,,,,,,,,,,,,,,,,,,,,,,,,,,,,,,,,,,,,,,,,,,,,,,,,,,,,,,,,,
00,2026-27,10/28/2026 00:00:00,0022600141,20261028/SASUTA,1,9:00 pm ET,10,2026-10-28T00:00:00Z,1900-01-01T21:00:00Z,2026-10-28T21:00:00Z,2026-10-28T04:00:00Z,1900-01-01T01:00:00Z,2026-10-29T01:00:00Z,2026-10-28T20:00:00Z,2026-10-28T19:00:00Z,Wed,10,2,Week 2,false,,,,,Delta Center,UT,Salt Lake City,N,,,False,1610612762,Jazz,Utah,UTA,jazz,0,0,0,0,1610612759,Spurs,San Antonio,SAS,spurs,0,0,0,0,,,,,,,,,,,,,,,,,,,,,,,,,,,,,,,,,,natl,radio,1001098,SiriusXM,SiriusXM,,,https://www.siriusxm.com/sports/nba,-1,,,,,,,,,,,,,,,,,,,,,,,,,,,,,,,,,,,,,,,,,,,,,,,,,,,,,,,,,,,,,,,,,,,,
00,2026-27,10/28/2026 00:00:00,0022600142,20261028/OKCDAL,1,9:30 pm ET,11,2026-10-28T00:00:00Z,1900-01-01T21:30:00Z,2026-10-28T21:30:00Z,2026-10-28T04:00:00Z,1900-01-01T01:30:00Z,2026-10-29T01:30:00Z,2026-10-28T20:30:00Z,2026-10-28T20:30:00Z,Wed,10,2,Week 2,false,,,,,American Airlines Center,TX,Dallas,N,,,False,1610612742,Mavericks,Dallas,DAL,mavericks,0,0,0,0,1610612760,Thunder,Oklahoma City,OKC,thunder,0,0,0,0,natl,tv,2.0,ESPN,ESPN,,,https://www.espn.com/watch/catalog/7b3729c9-7f69-308a-bf8a-ee15a6aba154/nba#bucketId=29446&sourceCollection=Featured_Sports_,-1.0,2.0,,,,,,,,,,,,,,,,,,,,,,,,natl,radio,1001098,SiriusXM,SiriusXM,,,https://www.siriusxm.com/sports/nba,-1,,,,,,,,,,,,,,,,,,,,,,,,,,,,,,,,,,,,,,,,,,,,,,,,,,,,,,,,,,,,,,,,,,,,
00,2026-27,10/28/2026 00:00:00,0022600143,20261028/LALLAC,1,10:30 pm ET,12,2026-10-28T00:00:00Z,1900-01-01T22:30:00Z,2026-10-28T22:30:00Z,2026-10-28T04:00:00Z,1900-01-01T02:30:00Z,2026-10-29T02:30:00Z,2026-10-28T19:30:00Z,2026-10-28T19:30:00Z,Wed,10,2,Week 2,false,,,,,Intuit Dome,CA,Inglewood,N,,,False,1610612746,Clippers,LA,LAC,clippers,0,0,0,0,1610612747,Lakers,Los Angeles,LAL,lakers,0,0,0,0,,,,,,,,,,,,,,,,,,,,,,,,,,,,,,,,,,natl,radio,1001098,SiriusXM,SiriusXM,,,https://www.siriusxm.com/sports/nba,-1,,,,,,,,,,,,,,,,,,,,,,,,,,,,,,,,,,,,,,,,,,,,,,,away,tv,1651.0,Spectrum SportsNet,SPECSN,,,,1610612747.0,,,away,radio,1001605.0,ESPN LA 710/980 KFWB,KSPN/KFWB,,,,1610612747.0,,
00,2026-27,10/29/2026 00:00:00,0022600144,20261029/CLEATL,1,7:00 pm ET,1,2026-10-29T00:00:00Z,1900-01-01T19:00:00Z,2026-10-29T19:00:00Z,2026-10-29T04:00:00Z,1900-01-01T23:00:00Z,2026-10-29T23:00:00Z,2026-10-29T19:00:00Z,2026-10-29T19:00:00Z,Thu,10,2,Week 2,false,,,,,State Farm Arena,GA,Atlanta,N,,,False,1610612737,Hawks,Atlanta,ATL,hawks,0,0,0,0,1610612739,Cavaliers,Cleveland,CLE,cavaliers,0,0,0,0,natl,tv,7.0,NBA TV,NBA TV,Watch with League Pass or your TV subscription,,,-1.0,,,,,,,,,,,,,,,,,,,,,,,,,natl,radio,1001098,SiriusXM,SiriusXM,,,https://www.siriusxm.com/sports/nba,-1,,,,,,,,,,,,,,,,,,,,,,,,,,,,,,,,,,,,,,,,,,,,,,,,,,,,,,,,,,,,,,,,,,,,
00,2026-27,10/29/2026 00:00:00,0022600145,20261029/SACNOP,1,8:00 pm ET,2,2026-10-29T00:00:00Z,1900-01-01T20:00:00Z,2026-10-29T20:00:00Z,2026-10-29T04:00:00Z,1900-01-01T00:00:00Z,2026-10-30T00:00:00Z,2026-10-29T17:00:00Z,2026-10-29T19:00:00Z,Thu,10,2,Week 2,false,,,,,Smoothie King Center,LA,New Orleans,N,,,False,1610612740,Pelicans,New Orleans,NOP,pelicans,0,0,0,0,1610612758,Kings,Sacramento,SAC,kings,0,0,0,0,,,,,,,,,,,,,,,,,,,,,,,,,,,,,,,,,,natl,radio,1001098,SiriusXM,SiriusXM,,,https://www.siriusxm.com/sports/nba,-1,,,,,,,,,,,,,,,,,,,,,,,,,,,,,,,,,,,,,,,,,,,,,,,away,tv,1027.0,NBCSCA,NBCSCA,,,,1610612758.0,,,,,,,,,,,,,
00,2026-27,10/29/2026 00:00:00,0022600146,20261029/MEMPOR,1,10:00 pm ET,3,2026-10-29T00:00:00Z,1900-01-01T22:00:00Z,2026-10-29T22:00:00Z,2026-10-29T04:00:00Z,1900-01-01T02:00:00Z,2026-10-30T02:00:00Z,2026-10-29T21:00:00Z,2026-10-29T19:00:00Z,Thu,10,2,Week 2,false,,,,,Moda Center,OR,Portland,N,,,False,1610612757,Trail Blazers,Portland,POR,blazers,0,0,0,0,1610612763,Grizzlies,Memphis,MEM,grizzlies,0,0,0,0,,,,,,,,,,,,,,,,,,,,,,,,,,,,,,,,,,natl,radio,1001098,SiriusXM,SiriusXM,,,https://www.siriusxm.com/sports/nba,-1,,,,,,,,,,,,,,home,tv,1001196.0,KUNP,KUNP,,,,1610612757.0,,,,,,,,,,,,,,home,radio,1472.0,Rip City Radio 620,KPOJ,,,,1610612757.0,,,,,,,,,,,,,,,,,,,,,,,,
00,2026-27,10/30/2026 00:00:00,0022600015,20261030/CHAWAS,1,7:00 pm ET,1,2026-10-30T00:00:00Z,1900-01-01T19:00:00Z,2026-10-30T19:00:00Z,2026-10-30T04:00:00Z,1900-01-01T23:00:00Z,2026-10-30T23:00:00Z,2026-10-30T19:00:00Z,2026-10-30T19:00:00Z,Fri,10,2,Week 2,false,,Emirates NBA Cup,East Group C,,Capital One Arena,DC,Washington,N,,in-season,False,1610612764,Wizards,Washington,WAS,wizards,0,0,0,0,1610612766,Hornets,Charlotte,CHA,hornets,0,0,0,0,,,,,,,,,,,,,,,,,,,,,,,,,,,,,,,,,,natl,radio,1001098,SiriusXM,SiriusXM,,,https://www.siriusxm.com/sports/nba,-1,,,,,,,,,,,,,,,,,,,,,,,,,,,,,,,,,,,,,,,,,,,,,,,,,,,,,,,,,,,,,,,,,,,,
00,2026-27,10/30/2026 00:00:00,0022600016,20261030/CHIBOS,1,7:30 pm ET,2,2026-10-30T00:00:00Z,1900-01-01T19:30:00Z,2026-10-30T19:30:00Z,2026-10-30T04:00:00Z,1900-01-01T23:30:00Z,2026-10-30T23:30:00Z,2026-10-30T18:30:00Z,2026-10-30T19:30:00Z,Fri,10,2,Week 2,false,,Emirates NBA Cup,East Group C,,TD Garden,MA,Boston,N,,in-season,False,1610612738,Celtics,Boston,BOS,celtics,0,0,0,0,1610612741,Bulls,Chicago,CHI,bulls,0,0,0,0,,,,,,,,,,,,,,,,,,,,,,,,,,,,,,,,,,natl,radio,1001098,SiriusXM,SiriusXM,,,https://www.siriusxm.com/sports/nba,-1,,,,,,,,,,,,,,home,tv,1658.0,NBC SPORTS BOSTON,NBCSB,,,,1610612738.0,,,,,,,,,,,,,,,,,,,,,,,,,,,,,,,,,,,,,,,,,,,,,,
00,2026-27,10/30/2026 00:00:00,0022600017,20261030/DETBKN,1,7:30 pm ET,3,2026-10-30T00:00:00Z,1900-01-01T19:30:00Z,2026-10-30T19:30:00Z,2026-10-30T04:00:00Z,1900-01-01T23:30:00Z,2026-10-30T23:30:00Z,2026-10-30T19:30:00Z,2026-10-30T19:30:00Z,Fri,10,2,Week 2,false,,Emirates NBA Cup,East Group A,,Barclays Center,NY,Brooklyn,N,,in-season,False,1610612751,Nets,Brooklyn,BKN,nets,0,0,0,0,1610612765,Pistons,Detroit,DET,pistons,0,0,0,0,,,,,,,,,,,,,,,,,,,,,,,,,,,,,,,,,,natl,radio,1001098,SiriusXM,SiriusXM,,,https://www.siriusxm.com/sports/nba,-1,,,,,,,,,,,,,,home,tv,175.0,DAZN (YES),YES,,,,1610612751.0,,,,,,,,,,,,,,,,,,,,,,,,,,,,,,,,,,,,,,,,,,,,,,
00,2026-27,10/30/2026 00:00:00,0022600018,20261030/NYKPHI,1,7:30 pm ET,4,2026-10-30T00:00:00Z,1900-01-01T19:30:00Z,2026-10-30T19:30:00Z,2026-10-30T04:00:00Z,1900-01-01T23:30:00Z,2026-10-30T23:30:00Z,2026-10-30T19:30:00Z,2026-10-30T19:30:00Z,Fri,10,2,Week 2,false,,Emirates NBA Cup,East Group B,,Xfinity Mobile Arena,PA,Philadelphia,N,,in-season,False,1610612755,76ers,Philadelphia,PHI,sixers,0,0,0,0,1610612752,Knicks,New York,NYK,knicks,0,0,0,0,natl,tv,1000664.0,Prime Video,Amazon,,,https://www.amazon.com/gp/video/tournament/amzn1.dv.icid.cf75b42a-68cd-4a1c-993a-a0b3f0575c5f?jic=20%7CCgZTcG9ydHMSA2FsbA%3D%3D&ref_=atv_hm_spo_c_7a7vxF_4_6,-1.0,4.0,,,,,,,,,,,,,,,,,,,,,,,,natl,radio,1001098,SiriusXM,SiriusXM,,,https://www.siriusxm.com/sports/nba,-1,,,,,,,,,,,,,,,,,,,,,,,,,,,,,,,,,,,,,,,,,,,,,,,,,,,,,,,,,,,,,,,,,,,,
00,2026-27,10/30/2026 00:00:00,0022600019,20261030/ORLTOR,1,7:30 pm ET,5,2026-10-30T00:00:00Z,1900-01-01T19:30:00Z,2026-10-30T19:30:00Z,2026-10-30T04:00:00Z,1900-01-01T23:30:00Z,2026-10-30T23:30:00Z,2026-10-30T19:30:00Z,2026-10-30T19:30:00Z,Fri,10,2,Week 2,false,,Emirates NBA Cup,East Group A,,Scotiabank Arena,ON,Toronto,N,,in-season,False,1610612761,Raptors,Toronto,TOR,raptors,0,0,0,0,1610612753,Magic,Orlando,ORL,magic,0,0,0,0,,,,,,,,,,,,,,,,,,,,,,,,,,,,,,,,,,natl,radio,1001098,SiriusXM,SiriusXM,,,https://www.siriusxm.com/sports/nba,-1,,,,,,,,,,,,,,,,,,,,,,,,,,,,,,,,,,,,,,,,,,,,,,,,,,,,,,,,,,,,,,,,,,,,
00,2026-27,10/30/2026 00:00:00,0022600020,20261030/INDMIA,1,8:00 pm ET,6,2026-10-30T00:00:00Z,1900-01-01T20:00:00Z,2026-10-30T20:00:00Z,2026-10-30T04:00:00Z,1900-01-01T00:00:00Z,2026-10-31T00:00:00Z,2026-10-30T20:00:00Z,2026-10-30T20:00:00Z,Fri,10,2,Week 2,false,,Emirates NBA Cup,East Group B,,Kaseya Center,FL,Miami,N,,in-season,False,1610612748,Heat,Miami,MIA,heat,0,0,0,0,1610612754,Pacers,Indiana,IND,pacers,0,0,0,0,,,,,,,,,,,,,,,,,,,,,,,,,,,,,,,,,,natl,radio,1001098,SiriusXM,SiriusXM,,,https://www.siriusxm.com/sports/nba,-1,,,,,,,,,,,,,,home,tv,1001720.0,WPLG Local 10,WPLG,,,https://local10plusplatinum.maz.tv/open?deeplink=local10platinum://item/3776211-3882966?item=44d4cc7fbb9f4bd72cf272489b39eadf-3742525-3848761,1610612748.0,,,,,,,,,,,,,,home,radio,1001523.0,FM 104.3 WQAM / S: WAQI 710,WQAM-FM/WAQI,,,,1610612748.0,,,,,,,,,,,,,,,,,,,,,,,,
00,2026-27,10/30/2026 00:00:00,0022600021,20261030/HOUDAL,1,8:00 pm ET,7,2026-10-30T00:00:00Z,1900-01-01T20:00:00Z,2026-10-30T20:00:00Z,2026-10-30T04:00:00Z,1900-01-01T00:00:00Z,2026-10-31T00:00:00Z,2026-10-30T19:00:00Z,2026-10-30T19:00:00Z,Fri,10,2,Week 2,false,,Emirates NBA Cup,West Group A,,American Airlines Center,TX,Dallas,N,,in-season,False,1610612742,Mavericks,Dallas,DAL,mavericks,0,0,0,0,1610612745,Rockets,Houston,HOU,rockets,0,0,0,0,,,,,,,,,,,,,,,,,,,,,,,,,,,,,,,,,,natl,radio,1001098,SiriusXM,SiriusXM,,,https://www.siriusxm.com/sports/nba,-1,,,,,,,,,,,,,,,,,,,,,,,,,,,,,,,,,,,,,,,,,,,,,,,,,,,,,,,,,,,,,,,,,,,,
00,2026-27,10/30/2026 00:00:00,0022600022,20261030/LACMIN,1,8:00 pm ET,8,2026-10-30T00:00:00Z,1900-01-01T20:00:00Z,2026-10-30T20:00:00Z,2026-10-30T04:00:00Z,1900-01-01T00:00:00Z,2026-10-31T00:00:00Z,2026-10-30T17:00:00Z,2026-10-30T19:00:00Z,Fri,10,2,Week 2,false,,Emirates NBA Cup,West Group B,,Target Center,MN,Minneapolis,N,,in-season,False,1610612750,Timberwolves,Minnesota,MIN,timberwolves,0,0,0,0,1610612746,Clippers,LA,LAC,clippers,0,0,0,0,,,,,,,,,,,,,,,,,,,,,,,,,,,,,,,,,,natl,radio,1001098,SiriusXM,SiriusXM,,,https://www.siriusxm.com/sports/nba,-1,,,,,,,,,,,,,,,,,,,,,,,,,,,,,,,,,,,,,,,,,,,,,,,,,,,,,,,,,,,,,,,,,,,,
00,2026-27,10/30/2026 00:00:00,0022600023,20261030/LALGSW,1,10:00 pm ET,9,2026-10-30T00:00:00Z,1900-01-01T22:00:00Z,2026-10-30T22:00:00Z,2026-10-30T04:00:00Z,1900-01-01T02:00:00Z,2026-10-31T02:00:00Z,2026-10-30T19:00:00Z,2026-10-30T19:00:00Z,Fri,10,2,Week 2,false,,Emirates NBA Cup,West Group C,,Chase Center,CA,San Francisco,N,,in-season,False,1610612744,Warriors,Golden State,GSW,warriors,0,0,0,0,1610612747,Lakers,Los Angeles,LAL,lakers,0,0,0,0,natl,tv,1000664.0,Prime Video,Amazon,,,https://www.amazon.com/gp/video/tournament/amzn1.dv.icid.cf75b42a-68cd-4a1c-993a-a0b3f0575c5f?jic=20%7CCgZTcG9ydHMSA2FsbA%3D%3D&ref_=atv_hm_spo_c_7a7vxF_4_6,-1.0,4.0,,,,,,,,,,,,,,,,,,,,,,,,natl,radio,1001098,SiriusXM,SiriusXM,,,https://www.siriusxm.com/sports/nba,-1,,,,,,,,,,,,,,,,,,,,,,,,,,,,,,,,,,,,,,,,,,,,,,,,,,,,,,,,,,away,radio,1001605.0,ESPN LA 710/980 KFWB,KSPN/KFWB,,,,1610612747.0,,
00,2026-27,10/30/2026 00:00:00,0022600024,20261030/DENPHX,1,10:00 pm ET,10,2026-10-30T00:00:00Z,1900-01-01T22:00:00Z,2026-10-30T22:00:00Z,2026-10-30T04:00:00Z,1900-01-01T02:00:00Z,2026-10-31T02:00:00Z,2026-10-30T20:00:00Z,2026-10-30T19:00:00Z,Fri,10,2,Week 2,false,,Emirates NBA Cup,West Group A,,Mortgage Matchup Center,AZ,Phoenix,N,,in-season,False,1610612756,Suns,Phoenix,PHX,suns,0,0,0,0,1610612743,Nuggets,Denver,DEN,nuggets,0,0,0,0,,,,,,,,,,,,,,,,,,,,,,,,,,,,,,,,,,natl,radio,1001098,SiriusXM,SiriusXM,,,https://www.siriusxm.com/sports/nba,-1,,,,,,,,,,,,,,,,,,,,,,,,,,,,,,,,,,,,,,,,,,,,,,,,,,,,,,,,,,,,,,,,,,,,
00,2026-27,10/31/2026 00:00:00,0022600147,20261031/PORUTA,1,3:00 pm ET,1,2026-10-31T00:00:00Z,1900-01-01T15:00:00Z,2026-10-31T15:00:00Z,2026-10-31T04:00:00Z,1900-01-01T19:00:00Z,2026-10-31T19:00:00Z,2026-10-31T12:00:00Z,2026-10-31T13:00:00Z,Sat,10,2,Week 2,false,,,,,Delta Center,UT,Salt Lake City,N,,,False,1610612762,Jazz,Utah,UTA,jazz,0,0,0,0,1610612757,Trail Blazers,Portland,POR,blazers,0,0,0,0,,,,,,,,,,,,,,,,,,,,,,,,,,,,,,,,,,natl,radio,1001098,SiriusXM,SiriusXM,,,https://www.siriusxm.com/sports/nba,-1,,,,,,,,,,,,,,,,,,,,,,,,,,,,,,,,,,,,,,,,,,,,,,,away,tv,1001196.0,KUNP,KUNP,,,,1610612757.0,,,away,radio,1472.0,Rip City Radio 620,KPOJ,,,,1610612757.0,,
00,2026-27,10/31/2026 00:00:00,0022600148,20261031/PHICHA,1,6:00 pm ET,2,2026-10-31T00:00:00Z,1900-01-01T18:00:00Z,2026-10-31T18:00:00Z,2026-10-31T04:00:00Z,1900-01-01T22:00:00Z,2026-10-31T22:00:00Z,2026-10-31T18:00:00Z,2026-10-31T18:00:00Z,Sat,10,2,Week 2,false,,,,,Spectrum Center,NC,Charlotte,N,,,False,1610612766,Hornets,Charlotte,CHA,hornets,0,0,0,0,1610612755,76ers,Philadelphia,PHI,sixers,0,0,0,0,natl,tv,7.0,NBA TV,NBA TV,Watch with League Pass or your TV subscription,,,-1.0,,,,,,,,,,,,,,,,,,,,,,,,,natl,radio,1001098,SiriusXM,SiriusXM,,,https://www.siriusxm.com/sports/nba,-1,,,,,,,,,,,,,,,,,,,,,,,,,,,,,,,,,,,,,,,,,,,,,,,,,,,,,,,,,,,,,,,,,,,,
00,2026-27,10/31/2026 00:00:00,0022600149,20261031/ATLNOP,1,7:00 pm ET,3,2026-10-31T00:00:00Z,1900-01-01T19:00:00Z,2026-10-31T19:00:00Z,2026-10-31T04:00:00Z,1900-01-01T23:00:00Z,2026-10-31T23:00:00Z,2026-10-31T19:00:00Z,2026-10-31T18:00:00Z,Sat,10,2,Week 2,false,,,,,Smoothie King Center,LA,New Orleans,N,,,False,1610612740,Pelicans,New Orleans,NOP,pelicans,0,0,0,0,1610612737,Hawks,Atlanta,ATL,hawks,0,0,0,0,,,,,,,,,,,,,,,,,,,,,,,,,,,,,,,,,,natl,radio,1001098,SiriusXM,SiriusXM,,,https://www.siriusxm.com/sports/nba,-1,,,,,,,,,,,,,,,,,,,,,,,,,,,,,,,,,,,,,,,,,,,,,,,,,,,,,,,,,,,,,,,,,,,,
00,2026-27,10/31/2026 00:00:00,0022600150,20261031/SACMEM,1,8:00 pm ET,4,2026-10-31T00:00:00Z,1900-01-01T20:00:00Z,2026-10-31T20:00:00Z,2026-10-31T04:00:00Z,1900-01-01T00:00:00Z,2026-11-01T00:00:00Z,2026-10-31T17:00:00Z,2026-10-31T19:00:00Z,Sat,10,2,Week 2,false,,,,,FedExForum,TN,Memphis,N,,,False,1610612763,Grizzlies,Memphis,MEM,grizzlies,0,0,0,0,1610612758,Kings,Sacramento,SAC,kings,0,0,0,0,,,,,,,,,,,,,,,,,,,,,,,,,,,,,,,,,,natl,radio,1001098,SiriusXM,SiriusXM,,,https://www.siriusxm.com/sports/nba,-1,,,,,,,,,,,,,,,,,,,,,,,,,,,,,,,,,,,,,,,,,,,,,,,away,tv,1027.0,NBCSCA,NBCSCA,,,,1610612758.0,,,,,,,,,,,,,
00,2026-27,10/31/2026 00:00:00,0022600151,20261031/CLEMIL,1,8:00 pm ET,5,2026-10-31T00:00:00Z,1900-01-01T20:00:00Z,2026-10-31T20:00:00Z,2026-10-31T04:00:00Z,1900-01-01T00:00:00Z,2026-11-01T00:00:00Z,2026-10-31T20:00:00Z,2026-10-31T19:00:00Z,Sat,10,2,Week 2,false,,,,,Fiserv Forum,WI,Milwaukee,N,,,False,1610612749,Bucks,Milwaukee,MIL,bucks,0,0,0,0,1610612739,Cavaliers,Cleveland,CLE,cavaliers,0,0,0,0,,,,,,,,,,,,,,,,,,,,,,,,,,,,,,,,,,natl,radio,1001098,SiriusXM,SiriusXM,,,https://www.siriusxm.com/sports/nba,-1,,,,,,,,,,,,,,,,,,,,,,,,,,,,,,,,,,,,,,,,,,,,,,,,,,,,,,,,,,,,,,,,,,,,
00,2026-27,10/31/2026 00:00:00,0022600152,20261031/MINSAS,1,8:00 pm ET,6,2026-10-31T00:00:00Z,1900-01-01T20:00:00Z,2026-10-31T20:00:00Z,2026-10-31T04:00:00Z,1900-01-01T00:00:00Z,2026-11-01T00:00:00Z,2026-10-31T19:00:00Z,2026-10-31T19:00:00Z,Sat,10,2,Week 2,false,,,,,Frost Bank Center,TX,San Antonio,N,,,False,1610612759,Spurs,San Antonio,SAS,spurs,0,0,0,0,1610612750,Timberwolves,Minnesota,MIN,timberwolves,0,0,0,0,,,,,,,,,,,,,,,,,,,,,,,,,,,,,,,,,,natl,radio,1001098,SiriusXM,SiriusXM,,,https://www.siriusxm.com/sports/nba,-1,,,,,,,,,,,,,,,,,,,,,,,,,,,,,,,,,,,,,,,,,,,,,,,,,,,,,,,,,,,,,,,,,,,,
00,2026-27,10/31/2026 00:00:00,0022600153,20261031/OKCHOU,1,8:30 pm ET,7,2026-10-31T00:00:00Z,1900-01-01T20:30:00Z,2026-10-31T20:30:00Z,2026-10-31T04:00:00Z,1900-01-01T00:30:00Z,2026-11-01T00:30:00Z,2026-10-31T19:30:00Z,2026-10-31T19:30:00Z,Sat,10,2,Week 2,false,,,,,Toyota Center,TX,Houston,N,,,False,1610612745,Rockets,Houston,HOU,rockets,0,0,0,0,1610612760,Thunder,Oklahoma City,OKC,thunder,0,0,0,0,natl,tv,7.0,NBA TV,NBA TV,Watch with League Pass or your TV subscription,,,-1.0,,,,,,,,,,,,,,,,,,,,,,,,,natl,radio,1001098,SiriusXM,SiriusXM,,,https://www.siriusxm.com/sports/nba,-1,,,,,,,,,,,,,,,,,,,,,,,,,,,,,,,,,,,,,,,,,,,,,,,,,,,,,,,,,,,,,,,,,,,,
00,2026-27,11/01/2026 00:00:00,0022600154,20261101/BOSORL,1,3:30 pm ET,1,2026-11-01T00:00:00Z,1900-01-01T15:30:00Z,2026-11-01T15:30:00Z,2026-11-01T04:00:00Z,1900-01-01T20:30:00Z,2026-11-01T20:30:00Z,2026-11-01T15:30:00Z,2026-11-01T15:30:00Z,Sun,11,2,Week 2,false,,,,,Kia Center,FL,Orlando,N,,,False,1610612753,Magic,Orlando,ORL,magic,0,0,0,0,1610612738,Celtics,Boston,BOS,celtics,0,0,0,0,,,,,,,,,,,,,,,,,,,,,,,,,,,,,,,,,,natl,radio,1001098,SiriusXM,SiriusXM,,,https://www.siriusxm.com/sports/nba,-1,,,,,,,,,,,,,,,,,,,,,,,,,,,,,,,,,,,,,,,,,,,,,,,away,tv,1658.0,NBC SPORTS BOSTON,NBCSB,,,,1610612738.0,,,,,,,,,,,,,
00,2026-27,11/01/2026 00:00:00,0022600155,20261101/BKNIND,1,5:00 pm ET,2,2026-11-01T00:00:00Z,1900-01-01T17:00:00Z,2026-11-01T17:00:00Z,2026-11-01T04:00:00Z,1900-01-01T22:00:00Z,2026-11-01T22:00:00Z,2026-11-01T17:00:00Z,2026-11-01T17:00:00Z,Sun,11,2,Week 2,false,,,,,Gainbridge Fieldhouse,IN,Indianapolis,N,,,False,1610612754,Pacers,Indiana,IND,pacers,0,0,0,0,1610612751,Nets,Brooklyn,BKN,nets,0,0,0,0,,,,,,,,,,,,,,,,,,,,,,,,,,,,,,,,,,natl,radio,1001098,SiriusXM,SiriusXM,,,https://www.siriusxm.com/sports/nba,-1,,,,,,,,,,,,,,,,,,,,,,,,,,,,,,,,,,,,,,,,,,,,,,,away,tv,175.0,DAZN (YES),YES,,,,1610612751.0,,,,,,,,,,,,,
00,2026-27,11/01/2026 00:00:00,0022600156,20261101/LACGSW,1,8:30 pm ET,3,2026-11-01T00:00:00Z,1900-01-01T20:30:00Z,2026-11-01T20:30:00Z,2026-11-01T04:00:00Z,1900-01-01T01:30:00Z,2026-11-02T01:30:00Z,2026-11-01T17:30:00Z,2026-11-01T17:30:00Z,Sun,11,2,Week 2,false,,,,,Chase Center,CA,San Francisco,N,,,False,1610612744,Warriors,Golden State,GSW,warriors,0,0,0,0,1610612746,Clippers,LA,LAC,clippers,0,0,0,0,,,,,,,,,,,,,,,,,,,,,,,,,,,,,,,,,,natl,radio,1001098,SiriusXM,SiriusXM,,,https://www.siriusxm.com/sports/nba,-1,,,,,,,,,,,,,,home,tv,1097.0,NBCSBA,NBCSBA,,,,1610612744.0,,,,,,,,,,,,,,,,,,,,,,,,,,,,,,,,,,,,,,,,,,,,,,
00,2026-27,11/01/2026 00:00:00,0022600157,20261101/TORLAL,1,9:00 pm ET,4,2026-11-01T00:00:00Z,1900-01-01T21:00:00Z,2026-11-01T21:00:00Z,2026-11-01T04:00:00Z,1900-01-01T02:00:00Z,2026-11-02T02:00:00Z,2026-11-01T21:00:00Z,2026-11-01T18:00:00Z,Sun,11,2,Week 2,false,,,,,Crypto.com Arena,CA,Los Angeles,N,,,False,1610612747,Lakers,Los Angeles,LAL,lakers,0,0,0,0,1610612761,Raptors,Toronto,TOR,raptors,0,0,0,0,,,,,,,,,,,,,,,,,,,,,,,,,,,,,,,,,,natl,radio,1001098,SiriusXM,SiriusXM,,,https://www.siriusxm.com/sports/nba,-1,,,,,,,,,,,,,,home,tv,1651.0,Spectrum SportsNet,SPECSN,,,,1610612747.0,,,,,,,,,,,,,,home,radio,1001605.0,ESPN LA 710/980 KFWB,KSPN/KFWB,,,,1610612747.0,,,,,,,,,,,,,,,,,,,,,,,,
00,2026-27,11/02/2026 00:00:00,0022600158,20261102/OKCCLE,1,7:00 pm ET,1,2026-11-02T00:00:00Z,1900-01-01T19:00:00Z,2026-11-02T19:00:00Z,2026-11-02T05:00:00Z,1900-01-01T00:00:00Z,2026-11-03T00:00:00Z,2026-11-02T18:00:00Z,2026-11-02T19:00:00Z,Mon,11,3,Week 3,false,,,,,Rocket Arena,OH,Cleveland,N,,,False,1610612739,Cavaliers,Cleveland,CLE,cavaliers,0,0,0,0,1610612760,Thunder,Oklahoma City,OKC,thunder,0,0,0,0,natl,tv,1001453.0,Peacock,Peacock,,,https://peacocktv.app.link/pC3RZuOQ95b,-1.0,3.0,,natl,tv,1001488.0,NBC Sports Network,NBCSN,,,,-1.0,7.0,National,,,,,,,,,,,,natl,radio,1001098,SiriusXM,SiriusXM,,,https://www.siriusxm.com/sports/nba,-1,,,,,,,,,,,,,,,,,,,,,,,,,,,,,,,,,,,,,,,,,,,,,,,,,,,,,,,,,,,,,,,,,,,,
00,2026-27,11/02/2026 00:00:00,0022600159,20261102/DETCHA,1,7:30 pm ET,2,2026-11-02T00:00:00Z,1900-01-01T19:30:00Z,2026-11-02T19:30:00Z,2026-11-02T05:00:00Z,1900-01-01T00:30:00Z,2026-11-03T00:30:00Z,2026-11-02T19:30:00Z,2026-11-02T19:30:00Z,Mon,11,3,Week 3,false,,,,,Spectrum Center,NC,Charlotte,N,,,False,1610612766,Hornets,Charlotte,CHA,hornets,0,0,0,0,1610612765,Pistons,Detroit,DET,pistons,0,0,0,0,,,,,,,,,,,,,,,,,,,,,,,,,,,,,,,,,,natl,radio,1001098,SiriusXM,SiriusXM,,,https://www.siriusxm.com/sports/nba,-1,,,,,,,,,,,,,,,,,,,,,,,,,,,,,,,,,,,,,,,,,,,,,,,,,,,,,,,,,,,,,,,,,,,,
00,2026-27,11/02/2026 00:00:00,0022600160,20261102/ATLIND,1,7:30 pm ET,3,2026-11-02T00:00:00Z,1900-01-01T19:30:00Z,2026-11-02T19:30:00Z,2026-11-02T05:00:00Z,1900-01-01T00:30:00Z,2026-11-03T00:30:00Z,2026-11-02T19:30:00Z,2026-11-02T19:30:00Z,Mon,11,3,Week 3,false,,,,,Gainbridge Fieldhouse,IN,Indianapolis,N,,,False,1610612754,Pacers,Indiana,IND,pacers,0,0,0,0,1610612737,Hawks,Atlanta,ATL,hawks,0,0,0,0,,,,,,,,,,,,,,,,,,,,,,,,,,,,,,,,,,natl,radio,1001098,SiriusXM,SiriusXM,,,https://www.siriusxm.com/sports/nba,-1,,,,,,,,,,,,,,,,,,,,,,,,,,,,,,,,,,,,,,,,,,,,,,,,,,,,,,,,,,,,,,,,,,,,
00,2026-27,11/02/2026 00:00:00,0022600161,20261102/BKNNYK,1,7:30 pm ET,4,2026-11-02T00:00:00Z,1900-01-01T19:30:00Z,2026-11-02T19:30:00Z,2026-11-02T05:00:00Z,1900-01-01T00:30:00Z,2026-11-03T00:30:00Z,2026-11-02T19:30:00Z,2026-11-02T19:30:00Z,Mon,11,3,Week 3,false,,,,,Madison Square Garden,NY,New York,N,,,False,1610612752,Knicks,New York,NYK,knicks,0,0,0,0,1610612751,Nets,Brooklyn,BKN,nets,0,0,0,0,,,,,,,,,,,,,,,,,,,,,,,,,,,,,,,,,,natl,radio,1001098,SiriusXM,SiriusXM,,,https://www.siriusxm.com/sports/nba,-1,,,,,,,,,,,,,,,,,,,,,,,,,,,,,,,,,,,,,,,,,,,,,,,away,tv,175.0,DAZN (YES),YES,,,,1610612751.0,,,,,,,,,,,,,
00,2026-27,11/02/2026 00:00:00,0022600162,20261102/WASORL,1,7:30 pm ET,5,2026-11-02T00:00:00Z,1900-01-01T19:30:00Z,2026-11-02T19:30:00Z,2026-11-02T05:00:00Z,1900-01-01T00:30:00Z,2026-11-03T00:30:00Z,2026-11-02T19:30:00Z,2026-11-02T19:30:00Z,Mon,11,3,Week 3,false,,,,,Kia Center,FL,Orlando,N,,,False,1610612753,Magic,Orlando,ORL,magic,0,0,0,0,1610612764,Wizards,Washington,WAS,wizards,0,0,0,0,,,,,,,,,,,,,,,,,,,,,,,,,,,,,,,,,,natl,radio,1001098,SiriusXM,SiriusXM,,,https://www.siriusxm.com/sports/nba,-1,,,,,,,,,,,,,,,,,,,,,,,,,,,,,,,,,,,,,,,,,,,,,,,,,,,,,,,,,,,,,,,,,,,,
00,2026-27,11/02/2026 00:00:00,0022600163,20261102/CHIPHI,1,7:30 pm ET,6,2026-11-02T00:00:00Z,1900-01-01T19:30:00Z,2026-11-02T19:30:00Z,2026-11-02T05:00:00Z,1900-01-01T00:30:00Z,2026-11-03T00:30:00Z,2026-11-02T18:30:00Z,2026-11-02T19:30:00Z,Mon,11,3,Week 3,false,,,,,Xfinity Mobile Arena,PA,Philadelphia,N,,,False,1610612755,76ers,Philadelphia,PHI,sixers,0,0,0,0,1610612741,Bulls,Chicago,CHI,bulls,0,0,0,0,,,,,,,,,,,,,,,,,,,,,,,,,,,,,,,,,,natl,radio,1001098,SiriusXM,SiriusXM,,,https://www.siriusxm.com/sports/nba,-1,,,,,,,,,,,,,,,,,,,,,,,,,,,,,,,,,,,,,,,,,,,,,,,,,,,,,,,,,,,,,,,,,,,,
00,2026-27,11/02/2026 00:00:00,0022600164,20261102/SACDAL,1,8:00 pm ET,7,2026-11-02T00:00:00Z,1900-01-01T20:00:00Z,2026-11-02T20:00:00Z,2026-11-02T05:00:00Z,1900-01-01T01:00:00Z,2026-11-03T01:00:00Z,2026-11-02T17:00:00Z,2026-11-02T19:00:00Z,Mon,11,3,Week 3,false,,,,,American Airlines Center,TX,Dallas,N,,,False,1610612742,Mavericks,Dallas,DAL,mavericks,0,0,0,0,1610612758,Kings,Sacramento,SAC,kings,0,0,0,0,,,,,,,,,,,,,,,,,,,,,,,,,,,,,,,,,,natl,radio,1001098,SiriusXM,SiriusXM,,,https://www.siriusxm.com/sports/nba,-1,,,,,,,,,,,,,,,,,,,,,,,,,,,,,,,,,,,,,,,,,,,,,,,away,tv,1027.0,NBCSCA,NBCSCA,,,,1610612758.0,,,,,,,,,,,,,
00,2026-27,11/02/2026 00:00:00,0022600165,20261102/NOPMEM,1,8:00 pm ET,8,2026-11-02T00:00:00Z,1900-01-01T20:00:00Z,2026-11-02T20:00:00Z,2026-11-02T05:00:00Z,1900-01-01T01:00:00Z,2026-11-03T01:00:00Z,2026-11-02T19:00:00Z,2026-11-02T19:00:00Z,Mon,11,3,Week 3,false,,,,,FedExForum,TN,Memphis,N,,,False,1610612763,Grizzlies,Memphis,MEM,grizzlies,0,0,0,0,1610612740,Pelicans,New Orleans,NOP,pelicans,0,0,0,0,,,,,,,,,,,,,,,,,,,,,,,,,,,,,,,,,,natl,radio,1001098,SiriusXM,SiriusXM,,,https://www.siriusxm.com/sports/nba,-1,,,,,,,,,,,,,,,,,,,,,,,,,,,,,,,,,,,,,,,,,,,,,,,,,,,,,,,,,,,,,,,,,,,,
00,2026-27,11/02/2026 00:00:00,0022600166,20261102/MILMIN,1,8:00 pm ET,9,2026-11-02T00:00:00Z,1900-01-01T20:00:00Z,2026-11-02T20:00:00Z,2026-11-02T05:00:00Z,1900-01-01T01:00:00Z,2026-11-03T01:00:00Z,2026-11-02T19:00:00Z,2026-11-02T19:00:00Z,Mon,11,3,Week 3,false,,,,,Target Center,MN,Minneapolis,N,,,False,1610612750,Timberwolves,Minnesota,MIN,timberwolves,0,0,0,0,1610612749,Bucks,Milwaukee,MIL,bucks,0,0,0,0,,,,,,,,,,,,,,,,,,,,,,,,,,,,,,,,,,natl,radio,1001098,SiriusXM,SiriusXM,,,https://www.siriusxm.com/sports/nba,-1,,,,,,,,,,,,,,,,,,,,,,,,,,,,,,,,,,,,,,,,,,,,,,,,,,,,,,,,,,,,,,,,,,,,
00,2026-27,11/02/2026 00:00:00,0022600167,20261102/BOSHOU,1,8:30 pm ET,10,2026-11-02T00:00:00Z,1900-01-01T20:30:00Z,2026-11-02T20:30:00Z,2026-11-02T05:00:00Z,1900-01-01T01:30:00Z,2026-11-03T01:30:00Z,2026-11-02T20:30:00Z,2026-11-02T19:30:00Z,Mon,11,3,Week 3,false,,,,,Toyota Center,TX,Houston,N,,,False,1610612745,Rockets,Houston,HOU,rockets,0,0,0,0,1610612738,Celtics,Boston,BOS,celtics,0,0,0,0,,,,,,,,,,,,,,,,,,,,,,,,,,,,,,,,,,natl,radio,1001098,SiriusXM,SiriusXM,,,https://www.siriusxm.com/sports/nba,-1,,,,,,,,,,,,,,,,,,,,,,,,,,,,,,,,,,,,,,,,,,,,,,,away,tv,1658.0,NBC SPORTS BOSTON,NBCSB,,,,1610612738.0,,,,,,,,,,,,,
00,2026-27,11/02/2026 00:00:00,0022600168,20261102/UTASAS,1,8:30 pm ET,11,2026-11-02T00:00:00Z,1900-01-01T20:30:00Z,2026-11-02T20:30:00Z,2026-11-02T05:00:00Z,1900-01-01T01:30:00Z,2026-11-03T01:30:00Z,2026-11-02T18:30:00Z,2026-11-02T19:30:00Z,Mon,11,3,Week 3,false,,,,,Frost Bank Center,TX,San Antonio,N,,,False,1610612759,Spurs,San Antonio,SAS,spurs,0,0,0,0,1610612762,Jazz,Utah,UTA,jazz,0,0,0,0,,,,,,,,,,,,,,,,,,,,,,,,,,,,,,,,,,natl,radio,1001098,SiriusXM,SiriusXM,,,https://www.siriusxm.com/sports/nba,-1,,,,,,,,,,,,,,,,,,,,,,,,,,,,,,,,,,,,,,,,,,,,,,,,,,,,,,,,,,,,,,,,,,,,
00,2026-27,11/02/2026 00:00:00,0022600169,20261102/PORDEN,1,9:00 pm ET,12,2026-11-02T00:00:00Z,1900-01-01T21:00:00Z,2026-11-02T21:00:00Z,2026-11-02T05:00:00Z,1900-01-01T02:00:00Z,2026-11-03T02:00:00Z,2026-11-02T18:00:00Z,2026-11-02T19:00:00Z,Mon,11,3,Week 3,false,,,,,Ball Arena,CO,Denver,N,,,False,1610612743,Nuggets,Denver,DEN,nuggets,0,0,0,0,1610612757,Trail Blazers,Portland,POR,blazers,0,0,0,0,,,,,,,,,,,,,,,,,,,,,,,,,,,,,,,,,,natl,radio,1001098,SiriusXM,SiriusXM,,,https://www.siriusxm.com/sports/nba,-1,,,,,,,,,,,,,,,,,,,,,,,,,,,,,,,,,,,,,,,,,,,,,,,away,tv,1001196.0,KUNP,KUNP,,,,1610612757.0,,,away,radio,1472.0,Rip City Radio 620,KPOJ,,,,1610612757.0,,
00,2026-27,11/02/2026 00:00:00,0022600170,20261102/PHXGSW,1,10:00 pm ET,13,2026-11-02T00:00:00Z,1900-01-01T22:00:00Z,2026-11-02T22:00:00Z,2026-11-02T05:00:00Z,1900-01-01T03:00:00Z,2026-11-03T03:00:00Z,2026-11-02T20:00:00Z,2026-11-02T19:00:00Z,Mon,11,3,Week 3,false,,,,,Chase Center,CA,San Francisco,N,,,False,1610612744,Warriors,Golden State,GSW,warriors,0,0,0,0,1610612756,Suns,Phoenix,PHX,suns,0,0,0,0,,,,,,,,,,,,,,,,,,,,,,,,,,,,,,,,,,natl,radio,1001098,SiriusXM,SiriusXM,,,https://www.siriusxm.com/sports/nba,-1,,,,,,,,,,,,,,home,tv,1097.0,NBCSBA,NBCSBA,,,,1610612744.0,,,,,,,,,,,,,,,,,,,,,,,,,,,,,,,,,,,,,,,,,,,,,,
00,2026-27,11/02/2026 00:00:00,0022600171,20261102/TORLAC,1,10:00 pm ET,14,2026-11-02T00:00:00Z,1900-01-01T22:00:00Z,2026-11-02T22:00:00Z,2026-11-02T05:00:00Z,1900-01-01T03:00:00Z,2026-11-03T03:00:00Z,2026-11-02T22:00:00Z,2026-11-02T19:00:00Z,Mon,11,3,Week 3,false,,,,,Intuit Dome,CA,Inglewood,N,,,False,1610612746,Clippers,LA,LAC,clippers,0,0,0,0,1610612761,Raptors,Toronto,TOR,raptors,0,0,0,0,,,,,,,,,,,,,,,,,,,,,,,,,,,,,,,,,,natl,radio,1001098,SiriusXM,SiriusXM,,,https://www.siriusxm.com/sports/nba,-1,,,,,,,,,,,,,,,,,,,,,,,,,,,,,,,,,,,,,,,,,,,,,,,,,,,,,,,,,,,,,,,,,,,,
00,2026-27,11/02/2026 00:00:00,0022600172,20261102/MIALAL,1,10:00 pm ET,15,2026-11-02T00:00:00Z,1900-01-01T22:00:00Z,2026-11-02T22:00:00Z,2026-11-02T05:00:00Z,1900-01-01T03:00:00Z,2026-11-03T03:00:00Z,2026-11-02T22:00:00Z,2026-11-02T19:00:00Z,Mon,11,3,Week 3,false,,,,,Crypto.com Arena,CA,Los Angeles,N,,,False,1610612747,Lakers,Los Angeles,LAL,lakers,0,0,0,0,1610612748,Heat,Miami,MIA,heat,0,0,0,0,,,,,,,,,,,,,,,,,,,,,,,,,,,,,,,,,,natl,radio,1001098,SiriusXM,SiriusXM,,,https://www.siriusxm.com/sports/nba,-1,,,,,,,,,,,,,,home,tv,1651.0,Spectrum SportsNet,SPECSN,,,,1610612747.0,,,,,,,,,,,,,,home,radio,1001605.0,ESPN LA 710/980 KFWB,KSPN/KFWB,,,,1610612747.0,,,away,tv,1001720.0,WPLG Local 10,WPLG,,,https://local10plusplatinum.maz.tv/open?deeplink=local10platinum://item/3776211-3882966?item=44d4cc7fbb9f4bd72cf272489b39eadf-3742525-3848761,1610612748.0,,,away,radio,1001523.0,FM 104.3 WQAM / S: WAQI 710,WQAM-FM/WAQI,,,,1610612748.0,,
00,2026-27,11/04/2026 00:00:00,0022600173,20261104/PHIDET,1,7:00 pm ET,1,2026-11-04T00:00:00Z,1900-01-01T19:00:00Z,2026-11-04T19:00:00Z,2026-11-04T05:00:00Z,1900-01-01T00:00:00Z,2026-11-05T00:00:00Z,2026-11-04T19:00:00Z,2026-11-04T19:00:00Z,Wed,11,3,Week 3,false,,,,,Little Caesars Arena,MI,Detroit,N,,,False,1610612765,Pistons,Detroit,DET,pistons,0,0,0,0,1610612755,76ers,Philadelphia,PHI,sixers,0,0,0,0,natl,tv,2.0,ESPN,ESPN,,,https://www.espn.com/watch/catalog/7b3729c9-7f69-308a-bf8a-ee15a6aba154/nba#bucketId=29446&sourceCollection=Featured_Sports_,-1.0,2.0,,,,,,,,,,,,,,,,,,,,,,,,natl,radio,1001098,SiriusXM,SiriusXM,,,https://www.siriusxm.com/sports/nba,-1,,,,,,,,,,,,,,,,,,,,,,,,,,,,,,,,,,,,,,,,,,,,,,,,,,,,,,,,,,,,,,,,,,,,
00,2026-27,11/04/2026 00:00:00,0022600174,20261104/ATLWAS,1,7:00 pm ET,2,2026-11-04T00:00:00Z,1900-01-01T19:00:00Z,2026-11-04T19:00:00Z,2026-11-04T05:00:00Z,1900-01-01T00:00:00Z,2026-11-05T00:00:00Z,2026-11-04T19:00:00Z,2026-11-04T19:00:00Z,Wed,11,3,Week 3,false,,,,,Capital One Arena,DC,Washington,N,,,False,1610612764,Wizards,Washington,WAS,wizards,0,0,0,0,1610612737,Hawks,Atlanta,ATL,hawks,0,0,0,0,,,,,,,,,,,,,,,,,,,,,,,,,,,,,,,,,,natl,radio,1001098,SiriusXM,SiriusXM,,,https://www.siriusxm.com/sports/nba,-1,,,,,,,,,,,,,,,,,,,,,,,,,,,,,,,,,,,,,,,,,,,,,,,,,,,,,,,,,,,,,,,,,,,,
00,2026-27,11/04/2026 00:00:00,0022600175,20261104/MILBOS,1,7:30 pm ET,3,2026-11-04T00:00:00Z,1900-01-01T19:30:00Z,2026-11-04T19:30:00Z,2026-11-04T05:00:00Z,1900-01-01T00:30:00Z,2026-11-05T00:30:00Z,2026-11-04T18:30:00Z,2026-11-04T19:30:00Z,Wed,11,3,Week 3,false,,,,,TD Garden,MA,Boston,N,,,False,1610612738,Celtics,Boston,BOS,celtics,0,0,0,0,1610612749,Bucks,Milwaukee,MIL,bucks,0,0,0,0,,,,,,,,,,,,,,,,,,,,,,,,,,,,,,,,,,natl,radio,1001098,SiriusXM,SiriusXM,,,https://www.siriusxm.com/sports/nba,-1,,,,,,,,,,,,,,home,tv,1658.0,NBC SPORTS BOSTON,NBCSB,,,,1610612738.0,,,,,,,,,,,,,,,,,,,,,,,,,,,,,,,,,,,,,,,,,,,,,,
00,2026-27,11/04/2026 00:00:00,0022600176,20261104/CHABKN,1,7:30 pm ET,4,2026-11-04T00:00:00Z,1900-01-01T19:30:00Z,2026-11-04T19:30:00Z,2026-11-04T05:00:00Z,1900-01-01T00:30:00Z,2026-11-05T00:30:00Z,2026-11-04T19:30:00Z,2026-11-04T19:30:00Z,Wed,11,3,Week 3,false,,,,,Barclays Center,NY,Brooklyn,N,,,False,1610612751,Nets,Brooklyn,BKN,nets,0,0,0,0,1610612766,Hornets,Charlotte,CHA,hornets,0,0,0,0,,,,,,,,,,,,,,,,,,,,,,,,,,,,,,,,,,natl,radio,1001098,SiriusXM,SiriusXM,,,https://www.siriusxm.com/sports/nba,-1,,,,,,,,,,,,,,home,tv,175.0,DAZN (YES),YES,,,,1610612751.0,,,,,,,,,,,,,,,,,,,,,,,,,,,,,,,,,,,,,,,,,,,,,,
00,2026-27,11/04/2026 00:00:00,0022600177,20261104/CHINYK,1,7:30 pm ET,5,2026-11-04T00:00:00Z,1900-01-01T19:30:00Z,2026-11-04T19:30:00Z,2026-11-04T05:00:00Z,1900-01-01T00:30:00Z,2026-11-05T00:30:00Z,2026-11-04T18:30:00Z,2026-11-04T19:30:00Z,Wed,11,3,Week 3,false,,,,,Madison Square Garden,NY,New York,N,,,False,1610612752,Knicks,New York,NYK,knicks,0,0,0,0,1610612741,Bulls,Chicago,CHI,bulls,0,0,0,0,,,,,,,,,,,,,,,,,,,,,,,,,,,,,,,,,,natl,radio,1001098,SiriusXM,SiriusXM,,,https://www.siriusxm.com/sports/nba,-1,,,,,,,,,,,,,,,,,,,,,,,,,,,,,,,,,,,,,,,,,,,,,,,,,,,,,,,,,,,,,,,,,,,,
00,2026-27,11/04/2026 00:00:00,0022600178,20261104/INDMEM,1,8:00 pm ET,6,2026-11-04T00:00:00Z,1900-01-01T20:00:00Z,2026-11-04T20:00:00Z,2026-11-04T05:00:00Z,1900-01-01T01:00:00Z,2026-11-05T01:00:00Z,2026-11-04T20:00:00Z,2026-11-04T19:00:00Z,Wed,11,3,Week 3,false,,,,,FedExForum,TN,Memphis,N,,,False,1610612763,Grizzlies,Memphis,MEM,grizzlies,0,0,0,0,1610612754,Pacers,Indiana,IND,pacers,0,0,0,0,,,,,,,,,,,,,,,,,,,,,,,,,,,,,,,,,,natl,radio,1001098,SiriusXM,SiriusXM,,,https://www.siriusxm.com/sports/nba,-1,,,,,,,,,,,,,,,,,,,,,,,,,,,,,,,,,,,,,,,,,,,,,,,,,,,,,,,,,,,,,,,,,,,,
00,2026-27,11/04/2026 00:00:00,0022600179,20261104/UTANOP,1,8:00 pm ET,7,2026-11-04T00:00:00Z,1900-01-01T20:00:00Z,2026-11-04T20:00:00Z,2026-11-04T05:00:00Z,1900-01-01T01:00:00Z,2026-11-05T01:00:00Z,2026-11-04T18:00:00Z,2026-11-04T19:00:00Z,Wed,11,3,Week 3,false,,,,,Smoothie King Center,LA,New Orleans,N,,,False,1610612740,Pelicans,New Orleans,NOP,pelicans,0,0,0,0,1610612762,Jazz,Utah,UTA,jazz,0,0,0,0,,,,,,,,,,,,,,,,,,,,,,,,,,,,,,,,,,natl,radio,1001098,SiriusXM,SiriusXM,,,https://www.siriusxm.com/sports/nba,-1,,,,,,,,,,,,,,,,,,,,,,,,,,,,,,,,,,,,,,,,,,,,,,,,,,,,,,,,,,,,,,,,,,,,
00,2026-27,11/04/2026 00:00:00,0022600180,20261104/CLEOKC,1,8:00 pm ET,8,2026-11-04T00:00:00Z,1900-01-01T20:00:00Z,2026-11-04T20:00:00Z,2026-11-04T05:00:00Z,1900-01-01T01:00:00Z,2026-11-05T01:00:00Z,2026-11-04T20:00:00Z,2026-11-04T19:00:00Z,Wed,11,3,Week 3,false,,,,,Paycom Center,OK,Oklahoma City,N,,,False,1610612760,Thunder,Oklahoma City,OKC,thunder,0,0,0,0,1610612739,Cavaliers,Cleveland,CLE,cavaliers,0,0,0,0,,,,,,,,,,,,,,,,,,,,,,,,,,,,,,,,,,natl,radio,1001098,SiriusXM,SiriusXM,,,https://www.siriusxm.com/sports/nba,-1,,,,,,,,,,,,,,,,,,,,,,,,,,,,,,,,,,,,,,,,,,,,,,,,,,,,,,,,,,,,,,,,,,,,
00,2026-27,11/04/2026 00:00:00,0022600181,20261104/MINHOU,1,8:30 pm ET,9,2026-11-04T00:00:00Z,1900-01-01T20:30:00Z,2026-11-04T20:30:00Z,2026-11-04T05:00:00Z,1900-01-01T01:30:00Z,2026-11-05T01:30:00Z,2026-11-04T19:30:00Z,2026-11-04T19:30:00Z,Wed,11,3,Week 3,false,,,,,Toyota Center,TX,Houston,N,,,False,1610612745,Rockets,Houston,HOU,rockets,0,0,0,0,1610612750,Timberwolves,Minnesota,MIN,timberwolves,0,0,0,0,,,,,,,,,,,,,,,,,,,,,,,,,,,,,,,,,,natl,radio,1001098,SiriusXM,SiriusXM,,,https://www.siriusxm.com/sports/nba,-1,,,,,,,,,,,,,,,,,,,,,,,,,,,,,,,,,,,,,,,,,,,,,,,,,,,,,,,,,,,,,,,,,,,,
00,2026-27,11/04/2026 00:00:00,0022600182,20261104/TORDEN,1,9:00 pm ET,10,2026-11-04T00:00:00Z,1900-01-01T21:00:00Z,2026-11-04T21:00:00Z,2026-11-04T05:00:00Z,1900-01-01T02:00:00Z,2026-11-05T02:00:00Z,2026-11-04T21:00:00Z,2026-11-04T19:00:00Z,Wed,11,3,Week 3,false,,,,,Ball Arena,CO,Denver,N,,,False,1610612743,Nuggets,Denver,DEN,nuggets,0,0,0,0,1610612761,Raptors,Toronto,TOR,raptors,0,0,0,0,,,,,,,,,,,,,,,,,,,,,,,,,,,,,,,,,,natl,radio,1001098,SiriusXM,SiriusXM,,,https://www.siriusxm.com/sports/nba,-1,,,,,,,,,,,,,,,,,,,,,,,,,,,,,,,,,,,,,,,,,,,,,,,,,,,,,,,,,,,,,,,,,,,,
00,2026-27,11/04/2026 00:00:00,0022600183,20261104/PORPHX,1,9:00 pm ET,11,2026-11-04T00:00:00Z,1900-01-01T21:00:00Z,2026-11-04T21:00:00Z,2026-11-04T05:00:00Z,1900-01-01T02:00:00Z,2026-11-05T02:00:00Z,2026-11-04T18:00:00Z,2026-11-04T19:00:00Z,Wed,11,3,Week 3,false,,,,,Mortgage Matchup Center,AZ,Phoenix,N,,,False,1610612756,Suns,Phoenix,PHX,suns,0,0,0,0,1610612757,Trail Blazers,Portland,POR,blazers,0,0,0,0,,,,,,,,,,,,,,,,,,,,,,,,,,,,,,,,,,natl,radio,1001098,SiriusXM,SiriusXM,,,https://www.siriusxm.com/sports/nba,-1,,,,,,,,,,,,,,,,,,,,,,,,,,,,,,,,,,,,,,,,,,,,,,,away,tv,1001196.0,KUNP,KUNP,,,,1610612757.0,,,away,radio,1472.0,Rip City Radio 620,KPOJ,,,,1610612757.0,,
00,2026-27,11/04/2026 00:00:00,0022600184,20261104/DALSAS,1,9:30 pm ET,12,2026-11-04T00:00:00Z,1900-01-01T21:30:00Z,2026-11-04T21:30:00Z,2026-11-04T05:00:00Z,1900-01-01T02:30:00Z,2026-11-05T02:30:00Z,2026-11-04T20:30:00Z,2026-11-04T20:30:00Z,Wed,11,3,Week 3,false,,,,,Frost Bank Center,TX,San Antonio,N,,,False,1610612759,Spurs,San Antonio,SAS,spurs,0,0,0,0,1610612742,Mavericks,Dallas,DAL,mavericks,0,0,0,0,natl,tv,2.0,ESPN,ESPN,,,https://www.espn.com/watch/catalog/7b3729c9-7f69-308a-bf8a-ee15a6aba154/nba#bucketId=29446&sourceCollection=Featured_Sports_,-1.0,2.0,,,,,,,,,,,,,,,,,,,,,,,,natl,radio,1001098,SiriusXM,SiriusXM,,,https://www.siriusxm.com/sports/nba,-1,,,,,,,,,,,,,,,,,,,,,,,,,,,,,,,,,,,,,,,,,,,,,,,,,,,,,,,,,,,,,,,,,,,,
00,2026-27,11/04/2026 00:00:00,0022600185,20261104/LALSAC,1,10:00 pm ET,13,2026-11-04T00:00:00Z,1900-01-01T22:00:00Z,2026-11-04T22:00:00Z,2026-11-04T05:00:00Z,1900-01-01T03:00:00Z,2026-11-05T03:00:00Z,2026-11-04T19:00:00Z,2026-11-04T19:00:00Z,Wed,11,3,Week 3,false,,,,,Golden 1 Center,CA,Sacramento,N,,,False,1610612758,Kings,Sacramento,SAC,kings,0,0,0,0,1610612747,Lakers,Los Angeles,LAL,lakers,0,0,0,0,,,,,,,,,,,,,,,,,,,,,,,,,,,,,,,,,,natl,radio,1001098,SiriusXM,SiriusXM,,,https://www.siriusxm.com/sports/nba,-1,,,,,,,,,,,,,,home,tv,1027.0,NBCSCA,NBCSCA,,,,1610612758.0,,,,,,,,,,,,,,,,,,,,,,,,,away,tv,1651.0,Spectrum SportsNet,SPECSN,,,,1610612747.0,,,away,radio,1001605.0,ESPN LA 710/980 KFWB,KSPN/KFWB,,,,1610612747.0,,
00,2026-27,11/04/2026 00:00:00,0022600186,20261104/MIALAC,1,10:30 pm ET,14,2026-11-04T00:00:00Z,1900-01-01T22:30:00Z,2026-11-04T22:30:00Z,2026-11-04T05:00:00Z,1900-01-01T03:30:00Z,2026-11-05T03:30:00Z,2026-11-04T22:30:00Z,2026-11-04T19:30:00Z,Wed,11,3,Week 3,false,,,,,Intuit Dome,CA,Inglewood,N,,,False,1610612746,Clippers,LA,LAC,clippers,0,0,0,0,1610612748,Heat,Miami,MIA,heat,0,0,0,0,,,,,,,,,,,,,,,,,,,,,,,,,,,,,,,,,,natl,radio,1001098,SiriusXM,SiriusXM,,,https://www.siriusxm.com/sports/nba,-1,,,,,,,,,,,,,,,,,,,,,,,,,,,,,,,,,,,,,,,,,,,,,,,away,tv,1001720.0,WPLG Local 10,WPLG,,,https://local10plusplatinum.maz.tv/open?deeplink=local10platinum://item/3776211-3882966?item=44d4cc7fbb9f4bd72cf272489b39eadf-3742525-3848761,1610612748.0,,,away,radio,1001523.0,FM 104.3 WQAM / S: WAQI 710,WQAM-FM/WAQI,,,,1610612748.0,,
00,2026-27,11/05/2026 00:00:00,0022600187,20261105/ORLPHX,1,9:00 pm ET,1,2026-11-05T00:00:00Z,1900-01-01T21:00:00Z,2026-11-05T21:00:00Z,2026-11-05T05:00:00Z,1900-01-01T02:00:00Z,2026-11-06T02:00:00Z,2026-11-05T21:00:00Z,2026-11-05T19:00:00Z,Thu,11,3,Week 3,false,,,,,Mortgage Matchup Center,AZ,Phoenix,N,,,False,1610612756,Suns,Phoenix,PHX,suns,0,0,0,0,1610612753,Magic,Orlando,ORL,magic,0,0,0,0,,,,,,,,,,,,,,,,,,,,,,,,,,,,,,,,,,natl,radio,1001098,SiriusXM,SiriusXM,,,https://www.siriusxm.com/sports/nba,-1,,,,,,,,,,,,,,,,,,,,,,,,,,,,,,,,,,,,,,,,,,,,,,,,,,,,,,,,,,,,,,,,,,,,
00,2026-27,11/05/2026 00:00:00,0022600188,20261105/MIAGSW,1,10:00 pm ET,2,2026-11-05T00:00:00Z,1900-01-01T22:00:00Z,2026-11-05T22:00:00Z,2026-11-05T05:00:00Z,1900-01-01T03:00:00Z,2026-11-06T03:00:00Z,2026-11-05T22:00:00Z,2026-11-05T19:00:00Z,Thu,11,3,Week 3,false,,,,,Chase Center,CA,San Francisco,N,,,False,1610612744,Warriors,Golden State,GSW,warriors,0,0,0,0,1610612748,Heat,Miami,MIA,heat,0,0,0,0,natl,tv,7.0,NBA TV,NBA TV,Watch with League Pass or your TV subscription,,,-1.0,,,,,,,,,,,,,,,,,,,,,,,,,natl,radio,1001098,SiriusXM,SiriusXM,,,https://www.siriusxm.com/sports/nba,-1,,,,,,,,,,,,,,home,tv,1097.0,NBCSBA,NBCSBA,,,,1610612744.0,,,,,,,,,,,,,,,,,,,,,,,,,away,tv,1001720.0,WPLG Local 10,WPLG,,,https://local10plusplatinum.maz.tv/open?deeplink=local10platinum://item/3776211-3882966?item=44d4cc7fbb9f4bd72cf272489b39eadf-3742525-3848761,1610612748.0,,,away,radio,1001523.0,FM 104.3 WQAM / S: WAQI 710,WQAM-FM/WAQI,,,,1610612748.0,,
00,2026-27,11/06/2026 00:00:00,0022600025,20261106/WASATL,1,7:00 pm ET,1,2026-11-06T00:00:00Z,1900-01-01T19:00:00Z,2026-11-06T19:00:00Z,2026-11-06T05:00:00Z,1900-01-01T00:00:00Z,2026-11-07T00:00:00Z,2026-11-06T19:00:00Z,2026-11-06T19:00:00Z,Fri,11,3,Week 3,false,,Emirates NBA Cup,East Group C,,State Farm Arena,GA,Atlanta,N,,in-season,False,1610612737,Hawks,Atlanta,ATL,hawks,0,0,0,0,1610612764,Wizards,Washington,WAS,wizards,0,0,0,0,,,,,,,,,,,,,,,,,,,,,,,,,,,,,,,,,,natl,radio,1001098,SiriusXM,SiriusXM,,,https://www.siriusxm.com/sports/nba,-1,,,,,,,,,,,,,,,,,,,,,,,,,,,,,,,,,,,,,,,,,,,,,,,,,,,,,,,,,,,,,,,,,,,,
00,2026-27,11/06/2026 00:00:00,0022600026,20261106/BOSCHA,1,7:00 pm ET,2,2026-11-06T00:00:00Z,1900-01-01T19:00:00Z,2026-11-06T19:00:00Z,2026-11-06T05:00:00Z,1900-01-01T00:00:00Z,2026-11-07T00:00:00Z,2026-11-06T19:00:00Z,2026-11-06T19:00:00Z,Fri,11,3,Week 3,false,,Emirates NBA Cup,East Group C,,Spectrum Center,NC,Charlotte,N,,in-season,False,1610612766,Hornets,Charlotte,CHA,hornets,0,0,0,0,1610612738,Celtics,Boston,BOS,celtics,0,0,0,0,,,,,,,,,,,,,,,,,,,,,,,,,,,,,,,,,,natl,radio,1001098,SiriusXM,SiriusXM,,,https://www.siriusxm.com/sports/nba,-1,,,,,,,,,,,,,,,,,,,,,,,,,,,,,,,,,,,,,,,,,,,,,,,away,tv,1658.0,NBC SPORTS BOSTON,NBCSB,,,,1610612738.0,,,,,,,,,,,,,
00,2026-27,11/06/2026 00:00:00,0022600027,20261106/PHICLE,1,7:30 pm ET,3,2026-11-06T00:00:00Z,1900-01-01T19:30:00Z,2026-11-06T19:30:00Z,2026-11-06T05:00:00Z,1900-01-01T00:30:00Z,2026-11-07T00:30:00Z,2026-11-06T19:30:00Z,2026-11-06T19:30:00Z,Fri,11,3,Week 3,false,,Emirates NBA Cup,East Group B,,Rocket Arena,OH,Cleveland,N,,in-season,False,1610612739,Cavaliers,Cleveland,CLE,cavaliers,0,0,0,0,1610612755,76ers,Philadelphia,PHI,sixers,0,0,0,0,natl,tv,1000664.0,Prime Video,Amazon,,,https://www.amazon.com/gp/video/tournament/amzn1.dv.icid.cf75b42a-68cd-4a1c-993a-a0b3f0575c5f?jic=20%7CCgZTcG9ydHMSA2FsbA%3D%3D&ref_=atv_hm_spo_c_7a7vxF_4_6,-1.0,4.0,,,,,,,,,,,,,,,,,,,,,,,,natl,radio,3,ESPN Radio,ESPNR,,,,-1,,,natl,radio,1001098.0,SiriusXM,SiriusXM,,,https://www.siriusxm.com/sports/nba,-1.0,,,,,,,,,,,,,,,,,,,,,,,,,,,,,,,,,,,,,,,,,,,,,,,,,,,,,,,,,
00,2026-27,11/06/2026 00:00:00,0022600028,20261106/UTADAL,1,8:00 pm ET,4,2026-11-06T00:00:00Z,1900-01-01T20:00:00Z,2026-11-06T20:00:00Z,2026-11-06T05:00:00Z,1900-01-01T01:00:00Z,2026-11-07T01:00:00Z,2026-11-06T18:00:00Z,2026-11-06T19:00:00Z,Fri,11,3,Week 3,false,,Emirates NBA Cup,West Group A,,American Airlines Center,TX,Dallas,N,,in-season,False,1610612742,Mavericks,Dallas,DAL,mavericks,0,0,0,0,1610612762,Jazz,Utah,UTA,jazz,0,0,0,0,,,,,,,,,,,,,,,,,,,,,,,,,,,,,,,,,,natl,radio,1001098,SiriusXM,SiriusXM,,,https://www.siriusxm.com/sports/nba,-1,,,,,,,,,,,,,,,,,,,,,,,,,,,,,,,,,,,,,,,,,,,,,,,,,,,,,,,,,,,,,,,,,,,,
00,2026-27,11/06/2026 00:00:00,0022600029,20261106/OKCMEM,1,8:00 pm ET,5,2026-11-06T00:00:00Z,1900-01-01T20:00:00Z,2026-11-06T20:00:00Z,2026-11-06T05:00:00Z,1900-01-01T01:00:00Z,2026-11-07T01:00:00Z,2026-11-06T19:00:00Z,2026-11-06T19:00:00Z,Fri,11,3,Week 3,false,,Emirates NBA Cup,West Group B,,FedExForum,TN,Memphis,N,,in-season,False,1610612763,Grizzlies,Memphis,MEM,grizzlies,0,0,0,0,1610612760,Thunder,Oklahoma City,OKC,thunder,0,0,0,0,,,,,,,,,,,,,,,,,,,,,,,,,,,,,,,,,,natl,radio,1001098,SiriusXM,SiriusXM,,,https://www.siriusxm.com/sports/nba,-1,,,,,,,,,,,,,,,,,,,,,,,,,,,,,,,,,,,,,,,,,,,,,,,,,,,,,,,,,,,,,,,,,,,,
00,2026-27,11/06/2026 00:00:00,0022600030,20261106/TORMIL,1,8:00 pm ET,6,2026-11-06T00:00:00Z,1900-01-01T20:00:00Z,2026-11-06T20:00:00Z,2026-11-06T05:00:00Z,1900-01-01T01:00:00Z,2026-11-07T01:00:00Z,2026-11-06T20:00:00Z,2026-11-06T19:00:00Z,Fri,11,3,Week 3,false,,Emirates NBA Cup,East Group A,,Fiserv Forum,WI,Milwaukee,N,,in-season,False,1610612749,Bucks,Milwaukee,MIL,bucks,0,0,0,0,1610612761,Raptors,Toronto,TOR,raptors,0,0,0,0,,,,,,,,,,,,,,,,,,,,,,,,,,,,,,,,,,natl,radio,1001098,SiriusXM,SiriusXM,,,https://www.siriusxm.com/sports/nba,-1,,,,,,,,,,,,,,,,,,,,,,,,,,,,,,,,,,,,,,,,,,,,,,,,,,,,,,,,,,,,,,,,,,,,
00,2026-27,11/06/2026 00:00:00,0022600031,20261106/MINNOP,1,8:00 pm ET,7,2026-11-06T00:00:00Z,1900-01-01T20:00:00Z,2026-11-06T20:00:00Z,2026-11-06T05:00:00Z,1900-01-01T01:00:00Z,2026-11-07T01:00:00Z,2026-11-06T19:00:00Z,2026-11-06T19:00:00Z,Fri,11,3,Week 3,false,,Emirates NBA Cup,West Group B,,Smoothie King Center,LA,New Orleans,N,,in-season,False,1610612740,Pelicans,New Orleans,NOP,pelicans,0,0,0,0,1610612750,Timberwolves,Minnesota,MIN,timberwolves,0,0,0,0,,,,,,,,,,,,,,,,,,,,,,,,,,,,,,,,,,natl,radio,1001098,SiriusXM,SiriusXM,,,https://www.siriusxm.com/sports/nba,-1,,,,,,,,,,,,,,,,,,,,,,,,,,,,,,,,,,,,,,,,,,,,,,,,,,,,,,,,,,,,,,,,,,,,
00,2026-27,11/06/2026 00:00:00,0022600032,20261106/PORLAL,1,10:00 pm ET,8,2026-11-06T00:00:00Z,1900-01-01T22:00:00Z,2026-11-06T22:00:00Z,2026-11-06T05:00:00Z,1900-01-01T03:00:00Z,2026-11-07T03:00:00Z,2026-11-06T19:00:00Z,2026-11-06T19:00:00Z,Fri,11,3,Week 3,false,,Emirates NBA Cup,West Group C,,Crypto.com Arena,CA,Los Angeles,N,,in-season,False,1610612747,Lakers,Los Angeles,LAL,lakers,0,0,0,0,1610612757,Trail Blazers,Portland,POR,blazers,0,0,0,0,natl,tv,1000664.0,Prime Video,Amazon,,,https://www.amazon.com/gp/video/tournament/amzn1.dv.icid.cf75b42a-68cd-4a1c-993a-a0b3f0575c5f?jic=20%7CCgZTcG9ydHMSA2FsbA%3D%3D&ref_=atv_hm_spo_c_7a7vxF_4_6,-1.0,4.0,,,,,,,,,,,,,,,,,,,,,,,,natl,radio,1001098,SiriusXM,SiriusXM,,,https://www.siriusxm.com/sports/nba,-1,,,,,,,,,,,,,,home,tv,1651.0,Spectrum SportsNet,SPECSN,,,,1610612747.0,,,,,,,,,,,,,,home,radio,1001605.0,ESPN LA 710/980 KFWB,KSPN/KFWB,,,,1610612747.0,,,,,,,,,,,,,,away,radio,1472.0,Rip City Radio 620,KPOJ,,,,1610612757.0,,
00,2026-27,11/06/2026 00:00:00,0022600033,20261106/SASSAC,1,10:00 pm ET,9,2026-11-06T00:00:00Z,1900-01-01T22:00:00Z,2026-11-06T22:00:00Z,2026-11-06T05:00:00Z,1900-01-01T03:00:00Z,2026-11-07T03:00:00Z,2026-11-06T21:00:00Z,2026-11-06T19:00:00Z,Fri,11,3,Week 3,false,,Emirates NBA Cup,West Group C,,Golden 1 Center,CA,Sacramento,N,,in-season,False,1610612758,Kings,Sacramento,SAC,kings,0,0,0,0,1610612759,Spurs,San Antonio,SAS,spurs,0,0,0,0,,,,,,,,,,,,,,,,,,,,,,,,,,,,,,,,,,natl,radio,1001098,SiriusXM,SiriusXM,,,https://www.siriusxm.com/sports/nba,-1,,,,,,,,,,,,,,home,tv,1027.0,NBCSCA,NBCSCA,,,,1610612758.0,,,,,,,,,,,,,,,,,,,,,,,,,,,,,,,,,,,,,,,,,,,,,,
00,2026-27,11/07/2026 00:00:00,0022600189,20261107/DENIND,1,5:00 pm ET,1,2026-11-07T00:00:00Z,1900-01-01T17:00:00Z,2026-11-07T17:00:00Z,2026-11-07T05:00:00Z,1900-01-01T22:00:00Z,2026-11-07T22:00:00Z,2026-11-07T15:00:00Z,2026-11-07T17:00:00Z,Sat,11,3,Week 3,false,,NBA Mexico City Game,,Neutral Site,Arena CDMX,MX,Mexico City,N,,Global Games,True,1610612754,Pacers,Indiana,IND,pacers,0,0,0,0,1610612743,Nuggets,Denver,DEN,nuggets,0,0,0,0,natl,tv,7.0,NBA TV,NBA TV,Watch with League Pass or your TV subscription,,,-1.0,,,,,,,,,,,,,,,,,,,,,,,,,natl,radio,1001098,SiriusXM,SiriusXM,,,https://www.siriusxm.com/sports/nba,-1,,,,,,,,,,,,,,,,,,,,,,,,,,,,,,,,,,,,,,,,,,,,,,,,,,,,,,,,,,,,,,,,,,,,
00,2026-27,11/07/2026 00:00:00,0022600190,20261107/BKNATL,1,7:30 pm ET,2,2026-11-07T00:00:00Z,1900-01-01T19:30:00Z,2026-11-07T19:30:00Z,2026-11-07T05:00:00Z,1900-01-01T00:30:00Z,2026-11-08T00:30:00Z,2026-11-07T19:30:00Z,2026-11-07T19:30:00Z,Sat,11,3,Week 3,false,,,,,State Farm Arena,GA,Atlanta,N,,,False,1610612737,Hawks,Atlanta,ATL,hawks,0,0,0,0,1610612751,Nets,Brooklyn,BKN,nets,0,0,0,0,,,,,,,,,,,,,,,,,,,,,,,,,,,,,,,,,,natl,radio,1001098,SiriusXM,SiriusXM,,,https://www.siriusxm.com/sports/nba,-1,,,,,,,,,,,,,,,,,,,,,,,,,,,,,,,,,,,,,,,,,,,,,,,away,tv,175.0,DAZN (YES),YES,,,,1610612751.0,,,,,,,,,,,,,
00,2026-27,11/07/2026 00:00:00,0022600191,20261107/NYKCLE,1,8:00 pm ET,3,2026-11-07T00:00:00Z,1900-01-01T20:00:00Z,2026-11-07T20:00:00Z,2026-11-07T05:00:00Z,1900-01-01T01:00:00Z,2026-11-08T01:00:00Z,2026-11-07T20:00:00Z,2026-11-07T20:00:00Z,Sat,11,3,Week 3,false,,,,,Rocket Arena,OH,Cleveland,N,,,False,1610612739,Cavaliers,Cleveland,CLE,cavaliers,0,0,0,0,1610612752,Knicks,New York,NYK,knicks,0,0,0,0,natl,tv,7.0,NBA TV,NBA TV,Watch with League Pass or your TV subscription,,,-1.0,,,,,,,,,,,,,,,,,,,,,,,,,natl,radio,1001098,SiriusXM,SiriusXM,,,https://www.siriusxm.com/sports/nba,-1,,,,,,,,,,,,,,,,,,,,,,,,,,,,,,,,,,,,,,,,,,,,,,,,,,,,,,,,,,,,,,,,,,,,
00,2026-27,11/07/2026 00:00:00,0022600192,20261107/WASOKC,1,8:00 pm ET,4,2026-11-07T00:00:00Z,1900-01-01T20:00:00Z,2026-11-07T20:00:00Z,2026-11-07T05:00:00Z,1900-01-01T01:00:00Z,2026-11-08T01:00:00Z,2026-11-07T20:00:00Z,2026-11-07T19:00:00Z,Sat,11,3,Week 3,false,,,,,Paycom Center,OK,Oklahoma City,N,,,False,1610612760,Thunder,Oklahoma City,OKC,thunder,0,0,0,0,1610612764,Wizards,Washington,WAS,wizards,0,0,0,0,,,,,,,,,,,,,,,,,,,,,,,,,,,,,,,,,,natl,radio,1001098,SiriusXM,SiriusXM,,,https://www.siriusxm.com/sports/nba,-1,,,,,,,,,,,,,,,,,,,,,,,,,,,,,,,,,,,,,,,,,,,,,,,,,,,,,,,,,,,,,,,,,,,,
00,2026-27,11/07/2026 00:00:00,0022600193,20261107/ORLGSW,1,8:30 pm ET,5,2026-11-07T00:00:00Z,1900-01-01T20:30:00Z,2026-11-07T20:30:00Z,2026-11-07T05:00:00Z,1900-01-01T01:30:00Z,2026-11-08T01:30:00Z,2026-11-07T20:30:00Z,2026-11-07T17:30:00Z,Sat,11,3,Week 3,false,,,,,Chase Center,CA,San Francisco,N,,,False,1610612744,Warriors,Golden State,GSW,warriors,0,0,0,0,1610612753,Magic,Orlando,ORL,magic,0,0,0,0,,,,,,,,,,,,,,,,,,,,,,,,,,,,,,,,,,natl,radio,1001098,SiriusXM,SiriusXM,,,https://www.siriusxm.com/sports/nba,-1,,,,,,,,,,,,,,home,tv,1097.0,NBCSBA,NBCSBA,,,,1610612744.0,,,,,,,,,,,,,,,,,,,,,,,,,,,,,,,,,,,,,,,,,,,,,,
00,2026-27,11/07/2026 00:00:00,0022600194,20261107/HOUPHX,1,9:00 pm ET,6,2026-11-07T00:00:00Z,1900-01-01T21:00:00Z,2026-11-07T21:00:00Z,2026-11-07T05:00:00Z,1900-01-01T02:00:00Z,2026-11-08T02:00:00Z,2026-11-07T20:00:00Z,2026-11-07T19:00:00Z,Sat,11,3,Week 3,false,,,,,Mortgage Matchup Center,AZ,Phoenix,N,,,False,1610612756,Suns,Phoenix,PHX,suns,0,0,0,0,1610612745,Rockets,Houston,HOU,rockets,0,0,0,0,,,,,,,,,,,,,,,,,,,,,,,,,,,,,,,,,,natl,radio,1001098,SiriusXM,SiriusXM,,,https://www.siriusxm.com/sports/nba,-1,,,,,,,,,,,,,,,,,,,,,,,,,,,,,,,,,,,,,,,,,,,,,,,,,,,,,,,,,,,,,,,,,,,,
00,2026-27,11/07/2026 00:00:00,0022600195,20261107/SASPOR,1,10:00 pm ET,7,2026-11-07T00:00:00Z,1900-01-01T22:00:00Z,2026-11-07T22:00:00Z,2026-11-07T05:00:00Z,1900-01-01T03:00:00Z,2026-11-08T03:00:00Z,2026-11-07T21:00:00Z,2026-11-07T19:00:00Z,Sat,11,3,Week 3,false,,,,,Moda Center,OR,Portland,N,,,False,1610612757,Trail Blazers,Portland,POR,blazers,0,0,0,0,1610612759,Spurs,San Antonio,SAS,spurs,0,0,0,0,,,,,,,,,,,,,,,,,,,,,,,,,,,,,,,,,,natl,radio,1001098,SiriusXM,SiriusXM,,,https://www.siriusxm.com/sports/nba,-1,,,,,,,,,,,,,,home,tv,1001196.0,KUNP,KUNP,,,,1610612757.0,,,,,,,,,,,,,,home,radio,1472.0,Rip City Radio 620,KPOJ,,,,1610612757.0,,,,,,,,,,,,,,,,,,,,,,,,
00,2026-27,11/08/2026 00:00:00,0022600196,20261108/PHICHI,1,3:30 pm ET,1,2026-11-08T00:00:00Z,1900-01-01T15:30:00Z,2026-11-08T15:30:00Z,2026-11-08T05:00:00Z,1900-01-01T20:30:00Z,2026-11-08T20:30:00Z,2026-11-08T15:30:00Z,2026-11-08T14:30:00Z,Sun,11,3,Week 3,false,,,,,United Center,IL,Chicago,N,,,False,1610612741,Bulls,Chicago,CHI,bulls,0,0,0,0,1610612755,76ers,Philadelphia,PHI,sixers,0,0,0,0,,,,,,,,,,,,,,,,,,,,,,,,,,,,,,,,,,natl,radio,1001098,SiriusXM,SiriusXM,,,https://www.siriusxm.com/sports/nba,-1,,,,,,,,,,,,,,,,,,,,,,,,,,,,,,,,,,,,,,,,,,,,,,,,,,,,,,,,,,,,,,,,,,,,
00,2026-27,11/08/2026 00:00:00,0022600197,20261108/LALDET,1,6:00 pm ET,2,2026-11-08T00:00:00Z,1900-01-01T18:00:00Z,2026-11-08T18:00:00Z,2026-11-08T05:00:00Z,1900-01-01T23:00:00Z,2026-11-08T23:00:00Z,2026-11-08T15:00:00Z,2026-11-08T18:00:00Z,Sun,11,3,Week 3,false,,,,,Little Caesars Arena,MI,Detroit,N,,,False,1610612765,Pistons,Detroit,DET,pistons,0,0,0,0,1610612747,Lakers,Los Angeles,LAL,lakers,0,0,0,0,natl,tv,7.0,NBA TV,NBA TV,Watch with League Pass or your TV subscription,,,-1.0,,,,,,,,,,,,,,,,,,,,,,,,,natl,radio,1001098,SiriusXM,SiriusXM,,,https://www.siriusxm.com/sports/nba,-1,,,,,,,,,,,,,,,,,,,,,,,,,,,,,,,,,,,,,,,,,,,,,,,away,tv,1651.0,Spectrum SportsNet,SPECSN,,,,1610612747.0,,,away,radio,1001605.0,ESPN LA 710/980 KFWB,KSPN/KFWB,,,,1610612747.0,,
00,2026-27,11/08/2026 00:00:00,0022600198,20261108/UTAMIN,1,7:00 pm ET,3,2026-11-08T00:00:00Z,1900-01-01T19:00:00Z,2026-11-08T19:00:00Z,2026-11-08T05:00:00Z,1900-01-01T00:00:00Z,2026-11-09T00:00:00Z,2026-11-08T17:00:00Z,2026-11-08T18:00:00Z,Sun,11,3,Week 3,false,,,,,Target Center,MN,Minneapolis,N,,,False,1610612750,Timberwolves,Minnesota,MIN,timberwolves,0,0,0,0,1610612762,Jazz,Utah,UTA,jazz,0,0,0,0,,,,,,,,,,,,,,,,,,,,,,,,,,,,,,,,,,natl,radio,1001098,SiriusXM,SiriusXM,,,https://www.siriusxm.com/sports/nba,-1,,,,,,,,,,,,,,,,,,,,,,,,,,,,,,,,,,,,,,,,,,,,,,,,,,,,,,,,,,,,,,,,,,,,
00,2026-27,11/08/2026 00:00:00,0022600199,20261108/BKNDAL,1,7:30 pm ET,4,2026-11-08T00:00:00Z,1900-01-01T19:30:00Z,2026-11-08T19:30:00Z,2026-11-08T05:00:00Z,1900-01-01T00:30:00Z,2026-11-09T00:30:00Z,2026-11-08T19:30:00Z,2026-11-08T18:30:00Z,Sun,11,3,Week 3,false,,,,,American Airlines Center,TX,Dallas,N,,,False,1610612742,Mavericks,Dallas,DAL,mavericks,0,0,0,0,1610612751,Nets,Brooklyn,BKN,nets,0,0,0,0,,,,,,,,,,,,,,,,,,,,,,,,,,,,,,,,,,natl,radio,1001098,SiriusXM,SiriusXM,,,https://www.siriusxm.com/sports/nba,-1,,,,,,,,,,,,,,,,,,,,,,,,,,,,,,,,,,,,,,,,,,,,,,,away,tv,175.0,DAZN (YES),YES,,,,1610612751.0,,,,,,,,,,,,,
00,2026-27,11/08/2026 00:00:00,0022600200,20261108/BOSMIL,1,8:00 pm ET,5,2026-11-08T00:00:00Z,1900-01-01T20:00:00Z,2026-11-08T20:00:00Z,2026-11-08T05:00:00Z,1900-01-01T01:00:00Z,2026-11-09T01:00:00Z,2026-11-08T20:00:00Z,2026-11-08T19:00:00Z,Sun,11,3,Week 3,false,,,,,Fiserv Forum,WI,Milwaukee,N,,,False,1610612749,Bucks,Milwaukee,MIL,bucks,0,0,0,0,1610612738,Celtics,Boston,BOS,celtics,0,0,0,0,,,,,,,,,,,,,,,,,,,,,,,,,,,,,,,,,,natl,radio,1001098,SiriusXM,SiriusXM,,,https://www.siriusxm.com/sports/nba,-1,,,,,,,,,,,,,,,,,,,,,,,,,,,,,,,,,,,,,,,,,,,,,,,away,tv,1658.0,NBC SPORTS BOSTON,NBCSB,,,,1610612738.0,,,,,,,,,,,,,
00,2026-27,11/08/2026 00:00:00,0022600201,20261108/NOPLAC,1,9:00 pm ET,6,2026-11-08T00:00:00Z,1900-01-01T21:00:00Z,2026-11-08T21:00:00Z,2026-11-08T05:00:00Z,1900-01-01T02:00:00Z,2026-11-09T02:00:00Z,2026-11-08T20:00:00Z,2026-11-08T18:00:00Z,Sun,11,3,Week 3,false,,,,,Intuit Dome,CA,Inglewood,N,,,False,1610612746,Clippers,LA,LAC,clippers,0,0,0,0,1610612740,Pelicans,New Orleans,NOP,pelicans,0,0,0,0,,,,,,,,,,,,,,,,,,,,,,,,,,,,,,,,,,natl,radio,1001098,SiriusXM,SiriusXM,,,https://www.siriusxm.com/sports/nba,-1,,,,,,,,,,,,,,,,,,,,,,,,,,,,,,,,,,,,,,,,,,,,,,,,,,,,,,,,,,,,,,,,,,,,
00,2026-27,11/08/2026 00:00:00,0022600202,20261108/MIASAC,1,9:00 pm ET,7,2026-11-08T00:00:00Z,1900-01-01T21:00:00Z,2026-11-08T21:00:00Z,2026-11-08T05:00:00Z,1900-01-01T02:00:00Z,2026-11-09T02:00:00Z,2026-11-08T21:00:00Z,2026-11-08T18:00:00Z,Sun,11,3,Week 3,false,,,,,Golden 1 Center,CA,Sacramento,N,,,False,1610612758,Kings,Sacramento,SAC,kings,0,0,0,0,1610612748,Heat,Miami,MIA,heat,0,0,0,0,,,,,,,,,,,,,,,,,,,,,,,,,,,,,,,,,,natl,radio,1001098,SiriusXM,SiriusXM,,,https://www.siriusxm.com/sports/nba,-1,,,,,,,,,,,,,,home,tv,1027.0,NBCSCA,NBCSCA,,,,1610612758.0,,,,,,,,,,,,,,,,,,,,,,,,,away,tv,1001720.0,WPLG Local 10,WPLG,,,https://local10plusplatinum.maz.tv/open?deeplink=local10platinum://item/3776211-3882966?item=44d4cc7fbb9f4bd72cf272489b39eadf-3742525-3848761,1610612748.0,,,away,radio,1001523.0,FM 104.3 WQAM / S: WAQI 710,WQAM-FM/WAQI,,,,1610612748.0,,
00,2026-27,11/09/2026 00:00:00,0022600203,20261109/LALATL,1,7:00 pm ET,1,2026-11-09T00:00:00Z,1900-01-01T19:00:00Z,2026-11-09T19:00:00Z,2026-11-09T05:00:00Z,1900-01-01T00:00:00Z,2026-11-10T00:00:00Z,2026-11-09T16:00:00Z,2026-11-09T19:00:00Z,Mon,11,4,Week 4,false,,,,,State Farm Arena,GA,Atlanta,N,,,False,1610612737,Hawks,Atlanta,ATL,hawks,0,0,0,0,1610612747,Lakers,Los Angeles,LAL,lakers,0,0,0,0,,,,,,,,,,,,,,,,,,,,,,,,,,,,,,,,,,natl,radio,1001098,SiriusXM,SiriusXM,,,https://www.siriusxm.com/sports/nba,-1,,,,,,,,,,,,,,,,,,,,,,,,,,,,,,,,,,,,,,,,,,,,,,,away,tv,1651.0,Spectrum SportsNet,SPECSN,,,,1610612747.0,,,away,radio,1001605.0,ESPN LA 710/980 KFWB,KSPN/KFWB,,,,1610612747.0,,
00,2026-27,11/09/2026 00:00:00,0022600204,20261109/CLECHA,1,7:00 pm ET,2,2026-11-09T00:00:00Z,1900-01-01T19:00:00Z,2026-11-09T19:00:00Z,2026-11-09T05:00:00Z,1900-01-01T00:00:00Z,2026-11-10T00:00:00Z,2026-11-09T19:00:00Z,2026-11-09T19:00:00Z,Mon,11,4,Week 4,false,,,,,Spectrum Center,NC,Charlotte,N,,,False,1610612766,Hornets,Charlotte,CHA,hornets,0,0,0,0,1610612739,Cavaliers,Cleveland,CLE,cavaliers,0,0,0,0,,,,,,,,,,,,,,,,,,,,,,,,,,,,,,,,,,natl,radio,1001098,SiriusXM,SiriusXM,,,https://www.siriusxm.com/sports/nba,-1,,,,,,,,,,,,,,,,,,,,,,,,,,,,,,,,,,,,,,,,,,,,,,,,,,,,,,,,,,,,,,,,,,,,
00,2026-27,11/09/2026 00:00:00,0022600205,20261109/WASDET,1,7:00 pm ET,3,2026-11-09T00:00:00Z,1900-01-01T19:00:00Z,2026-11-09T19:00:00Z,2026-11-09T05:00:00Z,1900-01-01T00:00:00Z,2026-11-10T00:00:00Z,2026-11-09T19:00:00Z,2026-11-09T19:00:00Z,Mon,11,4,Week 4,false,,,,,Little Caesars Arena,MI,Detroit,N,,,False,1610612765,Pistons,Detroit,DET,pistons,0,0,0,0,1610612764,Wizards,Washington,WAS,wizards,0,0,0,0,natl,tv,1001453.0,Peacock,Peacock,,,https://peacocktv.app.link/p5IgEsOQ95b,-1.0,3.0,,natl,tv,1001488.0,NBC Sports Network,NBCSN,,,,-1.0,7.0,National,,,,,,,,,,,,natl,radio,1001098,SiriusXM,SiriusXM,,,https://www.siriusxm.com/sports/nba,-1,,,,,,,,,,,,,,,,,,,,,,,,,,,,,,,,,,,,,,,,,,,,,,,,,,,,,,,,,,,,,,,,,,,,
00,2026-27,11/09/2026 00:00:00,0022600206,20261109/MEMTOR,1,7:30 pm ET,4,2026-11-09T00:00:00Z,1900-01-01T19:30:00Z,2026-11-09T19:30:00Z,2026-11-09T05:00:00Z,1900-01-01T00:30:00Z,2026-11-10T00:30:00Z,2026-11-09T18:30:00Z,2026-11-09T19:30:00Z,Mon,11,4,Week 4,false,,,,,Scotiabank Arena,ON,Toronto,N,,,False,1610612761,Raptors,Toronto,TOR,raptors,0,0,0,0,1610612763,Grizzlies,Memphis,MEM,grizzlies,0,0,0,0,,,,,,,,,,,,,,,,,,,,,,,,,,,,,,,,,,natl,radio,1001098,SiriusXM,SiriusXM,,,https://www.siriusxm.com/sports/nba,-1,,,,,,,,,,,,,,,,,,,,,,,,,,,,,,,,,,,,,,,,,,,,,,,,,,,,,,,,,,,,,,,,,,,,
00,2026-27,11/09/2026 00:00:00,0022600207,20261109/INDDAL,1,8:00 pm ET,5,2026-11-09T00:00:00Z,1900-01-01T20:00:00Z,2026-11-09T20:00:00Z,2026-11-09T05:00:00Z,1900-01-01T01:00:00Z,2026-11-10T01:00:00Z,2026-11-09T20:00:00Z,2026-11-09T19:00:00Z,Mon,11,4,Week 4,false,,,,,American Airlines Center,TX,Dallas,N,,,False,1610612742,Mavericks,Dallas,DAL,mavericks,0,0,0,0,1610612754,Pacers,Indiana,IND,pacers,0,0,0,0,,,,,,,,,,,,,,,,,,,,,,,,,,,,,,,,,,natl,radio,1001098,SiriusXM,SiriusXM,,,https://www.siriusxm.com/sports/nba,-1,,,,,,,,,,,,,,,,,,,,,,,,,,,,,,,,,,,,,,,,,,,,,,,,,,,,,,,,,,,,,,,,,,,,
00,2026-27,11/09/2026 00:00:00,0022600208,20261109/DENHOU,1,8:30 pm ET,6,2026-11-09T00:00:00Z,1900-01-01T20:30:00Z,2026-11-09T20:30:00Z,2026-11-09T05:00:00Z,1900-01-01T01:30:00Z,2026-11-10T01:30:00Z,2026-11-09T18:30:00Z,2026-11-09T19:30:00Z,Mon,11,4,Week 4,false,,,,,Toyota Center,TX,Houston,N,,,False,1610612745,Rockets,Houston,HOU,rockets,0,0,0,0,1610612743,Nuggets,Denver,DEN,nuggets,0,0,0,0,,,,,,,,,,,,,,,,,,,,,,,,,,,,,,,,,,natl,radio,1001098,SiriusXM,SiriusXM,,,https://www.siriusxm.com/sports/nba,-1,,,,,,,,,,,,,,,,,,,,,,,,,,,,,,,,,,,,,,,,,,,,,,,,,,,,,,,,,,,,,,,,,,,,
00,2026-27,11/09/2026 00:00:00,0022600209,20261109/SASPHX,1,9:00 pm ET,7,2026-11-09T00:00:00Z,1900-01-01T21:00:00Z,2026-11-09T21:00:00Z,2026-11-09T05:00:00Z,1900-01-01T02:00:00Z,2026-11-10T02:00:00Z,2026-11-09T20:00:00Z,2026-11-09T19:00:00Z,Mon,11,4,Week 4,false,,,,,Mortgage Matchup Center,AZ,Phoenix,N,,,False,1610612756,Suns,Phoenix,PHX,suns,0,0,0,0,1610612759,Spurs,San Antonio,SAS,spurs,0,0,0,0,,,,,,,,,,,,,,,,,,,,,,,,,,,,,,,,,,natl,radio,1001098,SiriusXM,SiriusXM,,,https://www.siriusxm.com/sports/nba,-1,,,,,,,,,,,,,,,,,,,,,,,,,,,,,,,,,,,,,,,,,,,,,,,,,,,,,,,,,,,,,,,,,,,,
00,2026-27,11/09/2026 00:00:00,0022600210,20261109/NOPGSW,1,10:00 pm ET,8,2026-11-09T00:00:00Z,1900-01-01T22:00:00Z,2026-11-09T22:00:00Z,2026-11-09T05:00:00Z,1900-01-01T03:00:00Z,2026-11-10T03:00:00Z,2026-11-09T21:00:00Z,2026-11-09T19:00:00Z,Mon,11,4,Week 4,false,,,,,Chase Center,CA,San Francisco,N,,,False,1610612744,Warriors,Golden State,GSW,warriors,0,0,0,0,1610612740,Pelicans,New Orleans,NOP,pelicans,0,0,0,0,natl,tv,7.0,NBA TV,NBA TV,Watch with League Pass or your TV subscription,,,-1.0,,,,,,,,,,,,,,,,,,,,,,,,,natl,radio,1001098,SiriusXM,SiriusXM,,,https://www.siriusxm.com/sports/nba,-1,,,,,,,,,,,,,,home,tv,1097.0,NBCSBA,NBCSBA,,,,1610612744.0,,,,,,,,,,,,,,,,,,,,,,,,,,,,,,,,,,,,,,,,,,,,,,
00,2026-27,11/10/2026 00:00:00,0022600211,20261110/MILNYK,1,7:30 pm ET,1,2026-11-10T00:00:00Z,1900-01-01T19:30:00Z,2026-11-10T19:30:00Z,2026-11-10T05:00:00Z,1900-01-01T00:30:00Z,2026-11-11T00:30:00Z,2026-11-10T18:30:00Z,2026-11-10T19:30:00Z,Tue,11,4,Week 4,false,,,,,Madison Square Garden,NY,New York,N,,,False,1610612752,Knicks,New York,NYK,knicks,0,0,0,0,1610612749,Bucks,Milwaukee,MIL,bucks,0,0,0,0,,,,,,,,,,,,,,,,,,,,,,,,,,,,,,,,,,natl,radio,1001098,SiriusXM,SiriusXM,,,https://www.siriusxm.com/sports/nba,-1,,,,,,,,,,,,,,,,,,,,,,,,,,,,,,,,,,,,,,,,,,,,,,,,,,,,,,,,,,,,,,,,,,,,
00,2026-27,11/10/2026 00:00:00,0022600212,20261110/BOSPHI,1,8:00 pm ET,2,2026-11-10T00:00:00Z,1900-01-01T20:00:00Z,2026-11-10T20:00:00Z,2026-11-10T05:00:00Z,1900-01-01T01:00:00Z,2026-11-11T01:00:00Z,2026-11-10T20:00:00Z,2026-11-10T20:00:00Z,Tue,11,4,Week 4,false,,,,,Xfinity Mobile Arena,PA,Philadelphia,N,,,False,1610612755,76ers,Philadelphia,PHI,sixers,0,0,0,0,1610612738,Celtics,Boston,BOS,celtics,0,0,0,0,natl,tv,1001452.0,NBC,NBC,,,,-1.0,5.0,East,natl,tv,1001453.0,Peacock,Peacock,,,https://peacocktv.app.link/T2lLJrOQ95b,-1.0,3.0,,,,,,,,,,,,,natl,radio,1001098,SiriusXM,SiriusXM,,,https://www.siriusxm.com/sports/nba,-1,,,,,,,,,,,,,,,,,,,,,,,,,,,,,,,,,,,,,,,,,,,,,,,away,tv,1658.0,NBC SPORTS BOSTON,NBCSB,,,,1610612738.0,,,,,,,,,,,,,
00,2026-27,11/10/2026 00:00:00,0022600213,20261110/LACPHX,1,9:00 pm ET,3,2026-11-10T00:00:00Z,1900-01-01T21:00:00Z,2026-11-10T21:00:00Z,2026-11-10T05:00:00Z,1900-01-01T02:00:00Z,2026-11-11T02:00:00Z,2026-11-10T18:00:00Z,2026-11-10T19:00:00Z,Tue,11,4,Week 4,false,,,,,Mortgage Matchup Center,AZ,Phoenix,N,,,False,1610612756,Suns,Phoenix,PHX,suns,0,0,0,0,1610612746,Clippers,LA,LAC,clippers,0,0,0,0,,,,,,,,,,,,,,,,,,,,,,,,,,,,,,,,,,natl,radio,1001098,SiriusXM,SiriusXM,,,https://www.siriusxm.com/sports/nba,-1,,,,,,,,,,,,,,,,,,,,,,,,,,,,,,,,,,,,,,,,,,,,,,,,,,,,,,,,,,,,,,,,,,,,
00,2026-27,11/10/2026 00:00:00,0022600214,20261110/MIAUTA,1,9:00 pm ET,4,2026-11-10T00:00:00Z,1900-01-01T21:00:00Z,2026-11-10T21:00:00Z,2026-11-10T05:00:00Z,1900-01-01T02:00:00Z,2026-11-11T02:00:00Z,2026-11-10T21:00:00Z,2026-11-10T19:00:00Z,Tue,11,4,Week 4,false,,,,,Delta Center,UT,Salt Lake City,N,,,False,1610612762,Jazz,Utah,UTA,jazz,0,0,0,0,1610612748,Heat,Miami,MIA,heat,0,0,0,0,,,,,,,,,,,,,,,,,,,,,,,,,,,,,,,,,,natl,radio,1001098,SiriusXM,SiriusXM,,,https://www.siriusxm.com/sports/nba,-1,,,,,,,,,,,,,,,,,,,,,,,,,,,,,,,,,,,,,,,,,,,,,,,away,tv,1001720.0,WPLG Local 10,WPLG,,,https://local10plusplatinum.maz.tv/open?deeplink=local10platinum://item/3776211-3882966?item=44d4cc7fbb9f4bd72cf272489b39eadf-3742525-3848761,1610612748.0,,,away,radio,1001523.0,FM 104.3 WQAM / S: WAQI 710,WQAM-FM/WAQI,,,,1610612748.0,,
00,2026-27,11/10/2026 00:00:00,0022600215,20261110/ORLSAC,1,10:00 pm ET,5,2026-11-10T00:00:00Z,1900-01-01T22:00:00Z,2026-11-10T22:00:00Z,2026-11-10T05:00:00Z,1900-01-01T03:00:00Z,2026-11-11T03:00:00Z,2026-11-10T22:00:00Z,2026-11-10T19:00:00Z,Tue,11,4,Week 4,false,,,,,Golden 1 Center,CA,Sacramento,N,,,False,1610612758,Kings,Sacramento,SAC,kings,0,0,0,0,1610612753,Magic,Orlando,ORL,magic,0,0,0,0,,,,,,,,,,,,,,,,,,,,,,,,,,,,,,,,,,natl,radio,1001098,SiriusXM,SiriusXM,,,https://www.siriusxm.com/sports/nba,-1,,,,,,,,,,,,,,home,tv,1027.0,NBCSCA,NBCSCA,,,,1610612758.0,,,,,,,,,,,,,,,,,,,,,,,,,,,,,,,,,,,,,,,,,,,,,,
00,2026-27,11/10/2026 00:00:00,0022600216,20261110/OKCPOR,1,11:00 pm ET,6,2026-11-10T00:00:00Z,1900-01-01T23:00:00Z,2026-11-10T23:00:00Z,2026-11-10T05:00:00Z,1900-01-01T04:00:00Z,2026-11-11T04:00:00Z,2026-11-10T22:00:00Z,2026-11-10T20:00:00Z,Tue,11,4,Week 4,false,,,,,Moda Center,OR,Portland,N,,,False,1610612757,Trail Blazers,Portland,POR,blazers,0,0,0,0,1610612760,Thunder,Oklahoma City,OKC,thunder,0,0,0,0,natl,tv,1001452.0,NBC,NBC,,,,-1.0,5.0,West,natl,tv,1001453.0,Peacock,Peacock,,,https://peacocktv.app.link/jQkaAtOQ95b,-1.0,3.0,,,,,,,,,,,,,natl,radio,1001098,SiriusXM,SiriusXM,,,https://www.siriusxm.com/sports/nba,-1,,,,,,,,,,,,,,,,,,,,,,,,,,,,,,,,,,,,home,radio,1472.0,Rip City Radio 620,KPOJ,,,,1610612757.0,,,,,,,,,,,,,,,,,,,,,,,,
00,2026-27,11/11/2026 00:00:00,0022600217,20261111/WASIND,1,7:00 pm ET,1,2026-11-11T00:00:00Z,1900-01-01T19:00:00Z,2026-11-11T19:00:00Z,2026-11-11T05:00:00Z,1900-01-01T00:00:00Z,2026-11-12T00:00:00Z,2026-11-11T19:00:00Z,2026-11-11T19:00:00Z,Wed,11,4,Week 4,false,,,,,Gainbridge Fieldhouse,IN,Indianapolis,N,,,False,1610612754,Pacers,Indiana,IND,pacers,0,0,0,0,1610612764,Wizards,Washington,WAS,wizards,0,0,0,0,,,,,,,,,,,,,,,,,,,,,,,,,,,,,,,,,,natl,radio,1001098,SiriusXM,SiriusXM,,,https://www.siriusxm.com/sports/nba,-1,,,,,,,,,,,,,,,,,,,,,,,,,,,,,,,,,,,,,,,,,,,,,,,,,,,,,,,,,,,,,,,,,,,,
00,2026-27,11/11/2026 00:00:00,0022600218,20261111/CLENYK,1,7:00 pm ET,2,2026-11-11T00:00:00Z,1900-01-01T19:00:00Z,2026-11-11T19:00:00Z,2026-11-11T05:00:00Z,1900-01-01T00:00:00Z,2026-11-12T00:00:00Z,2026-11-11T19:00:00Z,2026-11-11T19:00:00Z,Wed,11,4,Week 4,false,,,,,Madison Square Garden,NY,New York,N,,,False,1610612752,Knicks,New York,NYK,knicks,0,0,0,0,1610612739,Cavaliers,Cleveland,CLE,cavaliers,0,0,0,0,natl,tv,2.0,ESPN,ESPN,,,https://espn.smart.link/b4uxwf8ow?ex_cid=NBA&gameId=401909967&referringapp=nba,-1.0,2.0,,,,,,,,,,,,,,,,,,,,,,,,natl,radio,1001098,SiriusXM,SiriusXM,,,https://www.siriusxm.com/sports/nba,-1,,,,,,,,,,,,,,,,,,,,,,,,,,,,,,,,,,,,,,,,,,,,,,,,,,,,,,,,,,,,,,,,,,,,
00,2026-27,11/11/2026 00:00:00,0022600219,20261111/BOSTOR,1,7:00 pm ET,3,2026-11-11T00:00:00Z,1900-01-01T19:00:00Z,2026-11-11T19:00:00Z,2026-11-11T05:00:00Z,1900-01-01T00:00:00Z,2026-11-12T00:00:00Z,2026-11-11T19:00:00Z,2026-11-11T19:00:00Z,Wed,11,4,Week 4,false,,,,,Scotiabank Arena,ON,Toronto,N,,,False,1610612761,Raptors,Toronto,TOR,raptors,0,0,0,0,1610612738,Celtics,Boston,BOS,celtics,0,0,0,0,,,,,,,,,,,,,,,,,,,,,,,,,,,,,,,,,,natl,radio,1001098,SiriusXM,SiriusXM,,,https://www.siriusxm.com/sports/nba,-1,,,,,,,,,,,,,,,,,,,,,,,,,,,,,,,,,,,,,,,,,,,,,,,away,tv,1658.0,NBC SPORTS BOSTON,NBCSB,,,,1610612738.0,,,,,,,,,,,,,
00,2026-27,11/11/2026 00:00:00,0022600220,20261111/SASCHI,1,8:00 pm ET,4,2026-11-11T00:00:00Z,1900-01-01T20:00:00Z,2026-11-11T20:00:00Z,2026-11-11T05:00:00Z,1900-01-01T01:00:00Z,2026-11-12T01:00:00Z,2026-11-11T19:00:00Z,2026-11-11T19:00:00Z,Wed,11,4,Week 4,false,,,,,United Center,IL,Chicago,N,,,False,1610612741,Bulls,Chicago,CHI,bulls,0,0,0,0,1610612759,Spurs,San Antonio,SAS,spurs,0,0,0,0,,,,,,,,,,,,,,,,,,,,,,,,,,,,,,,,,,natl,radio,1001098,SiriusXM,SiriusXM,,,https://www.siriusxm.com/sports/nba,-1,,,,,,,,,,,,,,,,,,,,,,,,,,,,,,,,,,,,,,,,,,,,,,,,,,,,,,,,,,,,,,,,,,,,
00,2026-27,11/11/2026 00:00:00,0022600221,20261111/DENMEM,1,8:00 pm ET,5,2026-11-11T00:00:00Z,1900-01-01T20:00:00Z,2026-11-11T20:00:00Z,2026-11-11T05:00:00Z,1900-01-01T01:00:00Z,2026-11-12T01:00:00Z,2026-11-11T18:00:00Z,2026-11-11T19:00:00Z,Wed,11,4,Week 4,false,,,,,FedExForum,TN,Memphis,N,,,False,1610612763,Grizzlies,Memphis,MEM,grizzlies,0,0,0,0,1610612743,Nuggets,Denver,DEN,nuggets,0,0,0,0,,,,,,,,,,,,,,,,,,,,,,,,,,,,,,,,,,natl,radio,1001098,SiriusXM,SiriusXM,,,https://www.siriusxm.com/sports/nba,-1,,,,,,,,,,,,,,,,,,,,,,,,,,,,,,,,,,,,,,,,,,,,,,,,,,,,,,,,,,,,,,,,,,,,
00,2026-27,11/11/2026 00:00:00,0022600222,20261111/LALMIL,1,8:00 pm ET,6,2026-11-11T00:00:00Z,1900-01-01T20:00:00Z,2026-11-11T20:00:00Z,2026-11-11T05:00:00Z,1900-01-01T01:00:00Z,2026-11-12T01:00:00Z,2026-11-11T17:00:00Z,2026-11-11T19:00:00Z,Wed,11,4,Week 4,false,,,,,Fiserv Forum,WI,Milwaukee,N,,,False,1610612749,Bucks,Milwaukee,MIL,bucks,0,0,0,0,1610612747,Lakers,Los Angeles,LAL,lakers,0,0,0,0,,,,,,,,,,,,,,,,,,,,,,,,,,,,,,,,,,natl,radio,1001098,SiriusXM,SiriusXM,,,https://www.siriusxm.com/sports/nba,-1,,,,,,,,,,,,,,,,,,,,,,,,,,,,,,,,,,,,,,,,,,,,,,,away,tv,1651.0,Spectrum SportsNet,SPECSN,,,,1610612747.0,,,away,radio,1001605.0,ESPN LA 710/980 KFWB,KSPN/KFWB,,,,1610612747.0,,
00,2026-27,11/11/2026 00:00:00,0022600223,20261111/BKNNOP,1,8:00 pm ET,7,2026-11-11T00:00:00Z,1900-01-01T20:00:00Z,2026-11-11T20:00:00Z,2026-11-11T05:00:00Z,1900-01-01T01:00:00Z,2026-11-12T01:00:00Z,2026-11-11T20:00:00Z,2026-11-11T19:00:00Z,Wed,11,4,Week 4,false,,,,,Smoothie King Center,LA,New Orleans,N,,,False,1610612740,Pelicans,New Orleans,NOP,pelicans,0,0,0,0,1610612751,Nets,Brooklyn,BKN,nets,0,0,0,0,,,,,,,,,,,,,,,,,,,,,,,,,,,,,,,,,,natl,radio,1001098,SiriusXM,SiriusXM,,,https://www.siriusxm.com/sports/nba,-1,,,,,,,,,,,,,,,,,,,,,,,,,,,,,,,,,,,,,,,,,,,,,,,away,tv,175.0,DAZN (YES),YES,,,,1610612751.0,,,,,,,,,,,,,
00,2026-27,11/11/2026 00:00:00,0022600224,20261111/ORLUTA,1,9:00 pm ET,8,2026-11-11T00:00:00Z,1900-01-01T21:00:00Z,2026-11-11T21:00:00Z,2026-11-11T05:00:00Z,1900-01-01T02:00:00Z,2026-11-12T02:00:00Z,2026-11-11T21:00:00Z,2026-11-11T19:00:00Z,Wed,11,4,Week 4,false,,,,,Delta Center,UT,Salt Lake City,N,,,False,1610612762,Jazz,Utah,UTA,jazz,0,0,0,0,1610612753,Magic,Orlando,ORL,magic,0,0,0,0,,,,,,,,,,,,,,,,,,,,,,,,,,,,,,,,,,natl,radio,1001098,SiriusXM,SiriusXM,,,https://www.siriusxm.com/sports/nba,-1,,,,,,,,,,,,,,,,,,,,,,,,,,,,,,,,,,,,,,,,,,,,,,,,,,,,,,,,,,,,,,,,,,,,
00,2026-27,11/11/2026 00:00:00,0022600225,20261111/GSWHOU,1,9:30 pm ET,9,2026-11-11T00:00:00Z,1900-01-01T21:30:00Z,2026-11-11T21:30:00Z,2026-11-11T05:00:00Z,1900-01-01T02:30:00Z,2026-11-12T02:30:00Z,2026-11-11T18:30:00Z,2026-11-11T20:30:00Z,Wed,11,4,Week 4,false,,,,,Toyota Center,TX,Houston,N,,,False,1610612745,Rockets,Houston,HOU,rockets,0,0,0,0,1610612744,Warriors,Golden State,GSW,warriors,0,0,0,0,natl,tv,2.0,ESPN,ESPN,,,https://espn.smart.link/b4uxwf8ow?ex_cid=NBA&gameId=401909974&referringapp=nba,-1.0,2.0,,,,,,,,,,,,,,,,,,,,,,,,natl,radio,1001098,SiriusXM,SiriusXM,,,https://www.siriusxm.com/sports/nba,-1,,,,,,,,,,,,,,,,,,,,,,,,,,,,,,,,,,,,,,,,,,,,,,,away,tv,1097.0,NBCSBA,NBCSBA,,,,1610612744.0,,,,,,,,,,,,,
00,2026-27,11/11/2026 00:00:00,0022600226,20261111/OKCPOR,1,10:00 pm ET,10,2026-11-11T00:00:00Z,1900-01-01T22:00:00Z,2026-11-11T22:00:00Z,2026-11-11T05:00:00Z,1900-01-01T03:00:00Z,2026-11-12T03:00:00Z,2026-11-11T21:00:00Z,2026-11-11T19:00:00Z,Wed,11,4,Week 4,false,,,,,Moda Center,OR,Portland,N,,,False,1610612757,Trail Blazers,Portland,POR,blazers,0,0,0,0,1610612760,Thunder,Oklahoma City,OKC,thunder,0,0,0,0,,,,,,,,,,,,,,,,,,,,,,,,,,,,,,,,,,natl,radio,1001098,SiriusXM,SiriusXM,,,https://www.siriusxm.com/sports/nba,-1,,,,,,,,,,,,,,home,tv,1001196.0,KUNP,KUNP,,,,1610612757.0,,,,,,,,,,,,,,home,radio,1472.0,Rip City Radio 620,KPOJ,,,,1610612757.0,,,,,,,,,,,,,,,,,,,,,,,,
00,2026-27,11/12/2026 00:00:00,0022600227,20261112/TORPHI,1,7:00 pm ET,1,2026-11-12T00:00:00Z,1900-01-01T19:00:00Z,2026-11-12T19:00:00Z,2026-11-12T05:00:00Z,1900-01-01T00:00:00Z,2026-11-13T00:00:00Z,2026-11-12T19:00:00Z,2026-11-12T19:00:00Z,Thu,11,4,Week 4,false,,,,,Xfinity Mobile Arena,PA,Philadelphia,N,,,False,1610612755,76ers,Philadelphia,PHI,sixers,0,0,0,0,1610612761,Raptors,Toronto,TOR,raptors,0,0,0,0,,,,,,,,,,,,,,,,,,,,,,,,,,,,,,,,,,natl,radio,1001098,SiriusXM,SiriusXM,,,https://www.siriusxm.com/sports/nba,-1,,,,,,,,,,,,,,,,,,,,,,,,,,,,,,,,,,,,,,,,,,,,,,,,,,,,,,,,,,,,,,,,,,,,
00,2026-27,11/12/2026 00:00:00,0022600228,20261112/DETWAS,1,7:00 pm ET,2,2026-11-12T00:00:00Z,1900-01-01T19:00:00Z,2026-11-12T19:00:00Z,2026-11-12T05:00:00Z,1900-01-01T00:00:00Z,2026-11-13T00:00:00Z,2026-11-12T19:00:00Z,2026-11-12T19:00:00Z,Thu,11,4,Week 4,false,,,,,Capital One Arena,DC,Washington,N,,,False,1610612764,Wizards,Washington,WAS,wizards,0,0,0,0,1610612765,Pistons,Detroit,DET,pistons,0,0,0,0,,,,,,,,,,,,,,,,,,,,,,,,,,,,,,,,,,natl,radio,1001098,SiriusXM,SiriusXM,,,https://www.siriusxm.com/sports/nba,-1,,,,,,,,,,,,,,,,,,,,,,,,,,,,,,,,,,,,,,,,,,,,,,,,,,,,,,,,,,,,,,,,,,,,
00,2026-27,11/12/2026 00:00:00,0022600229,20261112/DALMIN,1,8:00 pm ET,3,2026-11-12T00:00:00Z,1900-01-01T20:00:00Z,2026-11-12T20:00:00Z,2026-11-12T05:00:00Z,1900-01-01T01:00:00Z,2026-11-13T01:00:00Z,2026-11-12T19:00:00Z,2026-11-12T19:00:00Z,Thu,11,4,Week 4,false,,,,,Target Center,MN,Minneapolis,N,,,False,1610612750,Timberwolves,Minnesota,MIN,timberwolves,0,0,0,0,1610612742,Mavericks,Dallas,DAL,mavericks,0,0,0,0,natl,tv,7.0,NBA TV,NBA TV,Watch with League Pass or your TV subscription,,,-1.0,,,,,,,,,,,,,,,,,,,,,,,,,natl,radio,1001098,SiriusXM,SiriusXM,,,https://www.siriusxm.com/sports/nba,-1,,,,,,,,,,,,,,,,,,,,,,,,,,,,,,,,,,,,,,,,,,,,,,,,,,,,,,,,,,,,,,,,,,,,
00,2026-27,11/12/2026 00:00:00,0022600230,20261112/CHAPHX,1,9:00 pm ET,4,2026-11-12T00:00:00Z,1900-01-01T21:00:00Z,2026-11-12T21:00:00Z,2026-11-12T05:00:00Z,1900-01-01T02:00:00Z,2026-11-13T02:00:00Z,2026-11-12T21:00:00Z,2026-11-12T19:00:00Z,Thu,11,4,Week 4,false,,,,,Mortgage Matchup Center,AZ,Phoenix,N,,,False,1610612756,Suns,Phoenix,PHX,suns,0,0,0,0,1610612766,Hornets,Charlotte,CHA,hornets,0,0,0,0,,,,,,,,,,,,,,,,,,,,,,,,,,,,,,,,,,natl,radio,1001098,SiriusXM,SiriusXM,,,https://www.siriusxm.com/sports/nba,-1,,,,,,,,,,,,,,,,,,,,,,,,,,,,,,,,,,,,,,,,,,,,,,,,,,,,,,,,,,,,,,,,,,,,
00,2026-27,11/13/2026 00:00:00,0022600034,20261113/NYKIND,1,7:00 pm ET,1,2026-11-13T00:00:00Z,1900-01-01T19:00:00Z,2026-11-13T19:00:00Z,2026-11-13T05:00:00Z,1900-01-01T00:00:00Z,2026-11-14T00:00:00Z,2026-11-13T19:00:00Z,2026-11-13T19:00:00Z,Fri,11,4,Week 4,false,,Emirates NBA Cup,East Group B,,Gainbridge Fieldhouse,IN,Indianapolis,N,,in-season,False,1610612754,Pacers,Indiana,IND,pacers,0,0,0,0,1610612752,Knicks,New York,NYK,knicks,0,0,0,0,natl,tv,1000664.0,Prime Video,Amazon,,,https://www.amazon.com/gp/video/tournament/amzn1.dv.icid.cf75b42a-68cd-4a1c-993a-a0b3f0575c5f?jic=20%7CCgZTcG9ydHMSA2FsbA%3D%3D&ref_=atv_hm_spo_c_7a7vxF_4_6,-1.0,4.0,,,,,,,,,,,,,,,,,,,,,,,,natl,radio,1001098,SiriusXM,SiriusXM,,,https://www.siriusxm.com/sports/nba,-1,,,,,,,,,,,,,,,,,,,,,,,,,,,,,,,,,,,,,,,,,,,,,,,,,,,,,,,,,,,,,,,,,,,,
00,2026-27,11/13/2026 00:00:00,0022600035,20261113/MILORL,1,7:00 pm ET,2,2026-11-13T00:00:00Z,1900-01-01T19:00:00Z,2026-11-13T19:00:00Z,2026-11-13T05:00:00Z,1900-01-01T00:00:00Z,2026-11-14T00:00:00Z,2026-11-13T18:00:00Z,2026-11-13T19:00:00Z,Fri,11,4,Week 4,false,,Emirates NBA Cup,East Group A,,Kia Center,FL,Orlando,N,,in-season,False,1610612753,Magic,Orlando,ORL,magic,0,0,0,0,1610612749,Bucks,Milwaukee,MIL,bucks,0,0,0,0,,,,,,,,,,,,,,,,,,,,,,,,,,,,,,,,,,natl,radio,1001098,SiriusXM,SiriusXM,,,https://www.siriusxm.com/sports/nba,-1,,,,,,,,,,,,,,,,,,,,,,,,,,,,,,,,,,,,,,,,,,,,,,,,,,,,,,,,,,,,,,,,,,,,
00,2026-27,11/13/2026 00:00:00,0022600036,20261113/CLEMIA,1,8:00 pm ET,3,2026-11-13T00:00:00Z,1900-01-01T20:00:00Z,2026-11-13T20:00:00Z,2026-11-13T05:00:00Z,1900-01-01T01:00:00Z,2026-11-14T01:00:00Z,2026-11-13T20:00:00Z,2026-11-13T20:00:00Z,Fri,11,4,Week 4,false,,Emirates NBA Cup,East Group B,,Kaseya Center,FL,Miami,N,,in-season,False,1610612748,Heat,Miami,MIA,heat,0,0,0,0,1610612739,Cavaliers,Cleveland,CLE,cavaliers,0,0,0,0,,,,,,,,,,,,,,,,,,,,,,,,,,,,,,,,,,natl,radio,1001098,SiriusXM,SiriusXM,,,https://www.siriusxm.com/sports/nba,-1,,,,,,,,,,,,,,home,tv,1001720.0,WPLG Local 10,WPLG,,,https://local10plusplatinum.maz.tv/open?deeplink=local10platinum://item/3776211-3882966?item=44d4cc7fbb9f4bd72cf272489b39eadf-3742525-3848761,1610612748.0,,,,,,,,,,,,,,home,radio,1001523.0,FM 104.3 WQAM / S: WAQI 710,WQAM-FM/WAQI,,,,1610612748.0,,,,,,,,,,,,,,,,,,,,,,,,
00,2026-27,11/13/2026 00:00:00,0022600037,20261113/ATLCHI,1,8:00 pm ET,4,2026-11-13T00:00:00Z,1900-01-01T20:00:00Z,2026-11-13T20:00:00Z,2026-11-13T05:00:00Z,1900-01-01T01:00:00Z,2026-11-14T01:00:00Z,2026-11-13T20:00:00Z,2026-11-13T19:00:00Z,Fri,11,4,Week 4,false,,Emirates NBA Cup,East Group C,,United Center,IL,Chicago,N,,in-season,False,1610612741,Bulls,Chicago,CHI,bulls,0,0,0,0,1610612737,Hawks,Atlanta,ATL,hawks,0,0,0,0,,,,,,,,,,,,,,,,,,,,,,,,,,,,,,,,,,natl,radio,1001098,SiriusXM,SiriusXM,,,https://www.siriusxm.com/sports/nba,-1,,,,,,,,,,,,,,,,,,,,,,,,,,,,,,,,,,,,,,,,,,,,,,,,,,,,,,,,,,,,,,,,,,,,
00,2026-27,11/13/2026 00:00:00,0022600038,20261113/MEMNOP,1,8:00 pm ET,5,2026-11-13T00:00:00Z,1900-01-01T20:00:00Z,2026-11-13T20:00:00Z,2026-11-13T05:00:00Z,1900-01-01T01:00:00Z,2026-11-14T01:00:00Z,2026-11-13T19:00:00Z,2026-11-13T19:00:00Z,Fri,11,4,Week 4,false,,Emirates NBA Cup,West Group B,,Smoothie King Center,LA,New Orleans,N,,in-season,False,1610612740,Pelicans,New Orleans,NOP,pelicans,0,0,0,0,1610612763,Grizzlies,Memphis,MEM,grizzlies,0,0,0,0,,,,,,,,,,,,,,,,,,,,,,,,,,,,,,,,,,natl,radio,1001098,SiriusXM,SiriusXM,,,https://www.siriusxm.com/sports/nba,-1,,,,,,,,,,,,,,,,,,,,,,,,,,,,,,,,,,,,,,,,,,,,,,,,,,,,,,,,,,,,,,,,,,,,
00,2026-27,11/13/2026 00:00:00,0022600039,20261113/UTAHOU,1,8:30 pm ET,6,2026-11-13T00:00:00Z,1900-01-01T20:30:00Z,2026-11-13T20:30:00Z,2026-11-13T05:00:00Z,1900-01-01T01:30:00Z,2026-11-14T01:30:00Z,2026-11-13T18:30:00Z,2026-11-13T19:30:00Z,Fri,11,4,Week 4,false,,Emirates NBA Cup,West Group A,,Toyota Center,TX,Houston,N,,in-season,False,1610612745,Rockets,Houston,HOU,rockets,0,0,0,0,1610612762,Jazz,Utah,UTA,jazz,0,0,0,0,,,,,,,,,,,,,,,,,,,,,,,,,,,,,,,,,,natl,radio,1001098,SiriusXM,SiriusXM,,,https://www.siriusxm.com/sports/nba,-1,,,,,,,,,,,,,,,,,,,,,,,,,,,,,,,,,,,,,,,,,,,,,,,,,,,,,,,,,,,,,,,,,,,,
00,2026-27,11/13/2026 00:00:00,0022600040,20261113/GSWSAS,1,9:30 pm ET,7,2026-11-13T00:00:00Z,1900-01-01T21:30:00Z,2026-11-13T21:30:00Z,2026-11-13T05:00:00Z,1900-01-01T02:30:00Z,2026-11-14T02:30:00Z,2026-11-13T18:30:00Z,2026-11-13T20:30:00Z,Fri,11,4,Week 4,false,,Emirates NBA Cup,West Group C,,Frost Bank Center,TX,San Antonio,N,,in-season,False,1610612759,Spurs,San Antonio,SAS,spurs,0,0,0,0,1610612744,Warriors,Golden State,GSW,warriors,0,0,0,0,natl,tv,1000664.0,Prime Video,Amazon,,,https://www.amazon.com/gp/video/tournament/amzn1.dv.icid.cf75b42a-68cd-4a1c-993a-a0b3f0575c5f?jic=20%7CCgZTcG9ydHMSA2FsbA%3D%3D&ref_=atv_hm_spo_c_7a7vxF_4_6,-1.0,4.0,,,,,,,,,,,,,,,,,,,,,,,,natl,radio,3,ESPN Radio,ESPNR,,,,-1,,,natl,radio,1001098.0,SiriusXM,SiriusXM,,,https://www.siriusxm.com/sports/nba,-1.0,,,,,,,,,,,,,,,,,,,,,,,,,,,,,,,,,,,,,,,,,,,,,,,,,,,,,,,,,
00,2026-27,11/13/2026 00:00:00,0022600041,20261113/PORSAC,1,10:00 pm ET,8,2026-11-13T00:00:00Z,1900-01-01T22:00:00Z,2026-11-13T22:00:00Z,2026-11-13T05:00:00Z,1900-01-01T03:00:00Z,2026-11-14T03:00:00Z,2026-11-13T19:00:00Z,2026-11-13T19:00:00Z,Fri,11,4,Week 4,false,,Emirates NBA Cup,West Group C,,Golden 1 Center,CA,Sacramento,N,,in-season,False,1610612758,Kings,Sacramento,SAC,kings,0,0,0,0,1610612757,Trail Blazers,Portland,POR,blazers,0,0,0,0,,,,,,,,,,,,,,,,,,,,,,,,,,,,,,,,,,natl,radio,1001098,SiriusXM,SiriusXM,,,https://www.siriusxm.com/sports/nba,-1,,,,,,,,,,,,,,home,tv,1027.0,NBCSCA,NBCSCA,,,,1610612758.0,,,,,,,,,,,,,,,,,,,,,,,,,away,tv,1001196.0,KUNP,KUNP,,,,1610612757.0,,,away,radio,1472.0,Rip City Radio 620,KPOJ,,,,1610612757.0,,
00,2026-27,11/13/2026 00:00:00,0022600042,20261113/OKCLAC,1,10:30 pm ET,9,2026-11-13T00:00:00Z,1900-01-01T22:30:00Z,2026-11-13T22:30:00Z,2026-11-13T05:00:00Z,1900-01-01T03:30:00Z,2026-11-14T03:30:00Z,2026-11-13T21:30:00Z,2026-11-13T19:30:00Z,Fri,11,4,Week 4,false,,Emirates NBA Cup,West Group B,,Intuit Dome,CA,Inglewood,N,,in-season,False,1610612746,Clippers,LA,LAC,clippers,0,0,0,0,1610612760,Thunder,Oklahoma City,OKC,thunder,0,0,0,0,,,,,,,,,,,,,,,,,,,,,,,,,,,,,,,,,,natl,radio,1001098,SiriusXM,SiriusXM,,,https://www.siriusxm.com/sports/nba,-1,,,,,,,,,,,,,,,,,,,,,,,,,,,,,,,,,,,,,,,,,,,,,,,,,,,,,,,,,,,,,,,,,,,,
00,2026-27,11/14/2026 00:00:00,0022600231,20261114/DENNOP,1,7:00 pm ET,1,2026-11-14T00:00:00Z,1900-01-01T19:00:00Z,2026-11-14T19:00:00Z,2026-11-14T05:00:00Z,1900-01-01T00:00:00Z,2026-11-15T00:00:00Z,2026-11-14T17:00:00Z,2026-11-14T18:00:00Z,Sat,11,4,Week 4,false,,,,,Smoothie King Center,LA,New Orleans,N,,,False,1610612740,Pelicans,New Orleans,NOP,pelicans,0,0,0,0,1610612743,Nuggets,Denver,DEN,nuggets,0,0,0,0,,,,,,,,,,,,,,,,,,,,,,,,,,,,,,,,,,natl,radio,1001098,SiriusXM,SiriusXM,,,https://www.siriusxm.com/sports/nba,-1,,,,,,,,,,,,,,,,,,,,,,,,,,,,,,,,,,,,,,,,,,,,,,,,,,,,,,,,,,,,,,,,,,,,
00,2026-27,11/14/2026 00:00:00,0022600232,20261114/DALCLE,1,7:30 pm ET,2,2026-11-14T00:00:00Z,1900-01-01T19:30:00Z,2026-11-14T19:30:00Z,2026-11-14T05:00:00Z,1900-01-01T00:30:00Z,2026-11-15T00:30:00Z,2026-11-14T18:30:00Z,2026-11-14T19:30:00Z,Sat,11,4,Week 4,false,,,,,Rocket Arena,OH,Cleveland,N,,,False,1610612739,Cavaliers,Cleveland,CLE,cavaliers,0,0,0,0,1610612742,Mavericks,Dallas,DAL,mavericks,0,0,0,0,,,,,,,,,,,,,,,,,,,,,,,,,,,,,,,,,,natl,radio,1001098,SiriusXM,SiriusXM,,,https://www.siriusxm.com/sports/nba,-1,,,,,,,,,,,,,,,,,,,,,,,,,,,,,,,,,,,,,,,,,,,,,,,,,,,,,,,,,,,,,,,,,,,,
00,2026-27,11/14/2026 00:00:00,0022600233,20261114/DETMIA,1,8:00 pm ET,3,2026-11-14T00:00:00Z,1900-01-01T20:00:00Z,2026-11-14T20:00:00Z,2026-11-14T05:00:00Z,1900-01-01T01:00:00Z,2026-11-15T01:00:00Z,2026-11-14T20:00:00Z,2026-11-14T20:00:00Z,Sat,11,4,Week 4,false,,,,,Kaseya Center,FL,Miami,N,,,False,1610612748,Heat,Miami,MIA,heat,0,0,0,0,1610612765,Pistons,Detroit,DET,pistons,0,0,0,0,natl,tv,7.0,NBA TV,NBA TV,Watch with League Pass or your TV subscription,,,-1.0,,,,,,,,,,,,,,,,,,,,,,,,,natl,radio,1001098,SiriusXM,SiriusXM,,,https://www.siriusxm.com/sports/nba,-1,,,,,,,,,,,,,,home,tv,1001720.0,WPLG Local 10,WPLG,,,https://local10plusplatinum.maz.tv/open?deeplink=local10platinum://item/3776211-3882966?item=44d4cc7fbb9f4bd72cf272489b39eadf-3742525-3848761,1610612748.0,,,,,,,,,,,,,,home,radio,1001523.0,FM 104.3 WQAM / S: WAQI 710,WQAM-FM/WAQI,,,,1610612748.0,,,,,,,,,,,,,,,,,,,,,,,,
00,2026-27,11/14/2026 00:00:00,0022600234,20261114/BKNMEM,1,8:00 pm ET,4,2026-11-14T00:00:00Z,1900-01-01T20:00:00Z,2026-11-14T20:00:00Z,2026-11-14T05:00:00Z,1900-01-01T01:00:00Z,2026-11-15T01:00:00Z,2026-11-14T20:00:00Z,2026-11-14T19:00:00Z,Sat,11,4,Week 4,false,,,,,FedExForum,TN,Memphis,N,,,False,1610612763,Grizzlies,Memphis,MEM,grizzlies,0,0,0,0,1610612751,Nets,Brooklyn,BKN,nets,0,0,0,0,,,,,,,,,,,,,,,,,,,,,,,,,,,,,,,,,,natl,radio,1001098,SiriusXM,SiriusXM,,,https://www.siriusxm.com/sports/nba,-1,,,,,,,,,,,,,,,,,,,,,,,,,,,,,,,,,,,,,,,,,,,,,,,away,tv,175.0,DAZN (YES),YES,,,,1610612751.0,,,,,,,,,,,,,
00,2026-27,11/14/2026 00:00:00,0022600235,20261114/CHIMIN,1,8:00 pm ET,5,2026-11-14T00:00:00Z,1900-01-01T20:00:00Z,2026-11-14T20:00:00Z,2026-11-14T05:00:00Z,1900-01-01T01:00:00Z,2026-11-15T01:00:00Z,2026-11-14T19:00:00Z,2026-11-14T19:00:00Z,Sat,11,4,Week 4,false,,,,,Target Center,MN,Minneapolis,N,,,False,1610612750,Timberwolves,Minnesota,MIN,timberwolves,0,0,0,0,1610612741,Bulls,Chicago,CHI,bulls,0,0,0,0,,,,,,,,,,,,,,,,,,,,,,,,,,,,,,,,,,natl,radio,1001098,SiriusXM,SiriusXM,,,https://www.siriusxm.com/sports/nba,-1,,,,,,,,,,,,,,,,,,,,,,,,,,,,,,,,,,,,,,,,,,,,,,,,,,,,,,,,,,,,,,,,,,,,
00,2026-27,11/15/2026 00:00:00,0022600236,20261115/INDPHI,1,1:00 pm ET,1,2026-11-15T00:00:00Z,1900-01-01T13:00:00Z,2026-11-15T13:00:00Z,2026-11-15T05:00:00Z,1900-01-01T18:00:00Z,2026-11-15T18:00:00Z,2026-11-15T13:00:00Z,2026-11-15T13:00:00Z,Sun,11,4,Week 4,false,,,,,Xfinity Mobile Arena,PA,Philadelphia,N,,,False,1610612755,76ers,Philadelphia,PHI,sixers,0,0,0,0,1610612754,Pacers,Indiana,IND,pacers,0,0,0,0,,,,,,,,,,,,,,,,,,,,,,,,,,,,,,,,,,natl,radio,1001098,SiriusXM,SiriusXM,,,https://www.siriusxm.com/sports/nba,-1,,,,,,,,,,,,,,,,,,,,,,,,,,,,,,,,,,,,,,,,,,,,,,,,,,,,,,,,,,,,,,,,,,,,
00,2026-27,11/15/2026 00:00:00,0022600237,20261115/LALPHX,1,4:00 pm ET,2,2026-11-15T00:00:00Z,1900-01-01T16:00:00Z,2026-11-15T16:00:00Z,2026-11-15T05:00:00Z,1900-01-01T21:00:00Z,2026-11-15T21:00:00Z,2026-11-15T13:00:00Z,2026-11-15T14:00:00Z,Sun,11,4,Week 4,false,,,,,Mortgage Matchup Center,AZ,Phoenix,N,,,False,1610612756,Suns,Phoenix,PHX,suns,0,0,0,0,1610612747,Lakers,Los Angeles,LAL,lakers,0,0,0,0,,,,,,,,,,,,,,,,,,,,,,,,,,,,,,,,,,natl,radio,1001098,SiriusXM,SiriusXM,,,https://www.siriusxm.com/sports/nba,-1,,,,,,,,,,,,,,,,,,,,,,,,,,,,,,,,,,,,,,,,,,,,,,,away,tv,1651.0,Spectrum SportsNet,SPECSN,,,,1610612747.0,,,away,radio,1001605.0,ESPN LA 710/980 KFWB,KSPN/KFWB,,,,1610612747.0,,
00,2026-27,11/15/2026 00:00:00,0022600238,20261115/CHALAC,1,4:30 pm ET,3,2026-11-15T00:00:00Z,1900-01-01T16:30:00Z,2026-11-15T16:30:00Z,2026-11-15T05:00:00Z,1900-01-01T21:30:00Z,2026-11-15T21:30:00Z,2026-11-15T16:30:00Z,2026-11-15T13:30:00Z,Sun,11,4,Week 4,false,,,,,Intuit Dome,CA,Inglewood,N,,,False,1610612746,Clippers,LA,LAC,clippers,0,0,0,0,1610612766,Hornets,Charlotte,CHA,hornets,0,0,0,0,,,,,,,,,,,,,,,,,,,,,,,,,,,,,,,,,,natl,radio,1001098,SiriusXM,SiriusXM,,,https://www.siriusxm.com/sports/nba,-1,,,,,,,,,,,,,,,,,,,,,,,,,,,,,,,,,,,,,,,,,,,,,,,,,,,,,,,,,,,,,,,,,,,,
00,2026-27,11/15/2026 00:00:00,0022600239,20261115/SASUTA,1,5:00 pm ET,4,2026-11-15T00:00:00Z,1900-01-01T17:00:00Z,2026-11-15T17:00:00Z,2026-11-15T05:00:00Z,1900-01-01T22:00:00Z,2026-11-15T22:00:00Z,2026-11-15T16:00:00Z,2026-11-15T15:00:00Z,Sun,11,4,Week 4,false,,,,,Delta Center,UT,Salt Lake City,N,,,False,1610612762,Jazz,Utah,UTA,jazz,0,0,0,0,1610612759,Spurs,San Antonio,SAS,spurs,0,0,0,0,,,,,,,,,,,,,,,,,,,,,,,,,,,,,,,,,,natl,radio,1001098,SiriusXM,SiriusXM,,,https://www.siriusxm.com/sports/nba,-1,,,,,,,,,,,,,,,,,,,,,,,,,,,,,,,,,,,,,,,,,,,,,,,,,,,,,,,,,,,,,,,,,,,,
00,2026-27,11/15/2026 00:00:00,0022600240,20261115/DALBOS,1,6:00 pm ET,5,2026-11-15T00:00:00Z,1900-01-01T18:00:00Z,2026-11-15T18:00:00Z,2026-11-15T05:00:00Z,1900-01-01T23:00:00Z,2026-11-15T23:00:00Z,2026-11-15T17:00:00Z,2026-11-15T18:00:00Z,Sun,11,4,Week 4,false,,,,,TD Garden,MA,Boston,N,,,False,1610612738,Celtics,Boston,BOS,celtics,0,0,0,0,1610612742,Mavericks,Dallas,DAL,mavericks,0,0,0,0,,,,,,,,,,,,,,,,,,,,,,,,,,,,,,,,,,natl,radio,1001098,SiriusXM,SiriusXM,,,https://www.siriusxm.com/sports/nba,-1,,,,,,,,,,,,,,home,tv,1658.0,NBC SPORTS BOSTON,NBCSB,,,,1610612738.0,,,,,,,,,,,,,,,,,,,,,,,,,,,,,,,,,,,,,,,,,,,,,,
00,2026-27,11/15/2026 00:00:00,0022600241,20261115/NYKTOR,1,6:00 pm ET,6,2026-11-15T00:00:00Z,1900-01-01T18:00:00Z,2026-11-15T18:00:00Z,2026-11-15T05:00:00Z,1900-01-01T23:00:00Z,2026-11-15T23:00:00Z,2026-11-15T18:00:00Z,2026-11-15T18:00:00Z,Sun,11,4,Week 4,false,,,,,Scotiabank Arena,ON,Toronto,N,,,False,1610612761,Raptors,Toronto,TOR,raptors,0,0,0,0,1610612752,Knicks,New York,NYK,knicks,0,0,0,0,,,,,,,,,,,,,,,,,,,,,,,,,,,,,,,,,,natl,radio,1001098,SiriusXM,SiriusXM,,,https://www.siriusxm.com/sports/nba,-1,,,,,,,,,,,,,,,,,,,,,,,,,,,,,,,,,,,,,,,,,,,,,,,,,,,,,,,,,,,,,,,,,,,,
00,2026-27,11/15/2026 00:00:00,0022600242,20261115/HOUWAS,1,7:00 pm ET,7,2026-11-15T00:00:00Z,1900-01-01T19:00:00Z,2026-11-15T19:00:00Z,2026-11-15T05:00:00Z,1900-01-01T00:00:00Z,2026-11-16T00:00:00Z,2026-11-15T18:00:00Z,2026-11-15T19:00:00Z,Sun,11,4,Week 4,false,,,,,Capital One Arena,DC,Washington,N,,,False,1610612764,Wizards,Washington,WAS,wizards,0,0,0,0,1610612745,Rockets,Houston,HOU,rockets,0,0,0,0,,,,,,,,,,,,,,,,,,,,,,,,,,,,,,,,,,natl,radio,1001098,SiriusXM,SiriusXM,,,https://www.siriusxm.com/sports/nba,-1,,,,,,,,,,,,,,,,,,,,,,,,,,,,,,,,,,,,,,,,,,,,,,,,,,,,,,,,,,,,,,,,,,,,
00,2026-27,11/15/2026 00:00:00,0022600243,20261115/ATLMIL,1,8:00 pm ET,8,2026-11-15T00:00:00Z,1900-01-01T20:00:00Z,2026-11-15T20:00:00Z,2026-11-15T05:00:00Z,1900-01-01T01:00:00Z,2026-11-16T01:00:00Z,2026-11-15T20:00:00Z,2026-11-15T19:00:00Z,Sun,11,4,Week 4,false,,,,,Fiserv Forum,WI,Milwaukee,N,,,False,1610612749,Bucks,Milwaukee,MIL,bucks,0,0,0,0,1610612737,Hawks,Atlanta,ATL,hawks,0,0,0,0,,,,,,,,,,,,,,,,,,,,,,,,,,,,,,,,,,natl,radio,1001098,SiriusXM,SiriusXM,,,https://www.siriusxm.com/sports/nba,-1,,,,,,,,,,,,,,,,,,,,,,,,,,,,,,,,,,,,,,,,,,,,,,,,,,,,,,,,,,,,,,,,,,,,
00,2026-27,11/15/2026 00:00:00,0022600244,20261115/OKCSAC,1,9:00 pm ET,9,2026-11-15T00:00:00Z,1900-01-01T21:00:00Z,2026-11-15T21:00:00Z,2026-11-15T05:00:00Z,1900-01-01T02:00:00Z,2026-11-16T02:00:00Z,2026-11-15T20:00:00Z,2026-11-15T18:00:00Z,Sun,11,4,Week 4,false,,,,,Golden 1 Center,CA,Sacramento,N,,,False,1610612758,Kings,Sacramento,SAC,kings,0,0,0,0,1610612760,Thunder,Oklahoma City,OKC,thunder,0,0,0,0,,,,,,,,,,,,,,,,,,,,,,,,,,,,,,,,,,natl,radio,1001098,SiriusXM,SiriusXM,,,https://www.siriusxm.com/sports/nba,-1,,,,,,,,,,,,,,home,tv,1027.0,NBCSCA,NBCSCA,,,,1610612758.0,,,,,,,,,,,,,,,,,,,,,,,,,,,,,,,,,,,,,,,,,,,,,,
00,2026-27,11/16/2026 00:00:00,0022600245,20261116/ORLBOS,1,7:00 pm ET,1,2026-11-16T00:00:00Z,1900-01-01T19:00:00Z,2026-11-16T19:00:00Z,2026-11-16T05:00:00Z,1900-01-01T00:00:00Z,2026-11-17T00:00:00Z,2026-11-16T19:00:00Z,2026-11-16T19:00:00Z,Mon,11,5,Week 5,false,,,,,TD Garden,MA,Boston,N,,,False,1610612738,Celtics,Boston,BOS,celtics,0,0,0,0,1610612753,Magic,Orlando,ORL,magic,0,0,0,0,natl,tv,1001453.0,Peacock,Peacock,,,https://peacocktv.app.link/rl5vGtmvb6b,-1.0,3.0,,natl,tv,1001488.0,NBC Sports Network,NBCSN,,,,-1.0,7.0,National,,,,,,,,,,,,natl,radio,1001098,SiriusXM,SiriusXM,,,https://www.siriusxm.com/sports/nba,-1,,,,,,,,,,,,,,,,,,,,,,,,,,,,,,,,,,,,,,,,,,,,,,,,,,,,,,,,,,,,,,,,,,,,
00,2026-27,11/16/2026 00:00:00,0022600246,20261116/CHICLE,1,7:00 pm ET,2,2026-11-16T00:00:00Z,1900-01-01T19:00:00Z,2026-11-16T19:00:00Z,2026-11-16T05:00:00Z,1900-01-01T00:00:00Z,2026-11-17T00:00:00Z,2026-11-16T18:00:00Z,2026-11-16T19:00:00Z,Mon,11,5,Week 5,false,,,,,Rocket Arena,OH,Cleveland,N,,,False,1610612739,Cavaliers,Cleveland,CLE,cavaliers,0,0,0,0,1610612741,Bulls,Chicago,CHI,bulls,0,0,0,0,,,,,,,,,,,,,,,,,,,,,,,,,,,,,,,,,,natl,radio,1001098,SiriusXM,SiriusXM,,,https://www.siriusxm.com/sports/nba,-1,,,,,,,,,,,,,,,,,,,,,,,,,,,,,,,,,,,,,,,,,,,,,,,,,,,,,,,,,,,,,,,,,,,,
00,2026-27,11/16/2026 00:00:00,0022600247,20261116/MEMWAS,1,7:00 pm ET,3,2026-11-16T00:00:00Z,1900-01-01T19:00:00Z,2026-11-16T19:00:00Z,2026-11-16T05:00:00Z,1900-01-01T00:00:00Z,2026-11-17T00:00:00Z,2026-11-16T18:00:00Z,2026-11-16T19:00:00Z,Mon,11,5,Week 5,false,,,,,Capital One Arena,DC,Washington,N,,,False,1610612764,Wizards,Washington,WAS,wizards,0,0,0,0,1610612763,Grizzlies,Memphis,MEM,grizzlies,0,0,0,0,,,,,,,,,,,,,,,,,,,,,,,,,,,,,,,,,,natl,radio,1001098,SiriusXM,SiriusXM,,,https://www.siriusxm.com/sports/nba,-1,,,,,,,,,,,,,,,,,,,,,,,,,,,,,,,,,,,,,,,,,,,,,,,,,,,,,,,,,,,,,,,,,,,,
00,2026-27,11/16/2026 00:00:00,0022600248,20261116/PHIBKN,1,7:30 pm ET,4,2026-11-16T00:00:00Z,1900-01-01T19:30:00Z,2026-11-16T19:30:00Z,2026-11-16T05:00:00Z,1900-01-01T00:30:00Z,2026-11-17T00:30:00Z,2026-11-16T19:30:00Z,2026-11-16T19:30:00Z,Mon,11,5,Week 5,false,,,,,Barclays Center,NY,Brooklyn,N,,,False,1610612751,Nets,Brooklyn,BKN,nets,0,0,0,0,1610612755,76ers,Philadelphia,PHI,sixers,0,0,0,0,,,,,,,,,,,,,,,,,,,,,,,,,,,,,,,,,,natl,radio,1001098,SiriusXM,SiriusXM,,,https://www.siriusxm.com/sports/nba,-1,,,,,,,,,,,,,,home,tv,175.0,DAZN (YES),YES,,,,1610612751.0,,,,,,,,,,,,,,,,,,,,,,,,,,,,,,,,,,,,,,,,,,,,,,
00,2026-27,11/16/2026 00:00:00,0022600249,20261116/HOUMIA,1,7:30 pm ET,5,2026-11-16T00:00:00Z,1900-01-01T19:30:00Z,2026-11-16T19:30:00Z,2026-11-16T05:00:00Z,1900-01-01T00:30:00Z,2026-11-17T00:30:00Z,2026-11-16T18:30:00Z,2026-11-16T19:30:00Z,Mon,11,5,Week 5,false,,,,,Kaseya Center,FL,Miami,N,,,False,1610612748,Heat,Miami,MIA,heat,0,0,0,0,1610612745,Rockets,Houston,HOU,rockets,0,0,0,0,,,,,,,,,,,,,,,,,,,,,,,,,,,,,,,,,,natl,radio,1001098,SiriusXM,SiriusXM,,,https://www.siriusxm.com/sports/nba,-1,,,,,,,,,,,,,,home,tv,1001720.0,WPLG Local 10,WPLG,,,https://local10plusplatinum.maz.tv/open?deeplink=local10platinum://item/3776211-3882966?item=44d4cc7fbb9f4bd72cf272489b39eadf-3742525-3848761,1610612748.0,,,,,,,,,,,,,,home,radio,1001523.0,FM 104.3 WQAM / S: WAQI 710,WQAM-FM/WAQI,,,,1610612748.0,,,,,,,,,,,,,,,,,,,,,,,,
00,2026-27,11/16/2026 00:00:00,0022600250,20261116/PORMIN,1,8:00 pm ET,6,2026-11-16T00:00:00Z,1900-01-01T20:00:00Z,2026-11-16T20:00:00Z,2026-11-16T05:00:00Z,1900-01-01T01:00:00Z,2026-11-17T01:00:00Z,2026-11-16T17:00:00Z,2026-11-16T19:00:00Z,Mon,11,5,Week 5,false,,,,,Target Center,MN,Minneapolis,N,,,False,1610612750,Timberwolves,Minnesota,MIN,timberwolves,0,0,0,0,1610612757,Trail Blazers,Portland,POR,blazers,0,0,0,0,,,,,,,,,,,,,,,,,,,,,,,,,,,,,,,,,,natl,radio,1001098,SiriusXM,SiriusXM,,,https://www.siriusxm.com/sports/nba,-1,,,,,,,,,,,,,,,,,,,,,,,,,,,,,,,,,,,,,,,,,,,,,,,away,tv,1001196.0,KUNP,KUNP,,,,1610612757.0,,,away,radio,1472.0,Rip City Radio 620,KPOJ,,,,1610612757.0,,
00,2026-27,11/16/2026 00:00:00,0022600251,20261116/GSWNOP,1,8:00 pm ET,7,2026-11-16T00:00:00Z,1900-01-01T20:00:00Z,2026-11-16T20:00:00Z,2026-11-16T05:00:00Z,1900-01-01T01:00:00Z,2026-11-17T01:00:00Z,2026-11-16T17:00:00Z,2026-11-16T19:00:00Z,Mon,11,5,Week 5,false,,,,,Smoothie King Center,LA,New Orleans,N,,,False,1610612740,Pelicans,New Orleans,NOP,pelicans,0,0,0,0,1610612744,Warriors,Golden State,GSW,warriors,0,0,0,0,,,,,,,,,,,,,,,,,,,,,,,,,,,,,,,,,,natl,radio,1001098,SiriusXM,SiriusXM,,,https://www.siriusxm.com/sports/nba,-1,,,,,,,,,,,,,,,,,,,,,,,,,,,,,,,,,,,,,,,,,,,,,,,away,tv,1097.0,NBCSBA,NBCSBA,,,,1610612744.0,,,,,,,,,,,,,
00,2026-27,11/16/2026 00:00:00,0022600252,20261116/PHXDEN,1,9:00 pm ET,8,2026-11-16T00:00:00Z,1900-01-01T21:00:00Z,2026-11-16T21:00:00Z,2026-11-16T05:00:00Z,1900-01-01T02:00:00Z,2026-11-17T02:00:00Z,2026-11-16T19:00:00Z,2026-11-16T19:00:00Z,Mon,11,5,Week 5,false,,,,,Ball Arena,CO,Denver,N,,,False,1610612743,Nuggets,Denver,DEN,nuggets,0,0,0,0,1610612756,Suns,Phoenix,PHX,suns,0,0,0,0,,,,,,,,,,,,,,,,,,,,,,,,,,,,,,,,,,natl,radio,1001098,SiriusXM,SiriusXM,,,https://www.siriusxm.com/sports/nba,-1,,,,,,,,,,,,,,,,,,,,,,,,,,,,,,,,,,,,,,,,,,,,,,,,,,,,,,,,,,,,,,,,,,,,
00,2026-27,11/17/2026 00:00:00,0022600253,20261117/NYKTOR,1,7:30 pm ET,1,2026-11-17T00:00:00Z,1900-01-01T19:30:00Z,2026-11-17T19:30:00Z,2026-11-17T05:00:00Z,1900-01-01T00:30:00Z,2026-11-18T00:30:00Z,2026-11-17T19:30:00Z,2026-11-17T19:30:00Z,Tue,11,5,Week 5,false,,,,,Scotiabank Arena,ON,Toronto,N,,,False,1610612761,Raptors,Toronto,TOR,raptors,0,0,0,0,1610612752,Knicks,New York,NYK,knicks,0,0,0,0,,,,,,,,,,,,,,,,,,,,,,,,,,,,,,,,,,natl,radio,1001098,SiriusXM,SiriusXM,,,https://www.siriusxm.com/sports/nba,-1,,,,,,,,,,,,,,,,,,,,,,,,,,,,,,,,,,,,,,,,,,,,,,,,,,,,,,,,,,,,,,,,,,,,
00,2026-27,11/17/2026 00:00:00,0022600254,20261117/PORMIN,1,8:00 pm ET,2,2026-11-17T00:00:00Z,1900-01-01T20:00:00Z,2026-11-17T20:00:00Z,2026-11-17T05:00:00Z,1900-01-01T01:00:00Z,2026-11-18T01:00:00Z,2026-11-17T17:00:00Z,2026-11-17T19:00:00Z,Tue,11,5,Week 5,false,,,,,Target Center,MN,Minneapolis,N,,,False,1610612750,Timberwolves,Minnesota,MIN,timberwolves,0,0,0,0,1610612757,Trail Blazers,Portland,POR,blazers,0,0,0,0,,,,,,,,,,,,,,,,,,,,,,,,,,,,,,,,,,natl,radio,1001098,SiriusXM,SiriusXM,,,https://www.siriusxm.com/sports/nba,-1,,,,,,,,,,,,,,,,,,,,,,,,,,,,,,,,,,,,,,,,,,,,,,,away,tv,1001507.0,KATU ABC 2/KUNP,KATU/KUNP,,,,1610612757.0,,,away,radio,1472.0,Rip City Radio 620,KPOJ,,,,1610612757.0,,
00,2026-27,11/17/2026 00:00:00,0022600255,20261117/DETSAS,1,8:00 pm ET,3,2026-11-17T00:00:00Z,1900-01-01T20:00:00Z,2026-11-17T20:00:00Z,2026-11-17T05:00:00Z,1900-01-01T01:00:00Z,2026-11-18T01:00:00Z,2026-11-17T20:00:00Z,2026-11-17T19:00:00Z,Tue,11,5,Week 5,false,,,,,Frost Bank Center,TX,San Antonio,N,,,False,1610612759,Spurs,San Antonio,SAS,spurs,0,0,0,0,1610612765,Pistons,Detroit,DET,pistons,0,0,0,0,natl,tv,1001452.0,NBC,NBC,,,,-1.0,5.0,East,natl,tv,1001453.0,Peacock,Peacock,,,https://www.peacocktv.com/sports/nba?cid=2508sptnbaexterndinapplk26427&utm_campaign=2508sptnba&utm_source=nba_nba_nba&utm_medium=ernd_inapplk_acq_inapbnr&utm_term=nbafans&utm_content=nbaapplinks,-1.0,3.0,,,,,,,,,,,,,natl,radio,1001098,SiriusXM,SiriusXM,,,https://www.siriusxm.com/sports/nba,-1,,,,,,,,,,,,,,,,,,,,,,,,,,,,,,,,,,,,,,,,,,,,,,,,,,,,,,,,,,,,,,,,,,,,
00,2026-27,11/17/2026 00:00:00,0022600256,20261117/CHALAL,1,10:00 pm ET,4,2026-11-17T00:00:00Z,1900-01-01T22:00:00Z,2026-11-17T22:00:00Z,2026-11-17T05:00:00Z,1900-01-01T03:00:00Z,2026-11-18T03:00:00Z,2026-11-17T22:00:00Z,2026-11-17T19:00:00Z,Tue,11,5,Week 5,false,,,,,Crypto.com Arena,CA,Los Angeles,N,,,False,1610612747,Lakers,Los Angeles,LAL,lakers,0,0,0,0,1610612766,Hornets,Charlotte,CHA,hornets,0,0,0,0,,,,,,,,,,,,,,,,,,,,,,,,,,,,,,,,,,natl,radio,1001098,SiriusXM,SiriusXM,,,https://www.siriusxm.com/sports/nba,-1,,,,,,,,,,,,,,home,tv,1651.0,Spectrum SportsNet,SPECSN,,,,1610612747.0,,,,,,,,,,,,,,home,radio,1001605.0,ESPN LA 710/980 KFWB,KSPN/KFWB,,,,1610612747.0,,,,,,,,,,,,,,,,,,,,,,,,
00,2026-27,11/17/2026 00:00:00,0022600257,20261117/UTALAC,1,11:00 pm ET,5,2026-11-17T00:00:00Z,1900-01-01T23:00:00Z,2026-11-17T23:00:00Z,2026-11-17T05:00:00Z,1900-01-01T04:00:00Z,2026-11-18T04:00:00Z,2026-11-17T21:00:00Z,2026-11-17T20:00:00Z,Tue,11,5,Week 5,false,,,,,Intuit Dome,CA,Inglewood,N,,,False,1610612746,Clippers,LA,LAC,clippers,0,0,0,0,1610612762,Jazz,Utah,UTA,jazz,0,0,0,0,natl,tv,1001452.0,NBC,NBC,,,,-1.0,5.0,West,natl,tv,1001453.0,Peacock,Peacock,,,https://www.peacocktv.com/sports/nba?cid=2508sptnbaexterndinapplk26427&utm_campaign=2508sptnba&utm_source=nba_nba_nba&utm_medium=ernd_inapplk_acq_inapbnr&utm_term=nbafans&utm_content=nbaapplinks,-1.0,3.0,,,,,,,,,,,,,natl,radio,1001098,SiriusXM,SiriusXM,,,https://www.siriusxm.com/sports/nba,-1,,,,,,,,,,,,,,,,,,,,,,,,,,,,,,,,,,,,,,,,,,,,,,,,,,,,,,,,,,,,,,,,,,,,
00,2026-27,11/18/2026 00:00:00,0022600258,20261118/MEMCLE,1,7:00 pm ET,1,2026-11-18T00:00:00Z,1900-01-01T19:00:00Z,2026-11-18T19:00:00Z,2026-11-18T05:00:00Z,1900-01-01T00:00:00Z,2026-11-19T00:00:00Z,2026-11-18T18:00:00Z,2026-11-18T19:00:00Z,Wed,11,5,Week 5,false,,,,,Rocket Arena,OH,Cleveland,N,,,False,1610612739,Cavaliers,Cleveland,CLE,cavaliers,0,0,0,0,1610612763,Grizzlies,Memphis,MEM,grizzlies,0,0,0,0,,,,,,,,,,,,,,,,,,,,,,,,,,,,,,,,,,natl,radio,1001098,SiriusXM,SiriusXM,,,https://www.siriusxm.com/sports/nba,-1,,,,,,,,,,,,,,,,,,,,,,,,,,,,,,,,,,,,,,,,,,,,,,,,,,,,,,,,,,,,,,,,,,,,
00,2026-27,11/18/2026 00:00:00,0022600259,20261118/HOUIND,1,7:00 pm ET,2,2026-11-18T00:00:00Z,1900-01-01T19:00:00Z,2026-11-18T19:00:00Z,2026-11-18T05:00:00Z,1900-01-01T00:00:00Z,2026-11-19T00:00:00Z,2026-11-18T18:00:00Z,2026-11-18T19:00:00Z,Wed,11,5,Week 5,false,,,,,Gainbridge Fieldhouse,IN,Indianapolis,N,,,False,1610612754,Pacers,Indiana,IND,pacers,0,0,0,0,1610612745,Rockets,Houston,HOU,rockets,0,0,0,0,,,,,,,,,,,,,,,,,,,,,,,,,,,,,,,,,,natl,radio,1001098,SiriusXM,SiriusXM,,,https://www.siriusxm.com/sports/nba,-1,,,,,,,,,,,,,,,,,,,,,,,,,,,,,,,,,,,,,,,,,,,,,,,,,,,,,,,,,,,,,,,,,,,,
00,2026-27,11/18/2026 00:00:00,0022600260,20261118/MILMIA,1,7:00 pm ET,3,2026-11-18T00:00:00Z,1900-01-01T19:00:00Z,2026-11-18T19:00:00Z,2026-11-18T05:00:00Z,1900-01-01T00:00:00Z,2026-11-19T00:00:00Z,2026-11-18T18:00:00Z,2026-11-18T19:00:00Z,Wed,11,5,Week 5,false,,,,,Kaseya Center,FL,Miami,N,,,False,1610612748,Heat,Miami,MIA,heat,0,0,0,0,1610612749,Bucks,Milwaukee,MIL,bucks,0,0,0,0,natl,tv,2.0,ESPN,ESPN,,,https://espn.smart.link/b4uxwf8ow?ex_cid=NBA&gameId=401910009&referringapp=nba,-1.0,2.0,,,,,,,,,,,,,,,,,,,,,,,,natl,radio,1001098,SiriusXM,SiriusXM,,,https://www.siriusxm.com/sports/nba,-1,,,,,,,,,,,,,,home,tv,1001720.0,WPLG Local 10,WPLG,,,https://local10plusplatinum.maz.tv/open?deeplink=local10platinum://item/3776211-3882966?item=44d4cc7fbb9f4bd72cf272489b39eadf-3742525-3848761,1610612748.0,,,,,,,,,,,,,,home,radio,1001523.0,FM 104.3 WQAM / S: WAQI 710,WQAM-FM/WAQI,,,,1610612748.0,,,,,,,,,,,,,,,,,,,,,,,,
00,2026-27,11/18/2026 00:00:00,0022600261,20261118/PHIORL,1,7:00 pm ET,4,2026-11-18T00:00:00Z,1900-01-01T19:00:00Z,2026-11-18T19:00:00Z,2026-11-18T05:00:00Z,1900-01-01T00:00:00Z,2026-11-19T00:00:00Z,2026-11-18T19:00:00Z,2026-11-18T19:00:00Z,Wed,11,5,Week 5,false,,,,,Kia Center,FL,Orlando,N,,,False,1610612753,Magic,Orlando,ORL,magic,0,0,0,0,1610612755,76ers,Philadelphia,PHI,sixers,0,0,0,0,,,,,,,,,,,,,,,,,,,,,,,,,,,,,,,,,,natl,radio,1001098,SiriusXM,SiriusXM,,,https://www.siriusxm.com/sports/nba,-1,,,,,,,,,,,,,,,,,,,,,,,,,,,,,,,,,,,,,,,,,,,,,,,,,,,,,,,,,,,,,,,,,,,,
00,2026-27,11/18/2026 00:00:00,0022600262,20261118/CHIBKN,1,7:30 pm ET,5,2026-11-18T00:00:00Z,1900-01-01T19:30:00Z,2026-11-18T19:30:00Z,2026-11-18T05:00:00Z,1900-01-01T00:30:00Z,2026-11-19T00:30:00Z,2026-11-18T18:30:00Z,2026-11-18T19:30:00Z,Wed,11,5,Week 5,false,,,,,Barclays Center,NY,Brooklyn,N,,,False,1610612751,Nets,Brooklyn,BKN,nets,0,0,0,0,1610612741,Bulls,Chicago,CHI,bulls,0,0,0,0,,,,,,,,,,,,,,,,,,,,,,,,,,,,,,,,,,natl,radio,1001098,SiriusXM,SiriusXM,,,https://www.siriusxm.com/sports/nba,-1,,,,,,,,,,,,,,home,tv,175.0,DAZN (YES),YES,,,,1610612751.0,,,,,,,,,,,,,,,,,,,,,,,,,,,,,,,,,,,,,,,,,,,,,,
00,2026-27,11/18/2026 00:00:00,0022600263,20261118/WASTOR,1,7:30 pm ET,6,2026-11-18T00:00:00Z,1900-01-01T19:30:00Z,2026-11-18T19:30:00Z,2026-11-18T05:00:00Z,1900-01-01T00:30:00Z,2026-11-19T00:30:00Z,2026-11-18T19:30:00Z,2026-11-18T19:30:00Z,Wed,11,5,Week 5,false,,,,,Scotiabank Arena,ON,Toronto,N,,,False,1610612761,Raptors,Toronto,TOR,raptors,0,0,0,0,1610612764,Wizards,Washington,WAS,wizards,0,0,0,0,,,,,,,,,,,,,,,,,,,,,,,,,,,,,,,,,,natl,radio,1001098,SiriusXM,SiriusXM,,,https://www.siriusxm.com/sports/nba,-1,,,,,,,,,,,,,,,,,,,,,,,,,,,,,,,,,,,,,,,,,,,,,,,,,,,,,,,,,,,,,,,,,,,,
00,2026-27,11/18/2026 00:00:00,0022600264,20261118/DETNOP,1,8:00 pm ET,7,2026-11-18T00:00:00Z,1900-01-01T20:00:00Z,2026-11-18T20:00:00Z,2026-11-18T05:00:00Z,1900-01-01T01:00:00Z,2026-11-19T01:00:00Z,2026-11-18T20:00:00Z,2026-11-18T19:00:00Z,Wed,11,5,Week 5,false,,,,,Smoothie King Center,LA,New Orleans,N,,,False,1610612740,Pelicans,New Orleans,NOP,pelicans,0,0,0,0,1610612765,Pistons,Detroit,DET,pistons,0,0,0,0,,,,,,,,,,,,,,,,,,,,,,,,,,,,,,,,,,natl,radio,1001098,SiriusXM,SiriusXM,,,https://www.siriusxm.com/sports/nba,-1,,,,,,,,,,,,,,,,,,,,,,,,,,,,,,,,,,,,,,,,,,,,,,,,,,,,,,,,,,,,,,,,,,,,
00,2026-27,11/18/2026 00:00:00,0022600265,20261118/ATLOKC,1,8:00 pm ET,8,2026-11-18T00:00:00Z,1900-01-01T20:00:00Z,2026-11-18T20:00:00Z,2026-11-18T05:00:00Z,1900-01-01T01:00:00Z,2026-11-19T01:00:00Z,2026-11-18T20:00:00Z,2026-11-18T19:00:00Z,Wed,11,5,Week 5,false,,,,,Paycom Center,OK,Oklahoma City,N,,,False,1610612760,Thunder,Oklahoma City,OKC,thunder,0,0,0,0,1610612737,Hawks,Atlanta,ATL,hawks,0,0,0,0,,,,,,,,,,,,,,,,,,,,,,,,,,,,,,,,,,natl,radio,1001098,SiriusXM,SiriusXM,,,https://www.siriusxm.com/sports/nba,-1,,,,,,,,,,,,,,,,,,,,,,,,,,,,,,,,,,,,,,,,,,,,,,,,,,,,,,,,,,,,,,,,,,,,
00,2026-27,11/18/2026 00:00:00,0022600266,20261118/BOSDEN,1,9:00 pm ET,9,2026-11-18T00:00:00Z,1900-01-01T21:00:00Z,2026-11-18T21:00:00Z,2026-11-18T05:00:00Z,1900-01-01T02:00:00Z,2026-11-19T02:00:00Z,2026-11-18T21:00:00Z,2026-11-18T19:00:00Z,Wed,11,5,Week 5,false,,,,,Ball Arena,CO,Denver,N,,,False,1610612743,Nuggets,Denver,DEN,nuggets,0,0,0,0,1610612738,Celtics,Boston,BOS,celtics,0,0,0,0,,,,,,,,,,,,,,,,,,,,,,,,,,,,,,,,,,natl,radio,1001098,SiriusXM,SiriusXM,,,https://www.siriusxm.com/sports/nba,-1,,,,,,,,,,,,,,,,,,,,,,,,,,,,,,,,,,,,,,,,,,,,,,,away,tv,1658.0,NBC SPORTS BOSTON,NBCSB,,,,1610612738.0,,,,,,,,,,,,,
00,2026-27,11/18/2026 00:00:00,0022600267,20261118/GSWDAL,1,9:30 pm ET,10,2026-11-18T00:00:00Z,1900-01-01T21:30:00Z,2026-11-18T21:30:00Z,2026-11-18T05:00:00Z,1900-01-01T02:30:00Z,2026-11-19T02:30:00Z,2026-11-18T18:30:00Z,2026-11-18T20:30:00Z,Wed,11,5,Week 5,false,,,,,American Airlines Center,TX,Dallas,N,,,False,1610612742,Mavericks,Dallas,DAL,mavericks,0,0,0,0,1610612744,Warriors,Golden State,GSW,warriors,0,0,0,0,natl,tv,2.0,ESPN,ESPN,,,https://espn.smart.link/b4uxwf8ow?ex_cid=NBA&gameId=401910016&referringapp=nba,-1.0,2.0,,,,,,,,,,,,,,,,,,,,,,,,natl,radio,1001098,SiriusXM,SiriusXM,,,https://www.siriusxm.com/sports/nba,-1,,,,,,,,,,,,,,,,,,,,,,,,,,,,,,,,,,,,,,,,,,,,,,,away,tv,1097.0,NBCSBA,NBCSBA,,,,1610612744.0,,,,,,,,,,,,,
00,2026-27,11/18/2026 00:00:00,0022600268,20261118/UTALAL,1,10:00 pm ET,11,2026-11-18T00:00:00Z,1900-01-01T22:00:00Z,2026-11-18T22:00:00Z,2026-11-18T05:00:00Z,1900-01-01T03:00:00Z,2026-11-19T03:00:00Z,2026-11-18T20:00:00Z,2026-11-18T19:00:00Z,Wed,11,5,Week 5,false,,,,,Crypto.com Arena,CA,Los Angeles,N,,,False,1610612747,Lakers,Los Angeles,LAL,lakers,0,0,0,0,1610612762,Jazz,Utah,UTA,jazz,0,0,0,0,,,,,,,,,,,,,,,,,,,,,,,,,,,,,,,,,,natl,radio,1001098,SiriusXM,SiriusXM,,,https://www.siriusxm.com/sports/nba,-1,,,,,,,,,,,,,,home,tv,1651.0,Spectrum SportsNet,SPECSN,,,,1610612747.0,,,,,,,,,,,,,,home,radio,1001605.0,ESPN LA 710/980 KFWB,KSPN/KFWB,,,,1610612747.0,,,,,,,,,,,,,,,,,,,,,,,,
00,2026-27,11/18/2026 00:00:00,0022600269,20261118/PHXSAC,1,10:00 pm ET,12,2026-11-18T00:00:00Z,1900-01-01T22:00:00Z,2026-11-18T22:00:00Z,2026-11-18T05:00:00Z,1900-01-01T03:00:00Z,2026-11-19T03:00:00Z,2026-11-18T20:00:00Z,2026-11-18T19:00:00Z,Wed,11,5,Week 5,false,,,,,Golden 1 Center,CA,Sacramento,N,,,False,1610612758,Kings,Sacramento,SAC,kings,0,0,0,0,1610612756,Suns,Phoenix,PHX,suns,0,0,0,0,,,,,,,,,,,,,,,,,,,,,,,,,,,,,,,,,,natl,radio,1001098,SiriusXM,SiriusXM,,,https://www.siriusxm.com/sports/nba,-1,,,,,,,,,,,,,,home,tv,1027.0,NBCSCA,NBCSCA,,,,1610612758.0,,,,,,,,,,,,,,,,,,,,,,,,,,,,,,,,,,,,,,,,,,,,,,
00,2026-27,11/19/2026 00:00:00,0022600270,20261119/GSWMEM,1,8:00 pm ET,1,2026-11-19T00:00:00Z,1900-01-01T20:00:00Z,2026-11-19T20:00:00Z,2026-11-19T05:00:00Z,1900-01-01T01:00:00Z,2026-11-20T01:00:00Z,2026-11-19T17:00:00Z,2026-11-19T19:00:00Z,Thu,11,5,Week 5,false,,,,,FedExForum,TN,Memphis,N,,,False,1610612763,Grizzlies,Memphis,MEM,grizzlies,0,0,0,0,1610612744,Warriors,Golden State,GSW,warriors,0,0,0,0,,,,,,,,,,,,,,,,,,,,,,,,,,,,,,,,,,natl,radio,1001098,SiriusXM,SiriusXM,,,https://www.siriusxm.com/sports/nba,-1,,,,,,,,,,,,,,,,,,,,,,,,,,,,,,,,,,,,,,,,,,,,,,,away,tv,1097.0,NBCSBA,NBCSBA,,,,1610612744.0,,,,,,,,,,,,,
00,2026-27,11/19/2026 00:00:00,0022600271,20261119/PORMIL,1,8:00 pm ET,2,2026-11-19T00:00:00Z,1900-01-01T20:00:00Z,2026-11-19T20:00:00Z,2026-11-19T05:00:00Z,1900-01-01T01:00:00Z,2026-11-20T01:00:00Z,2026-11-19T17:00:00Z,2026-11-19T19:00:00Z,Thu,11,5,Week 5,false,,,,,Fiserv Forum,WI,Milwaukee,N,,,False,1610612749,Bucks,Milwaukee,MIL,bucks,0,0,0,0,1610612757,Trail Blazers,Portland,POR,blazers,0,0,0,0,,,,,,,,,,,,,,,,,,,,,,,,,,,,,,,,,,natl,radio,1001098,SiriusXM,SiriusXM,,,https://www.siriusxm.com/sports/nba,-1,,,,,,,,,,,,,,,,,,,,,,,,,,,,,,,,,,,,,,,,,,,,,,,away,tv,1001196.0,KUNP,KUNP,,,,1610612757.0,,,away,radio,1472.0,Rip City Radio 620,KPOJ,,,,1610612757.0,,
00,2026-27,11/19/2026 00:00:00,0022600272,20261119/NYKMIN,1,8:00 pm ET,3,2026-11-19T00:00:00Z,1900-01-01T20:00:00Z,2026-11-19T20:00:00Z,2026-11-19T05:00:00Z,1900-01-01T01:00:00Z,2026-11-20T01:00:00Z,2026-11-19T20:00:00Z,2026-11-19T19:00:00Z,Thu,11,5,Week 5,false,,,,,Target Center,MN,Minneapolis,N,,,False,1610612750,Timberwolves,Minnesota,MIN,timberwolves,0,0,0,0,1610612752,Knicks,New York,NYK,knicks,0,0,0,0,natl,tv,7.0,NBA TV,NBA TV,Watch with League Pass or your TV subscription,,,-1.0,,,,,,,,,,,,,,,,,,,,,,,,,natl,radio,1001098,SiriusXM,SiriusXM,,,https://www.siriusxm.com/sports/nba,-1,,,,,,,,,,,,,,,,,,,,,,,,,,,,,,,,,,,,,,,,,,,,,,,,,,,,,,,,,,,,,,,,,,,,
00,2026-27,11/19/2026 00:00:00,0022600273,20261119/LACSAS,1,8:00 pm ET,4,2026-11-19T00:00:00Z,1900-01-01T20:00:00Z,2026-11-19T20:00:00Z,2026-11-19T05:00:00Z,1900-01-01T01:00:00Z,2026-11-20T01:00:00Z,2026-11-19T17:00:00Z,2026-11-19T19:00:00Z,Thu,11,5,Week 5,false,,,,,Frost Bank Center,TX,San Antonio,N,,,False,1610612759,Spurs,San Antonio,SAS,spurs,0,0,0,0,1610612746,Clippers,LA,LAC,clippers,0,0,0,0,,,,,,,,,,,,,,,,,,,,,,,,,,,,,,,,,,natl,radio,1001098,SiriusXM,SiriusXM,,,https://www.siriusxm.com/sports/nba,-1,,,,,,,,,,,,,,,,,,,,,,,,,,,,,,,,,,,,,,,,,,,,,,,,,,,,,,,,,,,,,,,,,,,,
00,2026-27,11/20/2026 00:00:00,0022600043,20261120/CHAATL,1,7:00 pm ET,1,2026-11-20T00:00:00Z,1900-01-01T19:00:00Z,2026-11-20T19:00:00Z,2026-11-20T05:00:00Z,1900-01-01T00:00:00Z,2026-11-21T00:00:00Z,2026-11-20T19:00:00Z,2026-11-20T19:00:00Z,Fri,11,5,Week 5,false,,Emirates NBA Cup,East Group C,,State Farm Arena,GA,Atlanta,N,,in-season,False,1610612737,Hawks,Atlanta,ATL,hawks,0,0,0,0,1610612766,Hornets,Charlotte,CHA,hornets,0,0,0,0,,,,,,,,,,,,,,,,,,,,,,,,,,,,,,,,,,natl,radio,1001098,SiriusXM,SiriusXM,,,https://www.siriusxm.com/sports/nba,-1,,,,,,,,,,,,,,,,,,,,,,,,,,,,,,,,,,,,,,,,,,,,,,,,,,,,,,,,,,,,,,,,,,,,
00,2026-27,11/20/2026 00:00:00,0022600044,20261120/ORLBKN,1,7:30 pm ET,2,2026-11-20T00:00:00Z,1900-01-01T19:30:00Z,2026-11-20T19:30:00Z,2026-11-20T05:00:00Z,1900-01-01T00:30:00Z,2026-11-21T00:30:00Z,2026-11-20T19:30:00Z,2026-11-20T19:30:00Z,Fri,11,5,Week 5,false,,Emirates NBA Cup,East Group A,,Barclays Center,NY,Brooklyn,N,,in-season,False,1610612751,Nets,Brooklyn,BKN,nets,0,0,0,0,1610612753,Magic,Orlando,ORL,magic,0,0,0,0,,,,,,,,,,,,,,,,,,,,,,,,,,,,,,,,,,natl,radio,1001098,SiriusXM,SiriusXM,,,https://www.siriusxm.com/sports/nba,-1,,,,,,,,,,,,,,home,tv,175.0,DAZN (YES),YES,,,,1610612751.0,,,,,,,,,,,,,,,,,,,,,,,,,,,,,,,,,,,,,,,,,,,,,,
00,2026-27,11/20/2026 00:00:00,0022600045,20261120/INDCLE,1,7:30 pm ET,3,2026-11-20T00:00:00Z,1900-01-01T19:30:00Z,2026-11-20T19:30:00Z,2026-11-20T05:00:00Z,1900-01-01T00:30:00Z,2026-11-21T00:30:00Z,2026-11-20T19:30:00Z,2026-11-20T19:30:00Z,Fri,11,5,Week 5,false,,Emirates NBA Cup,East Group B,,Rocket Arena,OH,Cleveland,N,,in-season,False,1610612739,Cavaliers,Cleveland,CLE,cavaliers,0,0,0,0,1610612754,Pacers,Indiana,IND,pacers,0,0,0,0,,,,,,,,,,,,,,,,,,,,,,,,,,,,,,,,,,natl,radio,1001098,SiriusXM,SiriusXM,,,https://www.siriusxm.com/sports/nba,-1,,,,,,,,,,,,,,,,,,,,,,,,,,,,,,,,,,,,,,,,,,,,,,,,,,,,,,,,,,,,,,,,,,,,
00,2026-27,11/20/2026 00:00:00,0022600046,20261120/TORDET,1,7:30 pm ET,4,2026-11-20T00:00:00Z,1900-01-01T19:30:00Z,2026-11-20T19:30:00Z,2026-11-20T05:00:00Z,1900-01-01T00:30:00Z,2026-11-21T00:30:00Z,2026-11-20T19:30:00Z,2026-11-20T19:30:00Z,Fri,11,5,Week 5,false,,Emirates NBA Cup,East Group A,,Little Caesars Arena,MI,Detroit,N,,in-season,False,1610612765,Pistons,Detroit,DET,pistons,0,0,0,0,1610612761,Raptors,Toronto,TOR,raptors,0,0,0,0,natl,tv,1000664.0,Prime Video,Amazon,,,https://www.amazon.com/gp/video/tournament/amzn1.dv.icid.cf75b42a-68cd-4a1c-993a-a0b3f0575c5f?jic=20%7CCgZTcG9ydHMSA2FsbA%3D%3D&ref_=atv_hm_spo_c_7a7vxF_4_6,-1.0,4.0,,,,,,,,,,,,,,,,,,,,,,,,natl,radio,1001098,SiriusXM,SiriusXM,,,https://www.siriusxm.com/sports/nba,-1,,,,,,,,,,,,,,,,,,,,,,,,,,,,,,,,,,,,,,,,,,,,,,,,,,,,,,,,,,,,,,,,,,,,
00,2026-27,11/20/2026 00:00:00,0022600047,20261120/WASCHI,1,8:00 pm ET,5,2026-11-20T00:00:00Z,1900-01-01T20:00:00Z,2026-11-20T20:00:00Z,2026-11-20T05:00:00Z,1900-01-01T01:00:00Z,2026-11-21T01:00:00Z,2026-11-20T20:00:00Z,2026-11-20T19:00:00Z,Fri,11,5,Week 5,false,,Emirates NBA Cup,East Group C,,United Center,IL,Chicago,N,,in-season,False,1610612741,Bulls,Chicago,CHI,bulls,0,0,0,0,1610612764,Wizards,Washington,WAS,wizards,0,0,0,0,,,,,,,,,,,,,,,,,,,,,,,,,,,,,,,,,,natl,radio,1001098,SiriusXM,SiriusXM,,,https://www.siriusxm.com/sports/nba,-1,,,,,,,,,,,,,,,,,,,,,,,,,,,,,,,,,,,,,,,,,,,,,,,,,,,,,,,,,,,,,,,,,,,,
00,2026-27,11/20/2026 00:00:00,0022600048,20261120/NOPOKC,1,8:00 pm ET,6,2026-11-20T00:00:00Z,1900-01-01T20:00:00Z,2026-11-20T20:00:00Z,2026-11-20T05:00:00Z,1900-01-01T01:00:00Z,2026-11-21T01:00:00Z,2026-11-20T19:00:00Z,2026-11-20T19:00:00Z,Fri,11,5,Week 5,false,,Emirates NBA Cup,West Group B,,Paycom Center,OK,Oklahoma City,N,,in-season,False,1610612760,Thunder,Oklahoma City,OKC,thunder,0,0,0,0,1610612740,Pelicans,New Orleans,NOP,pelicans,0,0,0,0,,,,,,,,,,,,,,,,,,,,,,,,,,,,,,,,,,natl,radio,1001098,SiriusXM,SiriusXM,,,https://www.siriusxm.com/sports/nba,-1,,,,,,,,,,,,,,,,,,,,,,,,,,,,,,,,,,,,,,,,,,,,,,,,,,,,,,,,,,,,,,,,,,,,
00,2026-27,11/20/2026 00:00:00,0022600049,20261120/PHXUTA,1,9:30 pm ET,7,2026-11-20T00:00:00Z,1900-01-01T21:30:00Z,2026-11-20T21:30:00Z,2026-11-20T05:00:00Z,1900-01-01T02:30:00Z,2026-11-21T02:30:00Z,2026-11-20T19:30:00Z,2026-11-20T19:30:00Z,Fri,11,5,Week 5,false,,Emirates NBA Cup,West Group A,,Delta Center,UT,Salt Lake City,N,,in-season,False,1610612762,Jazz,Utah,UTA,jazz,0,0,0,0,1610612756,Suns,Phoenix,PHX,suns,0,0,0,0,,,,,,,,,,,,,,,,,,,,,,,,,,,,,,,,,,natl,radio,1001098,SiriusXM,SiriusXM,,,https://www.siriusxm.com/sports/nba,-1,,,,,,,,,,,,,,,,,,,,,,,,,,,,,,,,,,,,,,,,,,,,,,,,,,,,,,,,,,,,,,,,,,,,
00,2026-27,11/20/2026 00:00:00,0022600050,20261120/HOUDEN,1,10:00 pm ET,8,2026-11-20T00:00:00Z,1900-01-01T22:00:00Z,2026-11-20T22:00:00Z,2026-11-20T05:00:00Z,1900-01-01T03:00:00Z,2026-11-21T03:00:00Z,2026-11-20T21:00:00Z,2026-11-20T20:00:00Z,Fri,11,5,Week 5,false,,Emirates NBA Cup,West Group A,,Ball Arena,CO,Denver,N,,in-season,False,1610612743,Nuggets,Denver,DEN,nuggets,0,0,0,0,1610612745,Rockets,Houston,HOU,rockets,0,0,0,0,natl,tv,1000664.0,Prime Video,Amazon,,,https://www.amazon.com/gp/video/tournament/amzn1.dv.icid.cf75b42a-68cd-4a1c-993a-a0b3f0575c5f?jic=20%7CCgZTcG9ydHMSA2FsbA%3D%3D&ref_=atv_hm_spo_c_7a7vxF_4_6,-1.0,4.0,,,,,,,,,,,,,,,,,,,,,,,,natl,radio,3,ESPN Radio,ESPNR,,,,-1,,,natl,radio,1001098.0,SiriusXM,SiriusXM,,,https://www.siriusxm.com/sports/nba,-1.0,,,,,,,,,,,,,,,,,,,,,,,,,,,,,,,,,,,,,,,,,,,,,,,,,,,,,,,,,
00,2026-27,11/20/2026 00:00:00,0022600051,20261120/SACLAL,1,10:00 pm ET,9,2026-11-20T00:00:00Z,1900-01-01T22:00:00Z,2026-11-20T22:00:00Z,2026-11-20T05:00:00Z,1900-01-01T03:00:00Z,2026-11-21T03:00:00Z,2026-11-20T19:00:00Z,2026-11-20T19:00:00Z,Fri,11,5,Week 5,false,,Emirates NBA Cup,West Group C,,Crypto.com Arena,CA,Los Angeles,N,,in-season,False,1610612747,Lakers,Los Angeles,LAL,lakers,0,0,0,0,1610612758,Kings,Sacramento,SAC,kings,0,0,0,0,,,,,,,,,,,,,,,,,,,,,,,,,,,,,,,,,,natl,radio,1001098,SiriusXM,SiriusXM,,,https://www.siriusxm.com/sports/nba,-1,,,,,,,,,,,,,,home,tv,1651.0,Spectrum SportsNet,SPECSN,,,,1610612747.0,,,,,,,,,,,,,,home,radio,1001605.0,ESPN LA 710/980 KFWB,KSPN/KFWB,,,,1610612747.0,,,away,tv,1027.0,NBCSCA,NBCSCA,,,,1610612758.0,,,,,,,,,,,,,
00,2026-27,11/21/2026 00:00:00,0022600274,20261121/MILPHI,1,1:00 pm ET,1,2026-11-21T00:00:00Z,1900-01-01T13:00:00Z,2026-11-21T13:00:00Z,2026-11-21T05:00:00Z,1900-01-01T18:00:00Z,2026-11-21T18:00:00Z,2026-11-21T12:00:00Z,2026-11-21T13:00:00Z,Sat,11,5,Week 5,false,,,,,Xfinity Mobile Arena,PA,Philadelphia,N,,,False,1610612755,76ers,Philadelphia,PHI,sixers,0,0,0,0,1610612749,Bucks,Milwaukee,MIL,bucks,0,0,0,0,,,,,,,,,,,,,,,,,,,,,,,,,,,,,,,,,,natl,radio,1001098,SiriusXM,SiriusXM,,,https://www.siriusxm.com/sports/nba,-1,,,,,,,,,,,,,,,,,,,,,,,,,,,,,,,,,,,,,,,,,,,,,,,,,,,,,,,,,,,,,,,,,,,,
00,2026-27,11/21/2026 00:00:00,0022600275,20261121/PORNYK,1,7:30 pm ET,2,2026-11-21T00:00:00Z,1900-01-01T19:30:00Z,2026-11-21T19:30:00Z,2026-11-21T05:00:00Z,1900-01-01T00:30:00Z,2026-11-22T00:30:00Z,2026-11-21T16:30:00Z,2026-11-21T19:30:00Z,Sat,11,5,Week 5,false,,,,,Madison Square Garden,NY,New York,N,,,False,1610612752,Knicks,New York,NYK,knicks,0,0,0,0,1610612757,Trail Blazers,Portland,POR,blazers,0,0,0,0,natl,tv,7.0,NBA TV,NBA TV,Watch with League Pass or your TV subscription,,,-1.0,,,,,,,,,,,,,,,,,,,,,,,,,natl,radio,1001098,SiriusXM,SiriusXM,,,https://www.siriusxm.com/sports/nba,-1,,,,,,,,,,,,,,,,,,,,,,,,,,,,,,,,,,,,,,,,,,,,,,,away,tv,1001196.0,KUNP,KUNP,,,,1610612757.0,,,away,radio,1472.0,Rip City Radio 620,KPOJ,,,,1610612757.0,,
00,2026-27,11/21/2026 00:00:00,0022600276,20261121/LACDAL,1,8:00 pm ET,3,2026-11-21T00:00:00Z,1900-01-01T20:00:00Z,2026-11-21T20:00:00Z,2026-11-21T05:00:00Z,1900-01-01T01:00:00Z,2026-11-22T01:00:00Z,2026-11-21T17:00:00Z,2026-11-21T19:00:00Z,Sat,11,5,Week 5,false,,,,,American Airlines Center,TX,Dallas,N,,,False,1610612742,Mavericks,Dallas,DAL,mavericks,0,0,0,0,1610612746,Clippers,LA,LAC,clippers,0,0,0,0,,,,,,,,,,,,,,,,,,,,,,,,,,,,,,,,,,natl,radio,1001098,SiriusXM,SiriusXM,,,https://www.siriusxm.com/sports/nba,-1,,,,,,,,,,,,,,,,,,,,,,,,,,,,,,,,,,,,,,,,,,,,,,,,,,,,,,,,,,,,,,,,,,,,
00,2026-27,11/21/2026 00:00:00,0022600277,20261121/MEMMIN,1,8:00 pm ET,4,2026-11-21T00:00:00Z,1900-01-01T20:00:00Z,2026-11-21T20:00:00Z,2026-11-21T05:00:00Z,1900-01-01T01:00:00Z,2026-11-22T01:00:00Z,2026-11-21T19:00:00Z,2026-11-21T19:00:00Z,Sat,11,5,Week 5,false,,,,,Target Center,MN,Minneapolis,N,,,False,1610612750,Timberwolves,Minnesota,MIN,timberwolves,0,0,0,0,1610612763,Grizzlies,Memphis,MEM,grizzlies,0,0,0,0,,,,,,,,,,,,,,,,,,,,,,,,,,,,,,,,,,natl,radio,1001098,SiriusXM,SiriusXM,,,https://www.siriusxm.com/sports/nba,-1,,,,,,,,,,,,,,,,,,,,,,,,,,,,,,,,,,,,,,,,,,,,,,,,,,,,,,,,,,,,,,,,,,,,
00,2026-27,11/21/2026 00:00:00,0022600278,20261121/NOPSAS,1,8:00 pm ET,5,2026-11-21T00:00:00Z,1900-01-01T20:00:00Z,2026-11-21T20:00:00Z,2026-11-21T05:00:00Z,1900-01-01T01:00:00Z,2026-11-22T01:00:00Z,2026-11-21T19:00:00Z,2026-11-21T19:00:00Z,Sat,11,5,Week 5,false,,,,,Frost Bank Center,TX,San Antonio,N,,,False,1610612759,Spurs,San Antonio,SAS,spurs,0,0,0,0,1610612740,Pelicans,New Orleans,NOP,pelicans,0,0,0,0,,,,,,,,,,,,,,,,,,,,,,,,,,,,,,,,,,natl,radio,1001098,SiriusXM,SiriusXM,,,https://www.siriusxm.com/sports/nba,-1,,,,,,,,,,,,,,,,,,,,,,,,,,,,,,,,,,,,,,,,,,,,,,,,,,,,,,,,,,,,,,,,,,,,
00,2026-27,11/21/2026 00:00:00,0022600279,20261121/BOSSAC,1,10:00 pm ET,6,2026-11-21T00:00:00Z,1900-01-01T22:00:00Z,2026-11-21T22:00:00Z,2026-11-21T05:00:00Z,1900-01-01T03:00:00Z,2026-11-22T03:00:00Z,2026-11-21T22:00:00Z,2026-11-21T19:00:00Z,Sat,11,5,Week 5,false,,,,,Golden 1 Center,CA,Sacramento,N,,,False,1610612758,Kings,Sacramento,SAC,kings,0,0,0,0,1610612738,Celtics,Boston,BOS,celtics,0,0,0,0,natl,tv,7.0,NBA TV,NBA TV,Watch with League Pass or your TV subscription,,,-1.0,,,,,,,,,,,,,,,,,,,,,,,,,natl,radio,1001098,SiriusXM,SiriusXM,,,https://www.siriusxm.com/sports/nba,-1,,,,,,,,,,,,,,home,tv,1027.0,NBCSCA,NBCSCA,,,,1610612758.0,,,,,,,,,,,,,,,,,,,,,,,,,away,tv,1658.0,NBC SPORTS BOSTON,NBCSB,,,,1610612738.0,,,,,,,,,,,,,
00,2026-27,11/22/2026 00:00:00,0022600280,20261122/DETATL,1,3:30 pm ET,1,2026-11-22T00:00:00Z,1900-01-01T15:30:00Z,2026-11-22T15:30:00Z,2026-11-22T05:00:00Z,1900-01-01T20:30:00Z,2026-11-22T20:30:00Z,2026-11-22T15:30:00Z,2026-11-22T15:30:00Z,Sun,11,5,Week 5,false,,,,,State Farm Arena,GA,Atlanta,N,,,False,1610612737,Hawks,Atlanta,ATL,hawks,0,0,0,0,1610612765,Pistons,Detroit,DET,pistons,0,0,0,0,,,,,,,,,,,,,,,,,,,,,,,,,,,,,,,,,,natl,radio,1001098,SiriusXM,SiriusXM,,,https://www.siriusxm.com/sports/nba,-1,,,,,,,,,,,,,,,,,,,,,,,,,,,,,,,,,,,,,,,,,,,,,,,,,,,,,,,,,,,,,,,,,,,,
00,2026-27,11/22/2026 00:00:00,0022600281,20261122/OKCMIA,1,6:00 pm ET,2,2026-11-22T00:00:00Z,1900-01-01T18:00:00Z,2026-11-22T18:00:00Z,2026-11-22T05:00:00Z,1900-01-01T23:00:00Z,2026-11-22T23:00:00Z,2026-11-22T17:00:00Z,2026-11-22T18:00:00Z,Sun,11,5,Week 5,false,,,,,Kaseya Center,FL,Miami,N,,,False,1610612748,Heat,Miami,MIA,heat,0,0,0,0,1610612760,Thunder,Oklahoma City,OKC,thunder,0,0,0,0,,,,,,,,,,,,,,,,,,,,,,,,,,,,,,,,,,natl,radio,1001098,SiriusXM,SiriusXM,,,https://www.siriusxm.com/sports/nba,-1,,,,,,,,,,,,,,home,tv,1001720.0,WPLG Local 10,WPLG,,,https://local10plusplatinum.maz.tv/open?deeplink=local10platinum://item/3776211-3882966?item=44d4cc7fbb9f4bd72cf272489b39eadf-3742525-3848761,1610612748.0,,,,,,,,,,,,,,home,radio,1001523.0,FM 104.3 WQAM / S: WAQI 710,WQAM-FM/WAQI,,,,1610612748.0,,,,,,,,,,,,,,,,,,,,,,,,
00,2026-27,11/22/2026 00:00:00,0022600282,20261122/ORLWAS,1,7:00 pm ET,3,2026-11-22T00:00:00Z,1900-01-01T19:00:00Z,2026-11-22T19:00:00Z,2026-11-22T05:00:00Z,1900-01-01T00:00:00Z,2026-11-23T00:00:00Z,2026-11-22T19:00:00Z,2026-11-22T19:00:00Z,Sun,11,5,Week 5,false,,,,,Capital One Arena,DC,Washington,N,,,False,1610612764,Wizards,Washington,WAS,wizards,0,0,0,0,1610612753,Magic,Orlando,ORL,magic,0,0,0,0,,,,,,,,,,,,,,,,,,,,,,,,,,,,,,,,,,natl,radio,1001098,SiriusXM,SiriusXM,,,https://www.siriusxm.com/sports/nba,-1,,,,,,,,,,,,,,,,,,,,,,,,,,,,,,,,,,,,,,,,,,,,,,,,,,,,,,,,,,,,,,,,,,,,
00,2026-27,11/22/2026 00:00:00,0022600283,20261122/DENCHI,1,7:00 pm ET,4,2026-11-22T00:00:00Z,1900-01-01T19:00:00Z,2026-11-22T19:00:00Z,2026-11-22T05:00:00Z,1900-01-01T00:00:00Z,2026-11-23T00:00:00Z,2026-11-22T17:00:00Z,2026-11-22T18:00:00Z,Sun,11,5,Week 5,false,,,,,United Center,IL,Chicago,N,,,False,1610612741,Bulls,Chicago,CHI,bulls,0,0,0,0,1610612743,Nuggets,Denver,DEN,nuggets,0,0,0,0,,,,,,,,,,,,,,,,,,,,,,,,,,,,,,,,,,natl,radio,1001098,SiriusXM,SiriusXM,,,https://www.siriusxm.com/sports/nba,-1,,,,,,,,,,,,,,,,,,,,,,,,,,,,,,,,,,,,,,,,,,,,,,,,,,,,,,,,,,,,,,,,,,,,
00,2026-27,11/22/2026 00:00:00,0022600284,20261122/DALUTA,1,7:00 pm ET,5,2026-11-22T00:00:00Z,1900-01-01T19:00:00Z,2026-11-22T19:00:00Z,2026-11-22T05:00:00Z,1900-01-01T00:00:00Z,2026-11-23T00:00:00Z,2026-11-22T18:00:00Z,2026-11-22T17:00:00Z,Sun,11,5,Week 5,false,,,,,Delta Center,UT,Salt Lake City,N,,,False,1610612762,Jazz,Utah,UTA,jazz,0,0,0,0,1610612742,Mavericks,Dallas,DAL,mavericks,0,0,0,0,,,,,,,,,,,,,,,,,,,,,,,,,,,,,,,,,,natl,radio,1001098,SiriusXM,SiriusXM,,,https://www.siriusxm.com/sports/nba,-1,,,,,,,,,,,,,,,,,,,,,,,,,,,,,,,,,,,,,,,,,,,,,,,,,,,,,,,,,,,,,,,,,,,,
00,2026-27,11/22/2026 00:00:00,0022600285,20261122/INDNYK,1,8:00 pm ET,6,2026-11-22T00:00:00Z,1900-01-01T20:00:00Z,2026-11-22T20:00:00Z,2026-11-22T05:00:00Z,1900-01-01T01:00:00Z,2026-11-23T01:00:00Z,2026-11-22T20:00:00Z,2026-11-22T20:00:00Z,Sun,11,5,Week 5,false,,,,,Madison Square Garden,NY,New York,N,,,False,1610612752,Knicks,New York,NYK,knicks,0,0,0,0,1610612754,Pacers,Indiana,IND,pacers,0,0,0,0,,,,,,,,,,,,,,,,,,,,,,,,,,,,,,,,,,natl,radio,1001098,SiriusXM,SiriusXM,,,https://www.siriusxm.com/sports/nba,-1,,,,,,,,,,,,,,,,,,,,,,,,,,,,,,,,,,,,,,,,,,,,,,,,,,,,,,,,,,,,,,,,,,,,
00,2026-27,11/22/2026 00:00:00,0022600286,20261122/BOSGSW,1,8:30 pm ET,7,2026-11-22T00:00:00Z,1900-01-01T20:30:00Z,2026-11-22T20:30:00Z,2026-11-22T05:00:00Z,1900-01-01T01:30:00Z,2026-11-23T01:30:00Z,2026-11-22T20:30:00Z,2026-11-22T17:30:00Z,Sun,11,5,Week 5,false,,,,,Chase Center,CA,San Francisco,N,,,False,1610612744,Warriors,Golden State,GSW,warriors,0,0,0,0,1610612738,Celtics,Boston,BOS,celtics,0,0,0,0,,,,,,,,,,,,,,,,,,,,,,,,,,,,,,,,,,natl,radio,1001098,SiriusXM,SiriusXM,,,https://www.siriusxm.com/sports/nba,-1,,,,,,,,,,,,,,home,tv,1097.0,NBCSBA,NBCSBA,,,,1610612744.0,,,,,,,,,,,,,,,,,,,,,,,,,away,tv,1658.0,NBC SPORTS BOSTON,NBCSB,,,,1610612738.0,,,,,,,,,,,,,
00,2026-27,11/23/2026 00:00:00,0022600287,20261123/MEMCHA,1,7:00 pm ET,1,2026-11-23T00:00:00Z,1900-01-01T19:00:00Z,2026-11-23T19:00:00Z,2026-11-23T05:00:00Z,1900-01-01T00:00:00Z,2026-11-24T00:00:00Z,2026-11-23T18:00:00Z,2026-11-23T19:00:00Z,Mon,11,6,Week 6,false,,,,,Spectrum Center,NC,Charlotte,N,,,False,1610612766,Hornets,Charlotte,CHA,hornets,0,0,0,0,1610612763,Grizzlies,Memphis,MEM,grizzlies,0,0,0,0,,,,,,,,,,,,,,,,,,,,,,,,,,,,,,,,,,natl,radio,1001098,SiriusXM,SiriusXM,,,https://www.siriusxm.com/sports/nba,-1,,,,,,,,,,,,,,,,,,,,,,,,,,,,,,,,,,,,,,,,,,,,,,,,,,,,,,,,,,,,,,,,,,,,
00,2026-27,11/23/2026 00:00:00,0022600288,20261123/PORPHI,1,7:00 pm ET,2,2026-11-23T00:00:00Z,1900-01-01T19:00:00Z,2026-11-23T19:00:00Z,2026-11-23T05:00:00Z,1900-01-01T00:00:00Z,2026-11-24T00:00:00Z,2026-11-23T16:00:00Z,2026-11-23T19:00:00Z,Mon,11,6,Week 6,false,,,,,Xfinity Mobile Arena,PA,Philadelphia,N,,,False,1610612755,76ers,Philadelphia,PHI,sixers,0,0,0,0,1610612757,Trail Blazers,Portland,POR,blazers,0,0,0,0,,,,,,,,,,,,,,,,,,,,,,,,,,,,,,,,,,natl,radio,1001098,SiriusXM,SiriusXM,,,https://www.siriusxm.com/sports/nba,-1,,,,,,,,,,,,,,,,,,,,,,,,,,,,,,,,,,,,,,,,,,,,,,,away,tv,1001507.0,KATU ABC 2/KUNP,KATU/KUNP,,,,1610612757.0,,,away,radio,1472.0,Rip City Radio 620,KPOJ,,,,1610612757.0,,
00,2026-27,11/23/2026 00:00:00,0022600289,20261123/OKCIND,1,7:30 pm ET,3,2026-11-23T00:00:00Z,1900-01-01T19:30:00Z,2026-11-23T19:30:00Z,2026-11-23T05:00:00Z,1900-01-01T00:30:00Z,2026-11-24T00:30:00Z,2026-11-23T18:30:00Z,2026-11-23T19:30:00Z,Mon,11,6,Week 6,false,,,,,Gainbridge Fieldhouse,IN,Indianapolis,N,,,False,1610612754,Pacers,Indiana,IND,pacers,0,0,0,0,1610612760,Thunder,Oklahoma City,OKC,thunder,0,0,0,0,,,,,,,,,,,,,,,,,,,,,,,,,,,,,,,,,,natl,radio,1001098,SiriusXM,SiriusXM,,,https://www.siriusxm.com/sports/nba,-1,,,,,,,,,,,,,,,,,,,,,,,,,,,,,,,,,,,,,,,,,,,,,,,,,,,,,,,,,,,,,,,,,,,,
00,2026-27,11/23/2026 00:00:00,0022600290,20261123/MILTOR,1,7:30 pm ET,4,2026-11-23T00:00:00Z,1900-01-01T19:30:00Z,2026-11-23T19:30:00Z,2026-11-23T05:00:00Z,1900-01-01T00:30:00Z,2026-11-24T00:30:00Z,2026-11-23T18:30:00Z,2026-11-23T19:30:00Z,Mon,11,6,Week 6,false,,,,,Scotiabank Arena,ON,Toronto,N,,,False,1610612761,Raptors,Toronto,TOR,raptors,0,0,0,0,1610612749,Bucks,Milwaukee,MIL,bucks,0,0,0,0,,,,,,,,,,,,,,,,,,,,,,,,,,,,,,,,,,natl,radio,1001098,SiriusXM,SiriusXM,,,https://www.siriusxm.com/sports/nba,-1,,,,,,,,,,,,,,,,,,,,,,,,,,,,,,,,,,,,,,,,,,,,,,,,,,,,,,,,,,,,,,,,,,,,
00,2026-27,11/23/2026 00:00:00,0022600291,20261123/BKNMIN,1,7:30 pm ET,5,2026-11-23T00:00:00Z,1900-01-01T19:30:00Z,2026-11-23T19:30:00Z,2026-11-23T05:00:00Z,1900-01-01T00:30:00Z,2026-11-24T00:30:00Z,2026-11-23T19:30:00Z,2026-11-23T18:30:00Z,Mon,11,6,Week 6,false,,,,,Target Center,MN,Minneapolis,N,,,False,1610612750,Timberwolves,Minnesota,MIN,timberwolves,0,0,0,0,1610612751,Nets,Brooklyn,BKN,nets,0,0,0,0,natl,tv,1001453.0,Peacock,Peacock,,,https://www.peacocktv.com/sports/nba?cid=2508sptnbaexterndinapplk26427&utm_campaign=2508sptnba&utm_source=nba_nba_nba&utm_medium=ernd_inapplk_acq_inapbnr&utm_term=nbafans&utm_content=nbaapplinks,-1.0,3.0,,natl,tv,1001488.0,NBC Sports Network,NBCSN,,,,-1.0,7.0,National,,,,,,,,,,,,natl,radio,1001098,SiriusXM,SiriusXM,,,https://www.siriusxm.com/sports/nba,-1,,,,,,,,,,,,,,,,,,,,,,,,,,,,,,,,,,,,,,,,,,,,,,,,,,,,,,,,,,,,,,,,,,,,
00,2026-27,11/23/2026 00:00:00,0022600292,20261123/CLECHI,1,8:00 pm ET,6,2026-11-23T00:00:00Z,1900-01-01T20:00:00Z,2026-11-23T20:00:00Z,2026-11-23T05:00:00Z,1900-01-01T01:00:00Z,2026-11-24T01:00:00Z,2026-11-23T20:00:00Z,2026-11-23T19:00:00Z,Mon,11,6,Week 6,false,,,,,United Center,IL,Chicago,N,,,False,1610612741,Bulls,Chicago,CHI,bulls,0,0,0,0,1610612739,Cavaliers,Cleveland,CLE,cavaliers,0,0,0,0,,,,,,,,,,,,,,,,,,,,,,,,,,,,,,,,,,natl,radio,1001098,SiriusXM,SiriusXM,,,https://www.siriusxm.com/sports/nba,-1,,,,,,,,,,,,,,,,,,,,,,,,,,,,,,,,,,,,,,,,,,,,,,,,,,,,,,,,,,,,,,,,,,,,
00,2026-27,11/23/2026 00:00:00,0022600293,20261123/PHXNOP,1,8:00 pm ET,7,2026-11-23T00:00:00Z,1900-01-01T20:00:00Z,2026-11-23T20:00:00Z,2026-11-23T05:00:00Z,1900-01-01T01:00:00Z,2026-11-24T01:00:00Z,2026-11-23T18:00:00Z,2026-11-23T19:00:00Z,Mon,11,6,Week 6,false,,,,,Smoothie King Center,LA,New Orleans,N,,,False,1610612740,Pelicans,New Orleans,NOP,pelicans,0,0,0,0,1610612756,Suns,Phoenix,PHX,suns,0,0,0,0,,,,,,,,,,,,,,,,,,,,,,,,,,,,,,,,,,natl,radio,1001098,SiriusXM,SiriusXM,,,https://www.siriusxm.com/sports/nba,-1,,,,,,,,,,,,,,,,,,,,,,,,,,,,,,,,,,,,,,,,,,,,,,,,,,,,,,,,,,,,,,,,,,,,
00,2026-27,11/23/2026 00:00:00,0022600294,20261123/LACHOU,1,8:30 pm ET,8,2026-11-23T00:00:00Z,1900-01-01T20:30:00Z,2026-11-23T20:30:00Z,2026-11-23T05:00:00Z,1900-01-01T01:30:00Z,2026-11-24T01:30:00Z,2026-11-23T17:30:00Z,2026-11-23T19:30:00Z,Mon,11,6,Week 6,false,,,,,Toyota Center,TX,Houston,N,,,False,1610612745,Rockets,Houston,HOU,rockets,0,0,0,0,1610612746,Clippers,LA,LAC,clippers,0,0,0,0,,,,,,,,,,,,,,,,,,,,,,,,,,,,,,,,,,natl,radio,1001098,SiriusXM,SiriusXM,,,https://www.siriusxm.com/sports/nba,-1,,,,,,,,,,,,,,,,,,,,,,,,,,,,,,,,,,,,,,,,,,,,,,,,,,,,,,,,,,,,,,,,,,,,
00,2026-27,11/23/2026 00:00:00,0022600295,20261123/UTALAL,1,10:00 pm ET,9,2026-11-23T00:00:00Z,1900-01-01T22:00:00Z,2026-11-23T22:00:00Z,2026-11-23T05:00:00Z,1900-01-01T03:00:00Z,2026-11-24T03:00:00Z,2026-11-23T20:00:00Z,2026-11-23T19:00:00Z,Mon,11,6,Week 6,false,,,,,Crypto.com Arena,CA,Los Angeles,N,,,False,1610612747,Lakers,Los Angeles,LAL,lakers,0,0,0,0,1610612762,Jazz,Utah,UTA,jazz,0,0,0,0,natl,tv,7.0,NBA TV,NBA TV,Watch with League Pass or your TV subscription,,,-1.0,,,,,,,,,,,,,,,,,,,,,,,,,natl,radio,1001098,SiriusXM,SiriusXM,,,https://www.siriusxm.com/sports/nba,-1,,,,,,,,,,,,,,home,tv,1651.0,Spectrum SportsNet,SPECSN,,,,1610612747.0,,,,,,,,,,,,,,home,radio,1001605.0,ESPN LA 710/980 KFWB,KSPN/KFWB,,,,1610612747.0,,,,,,,,,,,,,,,,,,,,,,,,
00,2026-27,11/23/2026 00:00:00,0022600296,20261123/SASSAC,1,10:00 pm ET,10,2026-11-23T00:00:00Z,1900-01-01T22:00:00Z,2026-11-23T22:00:00Z,2026-11-23T05:00:00Z,1900-01-01T03:00:00Z,2026-11-24T03:00:00Z,2026-11-23T21:00:00Z,2026-11-23T19:00:00Z,Mon,11,6,Week 6,false,,,,,Golden 1 Center,CA,Sacramento,N,,,False,1610612758,Kings,Sacramento,SAC,kings,0,0,0,0,1610612759,Spurs,San Antonio,SAS,spurs,0,0,0,0,,,,,,,,,,,,,,,,,,,,,,,,,,,,,,,,,,natl,radio,1001098,SiriusXM,SiriusXM,,,https://www.siriusxm.com/sports/nba,-1,,,,,,,,,,,,,,home,tv,1027.0,NBCSCA,NBCSCA,,,,1610612758.0,,,,,,,,,,,,,,,,,,,,,,,,,,,,,,,,,,,,,,,,,,,,,,
00,2026-27,11/24/2026 00:00:00,0022600052,20261124/DETORL,1,7:00 pm ET,1,2026-11-24T00:00:00Z,1900-01-01T19:00:00Z,2026-11-24T19:00:00Z,2026-11-24T05:00:00Z,1900-01-01T00:00:00Z,2026-11-25T00:00:00Z,2026-11-24T19:00:00Z,2026-11-24T19:00:00Z,Tue,11,6,Week 6,false,,Emirates NBA Cup,East Group A,,Kia Center,FL,Orlando,N,,in-season,False,1610612753,Magic,Orlando,ORL,magic,0,0,0,0,1610612765,Pistons,Detroit,DET,pistons,0,0,0,0,,,,,,,,,,,,,,,,,,,,,,,,,,,,,,,,,,natl,radio,1001098,SiriusXM,SiriusXM,,,https://www.siriusxm.com/sports/nba,-1,,,,,,,,,,,,,,,,,,,,,,,,,,,,,,,,,,,,,,,,,,,,,,,,,,,,,,,,,,,,,,,,,,,,
00,2026-27,11/24/2026 00:00:00,0022600053,20261124/BOSWAS,1,8:00 pm ET,2,2026-11-24T00:00:00Z,1900-01-01T20:00:00Z,2026-11-24T20:00:00Z,2026-11-24T05:00:00Z,1900-01-01T01:00:00Z,2026-11-25T01:00:00Z,2026-11-24T20:00:00Z,2026-11-24T20:00:00Z,Tue,11,6,Week 6,false,,Emirates NBA Cup,East Group C,,Capital One Arena,DC,Washington,N,,in-season,False,1610612764,Wizards,Washington,WAS,wizards,0,0,0,0,1610612738,Celtics,Boston,BOS,celtics,0,0,0,0,natl,tv,1001452.0,NBC,NBC,,,,-1.0,5.0,East,natl,tv,1001453.0,Peacock,Peacock,,,https://www.peacocktv.com/sports/nba?cid=2508sptnbaexterndinapplk26427&utm_campaign=2508sptnba&utm_source=nba_nba_nba&utm_medium=ernd_inapplk_acq_inapbnr&utm_term=nbafans&utm_content=nbaapplinks,-1.0,3.0,,,,,,,,,,,,,natl,radio,1001098,SiriusXM,SiriusXM,,,https://www.siriusxm.com/sports/nba,-1,,,,,,,,,,,,,,,,,,,,,,,,,,,,,,,,,,,,,,,,,,,,,,,away,tv,1658.0,NBC SPORTS BOSTON,NBCSB,,,,1610612738.0,,,,,,,,,,,,,
00,2026-27,11/24/2026 00:00:00,0022600054,20261124/DALDEN,1,10:00 pm ET,3,2026-11-24T00:00:00Z,1900-01-01T22:00:00Z,2026-11-24T22:00:00Z,2026-11-24T05:00:00Z,1900-01-01T03:00:00Z,2026-11-25T03:00:00Z,2026-11-24T21:00:00Z,2026-11-24T20:00:00Z,Tue,11,6,Week 6,false,,Emirates NBA Cup,West Group A,,Ball Arena,CO,Denver,N,,in-season,False,1610612743,Nuggets,Denver,DEN,nuggets,0,0,0,0,1610612742,Mavericks,Dallas,DAL,mavericks,0,0,0,0,natl,tv,1001452.0,NBC,NBC,,,,-1.0,5.0,West,natl,tv,1001453.0,Peacock,Peacock,,,https://www.peacocktv.com/sports/nba?cid=2508sptnbaexterndinapplk26427&utm_campaign=2508sptnba&utm_source=nba_nba_nba&utm_medium=ernd_inapplk_acq_inapbnr&utm_term=nbafans&utm_content=nbaapplinks,-1.0,3.0,,,,,,,,,,,,,natl,radio,1001098,SiriusXM,SiriusXM,,,https://www.siriusxm.com/sports/nba,-1,,,,,,,,,,,,,,,,,,,,,,,,,,,,,,,,,,,,,,,,,,,,,,,,,,,,,,,,,,,,,,,,,,,,
00,2026-27,11/25/2026 00:00:00,0022600055,20261125/MIAPHI,1,5:00 pm ET,1,2026-11-25T00:00:00Z,1900-01-01T17:00:00Z,2026-11-25T17:00:00Z,2026-11-25T05:00:00Z,1900-01-01T22:00:00Z,2026-11-25T22:00:00Z,2026-11-25T17:00:00Z,2026-11-25T17:00:00Z,Wed,11,6,Week 6,false,,Emirates NBA Cup,East Group B,,Xfinity Mobile Arena,PA,Philadelphia,N,,in-season,False,1610612755,76ers,Philadelphia,PHI,sixers,0,0,0,0,1610612748,Heat,Miami,MIA,heat,0,0,0,0,natl,tv,2.0,ESPN,ESPN,,,https://espn.smart.link/b4uxwf8ow?ex_cid=NBA&gameId=401909317&referringapp=nba,-1.0,2.0,,,,,,,,,,,,,,,,,,,,,,,,natl,radio,1001098,SiriusXM,SiriusXM,,,https://www.siriusxm.com/sports/nba,-1,,,,,,,,,,,,,,,,,,,,,,,,,,,,,,,,,,,,,,,,,,,,,,,,,,,,,,,,,,away,radio,1001523.0,FM 104.3 WQAM / S: WAQI 710,WQAM-FM/WAQI,,,,1610612748.0,,
00,2026-27,11/25/2026 00:00:00,0022600056,20261125/CHICHA,1,7:00 pm ET,2,2026-11-25T00:00:00Z,1900-01-01T19:00:00Z,2026-11-25T19:00:00Z,2026-11-25T05:00:00Z,1900-01-01T00:00:00Z,2026-11-26T00:00:00Z,2026-11-25T18:00:00Z,2026-11-25T19:00:00Z,Wed,11,6,Week 6,false,,Emirates NBA Cup,East Group C,,Spectrum Center,NC,Charlotte,N,,in-season,False,1610612766,Hornets,Charlotte,CHA,hornets,0,0,0,0,1610612741,Bulls,Chicago,CHI,bulls,0,0,0,0,,,,,,,,,,,,,,,,,,,,,,,,,,,,,,,,,,natl,radio,1001098,SiriusXM,SiriusXM,,,https://www.siriusxm.com/sports/nba,-1,,,,,,,,,,,,,,,,,,,,,,,,,,,,,,,,,,,,,,,,,,,,,,,,,,,,,,,,,,,,,,,,,,,,
00,2026-27,11/25/2026 00:00:00,0022600057,20261125/CLENYK,1,7:30 pm ET,3,2026-11-25T00:00:00Z,1900-01-01T19:30:00Z,2026-11-25T19:30:00Z,2026-11-25T05:00:00Z,1900-01-01T00:30:00Z,2026-11-26T00:30:00Z,2026-11-25T19:30:00Z,2026-11-25T19:30:00Z,Wed,11,6,Week 6,false,,Emirates NBA Cup,East Group B,,Madison Square Garden,NY,New York,N,,in-season,False,1610612752,Knicks,New York,NYK,knicks,0,0,0,0,1610612739,Cavaliers,Cleveland,CLE,cavaliers,0,0,0,0,,,,,,,,,,,,,,,,,,,,,,,,,,,,,,,,,,natl,radio,1001098,SiriusXM,SiriusXM,,,https://www.siriusxm.com/sports/nba,-1,,,,,,,,,,,,,,,,,,,,,,,,,,,,,,,,,,,,,,,,,,,,,,,,,,,,,,,,,,,,,,,,,,,,
00,2026-27,11/25/2026 00:00:00,0022600058,20261125/MINOKC,1,7:30 pm ET,4,2026-11-25T00:00:00Z,1900-01-01T19:30:00Z,2026-11-25T19:30:00Z,2026-11-25T05:00:00Z,1900-01-01T00:30:00Z,2026-11-26T00:30:00Z,2026-11-25T18:30:00Z,2026-11-25T18:30:00Z,Wed,11,6,Week 6,false,,Emirates NBA Cup,West Group B,,Paycom Center,OK,Oklahoma City,N,,in-season,False,1610612760,Thunder,Oklahoma City,OKC,thunder,0,0,0,0,1610612750,Timberwolves,Minnesota,MIN,timberwolves,0,0,0,0,natl,tv,2.0,ESPN,ESPN,,,https://espn.smart.link/b4uxwf8ow?ex_cid=NBA&gameId=401909320&referringapp=nba,-1.0,2.0,,,,,,,,,,,,,,,,,,,,,,,,natl,radio,1001098,SiriusXM,SiriusXM,,,https://www.siriusxm.com/sports/nba,-1,,,,,,,,,,,,,,,,,,,,,,,,,,,,,,,,,,,,,,,,,,,,,,,,,,,,,,,,,,,,,,,,,,,,
00,2026-27,11/25/2026 00:00:00,0022600059,20261125/LACMEM,1,8:00 pm ET,5,2026-11-25T00:00:00Z,1900-01-01T20:00:00Z,2026-11-25T20:00:00Z,2026-11-25T05:00:00Z,1900-01-01T01:00:00Z,2026-11-26T01:00:00Z,2026-11-25T17:00:00Z,2026-11-25T19:00:00Z,Wed,11,6,Week 6,false,,Emirates NBA Cup,West Group B,,FedExForum,TN,Memphis,N,,in-season,False,1610612763,Grizzlies,Memphis,MEM,grizzlies,0,0,0,0,1610612746,Clippers,LA,LAC,clippers,0,0,0,0,,,,,,,,,,,,,,,,,,,,,,,,,,,,,,,,,,natl,radio,1001098,SiriusXM,SiriusXM,,,https://www.siriusxm.com/sports/nba,-1,,,,,,,,,,,,,,,,,,,,,,,,,,,,,,,,,,,,,,,,,,,,,,,,,,,,,,,,,,,,,,,,,,,,
00,2026-27,11/25/2026 00:00:00,0022600060,20261125/BKNMIL,1,8:00 pm ET,6,2026-11-25T00:00:00Z,1900-01-01T20:00:00Z,2026-11-25T20:00:00Z,2026-11-25T05:00:00Z,1900-01-01T01:00:00Z,2026-11-26T01:00:00Z,2026-11-25T20:00:00Z,2026-11-25T19:00:00Z,Wed,11,6,Week 6,false,,Emirates NBA Cup,East Group A,,Fiserv Forum,WI,Milwaukee,N,,in-season,False,1610612749,Bucks,Milwaukee,MIL,bucks,0,0,0,0,1610612751,Nets,Brooklyn,BKN,nets,0,0,0,0,,,,,,,,,,,,,,,,,,,,,,,,,,,,,,,,,,natl,radio,1001098,SiriusXM,SiriusXM,,,https://www.siriusxm.com/sports/nba,-1,,,,,,,,,,,,,,,,,,,,,,,,,,,,,,,,,,,,,,,,,,,,,,,away,tv,175.0,DAZN (YES),YES,,,,1610612751.0,,,,,,,,,,,,,
00,2026-27,11/25/2026 00:00:00,0022600061,20261125/PHXHOU,1,8:30 pm ET,7,2026-11-25T00:00:00Z,1900-01-01T20:30:00Z,2026-11-25T20:30:00Z,2026-11-25T05:00:00Z,1900-01-01T01:30:00Z,2026-11-26T01:30:00Z,2026-11-25T18:30:00Z,2026-11-25T19:30:00Z,Wed,11,6,Week 6,false,,Emirates NBA Cup,West Group A,,Toyota Center,TX,Houston,N,,in-season,False,1610612745,Rockets,Houston,HOU,rockets,0,0,0,0,1610612756,Suns,Phoenix,PHX,suns,0,0,0,0,,,,,,,,,,,,,,,,,,,,,,,,,,,,,,,,,,natl,radio,1001098,SiriusXM,SiriusXM,,,https://www.siriusxm.com/sports/nba,-1,,,,,,,,,,,,,,,,,,,,,,,,,,,,,,,,,,,,,,,,,,,,,,,,,,,,,,,,,,,,,,,,,,,,
00,2026-27,11/25/2026 00:00:00,0022600062,20261125/SACGSW,1,10:00 pm ET,8,2026-11-25T00:00:00Z,1900-01-01T22:00:00Z,2026-11-25T22:00:00Z,2026-11-25T05:00:00Z,1900-01-01T03:00:00Z,2026-11-26T03:00:00Z,2026-11-25T19:00:00Z,2026-11-25T19:00:00Z,Wed,11,6,Week 6,false,,Emirates NBA Cup,West Group C,,Chase Center,CA,San Francisco,N,,in-season,False,1610612744,Warriors,Golden State,GSW,warriors,0,0,0,0,1610612758,Kings,Sacramento,SAC,kings,0,0,0,0,,,,,,,,,,,,,,,,,,,,,,,,,,,,,,,,,,natl,radio,1001098,SiriusXM,SiriusXM,,,https://www.siriusxm.com/sports/nba,-1,,,,,,,,,,,,,,home,tv,1097.0,NBCSBA,NBCSBA,,,,1610612744.0,,,,,,,,,,,,,,,,,,,,,,,,,away,tv,1027.0,NBCSCA,NBCSCA,,,,1610612758.0,,,,,,,,,,,,,
00,2026-27,11/25/2026 00:00:00,0022600063,20261125/SASPOR,1,10:00 pm ET,9,2026-11-25T00:00:00Z,1900-01-01T22:00:00Z,2026-11-25T22:00:00Z,2026-11-25T05:00:00Z,1900-01-01T03:00:00Z,2026-11-26T03:00:00Z,2026-11-25T21:00:00Z,2026-11-25T19:00:00Z,Wed,11,6,Week 6,false,,Emirates NBA Cup,West Group C,,Moda Center,OR,Portland,N,,in-season,False,1610612757,Trail Blazers,Portland,POR,blazers,0,0,0,0,1610612759,Spurs,San Antonio,SAS,spurs,0,0,0,0,natl,tv,2.0,ESPN,ESPN,,,https://espn.smart.link/b4uxwf8ow?ex_cid=NBA&gameId=401909325&referringapp=nba,-1.0,2.0,,,,,,,,,,,,,,,,,,,,,,,,natl,radio,1001098,SiriusXM,SiriusXM,,,https://www.siriusxm.com/sports/nba,-1,,,,,,,,,,,,,,home,tv,1001196.0,KUNP,KUNP,,,,1610612757.0,,,,,,,,,,,,,,home,radio,1472.0,Rip City Radio 620,KPOJ,,,,1610612757.0,,,,,,,,,,,,,,,,,,,,,,,,
00,2026-27,11/27/2026 00:00:00,0022600064,20261127/MIANYK,1,7:00 pm ET,1,2026-11-27T00:00:00Z,1900-01-01T19:00:00Z,2026-11-27T19:00:00Z,2026-11-27T05:00:00Z,1900-01-01T00:00:00Z,2026-11-28T00:00:00Z,2026-11-27T19:00:00Z,2026-11-27T19:00:00Z,Fri,11,6,Week 6,false,,Emirates NBA Cup,East Group B,,Madison Square Garden,NY,New York,N,,in-season,False,1610612752,Knicks,New York,NYK,knicks,0,0,0,0,1610612748,Heat,Miami,MIA,heat,0,0,0,0,natl,tv,1000664.0,Prime Video,Amazon,,,https://www.amazon.com/gp/video/tournament/amzn1.dv.icid.cf75b42a-68cd-4a1c-993a-a0b3f0575c5f?jic=20%7CCgZTcG9ydHMSA2FsbA%3D%3D&ref_=atv_hm_spo_c_7a7vxF_4_6,-1.0,4.0,,,,,,,,,,,,,,,,,,,,,,,,natl,radio,1001098,SiriusXM,SiriusXM,,,https://www.siriusxm.com/sports/nba,-1,,,,,,,,,,,,,,,,,,,,,,,,,,,,,,,,,,,,,,,,,,,,,,,,,,,,,,,,,,away,radio,1001523.0,FM 104.3 WQAM / S: WAQI 710,WQAM-FM/WAQI,,,,1610612748.0,,
00,2026-27,11/27/2026 00:00:00,0022600065,20261127/MILDET,1,7:30 pm ET,2,2026-11-27T00:00:00Z,1900-01-01T19:30:00Z,2026-11-27T19:30:00Z,2026-11-27T05:00:00Z,1900-01-01T00:30:00Z,2026-11-28T00:30:00Z,2026-11-27T18:30:00Z,2026-11-27T19:30:00Z,Fri,11,6,Week 6,false,,Emirates NBA Cup,East Group A,,Little Caesars Arena,MI,Detroit,N,,in-season,False,1610612765,Pistons,Detroit,DET,pistons,0,0,0,0,1610612749,Bucks,Milwaukee,MIL,bucks,0,0,0,0,,,,,,,,,,,,,,,,,,,,,,,,,,,,,,,,,,natl,radio,1001098,SiriusXM,SiriusXM,,,https://www.siriusxm.com/sports/nba,-1,,,,,,,,,,,,,,,,,,,,,,,,,,,,,,,,,,,,,,,,,,,,,,,,,,,,,,,,,,,,,,,,,,,,
00,2026-27,11/27/2026 00:00:00,0022600066,20261127/PHIIND,1,7:30 pm ET,3,2026-11-27T00:00:00Z,1900-01-01T19:30:00Z,2026-11-27T19:30:00Z,2026-11-27T05:00:00Z,1900-01-01T00:30:00Z,2026-11-28T00:30:00Z,2026-11-27T19:30:00Z,2026-11-27T19:30:00Z,Fri,11,6,Week 6,false,,Emirates NBA Cup,East Group B,,Gainbridge Fieldhouse,IN,Indianapolis,N,,in-season,False,1610612754,Pacers,Indiana,IND,pacers,0,0,0,0,1610612755,76ers,Philadelphia,PHI,sixers,0,0,0,0,,,,,,,,,,,,,,,,,,,,,,,,,,,,,,,,,,natl,radio,1001098,SiriusXM,SiriusXM,,,https://www.siriusxm.com/sports/nba,-1,,,,,,,,,,,,,,,,,,,,,,,,,,,,,,,,,,,,,,,,,,,,,,,,,,,,,,,,,,,,,,,,,,,,
00,2026-27,11/27/2026 00:00:00,0022600067,20261127/BKNTOR,1,7:30 pm ET,4,2026-11-27T00:00:00Z,1900-01-01T19:30:00Z,2026-11-27T19:30:00Z,2026-11-27T05:00:00Z,1900-01-01T00:30:00Z,2026-11-28T00:30:00Z,2026-11-27T19:30:00Z,2026-11-27T19:30:00Z,Fri,11,6,Week 6,false,,Emirates NBA Cup,East Group A,,Scotiabank Arena,ON,Toronto,N,,in-season,False,1610612761,Raptors,Toronto,TOR,raptors,0,0,0,0,1610612751,Nets,Brooklyn,BKN,nets,0,0,0,0,,,,,,,,,,,,,,,,,,,,,,,,,,,,,,,,,,natl,radio,1001098,SiriusXM,SiriusXM,,,https://www.siriusxm.com/sports/nba,-1,,,,,,,,,,,,,,,,,,,,,,,,,,,,,,,,,,,,,,,,,,,,,,,away,tv,175.0,DAZN (YES),YES,,,,1610612751.0,,,,,,,,,,,,,
00,2026-27,11/27/2026 00:00:00,0022600068,20261127/ATLBOS,1,8:00 pm ET,5,2026-11-27T00:00:00Z,1900-01-01T20:00:00Z,2026-11-27T20:00:00Z,2026-11-27T05:00:00Z,1900-01-01T01:00:00Z,2026-11-28T01:00:00Z,2026-11-27T20:00:00Z,2026-11-27T20:00:00Z,Fri,11,6,Week 6,false,,Emirates NBA Cup,East Group C,,TD Garden,MA,Boston,N,,in-season,False,1610612738,Celtics,Boston,BOS,celtics,0,0,0,0,1610612737,Hawks,Atlanta,ATL,hawks,0,0,0,0,,,,,,,,,,,,,,,,,,,,,,,,,,,,,,,,,,natl,radio,1001098,SiriusXM,SiriusXM,,,https://www.siriusxm.com/sports/nba,-1,,,,,,,,,,,,,,home,tv,1658.0,NBC SPORTS BOSTON,NBCSB,,,,1610612738.0,,,,,,,,,,,,,,,,,,,,,,,,,,,,,,,,,,,,,,,,,,,,,,
00,2026-27,11/27/2026 00:00:00,0022600069,20261127/MEMMIN,1,8:30 pm ET,6,2026-11-27T00:00:00Z,1900-01-01T20:30:00Z,2026-11-27T20:30:00Z,2026-11-27T05:00:00Z,1900-01-01T01:30:00Z,2026-11-28T01:30:00Z,2026-11-27T19:30:00Z,2026-11-27T19:30:00Z,Fri,11,6,Week 6,false,,Emirates NBA Cup,West Group B,,Target Center,MN,Minneapolis,N,,in-season,False,1610612750,Timberwolves,Minnesota,MIN,timberwolves,0,0,0,0,1610612763,Grizzlies,Memphis,MEM,grizzlies,0,0,0,0,,,,,,,,,,,,,,,,,,,,,,,,,,,,,,,,,,natl,radio,1001098,SiriusXM,SiriusXM,,,https://www.siriusxm.com/sports/nba,-1,,,,,,,,,,,,,,,,,,,,,,,,,,,,,,,,,,,,,,,,,,,,,,,,,,,,,,,,,,,,,,,,,,,,
00,2026-27,11/27/2026 00:00:00,0022600070,20261127/DALPHX,1,9:00 pm ET,7,2026-11-27T00:00:00Z,1900-01-01T21:00:00Z,2026-11-27T21:00:00Z,2026-11-27T05:00:00Z,1900-01-01T02:00:00Z,2026-11-28T02:00:00Z,2026-11-27T20:00:00Z,2026-11-27T19:00:00Z,Fri,11,6,Week 6,false,,Emirates NBA Cup,West Group A,,Mortgage Matchup Center,AZ,Phoenix,N,,in-season,False,1610612756,Suns,Phoenix,PHX,suns,0,0,0,0,1610612742,Mavericks,Dallas,DAL,mavericks,0,0,0,0,,,,,,,,,,,,,,,,,,,,,,,,,,,,,,,,,,natl,radio,1001098,SiriusXM,SiriusXM,,,https://www.siriusxm.com/sports/nba,-1,,,,,,,,,,,,,,,,,,,,,,,,,,,,,,,,,,,,,,,,,,,,,,,,,,,,,,,,,,,,,,,,,,,,
00,2026-27,11/27/2026 00:00:00,0022600071,20261127/LALSAS,1,9:30 pm ET,8,2026-11-27T00:00:00Z,1900-01-01T21:30:00Z,2026-11-27T21:30:00Z,2026-11-27T05:00:00Z,1900-01-01T02:30:00Z,2026-11-28T02:30:00Z,2026-11-27T18:30:00Z,2026-11-27T20:30:00Z,Fri,11,6,Week 6,false,,Emirates NBA Cup,West Group C,,Frost Bank Center,TX,San Antonio,N,,in-season,False,1610612759,Spurs,San Antonio,SAS,spurs,0,0,0,0,1610612747,Lakers,Los Angeles,LAL,lakers,0,0,0,0,natl,tv,1000664.0,Prime Video,Amazon,,,https://www.amazon.com/gp/video/tournament/amzn1.dv.icid.cf75b42a-68cd-4a1c-993a-a0b3f0575c5f?jic=20%7CCgZTcG9ydHMSA2FsbA%3D%3D&ref_=atv_hm_spo_c_7a7vxF_4_6,-1.0,4.0,,,,,,,,,,,,,,,,,,,,,,,,natl,radio,1001098,SiriusXM,SiriusXM,,,https://www.siriusxm.com/sports/nba,-1,,,,,,,,,,,,,,,,,,,,,,,,,,,,,,,,,,,,,,,,,,,,,,,,,,,,,,,,,,away,radio,1001605.0,ESPN LA 710/980 KFWB,KSPN/KFWB,,,,1610612747.0,,
00,2026-27,11/27/2026 00:00:00,0022600072,20261127/DENUTA,1,9:30 pm ET,9,2026-11-27T00:00:00Z,1900-01-01T21:30:00Z,2026-11-27T21:30:00Z,2026-11-27T05:00:00Z,1900-01-01T02:30:00Z,2026-11-28T02:30:00Z,2026-11-27T19:30:00Z,2026-11-27T19:30:00Z,Fri,11,6,Week 6,false,,Emirates NBA Cup,West Group A,,Delta Center,UT,Salt Lake City,N,,in-season,False,1610612762,Jazz,Utah,UTA,jazz,0,0,0,0,1610612743,Nuggets,Denver,DEN,nuggets,0,0,0,0,,,,,,,,,,,,,,,,,,,,,,,,,,,,,,,,,,natl,radio,1001098,SiriusXM,SiriusXM,,,https://www.siriusxm.com/sports/nba,-1,,,,,,,,,,,,,,,,,,,,,,,,,,,,,,,,,,,,,,,,,,,,,,,,,,,,,,,,,,,,,,,,,,,,
00,2026-27,11/27/2026 00:00:00,0022600073,20261127/NOPLAC,1,9:30 pm ET,10,2026-11-27T00:00:00Z,1900-01-01T21:30:00Z,2026-11-27T21:30:00Z,2026-11-27T05:00:00Z,1900-01-01T02:30:00Z,2026-11-28T02:30:00Z,2026-11-27T20:30:00Z,2026-11-27T18:30:00Z,Fri,11,6,Week 6,false,,Emirates NBA Cup,West Group B,,Intuit Dome,CA,Inglewood,N,,in-season,False,1610612746,Clippers,LA,LAC,clippers,0,0,0,0,1610612740,Pelicans,New Orleans,NOP,pelicans,0,0,0,0,,,,,,,,,,,,,,,,,,,,,,,,,,,,,,,,,,natl,radio,1001098,SiriusXM,SiriusXM,,,https://www.siriusxm.com/sports/nba,-1,,,,,,,,,,,,,,,,,,,,,,,,,,,,,,,,,,,,,,,,,,,,,,,,,,,,,,,,,,,,,,,,,,,,
00,2026-27,11/27/2026 00:00:00,0022600074,20261127/GSWPOR,1,9:30 pm ET,11,2026-11-27T00:00:00Z,1900-01-01T21:30:00Z,2026-11-27T21:30:00Z,2026-11-27T05:00:00Z,1900-01-01T02:30:00Z,2026-11-28T02:30:00Z,2026-11-27T18:30:00Z,2026-11-27T18:30:00Z,Fri,11,6,Week 6,false,,Emirates NBA Cup,West Group C,,Moda Center,OR,Portland,N,,in-season,False,1610612757,Trail Blazers,Portland,POR,blazers,0,0,0,0,1610612744,Warriors,Golden State,GSW,warriors,0,0,0,0,,,,,,,,,,,,,,,,,,,,,,,,,,,,,,,,,,natl,radio,1001098,SiriusXM,SiriusXM,,,https://www.siriusxm.com/sports/nba,-1,,,,,,,,,,,,,,home,tv,1001196.0,KUNP,KUNP,,,,1610612757.0,,,,,,,,,,,,,,home,radio,1472.0,Rip City Radio 620,KPOJ,,,,1610612757.0,,,away,tv,1097.0,NBCSBA,NBCSBA,,,,1610612744.0,,,,,,,,,,,,,
00,2026-27,11/28/2026 00:00:00,0022600297,20261128/ORLWAS,1,5:00 pm ET,1,2026-11-28T00:00:00Z,1900-01-01T17:00:00Z,2026-11-28T17:00:00Z,2026-11-28T05:00:00Z,1900-01-01T22:00:00Z,2026-11-28T22:00:00Z,2026-11-28T17:00:00Z,2026-11-28T17:00:00Z,Sat,11,6,Week 6,false,,,,,Capital One Arena,DC,Washington,N,,,False,1610612764,Wizards,Washington,WAS,wizards,0,0,0,0,1610612753,Magic,Orlando,ORL,magic,0,0,0,0,,,,,,,,,,,,,,,,,,,,,,,,,,,,,,,,,,natl,radio,1001098,SiriusXM,SiriusXM,,,https://www.siriusxm.com/sports/nba,-1,,,,,,,,,,,,,,,,,,,,,,,,,,,,,,,,,,,,,,,,,,,,,,,,,,,,,,,,,,,,,,,,,,,,
00,2026-27,11/28/2026 00:00:00,0022600298,20261128/BKNCHA,1,6:00 pm ET,2,2026-11-28T00:00:00Z,1900-01-01T18:00:00Z,2026-11-28T18:00:00Z,2026-11-28T05:00:00Z,1900-01-01T23:00:00Z,2026-11-28T23:00:00Z,2026-11-28T18:00:00Z,2026-11-28T18:00:00Z,Sat,11,6,Week 6,false,,,,,Spectrum Center,NC,Charlotte,N,,,False,1610612766,Hornets,Charlotte,CHA,hornets,0,0,0,0,1610612751,Nets,Brooklyn,BKN,nets,0,0,0,0,,,,,,,,,,,,,,,,,,,,,,,,,,,,,,,,,,natl,radio,1001098,SiriusXM,SiriusXM,,,https://www.siriusxm.com/sports/nba,-1,,,,,,,,,,,,,,,,,,,,,,,,,,,,,,,,,,,,,,,,,,,,,,,away,tv,175.0,DAZN (YES),YES,,,,1610612751.0,,,,,,,,,,,,,
00,2026-27,11/28/2026 00:00:00,0022600299,20261128/INDCHI,1,8:00 pm ET,3,2026-11-28T00:00:00Z,1900-01-01T20:00:00Z,2026-11-28T20:00:00Z,2026-11-28T05:00:00Z,1900-01-01T01:00:00Z,2026-11-29T01:00:00Z,2026-11-28T20:00:00Z,2026-11-28T19:00:00Z,Sat,11,6,Week 6,false,,,,,United Center,IL,Chicago,N,,,False,1610612741,Bulls,Chicago,CHI,bulls,0,0,0,0,1610612754,Pacers,Indiana,IND,pacers,0,0,0,0,,,,,,,,,,,,,,,,,,,,,,,,,,,,,,,,,,natl,radio,1001098,SiriusXM,SiriusXM,,,https://www.siriusxm.com/sports/nba,-1,,,,,,,,,,,,,,,,,,,,,,,,,,,,,,,,,,,,,,,,,,,,,,,,,,,,,,,,,,,,,,,,,,,,
00,2026-27,11/28/2026 00:00:00,0022600300,20261128/OKCMIL,1,8:00 pm ET,4,2026-11-28T00:00:00Z,1900-01-01T20:00:00Z,2026-11-28T20:00:00Z,2026-11-28T05:00:00Z,1900-01-01T01:00:00Z,2026-11-29T01:00:00Z,2026-11-28T19:00:00Z,2026-11-28T19:00:00Z,Sat,11,6,Week 6,false,,,,,Fiserv Forum,WI,Milwaukee,N,,,False,1610612749,Bucks,Milwaukee,MIL,bucks,0,0,0,0,1610612760,Thunder,Oklahoma City,OKC,thunder,0,0,0,0,,,,,,,,,,,,,,,,,,,,,,,,,,,,,,,,,,natl,radio,1001098,SiriusXM,SiriusXM,,,https://www.siriusxm.com/sports/nba,-1,,,,,,,,,,,,,,,,,,,,,,,,,,,,,,,,,,,,,,,,,,,,,,,,,,,,,,,,,,,,,,,,,,,,
00,2026-27,11/28/2026 00:00:00,0022600301,20261128/PHIHOU,1,8:30 pm ET,5,2026-11-28T00:00:00Z,1900-01-01T20:30:00Z,2026-11-28T20:30:00Z,2026-11-28T05:00:00Z,1900-01-01T01:30:00Z,2026-11-29T01:30:00Z,2026-11-28T20:30:00Z,2026-11-28T19:30:00Z,Sat,11,6,Week 6,false,,,,,Toyota Center,TX,Houston,N,,,False,1610612745,Rockets,Houston,HOU,rockets,0,0,0,0,1610612755,76ers,Philadelphia,PHI,sixers,0,0,0,0,natl,tv,7.0,NBA TV,NBA TV,Watch with League Pass or your TV subscription,,,-1.0,,,,,,,,,,,,,,,,,,,,,,,,,natl,radio,1001098,SiriusXM,SiriusXM,,,https://www.siriusxm.com/sports/nba,-1,,,,,,,,,,,,,,,,,,,,,,,,,,,,,,,,,,,,,,,,,,,,,,,,,,,,,,,,,,,,,,,,,,,,
00,2026-27,11/29/2026 00:00:00,0022600302,20261129/LALMEM,1,4:00 pm ET,1,2026-11-29T00:00:00Z,1900-01-01T16:00:00Z,2026-11-29T16:00:00Z,2026-11-29T05:00:00Z,1900-01-01T21:00:00Z,2026-11-29T21:00:00Z,2026-11-29T13:00:00Z,2026-11-29T15:00:00Z,Sun,11,6,Week 6,false,,,,,FedExForum,TN,Memphis,N,,,False,1610612763,Grizzlies,Memphis,MEM,grizzlies,0,0,0,0,1610612747,Lakers,Los Angeles,LAL,lakers,0,0,0,0,,,,,,,,,,,,,,,,,,,,,,,,,,,,,,,,,,natl,radio,1001098,SiriusXM,SiriusXM,,,https://www.siriusxm.com/sports/nba,-1,,,,,,,,,,,,,,,,,,,,,,,,,,,,,,,,,,,,,,,,,,,,,,,away,tv,1651.0,Spectrum SportsNet,SPECSN,,,,1610612747.0,,,away,radio,1001605.0,ESPN LA 710/980 KFWB,KSPN/KFWB,,,,1610612747.0,,
00,2026-27,11/29/2026 00:00:00,0022600303,20261129/BOSSAS,1,4:00 pm ET,2,2026-11-29T00:00:00Z,1900-01-01T16:00:00Z,2026-11-29T16:00:00Z,2026-11-29T05:00:00Z,1900-01-01T21:00:00Z,2026-11-29T21:00:00Z,2026-11-29T16:00:00Z,2026-11-29T15:00:00Z,Sun,11,6,Week 6,false,,,,,Frost Bank Center,TX,San Antonio,N,,,False,1610612759,Spurs,San Antonio,SAS,spurs,0,0,0,0,1610612738,Celtics,Boston,BOS,celtics,0,0,0,0,natl,tv,7.0,NBA TV,NBA TV,Watch with League Pass or your TV subscription,,,-1.0,,,,,,,,,,,,,,,,,,,,,,,,,natl,radio,1001098,SiriusXM,SiriusXM,,,https://www.siriusxm.com/sports/nba,-1,,,,,,,,,,,,,,,,,,,,,,,,,,,,,,,,,,,,,,,,,,,,,,,away,tv,1658.0,NBC SPORTS BOSTON,NBCSB,,,,1610612738.0,,,,,,,,,,,,,
00,2026-27,11/29/2026 00:00:00,0022600304,20261129/PHXUTA,1,5:00 pm ET,3,2026-11-29T00:00:00Z,1900-01-01T17:00:00Z,2026-11-29T17:00:00Z,2026-11-29T05:00:00Z,1900-01-01T22:00:00Z,2026-11-29T22:00:00Z,2026-11-29T15:00:00Z,2026-11-29T15:00:00Z,Sun,11,6,Week 6,false,,,,,Delta Center,UT,Salt Lake City,N,,,False,1610612762,Jazz,Utah,UTA,jazz,0,0,0,0,1610612756,Suns,Phoenix,PHX,suns,0,0,0,0,,,,,,,,,,,,,,,,,,,,,,,,,,,,,,,,,,natl,radio,1001098,SiriusXM,SiriusXM,,,https://www.siriusxm.com/sports/nba,-1,,,,,,,,,,,,,,,,,,,,,,,,,,,,,,,,,,,,,,,,,,,,,,,,,,,,,,,,,,,,,,,,,,,,
00,2026-27,11/29/2026 00:00:00,0022600305,20261129/MIACLE,1,6:00 pm ET,4,2026-11-29T00:00:00Z,1900-01-01T18:00:00Z,2026-11-29T18:00:00Z,2026-11-29T05:00:00Z,1900-01-01T23:00:00Z,2026-11-29T23:00:00Z,2026-11-29T18:00:00Z,2026-11-29T18:00:00Z,Sun,11,6,Week 6,false,,,,,Rocket Arena,OH,Cleveland,N,,,False,1610612739,Cavaliers,Cleveland,CLE,cavaliers,0,0,0,0,1610612748,Heat,Miami,MIA,heat,0,0,0,0,,,,,,,,,,,,,,,,,,,,,,,,,,,,,,,,,,natl,radio,1001098,SiriusXM,SiriusXM,,,https://www.siriusxm.com/sports/nba,-1,,,,,,,,,,,,,,,,,,,,,,,,,,,,,,,,,,,,,,,,,,,,,,,away,tv,1001720.0,WPLG Local 10,WPLG,,,https://local10plusplatinum.maz.tv/open?deeplink=local10platinum://item/3776211-3882966?item=44d4cc7fbb9f4bd72cf272489b39eadf-3742525-3848761,1610612748.0,,,away,radio,1001523.0,FM 104.3 WQAM / S: WAQI 710,WQAM-FM/WAQI,,,,1610612748.0,,
00,2026-27,11/29/2026 00:00:00,0022600306,20261129/ORLDET,1,6:00 pm ET,5,2026-11-29T00:00:00Z,1900-01-01T18:00:00Z,2026-11-29T18:00:00Z,2026-11-29T05:00:00Z,1900-01-01T23:00:00Z,2026-11-29T23:00:00Z,2026-11-29T18:00:00Z,2026-11-29T18:00:00Z,Sun,11,6,Week 6,false,,,,,Little Caesars Arena,MI,Detroit,N,,,False,1610612765,Pistons,Detroit,DET,pistons,0,0,0,0,1610612753,Magic,Orlando,ORL,magic,0,0,0,0,,,,,,,,,,,,,,,,,,,,,,,,,,,,,,,,,,natl,radio,1001098,SiriusXM,SiriusXM,,,https://www.siriusxm.com/sports/nba,-1,,,,,,,,,,,,,,,,,,,,,,,,,,,,,,,,,,,,,,,,,,,,,,,,,,,,,,,,,,,,,,,,,,,,
00,2026-27,11/29/2026 00:00:00,0022600307,20261129/ATLNYK,1,6:00 pm ET,6,2026-11-29T00:00:00Z,1900-01-01T18:00:00Z,2026-11-29T18:00:00Z,2026-11-29T05:00:00Z,1900-01-01T23:00:00Z,2026-11-29T23:00:00Z,2026-11-29T18:00:00Z,2026-11-29T18:00:00Z,Sun,11,6,Week 6,false,,,,,Madison Square Garden,NY,New York,N,,,False,1610612752,Knicks,New York,NYK,knicks,0,0,0,0,1610612737,Hawks,Atlanta,ATL,hawks,0,0,0,0,,,,,,,,,,,,,,,,,,,,,,,,,,,,,,,,,,natl,radio,1001098,SiriusXM,SiriusXM,,,https://www.siriusxm.com/sports/nba,-1,,,,,,,,,,,,,,,,,,,,,,,,,,,,,,,,,,,,,,,,,,,,,,,,,,,,,,,,,,,,,,,,,,,,
00,2026-27,11/29/2026 00:00:00,0022600308,20261129/DENTOR,1,6:00 pm ET,7,2026-11-29T00:00:00Z,1900-01-01T18:00:00Z,2026-11-29T18:00:00Z,2026-11-29T05:00:00Z,1900-01-01T23:00:00Z,2026-11-29T23:00:00Z,2026-11-29T16:00:00Z,2026-11-29T18:00:00Z,Sun,11,6,Week 6,false,,,,,Scotiabank Arena,ON,Toronto,N,,,False,1610612761,Raptors,Toronto,TOR,raptors,0,0,0,0,1610612743,Nuggets,Denver,DEN,nuggets,0,0,0,0,,,,,,,,,,,,,,,,,,,,,,,,,,,,,,,,,,natl,radio,1001098,SiriusXM,SiriusXM,,,https://www.siriusxm.com/sports/nba,-1,,,,,,,,,,,,,,,,,,,,,,,,,,,,,,,,,,,,,,,,,,,,,,,,,,,,,,,,,,,,,,,,,,,,
00,2026-27,11/29/2026 00:00:00,0022600309,20261129/NOPPOR,1,6:00 pm ET,8,2026-11-29T00:00:00Z,1900-01-01T18:00:00Z,2026-11-29T18:00:00Z,2026-11-29T05:00:00Z,1900-01-01T23:00:00Z,2026-11-29T23:00:00Z,2026-11-29T17:00:00Z,2026-11-29T15:00:00Z,Sun,11,6,Week 6,false,,,,,Moda Center,OR,Portland,N,,,False,1610612757,Trail Blazers,Portland,POR,blazers,0,0,0,0,1610612740,Pelicans,New Orleans,NOP,pelicans,0,0,0,0,,,,,,,,,,,,,,,,,,,,,,,,,,,,,,,,,,natl,radio,1001098,SiriusXM,SiriusXM,,,https://www.siriusxm.com/sports/nba,-1,,,,,,,,,,,,,,home,tv,1001196.0,KUNP,KUNP,,,,1610612757.0,,,home,tv,1001507.0,KATU ABC 2/KUNP,KATU/KUNP,,,,1610612757.0,,,home,radio,1472.0,Rip City Radio 620,KPOJ,,,,1610612757.0,,,,,,,,,,,,,,,,,,,,,,,,
00,2026-27,11/29/2026 00:00:00,0022600310,20261129/LACGSW,1,8:30 pm ET,9,2026-11-29T00:00:00Z,1900-01-01T20:30:00Z,2026-11-29T20:30:00Z,2026-11-29T05:00:00Z,1900-01-01T01:30:00Z,2026-11-30T01:30:00Z,2026-11-29T17:30:00Z,2026-11-29T17:30:00Z,Sun,11,6,Week 6,false,,,,,Chase Center,CA,San Francisco,N,,,False,1610612744,Warriors,Golden State,GSW,warriors,0,0,0,0,1610612746,Clippers,LA,LAC,clippers,0,0,0,0,,,,,,,,,,,,,,,,,,,,,,,,,,,,,,,,,,natl,radio,1001098,SiriusXM,SiriusXM,,,https://www.siriusxm.com/sports/nba,-1,,,,,,,,,,,,,,home,tv,1097.0,NBCSBA,NBCSBA,,,,1610612744.0,,,,,,,,,,,,,,,,,,,,,,,,,,,,,,,,,,,,,,,,,,,,,,
00,2026-27,11/29/2026 00:00:00,0022600311,20261129/MINSAC,1,9:00 pm ET,10,2026-11-29T00:00:00Z,1900-01-01T21:00:00Z,2026-11-29T21:00:00Z,2026-11-29T05:00:00Z,1900-01-01T02:00:00Z,2026-11-30T02:00:00Z,2026-11-29T20:00:00Z,2026-11-29T18:00:00Z,Sun,11,6,Week 6,false,,,,,Golden 1 Center,CA,Sacramento,N,,,False,1610612758,Kings,Sacramento,SAC,kings,0,0,0,0,1610612750,Timberwolves,Minnesota,MIN,timberwolves,0,0,0,0,,,,,,,,,,,,,,,,,,,,,,,,,,,,,,,,,,natl,radio,1001098,SiriusXM,SiriusXM,,,https://www.siriusxm.com/sports/nba,-1,,,,,,,,,,,,,,home,tv,1027.0,NBCSCA,NBCSCA,,,,1610612758.0,,,,,,,,,,,,,,,,,,,,,,,,,,,,,,,,,,,,,,,,,,,,,,
00,2026-27,11/30/2026 00:00:00,0022600312,20261130/WASCHA,1,7:00 pm ET,1,2026-11-30T00:00:00Z,1900-01-01T19:00:00Z,2026-11-30T19:00:00Z,2026-11-30T05:00:00Z,1900-01-01T00:00:00Z,2026-12-01T00:00:00Z,2026-11-30T19:00:00Z,2026-11-30T19:00:00Z,Mon,11,7,Week 7,false,,,,,Spectrum Center,NC,Charlotte,N,,,False,1610612766,Hornets,Charlotte,CHA,hornets,0,0,0,0,1610612764,Wizards,Washington,WAS,wizards,0,0,0,0,,,,,,,,,,,,,,,,,,,,,,,,,,,,,,,,,,natl,radio,1001098,SiriusXM,SiriusXM,,,https://www.siriusxm.com/sports/nba,-1,,,,,,,,,,,,,,,,,,,,,,,,,,,,,,,,,,,,,,,,,,,,,,,,,,,,,,,,,,,,,,,,,,,,
00,2026-27,11/30/2026 00:00:00,0022600313,20261130/DENDET,1,7:00 pm ET,2,2026-11-30T00:00:00Z,1900-01-01T19:00:00Z,2026-11-30T19:00:00Z,2026-11-30T05:00:00Z,1900-01-01T00:00:00Z,2026-12-01T00:00:00Z,2026-11-30T17:00:00Z,2026-11-30T19:00:00Z,Mon,11,7,Week 7,false,,,,,Little Caesars Arena,MI,Detroit,N,,,False,1610612765,Pistons,Detroit,DET,pistons,0,0,0,0,1610612743,Nuggets,Denver,DEN,nuggets,0,0,0,0,,,,,,,,,,,,,,,,,,,,,,,,,,,,,,,,,,natl,radio,1001098,SiriusXM,SiriusXM,,,https://www.siriusxm.com/sports/nba,-1,,,,,,,,,,,,,,,,,,,,,,,,,,,,,,,,,,,,,,,,,,,,,,,,,,,,,,,,,,,,,,,,,,,,
00,2026-27,11/30/2026 00:00:00,0022600314,20261130/OKCBKN,1,7:30 pm ET,3,2026-11-30T00:00:00Z,1900-01-01T19:30:00Z,2026-11-30T19:30:00Z,2026-11-30T05:00:00Z,1900-01-01T00:30:00Z,2026-12-01T00:30:00Z,2026-11-30T18:30:00Z,2026-11-30T19:30:00Z,Mon,11,7,Week 7,false,,,,,Barclays Center,NY,Brooklyn,N,,,False,1610612751,Nets,Brooklyn,BKN,nets,0,0,0,0,1610612760,Thunder,Oklahoma City,OKC,thunder,0,0,0,0,,,,,,,,,,,,,,,,,,,,,,,,,,,,,,,,,,natl,radio,1001098,SiriusXM,SiriusXM,,,https://www.siriusxm.com/sports/nba,-1,,,,,,,,,,,,,,home,tv,175.0,DAZN (YES),YES,,,,1610612751.0,,,,,,,,,,,,,,,,,,,,,,,,,,,,,,,,,,,,,,,,,,,,,,
00,2026-27,11/30/2026 00:00:00,0022600315,20261130/LALHOU,1,7:30 pm ET,4,2026-11-30T00:00:00Z,1900-01-01T19:30:00Z,2026-11-30T19:30:00Z,2026-11-30T05:00:00Z,1900-01-01T00:30:00Z,2026-12-01T00:30:00Z,2026-11-30T16:30:00Z,2026-11-30T18:30:00Z,Mon,11,7,Week 7,false,,,,,Toyota Center,TX,Houston,N,,,False,1610612745,Rockets,Houston,HOU,rockets,0,0,0,0,1610612747,Lakers,Los Angeles,LAL,lakers,0,0,0,0,natl,tv,1001453.0,Peacock,Peacock,,,https://www.peacocktv.com/sports/nba?cid=2508sptnbaexterndinapplk26427&utm_campaign=2508sptnba&utm_source=nba_nba_nba&utm_medium=ernd_inapplk_acq_inapbnr&utm_term=nbafans&utm_content=nbaapplinks,-1.0,3.0,,natl,tv,1001488.0,NBC Sports Network,NBCSN,,,,-1.0,7.0,National,,,,,,,,,,,,natl,radio,1001098,SiriusXM,SiriusXM,,,https://www.siriusxm.com/sports/nba,-1,,,,,,,,,,,,,,,,,,,,,,,,,,,,,,,,,,,,,,,,,,,,,,,,,,,,,,,,,,away,radio,1001605.0,ESPN LA 710/980 KFWB,KSPN/KFWB,,,,1610612747.0,,
00,2026-27,11/30/2026 00:00:00,0022600316,20261130/BOSDAL,1,8:00 pm ET,5,2026-11-30T00:00:00Z,1900-01-01T20:00:00Z,2026-11-30T20:00:00Z,2026-11-30T05:00:00Z,1900-01-01T01:00:00Z,2026-12-01T01:00:00Z,2026-11-30T20:00:00Z,2026-11-30T19:00:00Z,Mon,11,7,Week 7,false,,,,,American Airlines Center,TX,Dallas,N,,,False,1610612742,Mavericks,Dallas,DAL,mavericks,0,0,0,0,1610612738,Celtics,Boston,BOS,celtics,0,0,0,0,,,,,,,,,,,,,,,,,,,,,,,,,,,,,,,,,,natl,radio,1001098,SiriusXM,SiriusXM,,,https://www.siriusxm.com/sports/nba,-1,,,,,,,,,,,,,,,,,,,,,,,,,,,,,,,,,,,,,,,,,,,,,,,away,tv,1658.0,NBC SPORTS BOSTON,NBCSB,,,,1610612738.0,,,,,,,,,,,,,
00,2026-27,11/30/2026 00:00:00,0022600317,20261130/SASMIL,1,8:00 pm ET,6,2026-11-30T00:00:00Z,1900-01-01T20:00:00Z,2026-11-30T20:00:00Z,2026-11-30T05:00:00Z,1900-01-01T01:00:00Z,2026-12-01T01:00:00Z,2026-11-30T19:00:00Z,2026-11-30T19:00:00Z,Mon,11,7,Week 7,false,,,,,Fiserv Forum,WI,Milwaukee,N,,,False,1610612749,Bucks,Milwaukee,MIL,bucks,0,0,0,0,1610612759,Spurs,San Antonio,SAS,spurs,0,0,0,0,,,,,,,,,,,,,,,,,,,,,,,,,,,,,,,,,,natl,radio,1001098,SiriusXM,SiriusXM,,,https://www.siriusxm.com/sports/nba,-1,,,,,,,,,,,,,,,,,,,,,,,,,,,,,,,,,,,,,,,,,,,,,,,,,,,,,,,,,,,,,,,,,,,,
00,2026-27,11/30/2026 00:00:00,0022600318,20261130/NOPSAC,1,10:00 pm ET,7,2026-11-30T00:00:00Z,1900-01-01T22:00:00Z,2026-11-30T22:00:00Z,2026-11-30T05:00:00Z,1900-01-01T03:00:00Z,2026-12-01T03:00:00Z,2026-11-30T21:00:00Z,2026-11-30T19:00:00Z,Mon,11,7,Week 7,false,,,,,Golden 1 Center,CA,Sacramento,N,,,False,1610612758,Kings,Sacramento,SAC,kings,0,0,0,0,1610612740,Pelicans,New Orleans,NOP,pelicans,0,0,0,0,,,,,,,,,,,,,,,,,,,,,,,,,,,,,,,,,,natl,radio,1001098,SiriusXM,SiriusXM,,,https://www.siriusxm.com/sports/nba,-1,,,,,,,,,,,,,,home,tv,1027.0,NBCSCA,NBCSCA,,,,1610612758.0,,,,,,,,,,,,,,,,,,,,,,,,,,,,,,,,,,,,,,,,,,,,,,
00,2026-27,12/01/2026 00:00:00,0022600319,20261201/INDCLE,1,7:00 pm ET,1,2026-12-01T00:00:00Z,1900-01-01T19:00:00Z,2026-12-01T19:00:00Z,2026-12-01T05:00:00Z,1900-01-01T00:00:00Z,2026-12-02T00:00:00Z,2026-12-01T19:00:00Z,2026-12-01T19:00:00Z,Tue,12,7,Week 7,false,,,,,Rocket Arena,OH,Cleveland,N,,,False,1610612739,Cavaliers,Cleveland,CLE,cavaliers,0,0,0,0,1610612754,Pacers,Indiana,IND,pacers,0,0,0,0,,,,,,,,,,,,,,,,,,,,,,,,,,,,,,,,,,natl,radio,1001098,SiriusXM,SiriusXM,,,https://www.siriusxm.com/sports/nba,-1,,,,,,,,,,,,,,,,,,,,,,,,,,,,,,,,,,,,,,,,,,,,,,,,,,,,,,,,,,,,,,,,,,,,
00,2026-27,12/01/2026 00:00:00,0022600320,20261201/MEMPHI,1,7:00 pm ET,2,2026-12-01T00:00:00Z,1900-01-01T19:00:00Z,2026-12-01T19:00:00Z,2026-12-01T05:00:00Z,1900-01-01T00:00:00Z,2026-12-02T00:00:00Z,2026-12-01T18:00:00Z,2026-12-01T19:00:00Z,Tue,12,7,Week 7,false,,,,,Xfinity Mobile Arena,PA,Philadelphia,N,,,False,1610612755,76ers,Philadelphia,PHI,sixers,0,0,0,0,1610612763,Grizzlies,Memphis,MEM,grizzlies,0,0,0,0,,,,,,,,,,,,,,,,,,,,,,,,,,,,,,,,,,natl,radio,1001098,SiriusXM,SiriusXM,,,https://www.siriusxm.com/sports/nba,-1,,,,,,,,,,,,,,,,,,,,,,,,,,,,,,,,,,,,,,,,,,,,,,,,,,,,,,,,,,,,,,,,,,,,
00,2026-27,12/01/2026 00:00:00,0022600321,20261201/ATLMIA,1,7:30 pm ET,3,2026-12-01T00:00:00Z,1900-01-01T19:30:00Z,2026-12-01T19:30:00Z,2026-12-01T05:00:00Z,1900-01-01T00:30:00Z,2026-12-02T00:30:00Z,2026-12-01T19:30:00Z,2026-12-01T19:30:00Z,Tue,12,7,Week 7,false,,,,,Kaseya Center,FL,Miami,N,,,False,1610612748,Heat,Miami,MIA,heat,0,0,0,0,1610612737,Hawks,Atlanta,ATL,hawks,0,0,0,0,,,,,,,,,,,,,,,,,,,,,,,,,,,,,,,,,,natl,radio,1001098,SiriusXM,SiriusXM,,,https://www.siriusxm.com/sports/nba,-1,,,,,,,,,,,,,,home,tv,1001720.0,WPLG Local 10,WPLG,,,https://local10plusplatinum.maz.tv/open?deeplink=local10platinum://item/3776211-3882966?item=44d4cc7fbb9f4bd72cf272489b39eadf-3742525-3848761,1610612748.0,,,,,,,,,,,,,,home,radio,1001523.0,FM 104.3 WQAM / S: WAQI 710,WQAM-FM/WAQI,,,,1610612748.0,,,,,,,,,,,,,,,,,,,,,,,,
00,2026-27,12/01/2026 00:00:00,0022600322,20261201/NYKCHI,1,8:00 pm ET,4,2026-12-01T00:00:00Z,1900-01-01T20:00:00Z,2026-12-01T20:00:00Z,2026-12-01T05:00:00Z,1900-01-01T01:00:00Z,2026-12-02T01:00:00Z,2026-12-01T20:00:00Z,2026-12-01T19:00:00Z,Tue,12,7,Week 7,false,,,,,United Center,IL,Chicago,N,,,False,1610612741,Bulls,Chicago,CHI,bulls,0,0,0,0,1610612752,Knicks,New York,NYK,knicks,0,0,0,0,natl,tv,1001452.0,NBC,NBC,,,,-1.0,5.0,East,natl,tv,1001453.0,Peacock,Peacock,,,https://www.peacocktv.com/sports/nba?cid=2508sptnbaexterndinapplk26427&utm_campaign=2508sptnba&utm_source=nba_nba_nba&utm_medium=ernd_inapplk_acq_inapbnr&utm_term=nbafans&utm_content=nbaapplinks,-1.0,3.0,,,,,,,,,,,,,natl,radio,1001098,SiriusXM,SiriusXM,,,https://www.siriusxm.com/sports/nba,-1,,,,,,,,,,,,,,,,,,,,,,,,,,,,,,,,,,,,,,,,,,,,,,,,,,,,,,,,,,,,,,,,,,,,
00,2026-27,12/01/2026 00:00:00,0022600323,20261201/TORHOU,1,8:30 pm ET,5,2026-12-01T00:00:00Z,1900-01-01T20:30:00Z,2026-12-01T20:30:00Z,2026-12-01T05:00:00Z,1900-01-01T01:30:00Z,2026-12-02T01:30:00Z,2026-12-01T20:30:00Z,2026-12-01T19:30:00Z,Tue,12,7,Week 7,false,,,,,Toyota Center,TX,Houston,N,,,False,1610612745,Rockets,Houston,HOU,rockets,0,0,0,0,1610612761,Raptors,Toronto,TOR,raptors,0,0,0,0,,,,,,,,,,,,,,,,,,,,,,,,,,,,,,,,,,natl,radio,1001098,SiriusXM,SiriusXM,,,https://www.siriusxm.com/sports/nba,-1,,,,,,,,,,,,,,,,,,,,,,,,,,,,,,,,,,,,,,,,,,,,,,,,,,,,,,,,,,,,,,,,,,,,
00,2026-27,12/01/2026 00:00:00,0022600324,20261201/LACPHX,1,9:00 pm ET,6,2026-12-01T00:00:00Z,1900-01-01T21:00:00Z,2026-12-01T21:00:00Z,2026-12-01T05:00:00Z,1900-01-01T02:00:00Z,2026-12-02T02:00:00Z,2026-12-01T18:00:00Z,2026-12-01T19:00:00Z,Tue,12,7,Week 7,false,,,,,Mortgage Matchup Center,AZ,Phoenix,N,,,False,1610612756,Suns,Phoenix,PHX,suns,0,0,0,0,1610612746,Clippers,LA,LAC,clippers,0,0,0,0,,,,,,,,,,,,,,,,,,,,,,,,,,,,,,,,,,natl,radio,1001098,SiriusXM,SiriusXM,,,https://www.siriusxm.com/sports/nba,-1,,,,,,,,,,,,,,,,,,,,,,,,,,,,,,,,,,,,,,,,,,,,,,,,,,,,,,,,,,,,,,,,,,,,
00,2026-27,12/01/2026 00:00:00,0022600325,20261201/MINPOR,1,10:00 pm ET,7,2026-12-01T00:00:00Z,1900-01-01T22:00:00Z,2026-12-01T22:00:00Z,2026-12-01T05:00:00Z,1900-01-01T03:00:00Z,2026-12-02T03:00:00Z,2026-12-01T21:00:00Z,2026-12-01T19:00:00Z,Tue,12,7,Week 7,false,,,,,Moda Center,OR,Portland,N,,,False,1610612757,Trail Blazers,Portland,POR,blazers,0,0,0,0,1610612750,Timberwolves,Minnesota,MIN,timberwolves,0,0,0,0,,,,,,,,,,,,,,,,,,,,,,,,,,,,,,,,,,natl,radio,1001098,SiriusXM,SiriusXM,,,https://www.siriusxm.com/sports/nba,-1,,,,,,,,,,,,,,home,tv,1001196.0,KUNP,KUNP,,,,1610612757.0,,,,,,,,,,,,,,home,radio,1472.0,Rip City Radio 620,KPOJ,,,,1610612757.0,,,,,,,,,,,,,,,,,,,,,,,,
00,2026-27,12/01/2026 00:00:00,0022600326,20261201/UTAGSW,1,11:00 pm ET,8,2026-12-01T00:00:00Z,1900-01-01T23:00:00Z,2026-12-01T23:00:00Z,2026-12-01T05:00:00Z,1900-01-01T04:00:00Z,2026-12-02T04:00:00Z,2026-12-01T21:00:00Z,2026-12-01T20:00:00Z,Tue,12,7,Week 7,false,,,,,Chase Center,CA,San Francisco,N,,,False,1610612744,Warriors,Golden State,GSW,warriors,0,0,0,0,1610612762,Jazz,Utah,UTA,jazz,0,0,0,0,natl,tv,1001452.0,NBC,NBC,,,,-1.0,5.0,West,natl,tv,1001453.0,Peacock,Peacock,,,https://www.peacocktv.com/sports/nba?cid=2508sptnbaexterndinapplk26427&utm_campaign=2508sptnba&utm_source=nba_nba_nba&utm_medium=ernd_inapplk_acq_inapbnr&utm_term=nbafans&utm_content=nbaapplinks,-1.0,3.0,,,,,,,,,,,,,natl,radio,1001098,SiriusXM,SiriusXM,,,https://www.siriusxm.com/sports/nba,-1,,,,,,,,,,,,,,home,tv,1097.0,NBCSBA,NBCSBA,,,,1610612744.0,,,,,,,,,,,,,,,,,,,,,,,,,,,,,,,,,,,,,,,,,,,,,,
00,2026-27,12/02/2026 00:00:00,0022600327,20261202/MEMDET,1,7:00 pm ET,1,2026-12-02T00:00:00Z,1900-01-01T19:00:00Z,2026-12-02T19:00:00Z,2026-12-02T05:00:00Z,1900-01-01T00:00:00Z,2026-12-03T00:00:00Z,2026-12-02T18:00:00Z,2026-12-02T19:00:00Z,Wed,12,7,Week 7,false,,,,,Little Caesars Arena,MI,Detroit,N,,,False,1610612765,Pistons,Detroit,DET,pistons,0,0,0,0,1610612763,Grizzlies,Memphis,MEM,grizzlies,0,0,0,0,,,,,,,,,,,,,,,,,,,,,,,,,,,,,,,,,,natl,radio,1001098,SiriusXM,SiriusXM,,,https://www.siriusxm.com/sports/nba,-1,,,,,,,,,,,,,,,,,,,,,,,,,,,,,,,,,,,,,,,,,,,,,,,,,,,,,,,,,,,,,,,,,,,,
00,2026-27,12/02/2026 00:00:00,0022600328,20261202/DENPHI,1,7:00 pm ET,2,2026-12-02T00:00:00Z,1900-01-01T19:00:00Z,2026-12-02T19:00:00Z,2026-12-02T05:00:00Z,1900-01-01T00:00:00Z,2026-12-03T00:00:00Z,2026-12-02T17:00:00Z,2026-12-02T19:00:00Z,Wed,12,7,Week 7,false,,,,,Xfinity Mobile Arena,PA,Philadelphia,N,,,False,1610612755,76ers,Philadelphia,PHI,sixers,0,0,0,0,1610612743,Nuggets,Denver,DEN,nuggets,0,0,0,0,natl,tv,7.0,NBA TV,NBA TV,Watch with League Pass or your TV subscription,,,-1.0,,,,,,,,,,,,,,,,,,,,,,,,,natl,radio,1001098,SiriusXM,SiriusXM,,,https://www.siriusxm.com/sports/nba,-1,,,,,,,,,,,,,,,,,,,,,,,,,,,,,,,,,,,,,,,,,,,,,,,,,,,,,,,,,,,,,,,,,,,,
00,2026-27,12/02/2026 00:00:00,0022600329,20261202/CHABOS,1,7:30 pm ET,3,2026-12-02T00:00:00Z,1900-01-01T19:30:00Z,2026-12-02T19:30:00Z,2026-12-02T05:00:00Z,1900-01-01T00:30:00Z,2026-12-03T00:30:00Z,2026-12-02T19:30:00Z,2026-12-02T19:30:00Z,Wed,12,7,Week 7,false,,,,,TD Garden,MA,Boston,N,,,False,1610612738,Celtics,Boston,BOS,celtics,0,0,0,0,1610612766,Hornets,Charlotte,CHA,hornets,0,0,0,0,,,,,,,,,,,,,,,,,,,,,,,,,,,,,,,,,,natl,radio,1001098,SiriusXM,SiriusXM,,,https://www.siriusxm.com/sports/nba,-1,,,,,,,,,,,,,,home,tv,1658.0,NBC SPORTS BOSTON,NBCSB,,,,1610612738.0,,,,,,,,,,,,,,,,,,,,,,,,,,,,,,,,,,,,,,,,,,,,,,
00,2026-27,12/02/2026 00:00:00,0022600330,20261202/ORLDAL,1,8:00 pm ET,4,2026-12-02T00:00:00Z,1900-01-01T20:00:00Z,2026-12-02T20:00:00Z,2026-12-02T05:00:00Z,1900-01-01T01:00:00Z,2026-12-03T01:00:00Z,2026-12-02T20:00:00Z,2026-12-02T19:00:00Z,Wed,12,7,Week 7,false,,,,,American Airlines Center,TX,Dallas,N,,,False,1610612742,Mavericks,Dallas,DAL,mavericks,0,0,0,0,1610612753,Magic,Orlando,ORL,magic,0,0,0,0,,,,,,,,,,,,,,,,,,,,,,,,,,,,,,,,,,natl,radio,1001098,SiriusXM,SiriusXM,,,https://www.siriusxm.com/sports/nba,-1,,,,,,,,,,,,,,,,,,,,,,,,,,,,,,,,,,,,,,,,,,,,,,,,,,,,,,,,,,,,,,,,,,,,
00,2026-27,12/02/2026 00:00:00,0022600331,20261202/NYKMIL,1,8:00 pm ET,5,2026-12-02T00:00:00Z,1900-01-01T20:00:00Z,2026-12-02T20:00:00Z,2026-12-02T05:00:00Z,1900-01-01T01:00:00Z,2026-12-03T01:00:00Z,2026-12-02T20:00:00Z,2026-12-02T19:00:00Z,Wed,12,7,Week 7,false,,,,,Fiserv Forum,WI,Milwaukee,N,,,False,1610612749,Bucks,Milwaukee,MIL,bucks,0,0,0,0,1610612752,Knicks,New York,NYK,knicks,0,0,0,0,,,,,,,,,,,,,,,,,,,,,,,,,,,,,,,,,,natl,radio,1001098,SiriusXM,SiriusXM,,,https://www.siriusxm.com/sports/nba,-1,,,,,,,,,,,,,,,,,,,,,,,,,,,,,,,,,,,,,,,,,,,,,,,,,,,,,,,,,,,,,,,,,,,,
00,2026-27,12/02/2026 00:00:00,0022600332,20261202/LALNOP,1,8:00 pm ET,6,2026-12-02T00:00:00Z,1900-01-01T20:00:00Z,2026-12-02T20:00:00Z,2026-12-02T05:00:00Z,1900-01-01T01:00:00Z,2026-12-03T01:00:00Z,2026-12-02T17:00:00Z,2026-12-02T19:00:00Z,Wed,12,7,Week 7,false,,,,,Smoothie King Center,LA,New Orleans,N,,,False,1610612740,Pelicans,New Orleans,NOP,pelicans,0,0,0,0,1610612747,Lakers,Los Angeles,LAL,lakers,0,0,0,0,,,,,,,,,,,,,,,,,,,,,,,,,,,,,,,,,,natl,radio,1001098,SiriusXM,SiriusXM,,,https://www.siriusxm.com/sports/nba,-1,,,,,,,,,,,,,,,,,,,,,,,,,,,,,,,,,,,,,,,,,,,,,,,away,tv,1651.0,Spectrum SportsNet,SPECSN,,,,1610612747.0,,,away,radio,1001605.0,ESPN LA 710/980 KFWB,KSPN/KFWB,,,,1610612747.0,,
00,2026-27,12/02/2026 00:00:00,0022600333,20261202/BKNOKC,1,8:00 pm ET,7,2026-12-02T00:00:00Z,1900-01-01T20:00:00Z,2026-12-02T20:00:00Z,2026-12-02T05:00:00Z,1900-01-01T01:00:00Z,2026-12-03T01:00:00Z,2026-12-02T20:00:00Z,2026-12-02T19:00:00Z,Wed,12,7,Week 7,false,,,,,Paycom Center,OK,Oklahoma City,N,,,False,1610612760,Thunder,Oklahoma City,OKC,thunder,0,0,0,0,1610612751,Nets,Brooklyn,BKN,nets,0,0,0,0,,,,,,,,,,,,,,,,,,,,,,,,,,,,,,,,,,natl,radio,1001098,SiriusXM,SiriusXM,,,https://www.siriusxm.com/sports/nba,-1,,,,,,,,,,,,,,,,,,,,,,,,,,,,,,,,,,,,,,,,,,,,,,,away,tv,175.0,DAZN (YES),YES,,,,1610612751.0,,,,,,,,,,,,,
00,2026-27,12/02/2026 00:00:00,0022600334,20261202/SACPHX,1,9:00 pm ET,8,2026-12-02T00:00:00Z,1900-01-01T21:00:00Z,2026-12-02T21:00:00Z,2026-12-02T05:00:00Z,1900-01-01T02:00:00Z,2026-12-03T02:00:00Z,2026-12-02T18:00:00Z,2026-12-02T19:00:00Z,Wed,12,7,Week 7,false,,,,,Mortgage Matchup Center,AZ,Phoenix,N,,,False,1610612756,Suns,Phoenix,PHX,suns,0,0,0,0,1610612758,Kings,Sacramento,SAC,kings,0,0,0,0,,,,,,,,,,,,,,,,,,,,,,,,,,,,,,,,,,natl,radio,1001098,SiriusXM,SiriusXM,,,https://www.siriusxm.com/sports/nba,-1,,,,,,,,,,,,,,,,,,,,,,,,,,,,,,,,,,,,,,,,,,,,,,,away,tv,1027.0,NBCSCA,NBCSCA,,,,1610612758.0,,,,,,,,,,,,,
00,2026-27,12/02/2026 00:00:00,0022600335,20261202/MINLAC,1,10:30 pm ET,9,2026-12-02T00:00:00Z,1900-01-01T22:30:00Z,2026-12-02T22:30:00Z,2026-12-02T05:00:00Z,1900-01-01T03:30:00Z,2026-12-03T03:30:00Z,2026-12-02T21:30:00Z,2026-12-02T19:30:00Z,Wed,12,7,Week 7,false,,,,,Intuit Dome,CA,Inglewood,N,,,False,1610612746,Clippers,LA,LAC,clippers,0,0,0,0,1610612750,Timberwolves,Minnesota,MIN,timberwolves,0,0,0,0,natl,tv,7.0,NBA TV,NBA TV,Watch with League Pass or your TV subscription,,,-1.0,,,,,,,,,,,,,,,,,,,,,,,,,natl,radio,1001098,SiriusXM,SiriusXM,,,https://www.siriusxm.com/sports/nba,-1,,,,,,,,,,,,,,,,,,,,,,,,,,,,,,,,,,,,,,,,,,,,,,,,,,,,,,,,,,,,,,,,,,,,
00,2026-27,12/03/2026 00:00:00,0022600336,20261203/INDATL,1,7:00 pm ET,1,2026-12-03T00:00:00Z,1900-01-01T19:00:00Z,2026-12-03T19:00:00Z,2026-12-03T05:00:00Z,1900-01-01T00:00:00Z,2026-12-04T00:00:00Z,2026-12-03T19:00:00Z,2026-12-03T19:00:00Z,Thu,12,7,Week 7,false,,,,,State Farm Arena,GA,Atlanta,N,,,False,1610612737,Hawks,Atlanta,ATL,hawks,0,0,0,0,1610612754,Pacers,Indiana,IND,pacers,0,0,0,0,,,,,,,,,,,,,,,,,,,,,,,,,,,,,,,,,,natl,radio,1001098,SiriusXM,SiriusXM,,,https://www.siriusxm.com/sports/nba,-1,,,,,,,,,,,,,,,,,,,,,,,,,,,,,,,,,,,,,,,,,,,,,,,,,,,,,,,,,,,,,,,,,,,,
00,2026-27,12/03/2026 00:00:00,0022600337,20261203/WASMIA,1,7:30 pm ET,2,2026-12-03T00:00:00Z,1900-01-01T19:30:00Z,2026-12-03T19:30:00Z,2026-12-03T05:00:00Z,1900-01-01T00:30:00Z,2026-12-04T00:30:00Z,2026-12-03T19:30:00Z,2026-12-03T19:30:00Z,Thu,12,7,Week 7,false,,,,,Kaseya Center,FL,Miami,N,,,False,1610612748,Heat,Miami,MIA,heat,0,0,0,0,1610612764,Wizards,Washington,WAS,wizards,0,0,0,0,,,,,,,,,,,,,,,,,,,,,,,,,,,,,,,,,,natl,radio,1001098,SiriusXM,SiriusXM,,,https://www.siriusxm.com/sports/nba,-1,,,,,,,,,,,,,,home,tv,1001720.0,WPLG Local 10,WPLG,,,https://local10plusplatinum.maz.tv/open?deeplink=local10platinum://item/3776211-3882966?item=44d4cc7fbb9f4bd72cf272489b39eadf-3742525-3848761,1610612748.0,,,,,,,,,,,,,,home,radio,1001523.0,FM 104.3 WQAM / S: WAQI 710,WQAM-FM/WAQI,,,,1610612748.0,,,,,,,,,,,,,,,,,,,,,,,,
00,2026-27,12/03/2026 00:00:00,0022600338,20261203/CLECHI,1,8:00 pm ET,3,2026-12-03T00:00:00Z,1900-01-01T20:00:00Z,2026-12-03T20:00:00Z,2026-12-03T05:00:00Z,1900-01-01T01:00:00Z,2026-12-04T01:00:00Z,2026-12-03T20:00:00Z,2026-12-03T19:00:00Z,Thu,12,7,Week 7,false,,,,,United Center,IL,Chicago,N,,,False,1610612741,Bulls,Chicago,CHI,bulls,0,0,0,0,1610612739,Cavaliers,Cleveland,CLE,cavaliers,0,0,0,0,natl,tv,7.0,NBA TV,NBA TV,Watch with League Pass or your TV subscription,,,-1.0,,,,,,,,,,,,,,,,,,,,,,,,,natl,radio,1001098,SiriusXM,SiriusXM,,,https://www.siriusxm.com/sports/nba,-1,,,,,,,,,,,,,,,,,,,,,,,,,,,,,,,,,,,,,,,,,,,,,,,,,,,,,,,,,,,,,,,,,,,,
00,2026-27,12/03/2026 00:00:00,0022600339,20261203/TORSAS,1,8:00 pm ET,4,2026-12-03T00:00:00Z,1900-01-01T20:00:00Z,2026-12-03T20:00:00Z,2026-12-03T05:00:00Z,1900-01-01T01:00:00Z,2026-12-04T01:00:00Z,2026-12-03T20:00:00Z,2026-12-03T19:00:00Z,Thu,12,7,Week 7,false,,,,,Frost Bank Center,TX,San Antonio,N,,,False,1610612759,Spurs,San Antonio,SAS,spurs,0,0,0,0,1610612761,Raptors,Toronto,TOR,raptors,0,0,0,0,,,,,,,,,,,,,,,,,,,,,,,,,,,,,,,,,,natl,radio,1001098,SiriusXM,SiriusXM,,,https://www.siriusxm.com/sports/nba,-1,,,,,,,,,,,,,,,,,,,,,,,,,,,,,,,,,,,,,,,,,,,,,,,,,,,,,,,,,,,,,,,,,,,,
00,2026-27,12/03/2026 00:00:00,0022600340,20261203/UTAPOR,1,10:00 pm ET,5,2026-12-03T00:00:00Z,1900-01-01T22:00:00Z,2026-12-03T22:00:00Z,2026-12-03T05:00:00Z,1900-01-01T03:00:00Z,2026-12-04T03:00:00Z,2026-12-03T20:00:00Z,2026-12-03T19:00:00Z,Thu,12,7,Week 7,false,,,,,Moda Center,OR,Portland,N,,,False,1610612757,Trail Blazers,Portland,POR,blazers,0,0,0,0,1610612762,Jazz,Utah,UTA,jazz,0,0,0,0,,,,,,,,,,,,,,,,,,,,,,,,,,,,,,,,,,natl,radio,1001098,SiriusXM,SiriusXM,,,https://www.siriusxm.com/sports/nba,-1,,,,,,,,,,,,,,home,tv,1001196.0,KUNP,KUNP,,,,1610612757.0,,,,,,,,,,,,,,home,radio,1472.0,Rip City Radio 620,KPOJ,,,,1610612757.0,,,,,,,,,,,,,,,,,,,,,,,,
00,2026-27,12/04/2026 00:00:00,0022601201,,1,TBD,1,2026-12-04T00:00:00Z,0001-01-01T00:00:00Z,2026-12-04T00:00:00Z,2026-12-04T05:00:00Z,1900-01-01T05:00:00Z,2026-12-04T05:00:00Z,0001-01-01T00:00:00Z,0001-01-01T00:00:00Z,Fri,12,7,Week 7,false,,Emirates NBA Cup,Quarterfinal,Date subject to change,,,,N,,in-season-knockout,False,0,,,,,0,0,0,0,0,,,,,0,0,0,0,natl,tv,1000664.0,Prime Video,Amazon,,,https://www.amazon.com/gp/video/tournament/amzn1.dv.icid.cf75b42a-68cd-4a1c-993a-a0b3f0575c5f?jic=20%7CCgZTcG9ydHMSA2FsbA%3D%3D&ref_=atv_hm_spo_c_7a7vxF_4_6,-1.0,4.0,,,,,,,,,,,,,,,,,,,,,,,,natl,radio,1001098,SiriusXM,SiriusXM,,,https://www.siriusxm.com/sports/nba,-1,,,,,,,,,,,,,,,,,,,,,,,,,,,,,,,,,,,,,,,,,,,,,,,,,,,,,,,,,,,,,,,,,,,,
00,2026-27,12/04/2026 00:00:00,0022601202,,1,TBD,2,2026-12-04T00:00:00Z,0001-01-01T00:00:00Z,2026-12-04T00:00:00Z,2026-12-04T05:00:00Z,1900-01-01T05:00:00Z,2026-12-04T05:00:00Z,0001-01-01T00:00:00Z,0001-01-01T00:00:00Z,Fri,12,7,Week 7,false,,Emirates NBA Cup,Quarterfinal,Date subject to change,,,,N,,in-season-knockout,False,0,,,,,0,0,0,0,0,,,,,0,0,0,0,natl,tv,1000664.0,Prime Video,Amazon,,,https://www.amazon.com/gp/video/tournament/amzn1.dv.icid.cf75b42a-68cd-4a1c-993a-a0b3f0575c5f?jic=20%7CCgZTcG9ydHMSA2FsbA%3D%3D&ref_=atv_hm_spo_c_7a7vxF_4_6,-1.0,4.0,,,,,,,,,,,,,,,,,,,,,,,,natl,radio,1001098,SiriusXM,SiriusXM,,,https://www.siriusxm.com/sports/nba,-1,,,,,,,,,,,,,,,,,,,,,,,,,,,,,,,,,,,,,,,,,,,,,,,,,,,,,,,,,,,,,,,,,,,,
00,2026-27,12/05/2026 00:00:00,0022601203,,1,TBD,1,2026-12-05T00:00:00Z,0001-01-01T00:00:00Z,2026-12-05T00:00:00Z,2026-12-05T05:00:00Z,1900-01-01T05:00:00Z,2026-12-05T05:00:00Z,0001-01-01T00:00:00Z,0001-01-01T00:00:00Z,Sat,12,7,Week 7,false,,Emirates NBA Cup,Quarterfinal,Date subject to change,,,,N,,in-season-knockout,False,0,,,,,0,0,0,0,0,,,,,0,0,0,0,natl,tv,1000664.0,Prime Video,Amazon,,,https://www.amazon.com/gp/video/tournament/amzn1.dv.icid.cf75b42a-68cd-4a1c-993a-a0b3f0575c5f?jic=20%7CCgZTcG9ydHMSA2FsbA%3D%3D&ref_=atv_hm_spo_c_7a7vxF_4_6,-1.0,4.0,,,,,,,,,,,,,,,,,,,,,,,,natl,radio,1001098,SiriusXM,SiriusXM,,,https://www.siriusxm.com/sports/nba,-1,,,,,,,,,,,,,,,,,,,,,,,,,,,,,,,,,,,,,,,,,,,,,,,,,,,,,,,,,,,,,,,,,,,,
00,2026-27,12/05/2026 00:00:00,0022601204,,1,TBD,2,2026-12-05T00:00:00Z,0001-01-01T00:00:00Z,2026-12-05T00:00:00Z,2026-12-05T05:00:00Z,1900-01-01T05:00:00Z,2026-12-05T05:00:00Z,0001-01-01T00:00:00Z,0001-01-01T00:00:00Z,Sat,12,7,Week 7,false,,Emirates NBA Cup,Quarterfinal,Date subject to change,,,,N,,in-season-knockout,False,0,,,,,0,0,0,0,0,,,,,0,0,0,0,natl,tv,1000664.0,Prime Video,Amazon,,,https://www.amazon.com/gp/video/tournament/amzn1.dv.icid.cf75b42a-68cd-4a1c-993a-a0b3f0575c5f?jic=20%7CCgZTcG9ydHMSA2FsbA%3D%3D&ref_=atv_hm_spo_c_7a7vxF_4_6,-1.0,4.0,,,,,,,,,,,,,,,,,,,,,,,,natl,radio,1001098,SiriusXM,SiriusXM,,,https://www.siriusxm.com/sports/nba,-1,,,,,,,,,,,,,,,,,,,,,,,,,,,,,,,,,,,,,,,,,,,,,,,,,,,,,,,,,,,,,,,,,,,,
00,2026-27,12/08/2026 00:00:00,0022601229,,1,TBD,1,2026-12-08T00:00:00Z,0001-01-01T00:00:00Z,2026-12-08T00:00:00Z,2026-12-08T05:00:00Z,1900-01-01T05:00:00Z,2026-12-08T05:00:00Z,0001-01-01T00:00:00Z,0001-01-01T00:00:00Z,Tue,12,8,Week 8,false,,Emirates NBA Cup,Semifinal,Date subject to change,,,,N,,in-season-knockout,False,0,,,,,0,0,0,0,0,,,,,0,0,0,0,natl,tv,1000664.0,Prime Video,Amazon,,,https://www.amazon.com/gp/video/tournament/amzn1.dv.icid.cf75b42a-68cd-4a1c-993a-a0b3f0575c5f?jic=20%7CCgZTcG9ydHMSA2FsbA%3D%3D&ref_=atv_hm_spo_c_7a7vxF_4_6,-1.0,4.0,,,,,,,,,,,,,,,,,,,,,,,,natl,radio,3,ESPN Radio,ESPNR,,,,-1,,,natl,radio,1001098.0,SiriusXM,SiriusXM,,,https://www.siriusxm.com/sports/nba,-1.0,,,,,,,,,,,,,,,,,,,,,,,,,,,,,,,,,,,,,,,,,,,,,,,,,,,,,,,,,
00,2026-27,12/08/2026 00:00:00,0022601230,,1,TBD,2,2026-12-08T00:00:00Z,0001-01-01T00:00:00Z,2026-12-08T00:00:00Z,2026-12-08T05:00:00Z,1900-01-01T05:00:00Z,2026-12-08T05:00:00Z,0001-01-01T00:00:00Z,0001-01-01T00:00:00Z,Tue,12,8,Week 8,false,,Emirates NBA Cup,Semifinal,Date subject to change,,,,N,,in-season-knockout,False,0,,,,,0,0,0,0,0,,,,,0,0,0,0,natl,tv,1000664.0,Prime Video,Amazon,,,https://www.amazon.com/gp/video/tournament/amzn1.dv.icid.cf75b42a-68cd-4a1c-993a-a0b3f0575c5f?jic=20%7CCgZTcG9ydHMSA2FsbA%3D%3D&ref_=atv_hm_spo_c_7a7vxF_4_6,-1.0,4.0,,,,,,,,,,,,,,,,,,,,,,,,natl,radio,3,ESPN Radio,ESPNR,,,,-1,,,natl,radio,1001098.0,SiriusXM,SiriusXM,,,https://www.siriusxm.com/sports/nba,-1.0,,,,,,,,,,,,,,,,,,,,,,,,,,,,,,,,,,,,,,,,,,,,,,,,,,,,,,,,,
00,2026-27,12/11/2026 00:00:00,0062600001,,1,TBD,1,2026-12-11T00:00:00Z,0001-01-01T00:00:00Z,2026-12-11T00:00:00Z,2026-12-11T05:00:00Z,1900-01-01T05:00:00Z,2026-12-11T05:00:00Z,0001-01-01T00:00:00Z,0001-01-01T00:00:00Z,Fri,12,8,Week 8,false,,Emirates NBA Cup,Championship,Neutral Site,Hinkle Fieldhouse,IN,Indianapolis,N,,in-season-knockout,True,0,,,,,0,0,0,0,0,,,,,0,0,0,0,natl,tv,1000664.0,Prime Video,Amazon,,,https://www.amazon.com/gp/video/tournament/amzn1.dv.icid.cf75b42a-68cd-4a1c-993a-a0b3f0575c5f?jic=20%7CCgZTcG9ydHMSA2FsbA%3D%3D&ref_=atv_hm_spo_c_7a7vxF_4_6,-1.0,4.0,,,,,,,,,,,,,,,,,,,,,,,,natl,radio,3,ESPN Radio,ESPNR,,,,-1,,,natl,radio,1001098.0,SiriusXM,SiriusXM,,,https://www.siriusxm.com/sports/nba,-1.0,,,,,,,,,,,,,,,,,,,,,,,,,,,,,,,,,,,,,,,,,,,,,,,,,,,,,,,,,
00,2026-27,12/12/2026 00:00:00,0022600341,20261212/MILMEM,1,5:00 pm ET,1,2026-12-12T00:00:00Z,1900-01-01T17:00:00Z,2026-12-12T17:00:00Z,2026-12-12T05:00:00Z,1900-01-01T22:00:00Z,2026-12-12T22:00:00Z,2026-12-12T16:00:00Z,2026-12-12T16:00:00Z,Sat,12,8,Week 8,false,,,,,FedExForum,TN,Memphis,N,,,False,1610612763,Grizzlies,Memphis,MEM,grizzlies,0,0,0,0,1610612749,Bucks,Milwaukee,MIL,bucks,0,0,0,0,natl,tv,7.0,NBA TV,NBA TV,Watch with League Pass or your TV subscription,,,-1.0,,,,,,,,,,,,,,,,,,,,,,,,,natl,radio,1001098,SiriusXM,SiriusXM,,,https://www.siriusxm.com/sports/nba,-1,,,,,,,,,,,,,,,,,,,,,,,,,,,,,,,,,,,,,,,,,,,,,,,,,,,,,,,,,,,,,,,,,,,,
00,2026-27,12/12/2026 00:00:00,0022600342,20261212/CHAWAS,1,7:00 pm ET,2,2026-12-12T00:00:00Z,1900-01-01T19:00:00Z,2026-12-12T19:00:00Z,2026-12-12T05:00:00Z,1900-01-01T00:00:00Z,2026-12-13T00:00:00Z,2026-12-12T19:00:00Z,2026-12-12T19:00:00Z,Sat,12,8,Week 8,false,,,,,Capital One Arena,DC,Washington,N,,,False,1610612764,Wizards,Washington,WAS,wizards,0,0,0,0,1610612766,Hornets,Charlotte,CHA,hornets,0,0,0,0,,,,,,,,,,,,,,,,,,,,,,,,,,,,,,,,,,natl,radio,1001098,SiriusXM,SiriusXM,,,https://www.siriusxm.com/sports/nba,-1,,,,,,,,,,,,,,,,,,,,,,,,,,,,,,,,,,,,,,,,,,,,,,,,,,,,,,,,,,,,,,,,,,,,
00,2026-27,12/12/2026 00:00:00,0022600343,20261212/ORLPHI,1,7:30 pm ET,3,2026-12-12T00:00:00Z,1900-01-01T19:30:00Z,2026-12-12T19:30:00Z,2026-12-12T05:00:00Z,1900-01-01T00:30:00Z,2026-12-13T00:30:00Z,2026-12-12T19:30:00Z,2026-12-12T19:30:00Z,Sat,12,8,Week 8,false,,,,,Xfinity Mobile Arena,PA,Philadelphia,N,,,False,1610612755,76ers,Philadelphia,PHI,sixers,0,0,0,0,1610612753,Magic,Orlando,ORL,magic,0,0,0,0,,,,,,,,,,,,,,,,,,,,,,,,,,,,,,,,,,natl,radio,1001098,SiriusXM,SiriusXM,,,https://www.siriusxm.com/sports/nba,-1,,,,,,,,,,,,,,,,,,,,,,,,,,,,,,,,,,,,,,,,,,,,,,,,,,,,,,,,,,,,,,,,,,,,
00,2026-27,12/12/2026 00:00:00,0022600344,20261212/GSWCLE,1,8:00 pm ET,4,2026-12-12T00:00:00Z,1900-01-01T20:00:00Z,2026-12-12T20:00:00Z,2026-12-12T05:00:00Z,1900-01-01T01:00:00Z,2026-12-13T01:00:00Z,2026-12-12T17:00:00Z,2026-12-12T20:00:00Z,Sat,12,8,Week 8,false,,,,,Rocket Arena,OH,Cleveland,N,,,False,1610612739,Cavaliers,Cleveland,CLE,cavaliers,0,0,0,0,1610612744,Warriors,Golden State,GSW,warriors,0,0,0,0,,,,,,,,,,,,,,,,,,,,,,,,,,,,,,,,,,natl,radio,1001098,SiriusXM,SiriusXM,,,https://www.siriusxm.com/sports/nba,-1,,,,,,,,,,,,,,,,,,,,,,,,,,,,,,,,,,,,,,,,,,,,,,,away,tv,1097.0,NBCSBA,NBCSBA,,,,1610612744.0,,,,,,,,,,,,,
00,2026-27,12/12/2026 00:00:00,0022600345,20261212/NYKMIA,1,8:30 pm ET,5,2026-12-12T00:00:00Z,1900-01-01T20:30:00Z,2026-12-12T20:30:00Z,2026-12-12T05:00:00Z,1900-01-01T01:30:00Z,2026-12-13T01:30:00Z,2026-12-12T20:30:00Z,2026-12-12T20:30:00Z,Sat,12,8,Week 8,false,,,,,Kaseya Center,FL,Miami,N,,,False,1610612748,Heat,Miami,MIA,heat,0,0,0,0,1610612752,Knicks,New York,NYK,knicks,0,0,0,0,natl,tv,1.0,ABC,ABC,,,,-1.0,1.0,,,,,,,,,,,,,,,,,,,,,,,,natl,radio,1001098,SiriusXM,SiriusXM,,,https://www.siriusxm.com/sports/nba,-1,,,,,,,,,,,,,,,,,,,,,,,,,,,,,,,,,,,,home,radio,1001523.0,FM 104.3 WQAM / S: WAQI 710,WQAM-FM/WAQI,,,,1610612748.0,,,,,,,,,,,,,,,,,,,,,,,,
00,2026-27,12/12/2026 00:00:00,0022600346,20261212/MINPHX,1,9:00 pm ET,6,2026-12-12T00:00:00Z,1900-01-01T21:00:00Z,2026-12-12T21:00:00Z,2026-12-12T05:00:00Z,1900-01-01T02:00:00Z,2026-12-13T02:00:00Z,2026-12-12T20:00:00Z,2026-12-12T19:00:00Z,Sat,12,8,Week 8,false,,,,,Mortgage Matchup Center,AZ,Phoenix,N,,,False,1610612756,Suns,Phoenix,PHX,suns,0,0,0,0,1610612750,Timberwolves,Minnesota,MIN,timberwolves,0,0,0,0,,,,,,,,,,,,,,,,,,,,,,,,,,,,,,,,,,natl,radio,1001098,SiriusXM,SiriusXM,,,https://www.siriusxm.com/sports/nba,-1,,,,,,,,,,,,,,,,,,,,,,,,,,,,,,,,,,,,,,,,,,,,,,,,,,,,,,,,,,,,,,,,,,,,
00,2026-27,12/12/2026 00:00:00,0022600347,20261212/DENUTA,1,9:30 pm ET,7,2026-12-12T00:00:00Z,1900-01-01T21:30:00Z,2026-12-12T21:30:00Z,2026-12-12T05:00:00Z,1900-01-01T02:30:00Z,2026-12-13T02:30:00Z,2026-12-12T19:30:00Z,2026-12-12T19:30:00Z,Sat,12,8,Week 8,false,,,,,Delta Center,UT,Salt Lake City,N,,,False,1610612762,Jazz,Utah,UTA,jazz,0,0,0,0,1610612743,Nuggets,Denver,DEN,nuggets,0,0,0,0,,,,,,,,,,,,,,,,,,,,,,,,,,,,,,,,,,natl,radio,1001098,SiriusXM,SiriusXM,,,https://www.siriusxm.com/sports/nba,-1,,,,,,,,,,,,,,,,,,,,,,,,,,,,,,,,,,,,,,,,,,,,,,,,,,,,,,,,,,,,,,,,,,,,
00,2026-27,12/12/2026 00:00:00,0022600348,20261212/ATLPOR,1,10:00 pm ET,8,2026-12-12T00:00:00Z,1900-01-01T22:00:00Z,2026-12-12T22:00:00Z,2026-12-12T05:00:00Z,1900-01-01T03:00:00Z,2026-12-13T03:00:00Z,2026-12-12T22:00:00Z,2026-12-12T19:00:00Z,Sat,12,8,Week 8,false,,,,,Moda Center,OR,Portland,N,,,False,1610612757,Trail Blazers,Portland,POR,blazers,0,0,0,0,1610612737,Hawks,Atlanta,ATL,hawks,0,0,0,0,,,,,,,,,,,,,,,,,,,,,,,,,,,,,,,,,,natl,radio,1001098,SiriusXM,SiriusXM,,,https://www.siriusxm.com/sports/nba,-1,,,,,,,,,,,,,,home,tv,1001196.0,KUNP,KUNP,,,,1610612757.0,,,,,,,,,,,,,,home,radio,1472.0,Rip City Radio 620,KPOJ,,,,1610612757.0,,,,,,,,,,,,,,,,,,,,,,,,
00,2026-27,12/13/2026 00:00:00,0022600349,20261213/BOSBKN,1,3:00 pm ET,1,2026-12-13T00:00:00Z,1900-01-01T15:00:00Z,2026-12-13T15:00:00Z,2026-12-13T05:00:00Z,1900-01-01T20:00:00Z,2026-12-13T20:00:00Z,2026-12-13T15:00:00Z,2026-12-13T15:00:00Z,Sun,12,8,Week 8,false,,,,,Barclays Center,NY,Brooklyn,N,,,False,1610612751,Nets,Brooklyn,BKN,nets,0,0,0,0,1610612738,Celtics,Boston,BOS,celtics,0,0,0,0,,,,,,,,,,,,,,,,,,,,,,,,,,,,,,,,,,natl,radio,1001098,SiriusXM,SiriusXM,,,https://www.siriusxm.com/sports/nba,-1,,,,,,,,,,,,,,home,tv,175.0,DAZN (YES),YES,,,,1610612751.0,,,,,,,,,,,,,,,,,,,,,,,,,away,tv,1658.0,NBC SPORTS BOSTON,NBCSB,,,,1610612738.0,,,,,,,,,,,,,
00,2026-27,12/13/2026 00:00:00,0022600350,20261213/TOROKC,1,3:30 pm ET,2,2026-12-13T00:00:00Z,1900-01-01T15:30:00Z,2026-12-13T15:30:00Z,2026-12-13T05:00:00Z,1900-01-01T20:30:00Z,2026-12-13T20:30:00Z,2026-12-13T15:30:00Z,2026-12-13T14:30:00Z,Sun,12,8,Week 8,false,,,,,Paycom Center,OK,Oklahoma City,N,,,False,1610612760,Thunder,Oklahoma City,OKC,thunder,0,0,0,0,1610612761,Raptors,Toronto,TOR,raptors,0,0,0,0,,,,,,,,,,,,,,,,,,,,,,,,,,,,,,,,,,natl,radio,1001098,SiriusXM,SiriusXM,,,https://www.siriusxm.com/sports/nba,-1,,,,,,,,,,,,,,,,,,,,,,,,,,,,,,,,,,,,,,,,,,,,,,,,,,,,,,,,,,,,,,,,,,,,
00,2026-27,12/13/2026 00:00:00,0022600351,20261213/DETIND,1,5:00 pm ET,3,2026-12-13T00:00:00Z,1900-01-01T17:00:00Z,2026-12-13T17:00:00Z,2026-12-13T05:00:00Z,1900-01-01T22:00:00Z,2026-12-13T22:00:00Z,2026-12-13T17:00:00Z,2026-12-13T17:00:00Z,Sun,12,8,Week 8,false,,,,,Gainbridge Fieldhouse,IN,Indianapolis,N,,,False,1610612754,Pacers,Indiana,IND,pacers,0,0,0,0,1610612765,Pistons,Detroit,DET,pistons,0,0,0,0,,,,,,,,,,,,,,,,,,,,,,,,,,,,,,,,,,natl,radio,1001098,SiriusXM,SiriusXM,,,https://www.siriusxm.com/sports/nba,-1,,,,,,,,,,,,,,,,,,,,,,,,,,,,,,,,,,,,,,,,,,,,,,,,,,,,,,,,,,,,,,,,,,,,
00,2026-27,12/13/2026 00:00:00,0022600352,20261213/HOUCHI,1,6:00 pm ET,4,2026-12-13T00:00:00Z,1900-01-01T18:00:00Z,2026-12-13T18:00:00Z,2026-12-13T05:00:00Z,1900-01-01T23:00:00Z,2026-12-13T23:00:00Z,2026-12-13T17:00:00Z,2026-12-13T17:00:00Z,Sun,12,8,Week 8,false,,,,,United Center,IL,Chicago,N,,,False,1610612741,Bulls,Chicago,CHI,bulls,0,0,0,0,1610612745,Rockets,Houston,HOU,rockets,0,0,0,0,,,,,,,,,,,,,,,,,,,,,,,,,,,,,,,,,,natl,radio,1001098,SiriusXM,SiriusXM,,,https://www.siriusxm.com/sports/nba,-1,,,,,,,,,,,,,,,,,,,,,,,,,,,,,,,,,,,,,,,,,,,,,,,,,,,,,,,,,,,,,,,,,,,,
00,2026-27,12/13/2026 00:00:00,0022600353,20261213/LACSAS,1,7:00 pm ET,5,2026-12-13T00:00:00Z,1900-01-01T19:00:00Z,2026-12-13T19:00:00Z,2026-12-13T05:00:00Z,1900-01-01T00:00:00Z,2026-12-14T00:00:00Z,2026-12-13T16:00:00Z,2026-12-13T18:00:00Z,Sun,12,8,Week 8,false,,,,,Frost Bank Center,TX,San Antonio,N,,,False,1610612759,Spurs,San Antonio,SAS,spurs,0,0,0,0,1610612746,Clippers,LA,LAC,clippers,0,0,0,0,,,,,,,,,,,,,,,,,,,,,,,,,,,,,,,,,,natl,radio,1001098,SiriusXM,SiriusXM,,,https://www.siriusxm.com/sports/nba,-1,,,,,,,,,,,,,,,,,,,,,,,,,,,,,,,,,,,,,,,,,,,,,,,,,,,,,,,,,,,,,,,,,,,,
00,2026-27,12/13/2026 00:00:00,0022600354,20261213/NOPSAC,1,9:00 pm ET,6,2026-12-13T00:00:00Z,1900-01-01T21:00:00Z,2026-12-13T21:00:00Z,2026-12-13T05:00:00Z,1900-01-01T02:00:00Z,2026-12-14T02:00:00Z,2026-12-13T20:00:00Z,2026-12-13T18:00:00Z,Sun,12,8,Week 8,false,,,,,Golden 1 Center,CA,Sacramento,N,,,False,1610612758,Kings,Sacramento,SAC,kings,0,0,0,0,1610612740,Pelicans,New Orleans,NOP,pelicans,0,0,0,0,,,,,,,,,,,,,,,,,,,,,,,,,,,,,,,,,,natl,radio,1001098,SiriusXM,SiriusXM,,,https://www.siriusxm.com/sports/nba,-1,,,,,,,,,,,,,,home,tv,1027.0,NBCSCA,NBCSCA,,,,1610612758.0,,,,,,,,,,,,,,,,,,,,,,,,,,,,,,,,,,,,,,,,,,,,,,
00,2026-27,12/14/2026 00:00:00,0022600355,20261214/TORCHA,1,7:00 pm ET,1,2026-12-14T00:00:00Z,1900-01-01T19:00:00Z,2026-12-14T19:00:00Z,2026-12-14T05:00:00Z,1900-01-01T00:00:00Z,2026-12-15T00:00:00Z,2026-12-14T19:00:00Z,2026-12-14T19:00:00Z,Mon,12,9,Week 9,false,,,,,Spectrum Center,NC,Charlotte,N,,,False,1610612766,Hornets,Charlotte,CHA,hornets,0,0,0,0,1610612761,Raptors,Toronto,TOR,raptors,0,0,0,0,,,,,,,,,,,,,,,,,,,,,,,,,,,,,,,,,,natl,radio,1001098,SiriusXM,SiriusXM,,,https://www.siriusxm.com/sports/nba,-1,,,,,,,,,,,,,,,,,,,,,,,,,,,,,,,,,,,,,,,,,,,,,,,,,,,,,,,,,,,,,,,,,,,,
00,2026-27,12/14/2026 00:00:00,0022600356,20261214/BKNDET,1,7:00 pm ET,2,2026-12-14T00:00:00Z,1900-01-01T19:00:00Z,2026-12-14T19:00:00Z,2026-12-14T05:00:00Z,1900-01-01T00:00:00Z,2026-12-15T00:00:00Z,2026-12-14T19:00:00Z,2026-12-14T19:00:00Z,Mon,12,9,Week 9,false,,,,,Little Caesars Arena,MI,Detroit,N,,,False,1610612765,Pistons,Detroit,DET,pistons,0,0,0,0,1610612751,Nets,Brooklyn,BKN,nets,0,0,0,0,,,,,,,,,,,,,,,,,,,,,,,,,,,,,,,,,,natl,radio,1001098,SiriusXM,SiriusXM,,,https://www.siriusxm.com/sports/nba,-1,,,,,,,,,,,,,,,,,,,,,,,,,,,,,,,,,,,,,,,,,,,,,,,away,tv,175.0,DAZN (YES),YES,,,,1610612751.0,,,,,,,,,,,,,
00,2026-27,12/14/2026 00:00:00,0022600357,20261214/PHIORL,1,7:00 pm ET,3,2026-12-14T00:00:00Z,1900-01-01T19:00:00Z,2026-12-14T19:00:00Z,2026-12-14T05:00:00Z,1900-01-01T00:00:00Z,2026-12-15T00:00:00Z,2026-12-14T19:00:00Z,2026-12-14T19:00:00Z,Mon,12,9,Week 9,false,,,,,Kia Center,FL,Orlando,N,,,False,1610612753,Magic,Orlando,ORL,magic,0,0,0,0,1610612755,76ers,Philadelphia,PHI,sixers,0,0,0,0,natl,tv,1001453.0,Peacock,Peacock,,,https://www.peacocktv.com/sports/nba?cid=2508sptnbaexterndinapplk26427&utm_campaign=2508sptnba&utm_source=nba_nba_nba&utm_medium=ernd_inapplk_acq_inapbnr&utm_term=nbafans&utm_content=nbaapplinks,-1.0,3.0,,natl,tv,1001488.0,NBC Sports Network,NBCSN,,,,-1.0,7.0,National,,,,,,,,,,,,natl,radio,1001098,SiriusXM,SiriusXM,,,https://www.siriusxm.com/sports/nba,-1,,,,,,,,,,,,,,,,,,,,,,,,,,,,,,,,,,,,,,,,,,,,,,,,,,,,,,,,,,,,,,,,,,,,
00,2026-27,12/14/2026 00:00:00,0022600358,20261214/WASBOS,1,7:30 pm ET,4,2026-12-14T00:00:00Z,1900-01-01T19:30:00Z,2026-12-14T19:30:00Z,2026-12-14T05:00:00Z,1900-01-01T00:30:00Z,2026-12-15T00:30:00Z,2026-12-14T19:30:00Z,2026-12-14T19:30:00Z,Mon,12,9,Week 9,false,,,,,TD Garden,MA,Boston,N,,,False,1610612738,Celtics,Boston,BOS,celtics,0,0,0,0,1610612764,Wizards,Washington,WAS,wizards,0,0,0,0,,,,,,,,,,,,,,,,,,,,,,,,,,,,,,,,,,natl,radio,1001098,SiriusXM,SiriusXM,,,https://www.siriusxm.com/sports/nba,-1,,,,,,,,,,,,,,home,tv,1658.0,NBC SPORTS BOSTON,NBCSB,,,,1610612738.0,,,,,,,,,,,,,,,,,,,,,,,,,,,,,,,,,,,,,,,,,,,,,,
00,2026-27,12/14/2026 00:00:00,0022600359,20261214/MIACHI,1,8:00 pm ET,5,2026-12-14T00:00:00Z,1900-01-01T20:00:00Z,2026-12-14T20:00:00Z,2026-12-14T05:00:00Z,1900-01-01T01:00:00Z,2026-12-15T01:00:00Z,2026-12-14T20:00:00Z,2026-12-14T19:00:00Z,Mon,12,9,Week 9,false,,,,,United Center,IL,Chicago,N,,,False,1610612741,Bulls,Chicago,CHI,bulls,0,0,0,0,1610612748,Heat,Miami,MIA,heat,0,0,0,0,,,,,,,,,,,,,,,,,,,,,,,,,,,,,,,,,,natl,radio,1001098,SiriusXM,SiriusXM,,,https://www.siriusxm.com/sports/nba,-1,,,,,,,,,,,,,,,,,,,,,,,,,,,,,,,,,,,,,,,,,,,,,,,away,tv,1001720.0,WPLG Local 10,WPLG,,,https://local10plusplatinum.maz.tv/open?deeplink=local10platinum://item/3776211-3882966?item=44d4cc7fbb9f4bd72cf272489b39eadf-3742525-3848761,1610612748.0,,,away,radio,1001523.0,FM 104.3 WQAM / S: WAQI 710,WQAM-FM/WAQI,,,,1610612748.0,,
00,2026-27,12/14/2026 00:00:00,0022600360,20261214/MILDAL,1,8:00 pm ET,6,2026-12-14T00:00:00Z,1900-01-01T20:00:00Z,2026-12-14T20:00:00Z,2026-12-14T05:00:00Z,1900-01-01T01:00:00Z,2026-12-15T01:00:00Z,2026-12-14T19:00:00Z,2026-12-14T19:00:00Z,Mon,12,9,Week 9,false,,,,,American Airlines Center,TX,Dallas,N,,,False,1610612742,Mavericks,Dallas,DAL,mavericks,0,0,0,0,1610612749,Bucks,Milwaukee,MIL,bucks,0,0,0,0,,,,,,,,,,,,,,,,,,,,,,,,,,,,,,,,,,natl,radio,1001098,SiriusXM,SiriusXM,,,https://www.siriusxm.com/sports/nba,-1,,,,,,,,,,,,,,,,,,,,,,,,,,,,,,,,,,,,,,,,,,,,,,,,,,,,,,,,,,,,,,,,,,,,
00,2026-27,12/14/2026 00:00:00,0022600361,20261214/GSWMEM,1,8:00 pm ET,7,2026-12-14T00:00:00Z,1900-01-01T20:00:00Z,2026-12-14T20:00:00Z,2026-12-14T05:00:00Z,1900-01-01T01:00:00Z,2026-12-15T01:00:00Z,2026-12-14T17:00:00Z,2026-12-14T19:00:00Z,Mon,12,9,Week 9,false,,,,,FedExForum,TN,Memphis,N,,,False,1610612763,Grizzlies,Memphis,MEM,grizzlies,0,0,0,0,1610612744,Warriors,Golden State,GSW,warriors,0,0,0,0,,,,,,,,,,,,,,,,,,,,,,,,,,,,,,,,,,natl,radio,1001098,SiriusXM,SiriusXM,,,https://www.siriusxm.com/sports/nba,-1,,,,,,,,,,,,,,,,,,,,,,,,,,,,,,,,,,,,,,,,,,,,,,,away,tv,1097.0,NBCSBA,NBCSBA,,,,1610612744.0,,,,,,,,,,,,,
00,2026-27,12/14/2026 00:00:00,0022600362,20261214/NYKHOU,1,8:30 pm ET,8,2026-12-14T00:00:00Z,1900-01-01T20:30:00Z,2026-12-14T20:30:00Z,2026-12-14T05:00:00Z,1900-01-01T01:30:00Z,2026-12-15T01:30:00Z,2026-12-14T20:30:00Z,2026-12-14T19:30:00Z,Mon,12,9,Week 9,false,,,,,Toyota Center,TX,Houston,N,,,False,1610612745,Rockets,Houston,HOU,rockets,0,0,0,0,1610612752,Knicks,New York,NYK,knicks,0,0,0,0,,,,,,,,,,,,,,,,,,,,,,,,,,,,,,,,,,natl,radio,1001098,SiriusXM,SiriusXM,,,https://www.siriusxm.com/sports/nba,-1,,,,,,,,,,,,,,,,,,,,,,,,,,,,,,,,,,,,,,,,,,,,,,,,,,,,,,,,,,,,,,,,,,,,
00,2026-27,12/14/2026 00:00:00,0022600363,20261214/ATLPHX,1,9:00 pm ET,9,2026-12-14T00:00:00Z,1900-01-01T21:00:00Z,2026-12-14T21:00:00Z,2026-12-14T05:00:00Z,1900-01-01T02:00:00Z,2026-12-15T02:00:00Z,2026-12-14T21:00:00Z,2026-12-14T19:00:00Z,Mon,12,9,Week 9,false,,,,,Mortgage Matchup Center,AZ,Phoenix,N,,,False,1610612756,Suns,Phoenix,PHX,suns,0,0,0,0,1610612737,Hawks,Atlanta,ATL,hawks,0,0,0,0,,,,,,,,,,,,,,,,,,,,,,,,,,,,,,,,,,natl,radio,1001098,SiriusXM,SiriusXM,,,https://www.siriusxm.com/sports/nba,-1,,,,,,,,,,,,,,,,,,,,,,,,,,,,,,,,,,,,,,,,,,,,,,,,,,,,,,,,,,,,,,,,,,,,
00,2026-27,12/14/2026 00:00:00,0022600364,20261214/MINUTA,1,9:00 pm ET,10,2026-12-14T00:00:00Z,1900-01-01T21:00:00Z,2026-12-14T21:00:00Z,2026-12-14T05:00:00Z,1900-01-01T02:00:00Z,2026-12-15T02:00:00Z,2026-12-14T20:00:00Z,2026-12-14T19:00:00Z,Mon,12,9,Week 9,false,,,,,Delta Center,UT,Salt Lake City,N,,,False,1610612762,Jazz,Utah,UTA,jazz,0,0,0,0,1610612750,Timberwolves,Minnesota,MIN,timberwolves,0,0,0,0,,,,,,,,,,,,,,,,,,,,,,,,,,,,,,,,,,natl,radio,1001098,SiriusXM,SiriusXM,,,https://www.siriusxm.com/sports/nba,-1,,,,,,,,,,,,,,,,,,,,,,,,,,,,,,,,,,,,,,,,,,,,,,,,,,,,,,,,,,,,,,,,,,,,
00,2026-27,12/14/2026 00:00:00,0022600365,20261214/NOPLAL,1,10:00 pm ET,11,2026-12-14T00:00:00Z,1900-01-01T22:00:00Z,2026-12-14T22:00:00Z,2026-12-14T05:00:00Z,1900-01-01T03:00:00Z,2026-12-15T03:00:00Z,2026-12-14T21:00:00Z,2026-12-14T19:00:00Z,Mon,12,9,Week 9,false,,,,,Crypto.com Arena,CA,Los Angeles,N,,,False,1610612747,Lakers,Los Angeles,LAL,lakers,0,0,0,0,1610612740,Pelicans,New Orleans,NOP,pelicans,0,0,0,0,natl,tv,7.0,NBA TV,NBA TV,Watch with League Pass or your TV subscription,,,-1.0,,,,,,,,,,,,,,,,,,,,,,,,,natl,radio,1001098,SiriusXM,SiriusXM,,,https://www.siriusxm.com/sports/nba,-1,,,,,,,,,,,,,,home,tv,1651.0,Spectrum SportsNet,SPECSN,,,,1610612747.0,,,,,,,,,,,,,,home,radio,1001605.0,ESPN LA 710/980 KFWB,KSPN/KFWB,,,,1610612747.0,,,,,,,,,,,,,,,,,,,,,,,,
00,2026-27,12/15/2026 00:00:00,0022600366,20261215/SASCLE,1,8:00 pm ET,1,2026-12-15T00:00:00Z,1900-01-01T20:00:00Z,2026-12-15T20:00:00Z,2026-12-15T05:00:00Z,1900-01-01T01:00:00Z,2026-12-16T01:00:00Z,2026-12-15T19:00:00Z,2026-12-15T20:00:00Z,Tue,12,9,Week 9,false,,,,,Rocket Arena,OH,Cleveland,N,,,False,1610612739,Cavaliers,Cleveland,CLE,cavaliers,0,0,0,0,1610612759,Spurs,San Antonio,SAS,spurs,0,0,0,0,natl,tv,1001452.0,NBC,NBC,,,,-1.0,5.0,East,natl,tv,1001453.0,Peacock,Peacock,,,https://www.peacocktv.com/sports/nba?cid=2508sptnbaexterndinapplk26427&utm_campaign=2508sptnba&utm_source=nba_nba_nba&utm_medium=ernd_inapplk_acq_inapbnr&utm_term=nbafans&utm_content=nbaapplinks,-1.0,3.0,,,,,,,,,,,,,natl,radio,1001098,SiriusXM,SiriusXM,,,https://www.siriusxm.com/sports/nba,-1,,,,,,,,,,,,,,,,,,,,,,,,,,,,,,,,,,,,,,,,,,,,,,,,,,,,,,,,,,,,,,,,,,,,
00,2026-27,12/15/2026 00:00:00,0022600367,20261215/DENPOR,1,11:00 pm ET,2,2026-12-15T00:00:00Z,1900-01-01T23:00:00Z,2026-12-15T23:00:00Z,2026-12-15T05:00:00Z,1900-01-01T04:00:00Z,2026-12-16T04:00:00Z,2026-12-15T21:00:00Z,2026-12-15T20:00:00Z,Tue,12,9,Week 9,false,,,,,Moda Center,OR,Portland,N,,,False,1610612757,Trail Blazers,Portland,POR,blazers,0,0,0,0,1610612743,Nuggets,Denver,DEN,nuggets,0,0,0,0,natl,tv,1001452.0,NBC,NBC,,,,-1.0,5.0,West,natl,tv,1001453.0,Peacock,Peacock,,,https://www.peacocktv.com/sports/nba?cid=2508sptnbaexterndinapplk26427&utm_campaign=2508sptnba&utm_source=nba_nba_nba&utm_medium=ernd_inapplk_acq_inapbnr&utm_term=nbafans&utm_content=nbaapplinks,-1.0,3.0,,,,,,,,,,,,,natl,radio,1001098,SiriusXM,SiriusXM,,,https://www.siriusxm.com/sports/nba,-1,,,,,,,,,,,,,,,,,,,,,,,,,,,,,,,,,,,,home,radio,1472.0,Rip City Radio 620,KPOJ,,,,1610612757.0,,,,,,,,,,,,,,,,,,,,,,,,
00,2026-27,12/16/2026 00:00:00,0022600368,20261216/WASBOS,1,7:00 pm ET,1,2026-12-16T00:00:00Z,1900-01-01T19:00:00Z,2026-12-16T19:00:00Z,2026-12-16T05:00:00Z,1900-01-01T00:00:00Z,2026-12-17T00:00:00Z,2026-12-16T19:00:00Z,2026-12-16T19:00:00Z,Wed,12,9,Week 9,false,,,,,TD Garden,MA,Boston,N,,,False,1610612738,Celtics,Boston,BOS,celtics,0,0,0,0,1610612764,Wizards,Washington,WAS,wizards,0,0,0,0,natl,tv,2.0,ESPN,ESPN,,,https://www.espn.com/watch/catalog/7b3729c9-7f69-308a-bf8a-ee15a6aba154/nba#bucketId=29446&sourceCollection=Featured_Sports_,-1.0,2.0,,,,,,,,,,,,,,,,,,,,,,,,natl,radio,1001098,SiriusXM,SiriusXM,,,https://www.siriusxm.com/sports/nba,-1,,,,,,,,,,,,,,home,tv,1658.0,NBC SPORTS BOSTON,NBCSB,,,,1610612738.0,,,,,,,,,,,,,,,,,,,,,,,,,,,,,,,,,,,,,,,,,,,,,,
00,2026-27,12/16/2026 00:00:00,0022600369,20261216/LACCHA,1,7:00 pm ET,2,2026-12-16T00:00:00Z,1900-01-01T19:00:00Z,2026-12-16T19:00:00Z,2026-12-16T05:00:00Z,1900-01-01T00:00:00Z,2026-12-17T00:00:00Z,2026-12-16T16:00:00Z,2026-12-16T19:00:00Z,Wed,12,9,Week 9,false,,,,,Spectrum Center,NC,Charlotte,N,,,False,1610612766,Hornets,Charlotte,CHA,hornets,0,0,0,0,1610612746,Clippers,LA,LAC,clippers,0,0,0,0,,,,,,,,,,,,,,,,,,,,,,,,,,,,,,,,,,natl,radio,1001098,SiriusXM,SiriusXM,,,https://www.siriusxm.com/sports/nba,-1,,,,,,,,,,,,,,,,,,,,,,,,,,,,,,,,,,,,,,,,,,,,,,,,,,,,,,,,,,,,,,,,,,,,
00,2026-27,12/16/2026 00:00:00,0022600370,20261216/PHXDET,1,7:00 pm ET,3,2026-12-16T00:00:00Z,1900-01-01T19:00:00Z,2026-12-16T19:00:00Z,2026-12-16T05:00:00Z,1900-01-01T00:00:00Z,2026-12-17T00:00:00Z,2026-12-16T17:00:00Z,2026-12-16T19:00:00Z,Wed,12,9,Week 9,false,,,,,Little Caesars Arena,MI,Detroit,N,,,False,1610612765,Pistons,Detroit,DET,pistons,0,0,0,0,1610612756,Suns,Phoenix,PHX,suns,0,0,0,0,,,,,,,,,,,,,,,,,,,,,,,,,,,,,,,,,,natl,radio,1001098,SiriusXM,SiriusXM,,,https://www.siriusxm.com/sports/nba,-1,,,,,,,,,,,,,,,,,,,,,,,,,,,,,,,,,,,,,,,,,,,,,,,,,,,,,,,,,,,,,,,,,,,,
00,2026-27,12/16/2026 00:00:00,0022600371,20261216/GSWIND,1,7:00 pm ET,4,2026-12-16T00:00:00Z,1900-01-01T19:00:00Z,2026-12-16T19:00:00Z,2026-12-16T05:00:00Z,1900-01-01T00:00:00Z,2026-12-17T00:00:00Z,2026-12-16T16:00:00Z,2026-12-16T19:00:00Z,Wed,12,9,Week 9,false,,,,,Gainbridge Fieldhouse,IN,Indianapolis,N,,,False,1610612754,Pacers,Indiana,IND,pacers,0,0,0,0,1610612744,Warriors,Golden State,GSW,warriors,0,0,0,0,,,,,,,,,,,,,,,,,,,,,,,,,,,,,,,,,,natl,radio,1001098,SiriusXM,SiriusXM,,,https://www.siriusxm.com/sports/nba,-1,,,,,,,,,,,,,,,,,,,,,,,,,,,,,,,,,,,,,,,,,,,,,,,away,tv,1097.0,NBCSBA,NBCSBA,,,,1610612744.0,,,,,,,,,,,,,
00,2026-27,12/16/2026 00:00:00,0022600372,20261216/CLEORL,1,7:00 pm ET,5,2026-12-16T00:00:00Z,1900-01-01T19:00:00Z,2026-12-16T19:00:00Z,2026-12-16T05:00:00Z,1900-01-01T00:00:00Z,2026-12-17T00:00:00Z,2026-12-16T19:00:00Z,2026-12-16T19:00:00Z,Wed,12,9,Week 9,false,,,,,Kia Center,FL,Orlando,N,,,False,1610612753,Magic,Orlando,ORL,magic,0,0,0,0,1610612739,Cavaliers,Cleveland,CLE,cavaliers,0,0,0,0,,,,,,,,,,,,,,,,,,,,,,,,,,,,,,,,,,natl,radio,1001098,SiriusXM,SiriusXM,,,https://www.siriusxm.com/sports/nba,-1,,,,,,,,,,,,,,,,,,,,,,,,,,,,,,,,,,,,,,,,,,,,,,,,,,,,,,,,,,,,,,,,,,,,
00,2026-27,12/16/2026 00:00:00,0022600373,20261216/DALBKN,1,7:30 pm ET,6,2026-12-16T00:00:00Z,1900-01-01T19:30:00Z,2026-12-16T19:30:00Z,2026-12-16T05:00:00Z,1900-01-01T00:30:00Z,2026-12-17T00:30:00Z,2026-12-16T18:30:00Z,2026-12-16T19:30:00Z,Wed,12,9,Week 9,false,,,,,Barclays Center,NY,Brooklyn,N,,,False,1610612751,Nets,Brooklyn,BKN,nets,0,0,0,0,1610612742,Mavericks,Dallas,DAL,mavericks,0,0,0,0,,,,,,,,,,,,,,,,,,,,,,,,,,,,,,,,,,natl,radio,1001098,SiriusXM,SiriusXM,,,https://www.siriusxm.com/sports/nba,-1,,,,,,,,,,,,,,home,tv,175.0,DAZN (YES),YES,,,,1610612751.0,,,,,,,,,,,,,,,,,,,,,,,,,,,,,,,,,,,,,,,,,,,,,,
00,2026-27,12/16/2026 00:00:00,0022600374,20261216/SASTOR,1,7:30 pm ET,7,2026-12-16T00:00:00Z,1900-01-01T19:30:00Z,2026-12-16T19:30:00Z,2026-12-16T05:00:00Z,1900-01-01T00:30:00Z,2026-12-17T00:30:00Z,2026-12-16T18:30:00Z,2026-12-16T19:30:00Z,Wed,12,9,Week 9,false,,,,,Scotiabank Arena,ON,Toronto,N,,,False,1610612761,Raptors,Toronto,TOR,raptors,0,0,0,0,1610612759,Spurs,San Antonio,SAS,spurs,0,0,0,0,,,,,,,,,,,,,,,,,,,,,,,,,,,,,,,,,,natl,radio,1001098,SiriusXM,SiriusXM,,,https://www.siriusxm.com/sports/nba,-1,,,,,,,,,,,,,,,,,,,,,,,,,,,,,,,,,,,,,,,,,,,,,,,,,,,,,,,,,,,,,,,,,,,,
00,2026-27,12/16/2026 00:00:00,0022600375,20261216/UTACHI,1,8:00 pm ET,8,2026-12-16T00:00:00Z,1900-01-01T20:00:00Z,2026-12-16T20:00:00Z,2026-12-16T05:00:00Z,1900-01-01T01:00:00Z,2026-12-17T01:00:00Z,2026-12-16T18:00:00Z,2026-12-16T19:00:00Z,Wed,12,9,Week 9,false,,,,,United Center,IL,Chicago,N,,,False,1610612741,Bulls,Chicago,CHI,bulls,0,0,0,0,1610612762,Jazz,Utah,UTA,jazz,0,0,0,0,,,,,,,,,,,,,,,,,,,,,,,,,,,,,,,,,,natl,radio,1001098,SiriusXM,SiriusXM,,,https://www.siriusxm.com/sports/nba,-1,,,,,,,,,,,,,,,,,,,,,,,,,,,,,,,,,,,,,,,,,,,,,,,,,,,,,,,,,,,,,,,,,,,,
00,2026-27,12/16/2026 00:00:00,0022600376,20261216/MIAMEM,1,8:00 pm ET,9,2026-12-16T00:00:00Z,1900-01-01T20:00:00Z,2026-12-16T20:00:00Z,2026-12-16T05:00:00Z,1900-01-01T01:00:00Z,2026-12-17T01:00:00Z,2026-12-16T20:00:00Z,2026-12-16T19:00:00Z,Wed,12,9,Week 9,false,,,,,FedExForum,TN,Memphis,N,,,False,1610612763,Grizzlies,Memphis,MEM,grizzlies,0,0,0,0,1610612748,Heat,Miami,MIA,heat,0,0,0,0,,,,,,,,,,,,,,,,,,,,,,,,,,,,,,,,,,natl,radio,1001098,SiriusXM,SiriusXM,,,https://www.siriusxm.com/sports/nba,-1,,,,,,,,,,,,,,,,,,,,,,,,,,,,,,,,,,,,,,,,,,,,,,,away,tv,1001720.0,WPLG Local 10,WPLG,,,https://local10plusplatinum.maz.tv/open?deeplink=local10platinum://item/3776211-3882966?item=44d4cc7fbb9f4bd72cf272489b39eadf-3742525-3848761,1610612748.0,,,away,radio,1001523.0,FM 104.3 WQAM / S: WAQI 710,WQAM-FM/WAQI,,,,1610612748.0,,
00,2026-27,12/16/2026 00:00:00,0022600377,20261216/NYKNOP,1,8:00 pm ET,10,2026-12-16T00:00:00Z,1900-01-01T20:00:00Z,2026-12-16T20:00:00Z,2026-12-16T05:00:00Z,1900-01-01T01:00:00Z,2026-12-17T01:00:00Z,2026-12-16T20:00:00Z,2026-12-16T19:00:00Z,Wed,12,9,Week 9,false,,,,,Smoothie King Center,LA,New Orleans,N,,,False,1610612740,Pelicans,New Orleans,NOP,pelicans,0,0,0,0,1610612752,Knicks,New York,NYK,knicks,0,0,0,0,,,,,,,,,,,,,,,,,,,,,,,,,,,,,,,,,,natl,radio,1001098,SiriusXM,SiriusXM,,,https://www.siriusxm.com/sports/nba,-1,,,,,,,,,,,,,,,,,,,,,,,,,,,,,,,,,,,,,,,,,,,,,,,,,,,,,,,,,,,,,,,,,,,,
00,2026-27,12/16/2026 00:00:00,0022600378,20261216/SACOKC,1,8:00 pm ET,11,2026-12-16T00:00:00Z,1900-01-01T20:00:00Z,2026-12-16T20:00:00Z,2026-12-16T05:00:00Z,1900-01-01T01:00:00Z,2026-12-17T01:00:00Z,2026-12-16T17:00:00Z,2026-12-16T19:00:00Z,Wed,12,9,Week 9,false,,,,,Paycom Center,OK,Oklahoma City,N,,,False,1610612760,Thunder,Oklahoma City,OKC,thunder,0,0,0,0,1610612758,Kings,Sacramento,SAC,kings,0,0,0,0,,,,,,,,,,,,,,,,,,,,,,,,,,,,,,,,,,natl,radio,1001098,SiriusXM,SiriusXM,,,https://www.siriusxm.com/sports/nba,-1,,,,,,,,,,,,,,,,,,,,,,,,,,,,,,,,,,,,,,,,,,,,,,,away,tv,1027.0,NBCSCA,NBCSCA,,,,1610612758.0,,,,,,,,,,,,,
00,2026-27,12/16/2026 00:00:00,0022600379,20261216/MILHOU,1,8:30 pm ET,12,2026-12-16T00:00:00Z,1900-01-01T20:30:00Z,2026-12-16T20:30:00Z,2026-12-16T05:00:00Z,1900-01-01T01:30:00Z,2026-12-17T01:30:00Z,2026-12-16T19:30:00Z,2026-12-16T19:30:00Z,Wed,12,9,Week 9,false,,,,,Toyota Center,TX,Houston,N,,,False,1610612745,Rockets,Houston,HOU,rockets,0,0,0,0,1610612749,Bucks,Milwaukee,MIL,bucks,0,0,0,0,,,,,,,,,,,,,,,,,,,,,,,,,,,,,,,,,,natl,radio,1001098,SiriusXM,SiriusXM,,,https://www.siriusxm.com/sports/nba,-1,,,,,,,,,,,,,,,,,,,,,,,,,,,,,,,,,,,,,,,,,,,,,,,,,,,,,,,,,,,,,,,,,,,,
00,2026-27,12/16/2026 00:00:00,0022600380,20261216/LALMIN,1,9:30 pm ET,13,2026-12-16T00:00:00Z,1900-01-01T21:30:00Z,2026-12-16T21:30:00Z,2026-12-16T05:00:00Z,1900-01-01T02:30:00Z,2026-12-17T02:30:00Z,2026-12-16T18:30:00Z,2026-12-16T20:30:00Z,Wed,12,9,Week 9,false,,,,,Target Center,MN,Minneapolis,N,,,False,1610612750,Timberwolves,Minnesota,MIN,timberwolves,0,0,0,0,1610612747,Lakers,Los Angeles,LAL,lakers,0,0,0,0,natl,tv,2.0,ESPN,ESPN,,,https://www.espn.com/watch/catalog/7b3729c9-7f69-308a-bf8a-ee15a6aba154/nba#bucketId=29446&sourceCollection=Featured_Sports_,-1.0,2.0,,,,,,,,,,,,,,,,,,,,,,,,natl,radio,1001098,SiriusXM,SiriusXM,,,https://www.siriusxm.com/sports/nba,-1,,,,,,,,,,,,,,,,,,,,,,,,,,,,,,,,,,,,,,,,,,,,,,,away,tv,1651.0,Spectrum SportsNet,SPECSN,,,,1610612747.0,,,away,radio,1001605.0,ESPN LA 710/980 KFWB,KSPN/KFWB,,,,1610612747.0,,
00,2026-27,12/17/2026 00:00:00,0022600381,20261217/PORIND,1,7:00 pm ET,1,2026-12-17T00:00:00Z,1900-01-01T19:00:00Z,2026-12-17T19:00:00Z,2026-12-17T05:00:00Z,1900-01-01T00:00:00Z,2026-12-18T00:00:00Z,2026-12-17T16:00:00Z,2026-12-17T19:00:00Z,Thu,12,9,Week 9,false,,,,,Gainbridge Fieldhouse,IN,Indianapolis,N,,,False,1610612754,Pacers,Indiana,IND,pacers,0,0,0,0,1610612757,Trail Blazers,Portland,POR,blazers,0,0,0,0,,,,,,,,,,,,,,,,,,,,,,,,,,,,,,,,,,natl,radio,1001098,SiriusXM,SiriusXM,,,https://www.siriusxm.com/sports/nba,-1,,,,,,,,,,,,,,,,,,,,,,,,,,,,,,,,,,,,,,,,,,,,,,,away,tv,1001507.0,KATU ABC 2/KUNP,KATU/KUNP,,,,1610612757.0,,,away,radio,1472.0,Rip City Radio 620,KPOJ,,,,1610612757.0,,
00,2026-27,12/17/2026 00:00:00,0022600382,20261217/DALPHI,1,7:00 pm ET,2,2026-12-17T00:00:00Z,1900-01-01T19:00:00Z,2026-12-17T19:00:00Z,2026-12-17T05:00:00Z,1900-01-01T00:00:00Z,2026-12-18T00:00:00Z,2026-12-17T18:00:00Z,2026-12-17T19:00:00Z,Thu,12,9,Week 9,false,,,,,Xfinity Mobile Arena,PA,Philadelphia,N,,,False,1610612755,76ers,Philadelphia,PHI,sixers,0,0,0,0,1610612742,Mavericks,Dallas,DAL,mavericks,0,0,0,0,natl,tv,7.0,NBA TV,NBA TV,Watch with League Pass or your TV subscription,,,-1.0,,,,,,,,,,,,,,,,,,,,,,,,,natl,radio,1001098,SiriusXM,SiriusXM,,,https://www.siriusxm.com/sports/nba,-1,,,,,,,,,,,,,,,,,,,,,,,,,,,,,,,,,,,,,,,,,,,,,,,,,,,,,,,,,,,,,,,,,,,,
00,2026-27,12/17/2026 00:00:00,0022600383,20261217/ATLDEN,1,9:00 pm ET,3,2026-12-17T00:00:00Z,1900-01-01T21:00:00Z,2026-12-17T21:00:00Z,2026-12-17T05:00:00Z,1900-01-01T02:00:00Z,2026-12-18T02:00:00Z,2026-12-17T21:00:00Z,2026-12-17T19:00:00Z,Thu,12,9,Week 9,false,,,,,Ball Arena,CO,Denver,N,,,False,1610612743,Nuggets,Denver,DEN,nuggets,0,0,0,0,1610612737,Hawks,Atlanta,ATL,hawks,0,0,0,0,,,,,,,,,,,,,,,,,,,,,,,,,,,,,,,,,,natl,radio,1001098,SiriusXM,SiriusXM,,,https://www.siriusxm.com/sports/nba,-1,,,,,,,,,,,,,,,,,,,,,,,,,,,,,,,,,,,,,,,,,,,,,,,,,,,,,,,,,,,,,,,,,,,,
00,2026-27,12/18/2026 00:00:00,0022600384,20261218/OKCCHA,1,7:00 pm ET,1,2026-12-18T00:00:00Z,1900-01-01T19:00:00Z,2026-12-18T19:00:00Z,2026-12-18T05:00:00Z,1900-01-01T00:00:00Z,2026-12-19T00:00:00Z,2026-12-18T18:00:00Z,2026-12-18T19:00:00Z,Fri,12,9,Week 9,false,,,,,Spectrum Center,NC,Charlotte,N,,,False,1610612766,Hornets,Charlotte,CHA,hornets,0,0,0,0,1610612760,Thunder,Oklahoma City,OKC,thunder,0,0,0,0,,,,,,,,,,,,,,,,,,,,,,,,,,,,,,,,,,natl,radio,1001098,SiriusXM,SiriusXM,,,https://www.siriusxm.com/sports/nba,-1,,,,,,,,,,,,,,,,,,,,,,,,,,,,,,,,,,,,,,,,,,,,,,,,,,,,,,,,,,,,,,,,,,,,
00,2026-27,12/18/2026 00:00:00,0022600385,20261218/LACMIA,1,7:00 pm ET,2,2026-12-18T00:00:00Z,1900-01-01T19:00:00Z,2026-12-18T19:00:00Z,2026-12-18T05:00:00Z,1900-01-01T00:00:00Z,2026-12-19T00:00:00Z,2026-12-18T16:00:00Z,2026-12-18T19:00:00Z,Fri,12,9,Week 9,false,,,,,Kaseya Center,FL,Miami,N,,,False,1610612748,Heat,Miami,MIA,heat,0,0,0,0,1610612746,Clippers,LA,LAC,clippers,0,0,0,0,natl,tv,1000664.0,Prime Video,Amazon,,,https://www.amazon.com/gp/video/tournament/amzn1.dv.icid.cf75b42a-68cd-4a1c-993a-a0b3f0575c5f?jic=20%7CCgZTcG9ydHMSA2FsbA%3D%3D&ref_=atv_hm_spo_c_7a7vxF_4_6,-1.0,4.0,,,,,,,,,,,,,,,,,,,,,,,,natl,radio,1001098,SiriusXM,SiriusXM,,,https://www.siriusxm.com/sports/nba,-1,,,,,,,,,,,,,,,,,,,,,,,,,,,,,,,,,,,,home,radio,1001523.0,FM 104.3 WQAM / S: WAQI 710,WQAM-FM/WAQI,,,,1610612748.0,,,,,,,,,,,,,,,,,,,,,,,,
00,2026-27,12/18/2026 00:00:00,0022600386,20261218/NYKWAS,1,7:00 pm ET,3,2026-12-18T00:00:00Z,1900-01-01T19:00:00Z,2026-12-18T19:00:00Z,2026-12-18T05:00:00Z,1900-01-01T00:00:00Z,2026-12-19T00:00:00Z,2026-12-18T19:00:00Z,2026-12-18T19:00:00Z,Fri,12,9,Week 9,false,,,,,Capital One Arena,DC,Washington,N,,,False,1610612764,Wizards,Washington,WAS,wizards,0,0,0,0,1610612752,Knicks,New York,NYK,knicks,0,0,0,0,,,,,,,,,,,,,,,,,,,,,,,,,,,,,,,,,,natl,radio,1001098,SiriusXM,SiriusXM,,,https://www.siriusxm.com/sports/nba,-1,,,,,,,,,,,,,,,,,,,,,,,,,,,,,,,,,,,,,,,,,,,,,,,,,,,,,,,,,,,,,,,,,,,,
00,2026-27,12/18/2026 00:00:00,0022600387,20261218/UTABOS,1,7:30 pm ET,4,2026-12-18T00:00:00Z,1900-01-01T19:30:00Z,2026-12-18T19:30:00Z,2026-12-18T05:00:00Z,1900-01-01T00:30:00Z,2026-12-19T00:30:00Z,2026-12-18T17:30:00Z,2026-12-18T19:30:00Z,Fri,12,9,Week 9,false,,,,,TD Garden,MA,Boston,N,,,False,1610612738,Celtics,Boston,BOS,celtics,0,0,0,0,1610612762,Jazz,Utah,UTA,jazz,0,0,0,0,,,,,,,,,,,,,,,,,,,,,,,,,,,,,,,,,,natl,radio,1001098,SiriusXM,SiriusXM,,,https://www.siriusxm.com/sports/nba,-1,,,,,,,,,,,,,,home,tv,1658.0,NBC SPORTS BOSTON,NBCSB,,,,1610612738.0,,,,,,,,,,,,,,,,,,,,,,,,,,,,,,,,,,,,,,,,,,,,,,
00,2026-27,12/18/2026 00:00:00,0022600388,20261218/ORLBKN,1,7:30 pm ET,5,2026-12-18T00:00:00Z,1900-01-01T19:30:00Z,2026-12-18T19:30:00Z,2026-12-18T05:00:00Z,1900-01-01T00:30:00Z,2026-12-19T00:30:00Z,2026-12-18T19:30:00Z,2026-12-18T19:30:00Z,Fri,12,9,Week 9,false,,,,,Barclays Center,NY,Brooklyn,N,,,False,1610612751,Nets,Brooklyn,BKN,nets,0,0,0,0,1610612753,Magic,Orlando,ORL,magic,0,0,0,0,,,,,,,,,,,,,,,,,,,,,,,,,,,,,,,,,,natl,radio,1001098,SiriusXM,SiriusXM,,,https://www.siriusxm.com/sports/nba,-1,,,,,,,,,,,,,,home,tv,175.0,DAZN (YES),YES,,,,1610612751.0,,,,,,,,,,,,,,,,,,,,,,,,,,,,,,,,,,,,,,,,,,,,,,
00,2026-27,12/18/2026 00:00:00,0022600389,20261218/CLEDET,1,7:30 pm ET,6,2026-12-18T00:00:00Z,1900-01-01T19:30:00Z,2026-12-18T19:30:00Z,2026-12-18T05:00:00Z,1900-01-01T00:30:00Z,2026-12-19T00:30:00Z,2026-12-18T19:30:00Z,2026-12-18T19:30:00Z,Fri,12,9,Week 9,false,,,,,Little Caesars Arena,MI,Detroit,N,,,False,1610612765,Pistons,Detroit,DET,pistons,0,0,0,0,1610612739,Cavaliers,Cleveland,CLE,cavaliers,0,0,0,0,,,,,,,,,,,,,,,,,,,,,,,,,,,,,,,,,,natl,radio,1001098,SiriusXM,SiriusXM,,,https://www.siriusxm.com/sports/nba,-1,,,,,,,,,,,,,,,,,,,,,,,,,,,,,,,,,,,,,,,,,,,,,,,,,,,,,,,,,,,,,,,,,,,,
00,2026-27,12/18/2026 00:00:00,0022600390,20261218/GSWTOR,1,7:30 pm ET,7,2026-12-18T00:00:00Z,1900-01-01T19:30:00Z,2026-12-18T19:30:00Z,2026-12-18T05:00:00Z,1900-01-01T00:30:00Z,2026-12-19T00:30:00Z,2026-12-18T16:30:00Z,2026-12-18T19:30:00Z,Fri,12,9,Week 9,false,,,,,Scotiabank Arena,ON,Toronto,N,,,False,1610612761,Raptors,Toronto,TOR,raptors,0,0,0,0,1610612744,Warriors,Golden State,GSW,warriors,0,0,0,0,,,,,,,,,,,,,,,,,,,,,,,,,,,,,,,,,,natl,radio,1001098,SiriusXM,SiriusXM,,,https://www.siriusxm.com/sports/nba,-1,,,,,,,,,,,,,,,,,,,,,,,,,,,,,,,,,,,,,,,,,,,,,,,away,tv,1097.0,NBCSBA,NBCSBA,,,,1610612744.0,,,,,,,,,,,,,
00,2026-27,12/18/2026 00:00:00,0022600391,20261218/HOUMEM,1,8:00 pm ET,8,2026-12-18T00:00:00Z,1900-01-01T20:00:00Z,2026-12-18T20:00:00Z,2026-12-18T05:00:00Z,1900-01-01T01:00:00Z,2026-12-19T01:00:00Z,2026-12-18T19:00:00Z,2026-12-18T19:00:00Z,Fri,12,9,Week 9,false,,,,,FedExForum,TN,Memphis,N,,,False,1610612763,Grizzlies,Memphis,MEM,grizzlies,0,0,0,0,1610612745,Rockets,Houston,HOU,rockets,0,0,0,0,,,,,,,,,,,,,,,,,,,,,,,,,,,,,,,,,,natl,radio,1001098,SiriusXM,SiriusXM,,,https://www.siriusxm.com/sports/nba,-1,,,,,,,,,,,,,,,,,,,,,,,,,,,,,,,,,,,,,,,,,,,,,,,,,,,,,,,,,,,,,,,,,,,,
00,2026-27,12/18/2026 00:00:00,0022600392,20261218/PHXMIL,1,8:00 pm ET,9,2026-12-18T00:00:00Z,1900-01-01T20:00:00Z,2026-12-18T20:00:00Z,2026-12-18T05:00:00Z,1900-01-01T01:00:00Z,2026-12-19T01:00:00Z,2026-12-18T18:00:00Z,2026-12-18T19:00:00Z,Fri,12,9,Week 9,false,,,,,Fiserv Forum,WI,Milwaukee,N,,,False,1610612749,Bucks,Milwaukee,MIL,bucks,0,0,0,0,1610612756,Suns,Phoenix,PHX,suns,0,0,0,0,,,,,,,,,,,,,,,,,,,,,,,,,,,,,,,,,,natl,radio,1001098,SiriusXM,SiriusXM,,,https://www.siriusxm.com/sports/nba,-1,,,,,,,,,,,,,,,,,,,,,,,,,,,,,,,,,,,,,,,,,,,,,,,,,,,,,,,,,,,,,,,,,,,,
00,2026-27,12/18/2026 00:00:00,0022600393,20261218/LALMIN,1,8:00 pm ET,10,2026-12-18T00:00:00Z,1900-01-01T20:00:00Z,2026-12-18T20:00:00Z,2026-12-18T05:00:00Z,1900-01-01T01:00:00Z,2026-12-19T01:00:00Z,2026-12-18T17:00:00Z,2026-12-18T19:00:00Z,Fri,12,9,Week 9,false,,,,,Target Center,MN,Minneapolis,N,,,False,1610612750,Timberwolves,Minnesota,MIN,timberwolves,0,0,0,0,1610612747,Lakers,Los Angeles,LAL,lakers,0,0,0,0,,,,,,,,,,,,,,,,,,,,,,,,,,,,,,,,,,natl,radio,1001098,SiriusXM,SiriusXM,,,https://www.siriusxm.com/sports/nba,-1,,,,,,,,,,,,,,,,,,,,,,,,,,,,,,,,,,,,,,,,,,,,,,,away,tv,1651.0,Spectrum SportsNet,SPECSN,,,,1610612747.0,,,away,radio,1001605.0,ESPN LA 710/980 KFWB,KSPN/KFWB,,,,1610612747.0,,
00,2026-27,12/18/2026 00:00:00,0022600394,20261218/SACNOP,1,8:00 pm ET,11,2026-12-18T00:00:00Z,1900-01-01T20:00:00Z,2026-12-18T20:00:00Z,2026-12-18T05:00:00Z,1900-01-01T01:00:00Z,2026-12-19T01:00:00Z,2026-12-18T17:00:00Z,2026-12-18T19:00:00Z,Fri,12,9,Week 9,false,,,,,Smoothie King Center,LA,New Orleans,N,,,False,1610612740,Pelicans,New Orleans,NOP,pelicans,0,0,0,0,1610612758,Kings,Sacramento,SAC,kings,0,0,0,0,,,,,,,,,,,,,,,,,,,,,,,,,,,,,,,,,,natl,radio,1001098,SiriusXM,SiriusXM,,,https://www.siriusxm.com/sports/nba,-1,,,,,,,,,,,,,,,,,,,,,,,,,,,,,,,,,,,,,,,,,,,,,,,away,tv,1027.0,NBCSCA,NBCSCA,,,,1610612758.0,,,,,,,,,,,,,
00,2026-27,12/18/2026 00:00:00,0022600395,20261218/CHISAS,1,8:00 pm ET,12,2026-12-18T00:00:00Z,1900-01-01T20:00:00Z,2026-12-18T20:00:00Z,2026-12-18T05:00:00Z,1900-01-01T01:00:00Z,2026-12-19T01:00:00Z,2026-12-18T19:00:00Z,2026-12-18T19:00:00Z,Fri,12,9,Week 9,false,,,,,Frost Bank Center,TX,San Antonio,N,,,False,1610612759,Spurs,San Antonio,SAS,spurs,0,0,0,0,1610612741,Bulls,Chicago,CHI,bulls,0,0,0,0,,,,,,,,,,,,,,,,,,,,,,,,,,,,,,,,,,natl,radio,1001098,SiriusXM,SiriusXM,,,https://www.siriusxm.com/sports/nba,-1,,,,,,,,,,,,,,,,,,,,,,,,,,,,,,,,,,,,,,,,,,,,,,,,,,,,,,,,,,,,,,,,,,,,
00,2026-27,12/19/2026 00:00:00,0022600396,20261219/PORCHA,1,6:00 pm ET,1,2026-12-19T00:00:00Z,1900-01-01T18:00:00Z,2026-12-19T18:00:00Z,2026-12-19T05:00:00Z,1900-01-01T23:00:00Z,2026-12-19T23:00:00Z,2026-12-19T15:00:00Z,2026-12-19T18:00:00Z,Sat,12,9,Week 9,false,,,,,Spectrum Center,NC,Charlotte,N,,,False,1610612766,Hornets,Charlotte,CHA,hornets,0,0,0,0,1610612757,Trail Blazers,Portland,POR,blazers,0,0,0,0,,,,,,,,,,,,,,,,,,,,,,,,,,,,,,,,,,natl,radio,1001098,SiriusXM,SiriusXM,,,https://www.siriusxm.com/sports/nba,-1,,,,,,,,,,,,,,,,,,,,,,,,,,,,,,,,,,,,,,,,,,,,,,,away,tv,1001196.0,KUNP,KUNP,,,,1610612757.0,,,away,radio,1472.0,Rip City Radio 620,KPOJ,,,,1610612757.0,,
00,2026-27,12/19/2026 00:00:00,0022600397,20261219/ORLATL,1,7:00 pm ET,2,2026-12-19T00:00:00Z,1900-01-01T19:00:00Z,2026-12-19T19:00:00Z,2026-12-19T05:00:00Z,1900-01-01T00:00:00Z,2026-12-20T00:00:00Z,2026-12-19T19:00:00Z,2026-12-19T19:00:00Z,Sat,12,9,Week 9,false,,,,,State Farm Arena,GA,Atlanta,N,,,False,1610612737,Hawks,Atlanta,ATL,hawks,0,0,0,0,1610612753,Magic,Orlando,ORL,magic,0,0,0,0,,,,,,,,,,,,,,,,,,,,,,,,,,,,,,,,,,natl,radio,1001098,SiriusXM,SiriusXM,,,https://www.siriusxm.com/sports/nba,-1,,,,,,,,,,,,,,,,,,,,,,,,,,,,,,,,,,,,,,,,,,,,,,,,,,,,,,,,,,,,,,,,,,,,
00,2026-27,12/19/2026 00:00:00,0022600398,20261219/CHIDAL,1,8:00 pm ET,3,2026-12-19T00:00:00Z,1900-01-01T20:00:00Z,2026-12-19T20:00:00Z,2026-12-19T05:00:00Z,1900-01-01T01:00:00Z,2026-12-20T01:00:00Z,2026-12-19T19:00:00Z,2026-12-19T19:00:00Z,Sat,12,9,Week 9,false,,,,,American Airlines Center,TX,Dallas,N,,,False,1610612742,Mavericks,Dallas,DAL,mavericks,0,0,0,0,1610612741,Bulls,Chicago,CHI,bulls,0,0,0,0,,,,,,,,,,,,,,,,,,,,,,,,,,,,,,,,,,natl,radio,1001098,SiriusXM,SiriusXM,,,https://www.siriusxm.com/sports/nba,-1,,,,,,,,,,,,,,,,,,,,,,,,,,,,,,,,,,,,,,,,,,,,,,,,,,,,,,,,,,,,,,,,,,,,
00,2026-27,12/19/2026 00:00:00,0022600399,20261219/LALDEN,1,9:00 pm ET,4,2026-12-19T00:00:00Z,1900-01-01T21:00:00Z,2026-12-19T21:00:00Z,2026-12-19T05:00:00Z,1900-01-01T02:00:00Z,2026-12-20T02:00:00Z,2026-12-19T18:00:00Z,2026-12-19T19:00:00Z,Sat,12,9,Week 9,false,,,,,Ball Arena,CO,Denver,N,,,False,1610612743,Nuggets,Denver,DEN,nuggets,0,0,0,0,1610612747,Lakers,Los Angeles,LAL,lakers,0,0,0,0,natl,tv,7.0,NBA TV,NBA TV,Watch with League Pass or your TV subscription,,,-1.0,,,,,,,,,,,,,,,,,,,,,,,,,natl,radio,1001098,SiriusXM,SiriusXM,,,https://www.siriusxm.com/sports/nba,-1,,,,,,,,,,,,,,,,,,,,,,,,,,,,,,,,,,,,,,,,,,,,,,,away,tv,1651.0,Spectrum SportsNet,SPECSN,,,,1610612747.0,,,away,radio,1001605.0,ESPN LA 710/980 KFWB,KSPN/KFWB,,,,1610612747.0,,
00,2026-27,12/20/2026 00:00:00,0022600400,20261220/WASBKN,1,3:00 pm ET,1,2026-12-20T00:00:00Z,1900-01-01T15:00:00Z,2026-12-20T15:00:00Z,2026-12-20T05:00:00Z,1900-01-01T20:00:00Z,2026-12-20T20:00:00Z,2026-12-20T15:00:00Z,2026-12-20T15:00:00Z,Sun,12,9,Week 9,false,,,,,Barclays Center,NY,Brooklyn,N,,,False,1610612751,Nets,Brooklyn,BKN,nets,0,0,0,0,1610612764,Wizards,Washington,WAS,wizards,0,0,0,0,,,,,,,,,,,,,,,,,,,,,,,,,,,,,,,,,,natl,radio,1001098,SiriusXM,SiriusXM,,,https://www.siriusxm.com/sports/nba,-1,,,,,,,,,,,,,,home,tv,175.0,DAZN (YES),YES,,,,1610612751.0,,,,,,,,,,,,,,,,,,,,,,,,,,,,,,,,,,,,,,,,,,,,,,
00,2026-27,12/20/2026 00:00:00,0022600401,20261220/HOUTOR,1,3:30 pm ET,2,2026-12-20T00:00:00Z,1900-01-01T15:30:00Z,2026-12-20T15:30:00Z,2026-12-20T05:00:00Z,1900-01-01T20:30:00Z,2026-12-20T20:30:00Z,2026-12-20T14:30:00Z,2026-12-20T15:30:00Z,Sun,12,9,Week 9,false,,,,,Scotiabank Arena,ON,Toronto,N,,,False,1610612761,Raptors,Toronto,TOR,raptors,0,0,0,0,1610612745,Rockets,Houston,HOU,rockets,0,0,0,0,,,,,,,,,,,,,,,,,,,,,,,,,,,,,,,,,,natl,radio,1001098,SiriusXM,SiriusXM,,,https://www.siriusxm.com/sports/nba,-1,,,,,,,,,,,,,,,,,,,,,,,,,,,,,,,,,,,,,,,,,,,,,,,,,,,,,,,,,,,,,,,,,,,,
00,2026-27,12/20/2026 00:00:00,0022600402,20261220/PHXMEM,1,4:00 pm ET,3,2026-12-20T00:00:00Z,1900-01-01T16:00:00Z,2026-12-20T16:00:00Z,2026-12-20T05:00:00Z,1900-01-01T21:00:00Z,2026-12-20T21:00:00Z,2026-12-20T14:00:00Z,2026-12-20T15:00:00Z,Sun,12,9,Week 9,false,,,,,FedExForum,TN,Memphis,N,,,False,1610612763,Grizzlies,Memphis,MEM,grizzlies,0,0,0,0,1610612756,Suns,Phoenix,PHX,suns,0,0,0,0,,,,,,,,,,,,,,,,,,,,,,,,,,,,,,,,,,natl,radio,1001098,SiriusXM,SiriusXM,,,https://www.siriusxm.com/sports/nba,-1,,,,,,,,,,,,,,,,,,,,,,,,,,,,,,,,,,,,,,,,,,,,,,,,,,,,,,,,,,,,,,,,,,,,
00,2026-27,12/20/2026 00:00:00,0022600403,20261220/UTACLE,1,6:00 pm ET,4,2026-12-20T00:00:00Z,1900-01-01T18:00:00Z,2026-12-20T18:00:00Z,2026-12-20T05:00:00Z,1900-01-01T23:00:00Z,2026-12-20T23:00:00Z,2026-12-20T16:00:00Z,2026-12-20T18:00:00Z,Sun,12,9,Week 9,false,,,,,Rocket Arena,OH,Cleveland,N,,,False,1610612739,Cavaliers,Cleveland,CLE,cavaliers,0,0,0,0,1610612762,Jazz,Utah,UTA,jazz,0,0,0,0,,,,,,,,,,,,,,,,,,,,,,,,,,,,,,,,,,natl,radio,1001098,SiriusXM,SiriusXM,,,https://www.siriusxm.com/sports/nba,-1,,,,,,,,,,,,,,,,,,,,,,,,,,,,,,,,,,,,,,,,,,,,,,,,,,,,,,,,,,,,,,,,,,,,
00,2026-27,12/20/2026 00:00:00,0022600404,20261220/SACMIA,1,6:00 pm ET,5,2026-12-20T00:00:00Z,1900-01-01T18:00:00Z,2026-12-20T18:00:00Z,2026-12-20T05:00:00Z,1900-01-01T23:00:00Z,2026-12-20T23:00:00Z,2026-12-20T15:00:00Z,2026-12-20T18:00:00Z,Sun,12,9,Week 9,false,,,,,Kaseya Center,FL,Miami,N,,,False,1610612748,Heat,Miami,MIA,heat,0,0,0,0,1610612758,Kings,Sacramento,SAC,kings,0,0,0,0,,,,,,,,,,,,,,,,,,,,,,,,,,,,,,,,,,natl,radio,1001098,SiriusXM,SiriusXM,,,https://www.siriusxm.com/sports/nba,-1,,,,,,,,,,,,,,home,tv,1001720.0,WPLG Local 10,WPLG,,,https://local10plusplatinum.maz.tv/open?deeplink=local10platinum://item/3776211-3882966?item=44d4cc7fbb9f4bd72cf272489b39eadf-3742525-3848761,1610612748.0,,,,,,,,,,,,,,home,radio,1001523.0,FM 104.3 WQAM / S: WAQI 710,WQAM-FM/WAQI,,,,1610612748.0,,,away,tv,1027.0,NBCSCA,NBCSCA,,,,1610612758.0,,,,,,,,,,,,,
00,2026-27,12/20/2026 00:00:00,0022600405,20261220/OKCATL,1,7:00 pm ET,6,2026-12-20T00:00:00Z,1900-01-01T19:00:00Z,2026-12-20T19:00:00Z,2026-12-20T05:00:00Z,1900-01-01T00:00:00Z,2026-12-21T00:00:00Z,2026-12-20T18:00:00Z,2026-12-20T19:00:00Z,Sun,12,9,Week 9,false,,,,,State Farm Arena,GA,Atlanta,N,,,False,1610612737,Hawks,Atlanta,ATL,hawks,0,0,0,0,1610612760,Thunder,Oklahoma City,OKC,thunder,0,0,0,0,,,,,,,,,,,,,,,,,,,,,,,,,,,,,,,,,,natl,radio,1001098,SiriusXM,SiriusXM,,,https://www.siriusxm.com/sports/nba,-1,,,,,,,,,,,,,,,,,,,,,,,,,,,,,,,,,,,,,,,,,,,,,,,,,,,,,,,,,,,,,,,,,,,,
00,2026-27,12/20/2026 00:00:00,0022600406,20261220/SASNOP,1,7:00 pm ET,7,2026-12-20T00:00:00Z,1900-01-01T19:00:00Z,2026-12-20T19:00:00Z,2026-12-20T05:00:00Z,1900-01-01T00:00:00Z,2026-12-21T00:00:00Z,2026-12-20T18:00:00Z,2026-12-20T18:00:00Z,Sun,12,9,Week 9,false,,,,,Smoothie King Center,LA,New Orleans,N,,,False,1610612740,Pelicans,New Orleans,NOP,pelicans,0,0,0,0,1610612759,Spurs,San Antonio,SAS,spurs,0,0,0,0,,,,,,,,,,,,,,,,,,,,,,,,,,,,,,,,,,natl,radio,1001098,SiriusXM,SiriusXM,,,https://www.siriusxm.com/sports/nba,-1,,,,,,,,,,,,,,,,,,,,,,,,,,,,,,,,,,,,,,,,,,,,,,,,,,,,,,,,,,,,,,,,,,,,
00,2026-27,12/20/2026 00:00:00,0022600407,20261220/DETBOS,1,8:00 pm ET,8,2026-12-20T00:00:00Z,1900-01-01T20:00:00Z,2026-12-20T20:00:00Z,2026-12-20T05:00:00Z,1900-01-01T01:00:00Z,2026-12-21T01:00:00Z,2026-12-20T20:00:00Z,2026-12-20T20:00:00Z,Sun,12,9,Week 9,false,,,,,TD Garden,MA,Boston,N,,,False,1610612738,Celtics,Boston,BOS,celtics,0,0,0,0,1610612765,Pistons,Detroit,DET,pistons,0,0,0,0,,,,,,,,,,,,,,,,,,,,,,,,,,,,,,,,,,natl,radio,1001098,SiriusXM,SiriusXM,,,https://www.siriusxm.com/sports/nba,-1,,,,,,,,,,,,,,home,tv,1658.0,NBC SPORTS BOSTON,NBCSB,,,,1610612738.0,,,,,,,,,,,,,,,,,,,,,,,,,,,,,,,,,,,,,,,,,,,,,,
00,2026-27,12/20/2026 00:00:00,0022600408,20261220/GSWMIL,1,8:00 pm ET,9,2026-12-20T00:00:00Z,1900-01-01T20:00:00Z,2026-12-20T20:00:00Z,2026-12-20T05:00:00Z,1900-01-01T01:00:00Z,2026-12-21T01:00:00Z,2026-12-20T17:00:00Z,2026-12-20T19:00:00Z,Sun,12,9,Week 9,false,,,,,Fiserv Forum,WI,Milwaukee,N,,,False,1610612749,Bucks,Milwaukee,MIL,bucks,0,0,0,0,1610612744,Warriors,Golden State,GSW,warriors,0,0,0,0,,,,,,,,,,,,,,,,,,,,,,,,,,,,,,,,,,natl,radio,1001098,SiriusXM,SiriusXM,,,https://www.siriusxm.com/sports/nba,-1,,,,,,,,,,,,,,,,,,,,,,,,,,,,,,,,,,,,,,,,,,,,,,,away,tv,1097.0,NBCSBA,NBCSBA,,,,1610612744.0,,,,,,,,,,,,,
00,2026-27,12/20/2026 00:00:00,0022600409,20261220/INDLAC,1,10:00 pm ET,10,2026-12-20T00:00:00Z,1900-01-01T22:00:00Z,2026-12-20T22:00:00Z,2026-12-20T05:00:00Z,1900-01-01T03:00:00Z,2026-12-21T03:00:00Z,2026-12-20T22:00:00Z,2026-12-20T19:00:00Z,Sun,12,9,Week 9,false,,,,,Intuit Dome,CA,Inglewood,N,,,False,1610612746,Clippers,LA,LAC,clippers,0,0,0,0,1610612754,Pacers,Indiana,IND,pacers,0,0,0,0,,,,,,,,,,,,,,,,,,,,,,,,,,,,,,,,,,natl,radio,1001098,SiriusXM,SiriusXM,,,https://www.siriusxm.com/sports/nba,-1,,,,,,,,,,,,,,,,,,,,,,,,,,,,,,,,,,,,,,,,,,,,,,,,,,,,,,,,,,,,,,,,,,,,
00,2026-27,12/21/2026 00:00:00,0022600410,20261221/PHICHA,1,7:00 pm ET,1,2026-12-21T00:00:00Z,1900-01-01T19:00:00Z,2026-12-21T19:00:00Z,2026-12-21T05:00:00Z,1900-01-01T00:00:00Z,2026-12-22T00:00:00Z,2026-12-21T19:00:00Z,2026-12-21T19:00:00Z,Mon,12,10,Week 10,false,,,,,Spectrum Center,NC,Charlotte,N,,,False,1610612766,Hornets,Charlotte,CHA,hornets,0,0,0,0,1610612755,76ers,Philadelphia,PHI,sixers,0,0,0,0,,,,,,,,,,,,,,,,,,,,,,,,,,,,,,,,,,natl,radio,1001098,SiriusXM,SiriusXM,,,https://www.siriusxm.com/sports/nba,-1,,,,,,,,,,,,,,,,,,,,,,,,,,,,,,,,,,,,,,,,,,,,,,,,,,,,,,,,,,,,,,,,,,,,
00,2026-27,12/21/2026 00:00:00,0022600411,20261221/NYKCLE,1,7:00 pm ET,2,2026-12-21T00:00:00Z,1900-01-01T19:00:00Z,2026-12-21T19:00:00Z,2026-12-21T05:00:00Z,1900-01-01T00:00:00Z,2026-12-22T00:00:00Z,2026-12-21T19:00:00Z,2026-12-21T19:00:00Z,Mon,12,10,Week 10,false,,,,,Rocket Arena,OH,Cleveland,N,,,False,1610612739,Cavaliers,Cleveland,CLE,cavaliers,0,0,0,0,1610612752,Knicks,New York,NYK,knicks,0,0,0,0,natl,tv,1001453.0,Peacock,Peacock,,,https://www.peacocktv.com/sports/nba?cid=2508sptnbaexterndinapplk26427&utm_campaign=2508sptnba&utm_source=nba_nba_nba&utm_medium=ernd_inapplk_acq_inapbnr&utm_term=nbafans&utm_content=nbaapplinks,-1.0,3.0,,natl,tv,1001488.0,NBC Sports Network,NBCSN,,,,-1.0,7.0,National,,,,,,,,,,,,natl,radio,1001098,SiriusXM,SiriusXM,,,https://www.siriusxm.com/sports/nba,-1,,,,,,,,,,,,,,,,,,,,,,,,,,,,,,,,,,,,,,,,,,,,,,,,,,,,,,,,,,,,,,,,,,,,
00,2026-27,12/21/2026 00:00:00,0022600412,20261221/SACORL,1,7:00 pm ET,3,2026-12-21T00:00:00Z,1900-01-01T19:00:00Z,2026-12-21T19:00:00Z,2026-12-21T05:00:00Z,1900-01-01T00:00:00Z,2026-12-22T00:00:00Z,2026-12-21T16:00:00Z,2026-12-21T19:00:00Z,Mon,12,10,Week 10,false,,,,,Kia Center,FL,Orlando,N,,,False,1610612753,Magic,Orlando,ORL,magic,0,0,0,0,1610612758,Kings,Sacramento,SAC,kings,0,0,0,0,,,,,,,,,,,,,,,,,,,,,,,,,,,,,,,,,,natl,radio,1001098,SiriusXM,SiriusXM,,,https://www.siriusxm.com/sports/nba,-1,,,,,,,,,,,,,,,,,,,,,,,,,,,,,,,,,,,,,,,,,,,,,,,away,tv,1027.0,NBCSCA,NBCSCA,,,,1610612758.0,,,,,,,,,,,,,
00,2026-27,12/21/2026 00:00:00,0022600413,20261221/PORBKN,1,7:30 pm ET,4,2026-12-21T00:00:00Z,1900-01-01T19:30:00Z,2026-12-21T19:30:00Z,2026-12-21T05:00:00Z,1900-01-01T00:30:00Z,2026-12-22T00:30:00Z,2026-12-21T16:30:00Z,2026-12-21T19:30:00Z,Mon,12,10,Week 10,false,,,,,Barclays Center,NY,Brooklyn,N,,,False,1610612751,Nets,Brooklyn,BKN,nets,0,0,0,0,1610612757,Trail Blazers,Portland,POR,blazers,0,0,0,0,,,,,,,,,,,,,,,,,,,,,,,,,,,,,,,,,,natl,radio,1001098,SiriusXM,SiriusXM,,,https://www.siriusxm.com/sports/nba,-1,,,,,,,,,,,,,,home,tv,175.0,DAZN (YES),YES,,,,1610612751.0,,,,,,,,,,,,,,,,,,,,,,,,,away,tv,1001196.0,KUNP,KUNP,,,,1610612757.0,,,away,radio,1472.0,Rip City Radio 620,KPOJ,,,,1610612757.0,,
00,2026-27,12/21/2026 00:00:00,0022600414,20261221/CHIMIA,1,7:30 pm ET,5,2026-12-21T00:00:00Z,1900-01-01T19:30:00Z,2026-12-21T19:30:00Z,2026-12-21T05:00:00Z,1900-01-01T00:30:00Z,2026-12-22T00:30:00Z,2026-12-21T18:30:00Z,2026-12-21T19:30:00Z,Mon,12,10,Week 10,false,,,,,Kaseya Center,FL,Miami,N,,,False,1610612748,Heat,Miami,MIA,heat,0,0,0,0,1610612741,Bulls,Chicago,CHI,bulls,0,0,0,0,,,,,,,,,,,,,,,,,,,,,,,,,,,,,,,,,,natl,radio,1001098,SiriusXM,SiriusXM,,,https://www.siriusxm.com/sports/nba,-1,,,,,,,,,,,,,,home,tv,1001720.0,WPLG Local 10,WPLG,,,https://local10plusplatinum.maz.tv/open?deeplink=local10platinum://item/3776211-3882966?item=44d4cc7fbb9f4bd72cf272489b39eadf-3742525-3848761,1610612748.0,,,,,,,,,,,,,,home,radio,1001523.0,FM 104.3 WQAM / S: WAQI 710,WQAM-FM/WAQI,,,,1610612748.0,,,,,,,,,,,,,,,,,,,,,,,,
00,2026-27,12/21/2026 00:00:00,0022600415,20261221/PHXMIN,1,8:00 pm ET,6,2026-12-21T00:00:00Z,1900-01-01T20:00:00Z,2026-12-21T20:00:00Z,2026-12-21T05:00:00Z,1900-01-01T01:00:00Z,2026-12-22T01:00:00Z,2026-12-21T18:00:00Z,2026-12-21T19:00:00Z,Mon,12,10,Week 10,false,,,,,Target Center,MN,Minneapolis,N,,,False,1610612750,Timberwolves,Minnesota,MIN,timberwolves,0,0,0,0,1610612756,Suns,Phoenix,PHX,suns,0,0,0,0,,,,,,,,,,,,,,,,,,,,,,,,,,,,,,,,,,natl,radio,1001098,SiriusXM,SiriusXM,,,https://www.siriusxm.com/sports/nba,-1,,,,,,,,,,,,,,,,,,,,,,,,,,,,,,,,,,,,,,,,,,,,,,,,,,,,,,,,,,,,,,,,,,,,
00,2026-27,12/21/2026 00:00:00,0022600416,20261221/MEMNOP,1,8:00 pm ET,7,2026-12-21T00:00:00Z,1900-01-01T20:00:00Z,2026-12-21T20:00:00Z,2026-12-21T05:00:00Z,1900-01-01T01:00:00Z,2026-12-22T01:00:00Z,2026-12-21T19:00:00Z,2026-12-21T19:00:00Z,Mon,12,10,Week 10,false,,,,,Smoothie King Center,LA,New Orleans,N,,,False,1610612740,Pelicans,New Orleans,NOP,pelicans,0,0,0,0,1610612763,Grizzlies,Memphis,MEM,grizzlies,0,0,0,0,,,,,,,,,,,,,,,,,,,,,,,,,,,,,,,,,,natl,radio,1001098,SiriusXM,SiriusXM,,,https://www.siriusxm.com/sports/nba,-1,,,,,,,,,,,,,,,,,,,,,,,,,,,,,,,,,,,,,,,,,,,,,,,,,,,,,,,,,,,,,,,,,,,,
00,2026-27,12/21/2026 00:00:00,0022600417,20261221/MILSAS,1,8:00 pm ET,8,2026-12-21T00:00:00Z,1900-01-01T20:00:00Z,2026-12-21T20:00:00Z,2026-12-21T05:00:00Z,1900-01-01T01:00:00Z,2026-12-22T01:00:00Z,2026-12-21T19:00:00Z,2026-12-21T19:00:00Z,Mon,12,10,Week 10,false,,,,,Frost Bank Center,TX,San Antonio,N,,,False,1610612759,Spurs,San Antonio,SAS,spurs,0,0,0,0,1610612749,Bucks,Milwaukee,MIL,bucks,0,0,0,0,,,,,,,,,,,,,,,,,,,,,,,,,,,,,,,,,,natl,radio,1001098,SiriusXM,SiriusXM,,,https://www.siriusxm.com/sports/nba,-1,,,,,,,,,,,,,,,,,,,,,,,,,,,,,,,,,,,,,,,,,,,,,,,,,,,,,,,,,,,,,,,,,,,,
00,2026-27,12/21/2026 00:00:00,0022600418,20261221/INDLAL,1,10:00 pm ET,9,2026-12-21T00:00:00Z,1900-01-01T22:00:00Z,2026-12-21T22:00:00Z,2026-12-21T05:00:00Z,1900-01-01T03:00:00Z,2026-12-22T03:00:00Z,2026-12-21T22:00:00Z,2026-12-21T19:00:00Z,Mon,12,10,Week 10,false,,,,,Crypto.com Arena,CA,Los Angeles,N,,,False,1610612747,Lakers,Los Angeles,LAL,lakers,0,0,0,0,1610612754,Pacers,Indiana,IND,pacers,0,0,0,0,natl,tv,7.0,NBA TV,NBA TV,Watch with League Pass or your TV subscription,,,-1.0,,,,,,,,,,,,,,,,,,,,,,,,,natl,radio,1001098,SiriusXM,SiriusXM,,,https://www.siriusxm.com/sports/nba,-1,,,,,,,,,,,,,,home,tv,1651.0,Spectrum SportsNet,SPECSN,,,,1610612747.0,,,,,,,,,,,,,,home,radio,1001605.0,ESPN LA 710/980 KFWB,KSPN/KFWB,,,,1610612747.0,,,,,,,,,,,,,,,,,,,,,,,,
00,2026-27,12/21/2026 00:00:00,0022600419,20261221/DENLAC,1,10:30 pm ET,10,2026-12-21T00:00:00Z,1900-01-01T22:30:00Z,2026-12-21T22:30:00Z,2026-12-21T05:00:00Z,1900-01-01T03:30:00Z,2026-12-22T03:30:00Z,2026-12-21T20:30:00Z,2026-12-21T19:30:00Z,Mon,12,10,Week 10,false,,,,,Intuit Dome,CA,Inglewood,N,,,False,1610612746,Clippers,LA,LAC,clippers,0,0,0,0,1610612743,Nuggets,Denver,DEN,nuggets,0,0,0,0,,,,,,,,,,,,,,,,,,,,,,,,,,,,,,,,,,natl,radio,1001098,SiriusXM,SiriusXM,,,https://www.siriusxm.com/sports/nba,-1,,,,,,,,,,,,,,,,,,,,,,,,,,,,,,,,,,,,,,,,,,,,,,,,,,,,,,,,,,,,,,,,,,,,
00,2026-27,12/22/2026 00:00:00,0022600420,20261222/TORWAS,1,7:00 pm ET,1,2026-12-22T00:00:00Z,1900-01-01T19:00:00Z,2026-12-22T19:00:00Z,2026-12-22T05:00:00Z,1900-01-01T00:00:00Z,2026-12-23T00:00:00Z,2026-12-22T19:00:00Z,2026-12-22T19:00:00Z,Tue,12,10,Week 10,false,,,,,Capital One Arena,DC,Washington,N,,,False,1610612764,Wizards,Washington,WAS,wizards,0,0,0,0,1610612761,Raptors,Toronto,TOR,raptors,0,0,0,0,,,,,,,,,,,,,,,,,,,,,,,,,,,,,,,,,,natl,radio,1001098,SiriusXM,SiriusXM,,,https://www.siriusxm.com/sports/nba,-1,,,,,,,,,,,,,,,,,,,,,,,,,,,,,,,,,,,,,,,,,,,,,,,,,,,,,,,,,,,,,,,,,,,,
00,2026-27,12/22/2026 00:00:00,0022600421,20261222/DETOKC,1,8:00 pm ET,2,2026-12-22T00:00:00Z,1900-01-01T20:00:00Z,2026-12-22T20:00:00Z,2026-12-22T05:00:00Z,1900-01-01T01:00:00Z,2026-12-23T01:00:00Z,2026-12-22T20:00:00Z,2026-12-22T19:00:00Z,Tue,12,10,Week 10,false,,,,,Paycom Center,OK,Oklahoma City,N,,,False,1610612760,Thunder,Oklahoma City,OKC,thunder,0,0,0,0,1610612765,Pistons,Detroit,DET,pistons,0,0,0,0,natl,tv,1001452.0,NBC,NBC,,,,-1.0,5.0,National,natl,tv,1001453.0,Peacock,Peacock,,,https://www.peacocktv.com/sports/nba?cid=2508sptnbaexterndinapplk26427&utm_campaign=2508sptnba&utm_source=nba_nba_nba&utm_medium=ernd_inapplk_acq_inapbnr&utm_term=nbafans&utm_content=nbaapplinks,-1.0,3.0,,,,,,,,,,,,,natl,radio,1001098,SiriusXM,SiriusXM,,,https://www.siriusxm.com/sports/nba,-1,,,,,,,,,,,,,,,,,,,,,,,,,,,,,,,,,,,,,,,,,,,,,,,,,,,,,,,,,,,,,,,,,,,,
00,2026-27,12/22/2026 00:00:00,0022600422,20261222/DALGSW,1,10:30 pm ET,3,2026-12-22T00:00:00Z,1900-01-01T22:30:00Z,2026-12-22T22:30:00Z,2026-12-22T05:00:00Z,1900-01-01T03:30:00Z,2026-12-23T03:30:00Z,2026-12-22T21:30:00Z,2026-12-22T19:30:00Z,Tue,12,10,Week 10,false,,,,,Chase Center,CA,San Francisco,N,,,False,1610612744,Warriors,Golden State,GSW,warriors,0,0,0,0,1610612742,Mavericks,Dallas,DAL,mavericks,0,0,0,0,natl,tv,1001452.0,NBC,NBC,,,,-1.0,5.0,National,natl,tv,1001453.0,Peacock,Peacock,,,https://www.peacocktv.com/sports/nba?cid=2508sptnbaexterndinapplk26427&utm_campaign=2508sptnba&utm_source=nba_nba_nba&utm_medium=ernd_inapplk_acq_inapbnr&utm_term=nbafans&utm_content=nbaapplinks,-1.0,3.0,,,,,,,,,,,,,natl,radio,1001098,SiriusXM,SiriusXM,,,https://www.siriusxm.com/sports/nba,-1,,,,,,,,,,,,,,home,tv,1097.0,NBCSBA,NBCSBA,,,,1610612744.0,,,,,,,,,,,,,,,,,,,,,,,,,,,,,,,,,,,,,,,,,,,,,,
00,2026-27,12/23/2026 00:00:00,0022600423,20261223/DETATL,1,7:00 pm ET,1,2026-12-23T00:00:00Z,1900-01-01T19:00:00Z,2026-12-23T19:00:00Z,2026-12-23T05:00:00Z,1900-01-01T00:00:00Z,2026-12-24T00:00:00Z,2026-12-23T19:00:00Z,2026-12-23T19:00:00Z,Wed,12,10,Week 10,false,,,,,State Farm Arena,GA,Atlanta,N,,,False,1610612737,Hawks,Atlanta,ATL,hawks,0,0,0,0,1610612765,Pistons,Detroit,DET,pistons,0,0,0,0,,,,,,,,,,,,,,,,,,,,,,,,,,,,,,,,,,natl,radio,1001098,SiriusXM,SiriusXM,,,https://www.siriusxm.com/sports/nba,-1,,,,,,,,,,,,,,,,,,,,,,,,,,,,,,,,,,,,,,,,,,,,,,,,,,,,,,,,,,,,,,,,,,,,
00,2026-27,12/23/2026 00:00:00,0022600424,20261223/CHAORL,1,7:00 pm ET,2,2026-12-23T00:00:00Z,1900-01-01T19:00:00Z,2026-12-23T19:00:00Z,2026-12-23T05:00:00Z,1900-01-01T00:00:00Z,2026-12-24T00:00:00Z,2026-12-23T19:00:00Z,2026-12-23T19:00:00Z,Wed,12,10,Week 10,false,,,,,Kia Center,FL,Orlando,N,,,False,1610612753,Magic,Orlando,ORL,magic,0,0,0,0,1610612766,Hornets,Charlotte,CHA,hornets,0,0,0,0,,,,,,,,,,,,,,,,,,,,,,,,,,,,,,,,,,natl,radio,1001098,SiriusXM,SiriusXM,,,https://www.siriusxm.com/sports/nba,-1,,,,,,,,,,,,,,,,,,,,,,,,,,,,,,,,,,,,,,,,,,,,,,,,,,,,,,,,,,,,,,,,,,,,
00,2026-27,12/23/2026 00:00:00,0022600425,20261223/CLEWAS,1,7:00 pm ET,3,2026-12-23T00:00:00Z,1900-01-01T19:00:00Z,2026-12-23T19:00:00Z,2026-12-23T05:00:00Z,1900-01-01T00:00:00Z,2026-12-24T00:00:00Z,2026-12-23T19:00:00Z,2026-12-23T19:00:00Z,Wed,12,10,Week 10,false,,,,,Capital One Arena,DC,Washington,N,,,False,1610612764,Wizards,Washington,WAS,wizards,0,0,0,0,1610612739,Cavaliers,Cleveland,CLE,cavaliers,0,0,0,0,,,,,,,,,,,,,,,,,,,,,,,,,,,,,,,,,,natl,radio,1001098,SiriusXM,SiriusXM,,,https://www.siriusxm.com/sports/nba,-1,,,,,,,,,,,,,,,,,,,,,,,,,,,,,,,,,,,,,,,,,,,,,,,,,,,,,,,,,,,,,,,,,,,,
00,2026-27,12/23/2026 00:00:00,0022600426,20261223/PORBOS,1,7:30 pm ET,4,2026-12-23T00:00:00Z,1900-01-01T19:30:00Z,2026-12-23T19:30:00Z,2026-12-23T05:00:00Z,1900-01-01T00:30:00Z,2026-12-24T00:30:00Z,2026-12-23T16:30:00Z,2026-12-23T19:30:00Z,Wed,12,10,Week 10,false,,,,,TD Garden,MA,Boston,N,,,False,1610612738,Celtics,Boston,BOS,celtics,0,0,0,0,1610612757,Trail Blazers,Portland,POR,blazers,0,0,0,0,,,,,,,,,,,,,,,,,,,,,,,,,,,,,,,,,,natl,radio,1001098,SiriusXM,SiriusXM,,,https://www.siriusxm.com/sports/nba,-1,,,,,,,,,,,,,,home,tv,1658.0,NBC SPORTS BOSTON,NBCSB,,,,1610612738.0,,,,,,,,,,,,,,,,,,,,,,,,,away,tv,1001507.0,KATU ABC 2/KUNP,KATU/KUNP,,,,1610612757.0,,,away,radio,1472.0,Rip City Radio 620,KPOJ,,,,1610612757.0,,
00,2026-27,12/23/2026 00:00:00,0022600427,20261223/SASBKN,1,7:30 pm ET,5,2026-12-23T00:00:00Z,1900-01-01T19:30:00Z,2026-12-23T19:30:00Z,2026-12-23T05:00:00Z,1900-01-01T00:30:00Z,2026-12-24T00:30:00Z,2026-12-23T18:30:00Z,2026-12-23T19:30:00Z,Wed,12,10,Week 10,false,,,,,Barclays Center,NY,Brooklyn,N,,,False,1610612751,Nets,Brooklyn,BKN,nets,0,0,0,0,1610612759,Spurs,San Antonio,SAS,spurs,0,0,0,0,,,,,,,,,,,,,,,,,,,,,,,,,,,,,,,,,,natl,radio,1001098,SiriusXM,SiriusXM,,,https://www.siriusxm.com/sports/nba,-1,,,,,,,,,,,,,,home,tv,175.0,DAZN (YES),YES,,,,1610612751.0,,,,,,,,,,,,,,,,,,,,,,,,,,,,,,,,,,,,,,,,,,,,,,
00,2026-27,12/23/2026 00:00:00,0022600428,20261223/CHIMIA,1,7:30 pm ET,6,2026-12-23T00:00:00Z,1900-01-01T19:30:00Z,2026-12-23T19:30:00Z,2026-12-23T05:00:00Z,1900-01-01T00:30:00Z,2026-12-24T00:30:00Z,2026-12-23T18:30:00Z,2026-12-23T19:30:00Z,Wed,12,10,Week 10,false,,,,,Kaseya Center,FL,Miami,N,,,False,1610612748,Heat,Miami,MIA,heat,0,0,0,0,1610612741,Bulls,Chicago,CHI,bulls,0,0,0,0,,,,,,,,,,,,,,,,,,,,,,,,,,,,,,,,,,natl,radio,1001098,SiriusXM,SiriusXM,,,https://www.siriusxm.com/sports/nba,-1,,,,,,,,,,,,,,home,tv,1001720.0,WPLG Local 10,WPLG,,,https://local10plusplatinum.maz.tv/open?deeplink=local10platinum://item/3776211-3882966?item=44d4cc7fbb9f4bd72cf272489b39eadf-3742525-3848761,1610612748.0,,,,,,,,,,,,,,home,radio,1001523.0,FM 104.3 WQAM / S: WAQI 710,WQAM-FM/WAQI,,,,1610612748.0,,,,,,,,,,,,,,,,,,,,,,,,
00,2026-27,12/23/2026 00:00:00,0022600429,20261223/UTANYK,1,7:30 pm ET,7,2026-12-23T00:00:00Z,1900-01-01T19:30:00Z,2026-12-23T19:30:00Z,2026-12-23T05:00:00Z,1900-01-01T00:30:00Z,2026-12-24T00:30:00Z,2026-12-23T17:30:00Z,2026-12-23T19:30:00Z,Wed,12,10,Week 10,false,,,,,Madison Square Garden,NY,New York,N,,,False,1610612752,Knicks,New York,NYK,knicks,0,0,0,0,1610612762,Jazz,Utah,UTA,jazz,0,0,0,0,,,,,,,,,,,,,,,,,,,,,,,,,,,,,,,,,,natl,radio,1001098,SiriusXM,SiriusXM,,,https://www.siriusxm.com/sports/nba,-1,,,,,,,,,,,,,,,,,,,,,,,,,,,,,,,,,,,,,,,,,,,,,,,,,,,,,,,,,,,,,,,,,,,,
00,2026-27,12/23/2026 00:00:00,0022600430,20261223/HOUPHI,1,7:30 pm ET,8,2026-12-23T00:00:00Z,1900-01-01T19:30:00Z,2026-12-23T19:30:00Z,2026-12-23T05:00:00Z,1900-01-01T00:30:00Z,2026-12-24T00:30:00Z,2026-12-23T18:30:00Z,2026-12-23T19:30:00Z,Wed,12,10,Week 10,false,,,,,Xfinity Mobile Arena,PA,Philadelphia,N,,,False,1610612755,76ers,Philadelphia,PHI,sixers,0,0,0,0,1610612745,Rockets,Houston,HOU,rockets,0,0,0,0,natl,tv,1000664.0,Prime Video,Amazon,,,https://www.amazon.com/gp/video/tournament/amzn1.dv.icid.cf75b42a-68cd-4a1c-993a-a0b3f0575c5f?jic=20%7CCgZTcG9ydHMSA2FsbA%3D%3D&ref_=atv_hm_spo_c_7a7vxF_4_6,-1.0,4.0,,,,,,,,,,,,,,,,,,,,,,,,natl,radio,1001098,SiriusXM,SiriusXM,,,https://www.siriusxm.com/sports/nba,-1,,,,,,,,,,,,,,,,,,,,,,,,,,,,,,,,,,,,,,,,,,,,,,,,,,,,,,,,,,,,,,,,,,,,
00,2026-27,12/23/2026 00:00:00,0022600431,20261223/TORMEM,1,8:00 pm ET,9,2026-12-23T00:00:00Z,1900-01-01T20:00:00Z,2026-12-23T20:00:00Z,2026-12-23T05:00:00Z,1900-01-01T01:00:00Z,2026-12-24T01:00:00Z,2026-12-23T20:00:00Z,2026-12-23T19:00:00Z,Wed,12,10,Week 10,false,,,,,FedExForum,TN,Memphis,N,,,False,1610612763,Grizzlies,Memphis,MEM,grizzlies,0,0,0,0,1610612761,Raptors,Toronto,TOR,raptors,0,0,0,0,,,,,,,,,,,,,,,,,,,,,,,,,,,,,,,,,,natl,radio,1001098,SiriusXM,SiriusXM,,,https://www.siriusxm.com/sports/nba,-1,,,,,,,,,,,,,,,,,,,,,,,,,,,,,,,,,,,,,,,,,,,,,,,,,,,,,,,,,,,,,,,,,,,,
00,2026-27,12/23/2026 00:00:00,0022600432,20261223/MINMIL,1,8:00 pm ET,10,2026-12-23T00:00:00Z,1900-01-01T20:00:00Z,2026-12-23T20:00:00Z,2026-12-23T05:00:00Z,1900-01-01T01:00:00Z,2026-12-24T01:00:00Z,2026-12-23T19:00:00Z,2026-12-23T19:00:00Z,Wed,12,10,Week 10,false,,,,,Fiserv Forum,WI,Milwaukee,N,,,False,1610612749,Bucks,Milwaukee,MIL,bucks,0,0,0,0,1610612750,Timberwolves,Minnesota,MIN,timberwolves,0,0,0,0,,,,,,,,,,,,,,,,,,,,,,,,,,,,,,,,,,natl,radio,1001098,SiriusXM,SiriusXM,,,https://www.siriusxm.com/sports/nba,-1,,,,,,,,,,,,,,,,,,,,,,,,,,,,,,,,,,,,,,,,,,,,,,,,,,,,,,,,,,,,,,,,,,,,
00,2026-27,12/23/2026 00:00:00,0022600433,20261223/OKCNOP,1,8:00 pm ET,11,2026-12-23T00:00:00Z,1900-01-01T20:00:00Z,2026-12-23T20:00:00Z,2026-12-23T05:00:00Z,1900-01-01T01:00:00Z,2026-12-24T01:00:00Z,2026-12-23T19:00:00Z,2026-12-23T19:00:00Z,Wed,12,10,Week 10,false,,,,,Smoothie King Center,LA,New Orleans,N,,,False,1610612740,Pelicans,New Orleans,NOP,pelicans,0,0,0,0,1610612760,Thunder,Oklahoma City,OKC,thunder,0,0,0,0,,,,,,,,,,,,,,,,,,,,,,,,,,,,,,,,,,natl,radio,1001098,SiriusXM,SiriusXM,,,https://www.siriusxm.com/sports/nba,-1,,,,,,,,,,,,,,,,,,,,,,,,,,,,,,,,,,,,,,,,,,,,,,,,,,,,,,,,,,,,,,,,,,,,
00,2026-27,12/23/2026 00:00:00,0022600434,20261223/INDPHX,1,9:00 pm ET,12,2026-12-23T00:00:00Z,1900-01-01T21:00:00Z,2026-12-23T21:00:00Z,2026-12-23T05:00:00Z,1900-01-01T02:00:00Z,2026-12-24T02:00:00Z,2026-12-23T21:00:00Z,2026-12-23T19:00:00Z,Wed,12,10,Week 10,false,,,,,Mortgage Matchup Center,AZ,Phoenix,N,,,False,1610612756,Suns,Phoenix,PHX,suns,0,0,0,0,1610612754,Pacers,Indiana,IND,pacers,0,0,0,0,,,,,,,,,,,,,,,,,,,,,,,,,,,,,,,,,,natl,radio,1001098,SiriusXM,SiriusXM,,,https://www.siriusxm.com/sports/nba,-1,,,,,,,,,,,,,,,,,,,,,,,,,,,,,,,,,,,,,,,,,,,,,,,,,,,,,,,,,,,,,,,,,,,,
00,2026-27,12/23/2026 00:00:00,0022600435,20261223/DENLAL,1,10:00 pm ET,13,2026-12-23T00:00:00Z,1900-01-01T22:00:00Z,2026-12-23T22:00:00Z,2026-12-23T05:00:00Z,1900-01-01T03:00:00Z,2026-12-24T03:00:00Z,2026-12-23T20:00:00Z,2026-12-23T19:00:00Z,Wed,12,10,Week 10,false,,,,,Crypto.com Arena,CA,Los Angeles,N,,,False,1610612747,Lakers,Los Angeles,LAL,lakers,0,0,0,0,1610612743,Nuggets,Denver,DEN,nuggets,0,0,0,0,natl,tv,1000664.0,Prime Video,Amazon,,,https://www.amazon.com/gp/video/tournament/amzn1.dv.icid.cf75b42a-68cd-4a1c-993a-a0b3f0575c5f?jic=20%7CCgZTcG9ydHMSA2FsbA%3D%3D&ref_=atv_hm_spo_c_7a7vxF_4_6,-1.0,4.0,,,,,,,,,,,,,,,,,,,,,,,,natl,radio,1001098,SiriusXM,SiriusXM,,,https://www.siriusxm.com/sports/nba,-1,,,,,,,,,,,,,,home,tv,1651.0,Spectrum SportsNet,SPECSN,,,,1610612747.0,,,,,,,,,,,,,,home,radio,1001605.0,ESPN LA 710/980 KFWB,KSPN/KFWB,,,,1610612747.0,,,,,,,,,,,,,,,,,,,,,,,,
00,2026-27,12/23/2026 00:00:00,0022600436,20261223/DALSAC,1,10:00 pm ET,14,2026-12-23T00:00:00Z,1900-01-01T22:00:00Z,2026-12-23T22:00:00Z,2026-12-23T05:00:00Z,1900-01-01T03:00:00Z,2026-12-24T03:00:00Z,2026-12-23T21:00:00Z,2026-12-23T19:00:00Z,Wed,12,10,Week 10,false,,,,,Golden 1 Center,CA,Sacramento,N,,,False,1610612758,Kings,Sacramento,SAC,kings,0,0,0,0,1610612742,Mavericks,Dallas,DAL,mavericks,0,0,0,0,,,,,,,,,,,,,,,,,,,,,,,,,,,,,,,,,,natl,radio,1001098,SiriusXM,SiriusXM,,,https://www.siriusxm.com/sports/nba,-1,,,,,,,,,,,,,,home,tv,1027.0,NBCSCA,NBCSCA,,,,1610612758.0,,,,,,,,,,,,,,,,,,,,,,,,,,,,,,,,,,,,,,,,,,,,,,
00,2026-27,12/23/2026 00:00:00,0022600437,20261223/GSWLAC,1,10:30 pm ET,15,2026-12-23T00:00:00Z,1900-01-01T22:30:00Z,2026-12-23T22:30:00Z,2026-12-23T05:00:00Z,1900-01-01T03:30:00Z,2026-12-24T03:30:00Z,2026-12-23T19:30:00Z,2026-12-23T19:30:00Z,Wed,12,10,Week 10,false,,,,,Intuit Dome,CA,Inglewood,N,,,False,1610612746,Clippers,LA,LAC,clippers,0,0,0,0,1610612744,Warriors,Golden State,GSW,warriors,0,0,0,0,,,,,,,,,,,,,,,,,,,,,,,,,,,,,,,,,,natl,radio,1001098,SiriusXM,SiriusXM,,,https://www.siriusxm.com/sports/nba,-1,,,,,,,,,,,,,,,,,,,,,,,,,,,,,,,,,,,,,,,,,,,,,,,away,tv,1097.0,NBCSBA,NBCSBA,,,,1610612744.0,,,,,,,,,,,,,
00,2026-27,12/25/2026 00:00:00,0022600010,20261225/SASNYK,1,12:00 pm ET,1,2026-12-25T00:00:00Z,1900-01-01T12:00:00Z,2026-12-25T12:00:00Z,2026-12-25T05:00:00Z,1900-01-01T17:00:00Z,2026-12-25T17:00:00Z,2026-12-25T11:00:00Z,2026-12-25T12:00:00Z,Fri,12,10,Week 10,false,,,,,Madison Square Garden,NY,New York,N,,,False,1610612752,Knicks,New York,NYK,knicks,0,0,0,0,1610612759,Spurs,San Antonio,SAS,spurs,0,0,0,0,natl,tv,1.0,ABC,ABC,,,https://www.espn.com/watch/catalog/7b3729c9-7f69-308a-bf8a-ee15a6aba154/nba#bucketId=29446&sourceCollection=Featured_Sports_ ,-1.0,1.0,,natl,tv,2.0,ESPN,ESPN,,,https://www.espn.com/watch/catalog/7b3729c9-7f69-308a-bf8a-ee15a6aba154/nba#bucketId=29446&sourceCollection=Featured_Sports_ ,-1.0,2.0,,,,,,,,,,,,,natl,radio,3,ESPN Radio,ESPNR,,,,-1,,,natl,radio,1001098.0,SiriusXM,SiriusXM,,,https://www.siriusxm.com/sports/nba,-1.0,,,,,,,,,,,,,,,,,,,,,,,,,,,,,,,,,,,,,,,,,,,,,,,,,,,,,,,,,
00,2026-27,12/25/2026 00:00:00,0022600011,20261225/MIABOS,1,2:30 pm ET,2,2026-12-25T00:00:00Z,1900-01-01T14:30:00Z,2026-12-25T14:30:00Z,2026-12-25T05:00:00Z,1900-01-01T19:30:00Z,2026-12-25T19:30:00Z,2026-12-25T14:30:00Z,2026-12-25T14:30:00Z,Fri,12,10,Week 10,false,,,,,TD Garden,MA,Boston,N,,,False,1610612738,Celtics,Boston,BOS,celtics,0,0,0,0,1610612748,Heat,Miami,MIA,heat,0,0,0,0,natl,tv,1.0,ABC,ABC,,,https://www.espn.com/watch/catalog/7b3729c9-7f69-308a-bf8a-ee15a6aba154/nba#bucketId=29446&sourceCollection=Featured_Sports_ ,-1.0,1.0,,natl,tv,2.0,ESPN,ESPN,,,https://www.espn.com/watch/catalog/7b3729c9-7f69-308a-bf8a-ee15a6aba154/nba#bucketId=29446&sourceCollection=Featured_Sports_ ,-1.0,2.0,,,,,,,,,,,,,natl,radio,3,ESPN Radio,ESPNR,,,,-1,,,natl,radio,1001098.0,SiriusXM,SiriusXM,,,https://www.siriusxm.com/sports/nba,-1.0,,,,,,,,,,,,,,,,,,,,,,,,,,,,,,,,,,,,,,,,,,,,,,,away,radio,1001523.0,FM 104.3 WQAM / S: WAQI 710,WQAM-FM/WAQI,,,,1610612748.0,,
00,2026-27,12/25/2026 00:00:00,0022600012,20261225/PHILAL,1,5:00 pm ET,3,2026-12-25T00:00:00Z,1900-01-01T17:00:00Z,2026-12-25T17:00:00Z,2026-12-25T05:00:00Z,1900-01-01T22:00:00Z,2026-12-25T22:00:00Z,2026-12-25T17:00:00Z,2026-12-25T14:00:00Z,Fri,12,10,Week 10,false,,,,,Crypto.com Arena,CA,Los Angeles,N,,,False,1610612747,Lakers,Los Angeles,LAL,lakers,0,0,0,0,1610612755,76ers,Philadelphia,PHI,sixers,0,0,0,0,natl,tv,1.0,ABC,ABC,,,https://www.espn.com/watch/catalog/7b3729c9-7f69-308a-bf8a-ee15a6aba154/nba#bucketId=29446&sourceCollection=Featured_Sports_ ,-1.0,1.0,,natl,tv,2.0,ESPN,ESPN,,,https://www.espn.com/watch/catalog/7b3729c9-7f69-308a-bf8a-ee15a6aba154/nba#bucketId=29446&sourceCollection=Featured_Sports_ ,-1.0,2.0,,,,,,,,,,,,,natl,radio,1001098,SiriusXM,SiriusXM,,,https://www.siriusxm.com/sports/nba,-1,,,,,,,,,,,,,,,,,,,,,,,,,,,,,,,,,,,,home,radio,1001605.0,ESPN LA 710/980 KFWB,KSPN/KFWB,,,,1610612747.0,,,,,,,,,,,,,,,,,,,,,,,,
00,2026-27,12/25/2026 00:00:00,0022600013,20261225/OKCMIN,1,8:00 pm ET,4,2026-12-25T00:00:00Z,1900-01-01T20:00:00Z,2026-12-25T20:00:00Z,2026-12-25T05:00:00Z,1900-01-01T01:00:00Z,2026-12-26T01:00:00Z,2026-12-25T19:00:00Z,2026-12-25T19:00:00Z,Fri,12,10,Week 10,false,,,,,Target Center,MN,Minneapolis,N,,,False,1610612750,Timberwolves,Minnesota,MIN,timberwolves,0,0,0,0,1610612760,Thunder,Oklahoma City,OKC,thunder,0,0,0,0,natl,tv,1.0,ABC,ABC,,,https://www.espn.com/watch/catalog/7b3729c9-7f69-308a-bf8a-ee15a6aba154/nba#bucketId=29446&sourceCollection=Featured_Sports_ ,-1.0,1.0,,natl,tv,2.0,ESPN,ESPN,,,https://www.espn.com/watch/catalog/7b3729c9-7f69-308a-bf8a-ee15a6aba154/nba#bucketId=29446&sourceCollection=Featured_Sports_ ,-1.0,2.0,,,,,,,,,,,,,natl,radio,1001098,SiriusXM,SiriusXM,,,https://www.siriusxm.com/sports/nba,-1,,,,,,,,,,,,,,,,,,,,,,,,,,,,,,,,,,,,,,,,,,,,,,,,,,,,,,,,,,,,,,,,,,,,
00,2026-27,12/25/2026 00:00:00,0022600014,20261225/DENGSW,1,10:30 pm ET,5,2026-12-25T00:00:00Z,1900-01-01T22:30:00Z,2026-12-25T22:30:00Z,2026-12-25T05:00:00Z,1900-01-01T03:30:00Z,2026-12-26T03:30:00Z,2026-12-25T20:30:00Z,2026-12-25T19:30:00Z,Fri,12,10,Week 10,false,,,,,Chase Center,CA,San Francisco,N,,,False,1610612744,Warriors,Golden State,GSW,warriors,0,0,0,0,1610612743,Nuggets,Denver,DEN,nuggets,0,0,0,0,natl,tv,1.0,ABC,ABC,,,https://www.espn.com/watch/catalog/7b3729c9-7f69-308a-bf8a-ee15a6aba154/nba#bucketId=29446&sourceCollection=Featured_Sports_ ,-1.0,1.0,,natl,tv,2.0,ESPN,ESPN,,,https://www.espn.com/watch/catalog/7b3729c9-7f69-308a-bf8a-ee15a6aba154/nba#bucketId=29446&sourceCollection=Featured_Sports_ ,-1.0,2.0,,,,,,,,,,,,,natl,radio,1001098,SiriusXM,SiriusXM,,,https://www.siriusxm.com/sports/nba,-1,,,,,,,,,,,,,,,,,,,,,,,,,,,,,,,,,,,,,,,,,,,,,,,,,,,,,,,,,,,,,,,,,,,,
00,2026-27,12/26/2026 00:00:00,0022600438,20261226/PORWAS,1,1:00 pm ET,1,2026-12-26T00:00:00Z,1900-01-01T13:00:00Z,2026-12-26T13:00:00Z,2026-12-26T05:00:00Z,1900-01-01T18:00:00Z,2026-12-26T18:00:00Z,2026-12-26T10:00:00Z,2026-12-26T13:00:00Z,Sat,12,10,Week 10,false,,,,,Capital One Arena,DC,Washington,N,,,False,1610612764,Wizards,Washington,WAS,wizards,0,0,0,0,1610612757,Trail Blazers,Portland,POR,blazers,0,0,0,0,natl,tv,7.0,NBA TV,NBA TV,Watch with League Pass or your TV subscription,,,-1.0,,,,,,,,,,,,,,,,,,,,,,,,,natl,radio,1001098,SiriusXM,SiriusXM,,,https://www.siriusxm.com/sports/nba,-1,,,,,,,,,,,,,,,,,,,,,,,,,,,,,,,,,,,,,,,,,,,,,,,away,tv,1001196.0,KUNP,KUNP,,,,1610612757.0,,,away,radio,1472.0,Rip City Radio 620,KPOJ,,,,1610612757.0,,
00,2026-27,12/26/2026 00:00:00,0022600439,20261226/CHAATL,1,3:30 pm ET,2,2026-12-26T00:00:00Z,1900-01-01T15:30:00Z,2026-12-26T15:30:00Z,2026-12-26T05:00:00Z,1900-01-01T20:30:00Z,2026-12-26T20:30:00Z,2026-12-26T15:30:00Z,2026-12-26T15:30:00Z,Sat,12,10,Week 10,false,,,,,State Farm Arena,GA,Atlanta,N,,,False,1610612737,Hawks,Atlanta,ATL,hawks,0,0,0,0,1610612766,Hornets,Charlotte,CHA,hornets,0,0,0,0,,,,,,,,,,,,,,,,,,,,,,,,,,,,,,,,,,natl,radio,1001098,SiriusXM,SiriusXM,,,https://www.siriusxm.com/sports/nba,-1,,,,,,,,,,,,,,,,,,,,,,,,,,,,,,,,,,,,,,,,,,,,,,,,,,,,,,,,,,,,,,,,,,,,
00,2026-27,12/26/2026 00:00:00,0022600440,20261226/INDUTA,1,5:00 pm ET,3,2026-12-26T00:00:00Z,1900-01-01T17:00:00Z,2026-12-26T17:00:00Z,2026-12-26T05:00:00Z,1900-01-01T22:00:00Z,2026-12-26T22:00:00Z,2026-12-26T17:00:00Z,2026-12-26T15:00:00Z,Sat,12,10,Week 10,false,,,,,Delta Center,UT,Salt Lake City,N,,,False,1610612762,Jazz,Utah,UTA,jazz,0,0,0,0,1610612754,Pacers,Indiana,IND,pacers,0,0,0,0,,,,,,,,,,,,,,,,,,,,,,,,,,,,,,,,,,natl,radio,1001098,SiriusXM,SiriusXM,,,https://www.siriusxm.com/sports/nba,-1,,,,,,,,,,,,,,,,,,,,,,,,,,,,,,,,,,,,,,,,,,,,,,,,,,,,,,,,,,,,,,,,,,,,
00,2026-27,12/26/2026 00:00:00,0022600441,20261226/NOPBKN,1,6:00 pm ET,4,2026-12-26T00:00:00Z,1900-01-01T18:00:00Z,2026-12-26T18:00:00Z,2026-12-26T05:00:00Z,1900-01-01T23:00:00Z,2026-12-26T23:00:00Z,2026-12-26T17:00:00Z,2026-12-26T18:00:00Z,Sat,12,10,Week 10,false,,,,,Barclays Center,NY,Brooklyn,N,,,False,1610612751,Nets,Brooklyn,BKN,nets,0,0,0,0,1610612740,Pelicans,New Orleans,NOP,pelicans,0,0,0,0,,,,,,,,,,,,,,,,,,,,,,,,,,,,,,,,,,natl,radio,1001098,SiriusXM,SiriusXM,,,https://www.siriusxm.com/sports/nba,-1,,,,,,,,,,,,,,home,tv,175.0,DAZN (YES),YES,,,,1610612751.0,,,,,,,,,,,,,,,,,,,,,,,,,,,,,,,,,,,,,,,,,,,,,,
00,2026-27,12/26/2026 00:00:00,0022600442,20261226/TORORL,1,7:00 pm ET,5,2026-12-26T00:00:00Z,1900-01-01T19:00:00Z,2026-12-26T19:00:00Z,2026-12-26T05:00:00Z,1900-01-01T00:00:00Z,2026-12-27T00:00:00Z,2026-12-26T19:00:00Z,2026-12-26T19:00:00Z,Sat,12,10,Week 10,false,,,,,Kia Center,FL,Orlando,N,,,False,1610612753,Magic,Orlando,ORL,magic,0,0,0,0,1610612761,Raptors,Toronto,TOR,raptors,0,0,0,0,,,,,,,,,,,,,,,,,,,,,,,,,,,,,,,,,,natl,radio,1001098,SiriusXM,SiriusXM,,,https://www.siriusxm.com/sports/nba,-1,,,,,,,,,,,,,,,,,,,,,,,,,,,,,,,,,,,,,,,,,,,,,,,,,,,,,,,,,,,,,,,,,,,,
00,2026-27,12/26/2026 00:00:00,0022600443,20261226/DETCHI,1,8:00 pm ET,6,2026-12-26T00:00:00Z,1900-01-01T20:00:00Z,2026-12-26T20:00:00Z,2026-12-26T05:00:00Z,1900-01-01T01:00:00Z,2026-12-27T01:00:00Z,2026-12-26T20:00:00Z,2026-12-26T19:00:00Z,Sat,12,10,Week 10,false,,,,,United Center,IL,Chicago,N,,,False,1610612741,Bulls,Chicago,CHI,bulls,0,0,0,0,1610612765,Pistons,Detroit,DET,pistons,0,0,0,0,,,,,,,,,,,,,,,,,,,,,,,,,,,,,,,,,,natl,radio,1001098,SiriusXM,SiriusXM,,,https://www.siriusxm.com/sports/nba,-1,,,,,,,,,,,,,,,,,,,,,,,,,,,,,,,,,,,,,,,,,,,,,,,,,,,,,,,,,,,,,,,,,,,,
00,2026-27,12/26/2026 00:00:00,0022600444,20261226/PHXDAL,1,8:00 pm ET,7,2026-12-26T00:00:00Z,1900-01-01T20:00:00Z,2026-12-26T20:00:00Z,2026-12-26T05:00:00Z,1900-01-01T01:00:00Z,2026-12-27T01:00:00Z,2026-12-26T18:00:00Z,2026-12-26T19:00:00Z,Sat,12,10,Week 10,false,,,,,American Airlines Center,TX,Dallas,N,,,False,1610612742,Mavericks,Dallas,DAL,mavericks,0,0,0,0,1610612756,Suns,Phoenix,PHX,suns,0,0,0,0,natl,tv,7.0,NBA TV,NBA TV,Watch with League Pass or your TV subscription,,,-1.0,,,,,,,,,,,,,,,,,,,,,,,,,natl,radio,1001098,SiriusXM,SiriusXM,,,https://www.siriusxm.com/sports/nba,-1,,,,,,,,,,,,,,,,,,,,,,,,,,,,,,,,,,,,,,,,,,,,,,,,,,,,,,,,,,,,,,,,,,,,
00,2026-27,12/26/2026 00:00:00,0022600445,20261226/MEMLAC,1,10:30 pm ET,8,2026-12-26T00:00:00Z,1900-01-01T22:30:00Z,2026-12-26T22:30:00Z,2026-12-26T05:00:00Z,1900-01-01T03:30:00Z,2026-12-27T03:30:00Z,2026-12-26T21:30:00Z,2026-12-26T19:30:00Z,Sat,12,10,Week 10,false,,,,,Intuit Dome,CA,Inglewood,N,,,False,1610612746,Clippers,LA,LAC,clippers,0,0,0,0,1610612763,Grizzlies,Memphis,MEM,grizzlies,0,0,0,0,,,,,,,,,,,,,,,,,,,,,,,,,,,,,,,,,,natl,radio,1001098,SiriusXM,SiriusXM,,,https://www.siriusxm.com/sports/nba,-1,,,,,,,,,,,,,,,,,,,,,,,,,,,,,,,,,,,,,,,,,,,,,,,,,,,,,,,,,,,,,,,,,,,,
00,2026-27,12/27/2026 00:00:00,0022600446,20261227/OKCHOU,1,3:30 pm ET,1,2026-12-27T00:00:00Z,1900-01-01T15:30:00Z,2026-12-27T15:30:00Z,2026-12-27T05:00:00Z,1900-01-01T20:30:00Z,2026-12-27T20:30:00Z,2026-12-27T14:30:00Z,2026-12-27T14:30:00Z,Sun,12,10,Week 10,false,,,,,Toyota Center,TX,Houston,N,,,False,1610612745,Rockets,Houston,HOU,rockets,0,0,0,0,1610612760,Thunder,Oklahoma City,OKC,thunder,0,0,0,0,,,,,,,,,,,,,,,,,,,,,,,,,,,,,,,,,,natl,radio,1001098,SiriusXM,SiriusXM,,,https://www.siriusxm.com/sports/nba,-1,,,,,,,,,,,,,,,,,,,,,,,,,,,,,,,,,,,,,,,,,,,,,,,,,,,,,,,,,,,,,,,,,,,,
00,2026-27,12/27/2026 00:00:00,0022600447,20261227/WASCLE,1,6:00 pm ET,2,2026-12-27T00:00:00Z,1900-01-01T18:00:00Z,2026-12-27T18:00:00Z,2026-12-27T05:00:00Z,1900-01-01T23:00:00Z,2026-12-27T23:00:00Z,2026-12-27T18:00:00Z,2026-12-27T18:00:00Z,Sun,12,10,Week 10,false,,,,,Rocket Arena,OH,Cleveland,N,,,False,1610612739,Cavaliers,Cleveland,CLE,cavaliers,0,0,0,0,1610612764,Wizards,Washington,WAS,wizards,0,0,0,0,,,,,,,,,,,,,,,,,,,,,,,,,,,,,,,,,,natl,radio,1001098,SiriusXM,SiriusXM,,,https://www.siriusxm.com/sports/nba,-1,,,,,,,,,,,,,,,,,,,,,,,,,,,,,,,,,,,,,,,,,,,,,,,,,,,,,,,,,,,,,,,,,,,,
00,2026-27,12/27/2026 00:00:00,0022600448,20261227/CHAMIA,1,6:00 pm ET,3,2026-12-27T00:00:00Z,1900-01-01T18:00:00Z,2026-12-27T18:00:00Z,2026-12-27T05:00:00Z,1900-01-01T23:00:00Z,2026-12-27T23:00:00Z,2026-12-27T18:00:00Z,2026-12-27T18:00:00Z,Sun,12,10,Week 10,false,,,,,Kaseya Center,FL,Miami,N,,,False,1610612748,Heat,Miami,MIA,heat,0,0,0,0,1610612766,Hornets,Charlotte,CHA,hornets,0,0,0,0,,,,,,,,,,,,,,,,,,,,,,,,,,,,,,,,,,natl,radio,1001098,SiriusXM,SiriusXM,,,https://www.siriusxm.com/sports/nba,-1,,,,,,,,,,,,,,home,tv,1001720.0,WPLG Local 10,WPLG,,,https://local10plusplatinum.maz.tv/open?deeplink=local10platinum://item/3776211-3882966?item=44d4cc7fbb9f4bd72cf272489b39eadf-3742525-3848761,1610612748.0,,,,,,,,,,,,,,home,radio,1001523.0,FM 104.3 WQAM / S: WAQI 710,WQAM-FM/WAQI,,,,1610612748.0,,,,,,,,,,,,,,,,,,,,,,,,
00,2026-27,12/27/2026 00:00:00,0022600449,20261227/BKNNYK,1,6:00 pm ET,4,2026-12-27T00:00:00Z,1900-01-01T18:00:00Z,2026-12-27T18:00:00Z,2026-12-27T05:00:00Z,1900-01-01T23:00:00Z,2026-12-27T23:00:00Z,2026-12-27T18:00:00Z,2026-12-27T18:00:00Z,Sun,12,10,Week 10,false,,,,,Madison Square Garden,NY,New York,N,,,False,1610612752,Knicks,New York,NYK,knicks,0,0,0,0,1610612751,Nets,Brooklyn,BKN,nets,0,0,0,0,,,,,,,,,,,,,,,,,,,,,,,,,,,,,,,,,,natl,radio,1001098,SiriusXM,SiriusXM,,,https://www.siriusxm.com/sports/nba,-1,,,,,,,,,,,,,,,,,,,,,,,,,,,,,,,,,,,,,,,,,,,,,,,away,tv,175.0,DAZN (YES),YES,,,,1610612751.0,,,,,,,,,,,,,
00,2026-27,12/27/2026 00:00:00,0022600450,20261227/MILORL,1,6:00 pm ET,5,2026-12-27T00:00:00Z,1900-01-01T18:00:00Z,2026-12-27T18:00:00Z,2026-12-27T05:00:00Z,1900-01-01T23:00:00Z,2026-12-27T23:00:00Z,2026-12-27T17:00:00Z,2026-12-27T18:00:00Z,Sun,12,10,Week 10,false,,,,,Kia Center,FL,Orlando,N,,,False,1610612753,Magic,Orlando,ORL,magic,0,0,0,0,1610612749,Bucks,Milwaukee,MIL,bucks,0,0,0,0,,,,,,,,,,,,,,,,,,,,,,,,,,,,,,,,,,natl,radio,1001098,SiriusXM,SiriusXM,,,https://www.siriusxm.com/sports/nba,-1,,,,,,,,,,,,,,,,,,,,,,,,,,,,,,,,,,,,,,,,,,,,,,,,,,,,,,,,,,,,,,,,,,,,
00,2026-27,12/27/2026 00:00:00,0022600451,20261227/UTASAC,1,6:00 pm ET,6,2026-12-27T00:00:00Z,1900-01-01T18:00:00Z,2026-12-27T18:00:00Z,2026-12-27T05:00:00Z,1900-01-01T23:00:00Z,2026-12-27T23:00:00Z,2026-12-27T16:00:00Z,2026-12-27T15:00:00Z,Sun,12,10,Week 10,false,,,,,Golden 1 Center,CA,Sacramento,N,,,False,1610612758,Kings,Sacramento,SAC,kings,0,0,0,0,1610612762,Jazz,Utah,UTA,jazz,0,0,0,0,,,,,,,,,,,,,,,,,,,,,,,,,,,,,,,,,,natl,radio,1001098,SiriusXM,SiriusXM,,,https://www.siriusxm.com/sports/nba,-1,,,,,,,,,,,,,,home,tv,1027.0,NBCSCA,NBCSCA,,,,1610612758.0,,,,,,,,,,,,,,,,,,,,,,,,,,,,,,,,,,,,,,,,,,,,,,
00,2026-27,12/27/2026 00:00:00,0022600452,20261227/PORDET,1,7:00 pm ET,7,2026-12-27T00:00:00Z,1900-01-01T19:00:00Z,2026-12-27T19:00:00Z,2026-12-27T05:00:00Z,1900-01-01T00:00:00Z,2026-12-28T00:00:00Z,2026-12-27T16:00:00Z,2026-12-27T19:00:00Z,Sun,12,10,Week 10,false,,,,,Little Caesars Arena,MI,Detroit,N,,,False,1610612765,Pistons,Detroit,DET,pistons,0,0,0,0,1610612757,Trail Blazers,Portland,POR,blazers,0,0,0,0,,,,,,,,,,,,,,,,,,,,,,,,,,,,,,,,,,natl,radio,1001098,SiriusXM,SiriusXM,,,https://www.siriusxm.com/sports/nba,-1,,,,,,,,,,,,,,,,,,,,,,,,,,,,,,,,,,,,,,,,,,,,,,,away,tv,1001507.0,KATU ABC 2/KUNP,KATU/KUNP,,,,1610612757.0,,,away,radio,1472.0,Rip City Radio 620,KPOJ,,,,1610612757.0,,
00,2026-27,12/27/2026 00:00:00,0022600453,20261227/ATLSAS,1,7:00 pm ET,8,2026-12-27T00:00:00Z,1900-01-01T19:00:00Z,2026-12-27T19:00:00Z,2026-12-27T05:00:00Z,1900-01-01T00:00:00Z,2026-12-28T00:00:00Z,2026-12-27T19:00:00Z,2026-12-27T18:00:00Z,Sun,12,10,Week 10,false,,,,,Frost Bank Center,TX,San Antonio,N,,,False,1610612759,Spurs,San Antonio,SAS,spurs,0,0,0,0,1610612737,Hawks,Atlanta,ATL,hawks,0,0,0,0,,,,,,,,,,,,,,,,,,,,,,,,,,,,,,,,,,natl,radio,1001098,SiriusXM,SiriusXM,,,https://www.siriusxm.com/sports/nba,-1,,,,,,,,,,,,,,,,,,,,,,,,,,,,,,,,,,,,,,,,,,,,,,,,,,,,,,,,,,,,,,,,,,,,
00,2026-27,12/27/2026 00:00:00,0022600454,20261227/INDDEN,1,8:00 pm ET,9,2026-12-27T00:00:00Z,1900-01-01T20:00:00Z,2026-12-27T20:00:00Z,2026-12-27T05:00:00Z,1900-01-01T01:00:00Z,2026-12-28T01:00:00Z,2026-12-27T20:00:00Z,2026-12-27T18:00:00Z,Sun,12,10,Week 10,false,,,,,Ball Arena,CO,Denver,N,,,False,1610612743,Nuggets,Denver,DEN,nuggets,0,0,0,0,1610612754,Pacers,Indiana,IND,pacers,0,0,0,0,,,,,,,,,,,,,,,,,,,,,,,,,,,,,,,,,,natl,radio,1001098,SiriusXM,SiriusXM,,,https://www.siriusxm.com/sports/nba,-1,,,,,,,,,,,,,,,,,,,,,,,,,,,,,,,,,,,,,,,,,,,,,,,,,,,,,,,,,,,,,,,,,,,,
00,2026-27,12/27/2026 00:00:00,0022600455,20261227/MINGSW,1,8:30 pm ET,10,2026-12-27T00:00:00Z,1900-01-01T20:30:00Z,2026-12-27T20:30:00Z,2026-12-27T05:00:00Z,1900-01-01T01:30:00Z,2026-12-28T01:30:00Z,2026-12-27T19:30:00Z,2026-12-27T17:30:00Z,Sun,12,10,Week 10,false,,,,,Chase Center,CA,San Francisco,N,,,False,1610612744,Warriors,Golden State,GSW,warriors,0,0,0,0,1610612750,Timberwolves,Minnesota,MIN,timberwolves,0,0,0,0,,,,,,,,,,,,,,,,,,,,,,,,,,,,,,,,,,natl,radio,1001098,SiriusXM,SiriusXM,,,https://www.siriusxm.com/sports/nba,-1,,,,,,,,,,,,,,home,tv,1097.0,NBCSBA,NBCSBA,,,,1610612744.0,,,,,,,,,,,,,,,,,,,,,,,,,,,,,,,,,,,,,,,,,,,,,,
00,2026-27,12/27/2026 00:00:00,0022600456,20261227/PHILAC,1,9:00 pm ET,11,2026-12-27T00:00:00Z,1900-01-01T21:00:00Z,2026-12-27T21:00:00Z,2026-12-27T05:00:00Z,1900-01-01T02:00:00Z,2026-12-28T02:00:00Z,2026-12-27T21:00:00Z,2026-12-27T18:00:00Z,Sun,12,10,Week 10,false,,,,,Intuit Dome,CA,Inglewood,N,,,False,1610612746,Clippers,LA,LAC,clippers,0,0,0,0,1610612755,76ers,Philadelphia,PHI,sixers,0,0,0,0,,,,,,,,,,,,,,,,,,,,,,,,,,,,,,,,,,natl,radio,1001098,SiriusXM,SiriusXM,,,https://www.siriusxm.com/sports/nba,-1,,,,,,,,,,,,,,,,,,,,,,,,,,,,,,,,,,,,,,,,,,,,,,,,,,,,,,,,,,,,,,,,,,,,
00,2026-27,12/27/2026 00:00:00,0022600457,20261227/MEMLAL,1,9:00 pm ET,12,2026-12-27T00:00:00Z,1900-01-01T21:00:00Z,2026-12-27T21:00:00Z,2026-12-27T05:00:00Z,1900-01-01T02:00:00Z,2026-12-28T02:00:00Z,2026-12-27T20:00:00Z,2026-12-27T18:00:00Z,Sun,12,10,Week 10,false,,,,,Crypto.com Arena,CA,Los Angeles,N,,,False,1610612747,Lakers,Los Angeles,LAL,lakers,0,0,0,0,1610612763,Grizzlies,Memphis,MEM,grizzlies,0,0,0,0,,,,,,,,,,,,,,,,,,,,,,,,,,,,,,,,,,natl,radio,1001098,SiriusXM,SiriusXM,,,https://www.siriusxm.com/sports/nba,-1,,,,,,,,,,,,,,home,tv,1651.0,Spectrum SportsNet,SPECSN,,,,1610612747.0,,,,,,,,,,,,,,home,radio,1001605.0,ESPN LA 710/980 KFWB,KSPN/KFWB,,,,1610612747.0,,,,,,,,,,,,,,,,,,,,,,,,
00,2026-27,12/28/2026 00:00:00,0022600458,20261228/NOPTOR,1,7:30 pm ET,1,2026-12-28T00:00:00Z,1900-01-01T19:30:00Z,2026-12-28T19:30:00Z,2026-12-28T05:00:00Z,1900-01-01T00:30:00Z,2026-12-29T00:30:00Z,2026-12-28T18:30:00Z,2026-12-28T19:30:00Z,Mon,12,11,Week 11,false,,,,,Scotiabank Arena,ON,Toronto,N,,,False,1610612761,Raptors,Toronto,TOR,raptors,0,0,0,0,1610612740,Pelicans,New Orleans,NOP,pelicans,0,0,0,0,,,,,,,,,,,,,,,,,,,,,,,,,,,,,,,,,,natl,radio,1001098,SiriusXM,SiriusXM,,,https://www.siriusxm.com/sports/nba,-1,,,,,,,,,,,,,,,,,,,,,,,,,,,,,,,,,,,,,,,,,,,,,,,,,,,,,,,,,,,,,,,,,,,,
00,2026-27,12/28/2026 00:00:00,0022600459,20261228/CLEBOS,1,8:00 pm ET,2,2026-12-28T00:00:00Z,1900-01-01T20:00:00Z,2026-12-28T20:00:00Z,2026-12-28T05:00:00Z,1900-01-01T01:00:00Z,2026-12-29T01:00:00Z,2026-12-28T20:00:00Z,2026-12-28T20:00:00Z,Mon,12,11,Week 11,false,,,,,TD Garden,MA,Boston,N,,,False,1610612738,Celtics,Boston,BOS,celtics,0,0,0,0,1610612739,Cavaliers,Cleveland,CLE,cavaliers,0,0,0,0,natl,tv,1001452.0,NBC,NBC,,,,-1.0,5.0,National,natl,tv,1001453.0,Peacock,Peacock,,,https://www.peacocktv.com/sports/nba?cid=2508sptnbaexterndinapplk26427&utm_campaign=2508sptnba&utm_source=nba_nba_nba&utm_medium=ernd_inapplk_acq_inapbnr&utm_term=nbafans&utm_content=nbaapplinks,-1.0,3.0,,,,,,,,,,,,,natl,radio,1001098,SiriusXM,SiriusXM,,,https://www.siriusxm.com/sports/nba,-1,,,,,,,,,,,,,,home,tv,1658.0,NBC SPORTS BOSTON,NBCSB,,,,1610612738.0,,,,,,,,,,,,,,,,,,,,,,,,,,,,,,,,,,,,,,,,,,,,,,
00,2026-27,12/28/2026 00:00:00,0022600460,20261228/GSWPHX,1,9:00 pm ET,3,2026-12-28T00:00:00Z,1900-01-01T21:00:00Z,2026-12-28T21:00:00Z,2026-12-28T05:00:00Z,1900-01-01T02:00:00Z,2026-12-29T02:00:00Z,2026-12-28T18:00:00Z,2026-12-28T19:00:00Z,Mon,12,11,Week 11,false,,,,,Mortgage Matchup Center,AZ,Phoenix,N,,,False,1610612756,Suns,Phoenix,PHX,suns,0,0,0,0,1610612744,Warriors,Golden State,GSW,warriors,0,0,0,0,,,,,,,,,,,,,,,,,,,,,,,,,,,,,,,,,,natl,radio,1001098,SiriusXM,SiriusXM,,,https://www.siriusxm.com/sports/nba,-1,,,,,,,,,,,,,,,,,,,,,,,,,,,,,,,,,,,,,,,,,,,,,,,away,tv,1097.0,NBCSBA,NBCSBA,,,,1610612744.0,,,,,,,,,,,,,
00,2026-27,12/28/2026 00:00:00,0022600461,20261228/MINDEN,1,10:30 pm ET,4,2026-12-28T00:00:00Z,1900-01-01T22:30:00Z,2026-12-28T22:30:00Z,2026-12-28T05:00:00Z,1900-01-01T03:30:00Z,2026-12-29T03:30:00Z,2026-12-28T21:30:00Z,2026-12-28T20:30:00Z,Mon,12,11,Week 11,false,,,,,Ball Arena,CO,Denver,N,,,False,1610612743,Nuggets,Denver,DEN,nuggets,0,0,0,0,1610612750,Timberwolves,Minnesota,MIN,timberwolves,0,0,0,0,natl,tv,1001452.0,NBC,NBC,,,,-1.0,5.0,National,natl,tv,1001453.0,Peacock,Peacock,,,https://www.peacocktv.com/sports/nba?cid=2508sptnbaexterndinapplk26427&utm_campaign=2508sptnba&utm_source=nba_nba_nba&utm_medium=ernd_inapplk_acq_inapbnr&utm_term=nbafans&utm_content=nbaapplinks,-1.0,3.0,,,,,,,,,,,,,natl,radio,1001098,SiriusXM,SiriusXM,,,https://www.siriusxm.com/sports/nba,-1,,,,,,,,,,,,,,,,,,,,,,,,,,,,,,,,,,,,,,,,,,,,,,,,,,,,,,,,,,,,,,,,,,,,
00,2026-27,12/29/2026 00:00:00,0022600462,20261229/CHIATL,1,7:00 pm ET,1,2026-12-29T00:00:00Z,1900-01-01T19:00:00Z,2026-12-29T19:00:00Z,2026-12-29T05:00:00Z,1900-01-01T00:00:00Z,2026-12-30T00:00:00Z,2026-12-29T18:00:00Z,2026-12-29T19:00:00Z,Tue,12,11,Week 11,false,,,,,State Farm Arena,GA,Atlanta,N,,,False,1610612737,Hawks,Atlanta,ATL,hawks,0,0,0,0,1610612741,Bulls,Chicago,CHI,bulls,0,0,0,0,,,,,,,,,,,,,,,,,,,,,,,,,,,,,,,,,,natl,radio,1001098,SiriusXM,SiriusXM,,,https://www.siriusxm.com/sports/nba,-1,,,,,,,,,,,,,,,,,,,,,,,,,,,,,,,,,,,,,,,,,,,,,,,,,,,,,,,,,,,,,,,,,,,,
00,2026-27,12/29/2026 00:00:00,0022600463,20261229/ORLCHA,1,7:00 pm ET,2,2026-12-29T00:00:00Z,1900-01-01T19:00:00Z,2026-12-29T19:00:00Z,2026-12-29T05:00:00Z,1900-01-01T00:00:00Z,2026-12-30T00:00:00Z,2026-12-29T19:00:00Z,2026-12-29T19:00:00Z,Tue,12,11,Week 11,false,,,,,Spectrum Center,NC,Charlotte,N,,,False,1610612766,Hornets,Charlotte,CHA,hornets,0,0,0,0,1610612753,Magic,Orlando,ORL,magic,0,0,0,0,,,,,,,,,,,,,,,,,,,,,,,,,,,,,,,,,,natl,radio,1001098,SiriusXM,SiriusXM,,,https://www.siriusxm.com/sports/nba,-1,,,,,,,,,,,,,,,,,,,,,,,,,,,,,,,,,,,,,,,,,,,,,,,,,,,,,,,,,,,,,,,,,,,,
00,2026-27,12/29/2026 00:00:00,0022600464,20261229/LACIND,1,7:00 pm ET,3,2026-12-29T00:00:00Z,1900-01-01T19:00:00Z,2026-12-29T19:00:00Z,2026-12-29T05:00:00Z,1900-01-01T00:00:00Z,2026-12-30T00:00:00Z,2026-12-29T16:00:00Z,2026-12-29T19:00:00Z,Tue,12,11,Week 11,false,,,,,Gainbridge Fieldhouse,IN,Indianapolis,N,,,False,1610612754,Pacers,Indiana,IND,pacers,0,0,0,0,1610612746,Clippers,LA,LAC,clippers,0,0,0,0,,,,,,,,,,,,,,,,,,,,,,,,,,,,,,,,,,natl,radio,1001098,SiriusXM,SiriusXM,,,https://www.siriusxm.com/sports/nba,-1,,,,,,,,,,,,,,,,,,,,,,,,,,,,,,,,,,,,,,,,,,,,,,,,,,,,,,,,,,,,,,,,,,,,
00,2026-27,12/29/2026 00:00:00,0022600465,20261229/MIADAL,1,8:00 pm ET,4,2026-12-29T00:00:00Z,1900-01-01T20:00:00Z,2026-12-29T20:00:00Z,2026-12-29T05:00:00Z,1900-01-01T01:00:00Z,2026-12-30T01:00:00Z,2026-12-29T20:00:00Z,2026-12-29T19:00:00Z,Tue,12,11,Week 11,false,,,,,American Airlines Center,TX,Dallas,N,,,False,1610612742,Mavericks,Dallas,DAL,mavericks,0,0,0,0,1610612748,Heat,Miami,MIA,heat,0,0,0,0,natl,tv,1001452.0,NBC,NBC,,,,-1.0,5.0,National,natl,tv,1001453.0,Peacock,Peacock,,,https://www.peacocktv.com/sports/nba?cid=2508sptnbaexterndinapplk26427&utm_campaign=2508sptnba&utm_source=nba_nba_nba&utm_medium=ernd_inapplk_acq_inapbnr&utm_term=nbafans&utm_content=nbaapplinks,-1.0,3.0,,,,,,,,,,,,,natl,radio,1001098,SiriusXM,SiriusXM,,,https://www.siriusxm.com/sports/nba,-1,,,,,,,,,,,,,,,,,,,,,,,,,,,,,,,,,,,,,,,,,,,,,,,,,,,,,,,,,,away,radio,1001523.0,FM 104.3 WQAM / S: WAQI 710,WQAM-FM/WAQI,,,,1610612748.0,,
00,2026-27,12/29/2026 00:00:00,0022600466,20261229/SASMEM,1,8:00 pm ET,5,2026-12-29T00:00:00Z,1900-01-01T20:00:00Z,2026-12-29T20:00:00Z,2026-12-29T05:00:00Z,1900-01-01T01:00:00Z,2026-12-30T01:00:00Z,2026-12-29T19:00:00Z,2026-12-29T19:00:00Z,Tue,12,11,Week 11,false,,,,,FedExForum,TN,Memphis,N,,,False,1610612763,Grizzlies,Memphis,MEM,grizzlies,0,0,0,0,1610612759,Spurs,San Antonio,SAS,spurs,0,0,0,0,,,,,,,,,,,,,,,,,,,,,,,,,,,,,,,,,,natl,radio,1001098,SiriusXM,SiriusXM,,,https://www.siriusxm.com/sports/nba,-1,,,,,,,,,,,,,,,,,,,,,,,,,,,,,,,,,,,,,,,,,,,,,,,,,,,,,,,,,,,,,,,,,,,,
00,2026-27,12/29/2026 00:00:00,0022600467,20261229/MILOKC,1,8:00 pm ET,6,2026-12-29T00:00:00Z,1900-01-01T20:00:00Z,2026-12-29T20:00:00Z,2026-12-29T05:00:00Z,1900-01-01T01:00:00Z,2026-12-30T01:00:00Z,2026-12-29T19:00:00Z,2026-12-29T19:00:00Z,Tue,12,11,Week 11,false,,,,,Paycom Center,OK,Oklahoma City,N,,,False,1610612760,Thunder,Oklahoma City,OKC,thunder,0,0,0,0,1610612749,Bucks,Milwaukee,MIL,bucks,0,0,0,0,,,,,,,,,,,,,,,,,,,,,,,,,,,,,,,,,,natl,radio,1001098,SiriusXM,SiriusXM,,,https://www.siriusxm.com/sports/nba,-1,,,,,,,,,,,,,,,,,,,,,,,,,,,,,,,,,,,,,,,,,,,,,,,,,,,,,,,,,,,,,,,,,,,,
00,2026-27,12/29/2026 00:00:00,0022600468,20261229/BKNPOR,1,10:00 pm ET,7,2026-12-29T00:00:00Z,1900-01-01T22:00:00Z,2026-12-29T22:00:00Z,2026-12-29T05:00:00Z,1900-01-01T03:00:00Z,2026-12-30T03:00:00Z,2026-12-29T22:00:00Z,2026-12-29T19:00:00Z,Tue,12,11,Week 11,false,,,,,Moda Center,OR,Portland,N,,,False,1610612757,Trail Blazers,Portland,POR,blazers,0,0,0,0,1610612751,Nets,Brooklyn,BKN,nets,0,0,0,0,,,,,,,,,,,,,,,,,,,,,,,,,,,,,,,,,,natl,radio,1001098,SiriusXM,SiriusXM,,,https://www.siriusxm.com/sports/nba,-1,,,,,,,,,,,,,,home,tv,1001196.0,KUNP,KUNP,,,,1610612757.0,,,,,,,,,,,,,,home,radio,1472.0,Rip City Radio 620,KPOJ,,,,1610612757.0,,,away,tv,175.0,DAZN (YES),YES,,,,1610612751.0,,,,,,,,,,,,,
00,2026-27,12/29/2026 00:00:00,0022600469,20261229/PHISAC,1,10:00 pm ET,8,2026-12-29T00:00:00Z,1900-01-01T22:00:00Z,2026-12-29T22:00:00Z,2026-12-29T05:00:00Z,1900-01-01T03:00:00Z,2026-12-30T03:00:00Z,2026-12-29T22:00:00Z,2026-12-29T19:00:00Z,Tue,12,11,Week 11,false,,,,,Golden 1 Center,CA,Sacramento,N,,,False,1610612758,Kings,Sacramento,SAC,kings,0,0,0,0,1610612755,76ers,Philadelphia,PHI,sixers,0,0,0,0,,,,,,,,,,,,,,,,,,,,,,,,,,,,,,,,,,natl,radio,1001098,SiriusXM,SiriusXM,,,https://www.siriusxm.com/sports/nba,-1,,,,,,,,,,,,,,home,tv,1027.0,NBCSCA,NBCSCA,,,,1610612758.0,,,,,,,,,,,,,,,,,,,,,,,,,,,,,,,,,,,,,,,,,,,,,,
00,2026-27,12/29/2026 00:00:00,0022600470,20261229/HOULAL,1,10:30 pm ET,9,2026-12-29T00:00:00Z,1900-01-01T22:30:00Z,2026-12-29T22:30:00Z,2026-12-29T05:00:00Z,1900-01-01T03:30:00Z,2026-12-30T03:30:00Z,2026-12-29T21:30:00Z,2026-12-29T19:30:00Z,Tue,12,11,Week 11,false,,,,,Crypto.com Arena,CA,Los Angeles,N,,,False,1610612747,Lakers,Los Angeles,LAL,lakers,0,0,0,0,1610612745,Rockets,Houston,HOU,rockets,0,0,0,0,natl,tv,1001452.0,NBC,NBC,,,,-1.0,5.0,National,natl,tv,1001453.0,Peacock,Peacock,,,https://www.peacocktv.com/sports/nba?cid=2508sptnbaexterndinapplk26427&utm_campaign=2508sptnba&utm_source=nba_nba_nba&utm_medium=ernd_inapplk_acq_inapbnr&utm_term=nbafans&utm_content=nbaapplinks,-1.0,3.0,,,,,,,,,,,,,natl,radio,1001098,SiriusXM,SiriusXM,,,https://www.siriusxm.com/sports/nba,-1,,,,,,,,,,,,,,home,tv,1651.0,Spectrum SportsNet,SPECSN,,,,1610612747.0,,,,,,,,,,,,,,home,radio,1001605.0,ESPN LA 710/980 KFWB,KSPN/KFWB,,,,1610612747.0,,,,,,,,,,,,,,,,,,,,,,,,
00,2026-27,12/30/2026 00:00:00,0022600471,20261230/NOPDET,1,7:00 pm ET,1,2026-12-30T00:00:00Z,1900-01-01T19:00:00Z,2026-12-30T19:00:00Z,2026-12-30T05:00:00Z,1900-01-01T00:00:00Z,2026-12-31T00:00:00Z,2026-12-30T18:00:00Z,2026-12-30T19:00:00Z,Wed,12,11,Week 11,false,,,,,Little Caesars Arena,MI,Detroit,N,,,False,1610612765,Pistons,Detroit,DET,pistons,0,0,0,0,1610612740,Pelicans,New Orleans,NOP,pelicans,0,0,0,0,,,,,,,,,,,,,,,,,,,,,,,,,,,,,,,,,,natl,radio,1001098,SiriusXM,SiriusXM,,,https://www.siriusxm.com/sports/nba,-1,,,,,,,,,,,,,,,,,,,,,,,,,,,,,,,,,,,,,,,,,,,,,,,,,,,,,,,,,,,,,,,,,,,,
00,2026-27,12/30/2026 00:00:00,0022600472,20261230/WASTOR,1,7:30 pm ET,2,2026-12-30T00:00:00Z,1900-01-01T19:30:00Z,2026-12-30T19:30:00Z,2026-12-30T05:00:00Z,1900-01-01T00:30:00Z,2026-12-31T00:30:00Z,2026-12-30T19:30:00Z,2026-12-30T19:30:00Z,Wed,12,11,Week 11,false,,,,,Scotiabank Arena,ON,Toronto,N,,,False,1610612761,Raptors,Toronto,TOR,raptors,0,0,0,0,1610612764,Wizards,Washington,WAS,wizards,0,0,0,0,natl,tv,7.0,NBA TV,NBA TV,Watch with League Pass or your TV subscription,,,-1.0,,,,,,,,,,,,,,,,,,,,,,,,,natl,radio,1001098,SiriusXM,SiriusXM,,,https://www.siriusxm.com/sports/nba,-1,,,,,,,,,,,,,,,,,,,,,,,,,,,,,,,,,,,,,,,,,,,,,,,,,,,,,,,,,,,,,,,,,,,,
00,2026-27,12/30/2026 00:00:00,0022600473,20261230/BOSCHI,1,8:00 pm ET,3,2026-12-30T00:00:00Z,1900-01-01T20:00:00Z,2026-12-30T20:00:00Z,2026-12-30T05:00:00Z,1900-01-01T01:00:00Z,2026-12-31T01:00:00Z,2026-12-30T20:00:00Z,2026-12-30T19:00:00Z,Wed,12,11,Week 11,false,,,,,United Center,IL,Chicago,N,,,False,1610612741,Bulls,Chicago,CHI,bulls,0,0,0,0,1610612738,Celtics,Boston,BOS,celtics,0,0,0,0,,,,,,,,,,,,,,,,,,,,,,,,,,,,,,,,,,natl,radio,1001098,SiriusXM,SiriusXM,,,https://www.siriusxm.com/sports/nba,-1,,,,,,,,,,,,,,,,,,,,,,,,,,,,,,,,,,,,,,,,,,,,,,,away,tv,1658.0,NBC SPORTS BOSTON,NBCSB,,,,1610612738.0,,,,,,,,,,,,,
00,2026-27,12/30/2026 00:00:00,0022600474,20261230/PHIPHX,1,9:00 pm ET,4,2026-12-30T00:00:00Z,1900-01-01T21:00:00Z,2026-12-30T21:00:00Z,2026-12-30T05:00:00Z,1900-01-01T02:00:00Z,2026-12-31T02:00:00Z,2026-12-30T21:00:00Z,2026-12-30T19:00:00Z,Wed,12,11,Week 11,false,,,,,Mortgage Matchup Center,AZ,Phoenix,N,,,False,1610612756,Suns,Phoenix,PHX,suns,0,0,0,0,1610612755,76ers,Philadelphia,PHI,sixers,0,0,0,0,,,,,,,,,,,,,,,,,,,,,,,,,,,,,,,,,,natl,radio,1001098,SiriusXM,SiriusXM,,,https://www.siriusxm.com/sports/nba,-1,,,,,,,,,,,,,,,,,,,,,,,,,,,,,,,,,,,,,,,,,,,,,,,,,,,,,,,,,,,,,,,,,,,,
00,2026-27,12/30/2026 00:00:00,0022600475,20261230/NYKUTA,1,9:00 pm ET,5,2026-12-30T00:00:00Z,1900-01-01T21:00:00Z,2026-12-30T21:00:00Z,2026-12-30T05:00:00Z,1900-01-01T02:00:00Z,2026-12-31T02:00:00Z,2026-12-30T21:00:00Z,2026-12-30T19:00:00Z,Wed,12,11,Week 11,false,,,,,Delta Center,UT,Salt Lake City,N,,,False,1610612762,Jazz,Utah,UTA,jazz,0,0,0,0,1610612752,Knicks,New York,NYK,knicks,0,0,0,0,,,,,,,,,,,,,,,,,,,,,,,,,,,,,,,,,,natl,radio,1001098,SiriusXM,SiriusXM,,,https://www.siriusxm.com/sports/nba,-1,,,,,,,,,,,,,,,,,,,,,,,,,,,,,,,,,,,,,,,,,,,,,,,,,,,,,,,,,,,,,,,,,,,,
00,2026-27,12/30/2026 00:00:00,0022600476,20261230/HOUGSW,1,10:00 pm ET,6,2026-12-30T00:00:00Z,1900-01-01T22:00:00Z,2026-12-30T22:00:00Z,2026-12-30T05:00:00Z,1900-01-01T03:00:00Z,2026-12-31T03:00:00Z,2026-12-30T21:00:00Z,2026-12-30T19:00:00Z,Wed,12,11,Week 11,false,,,,,Chase Center,CA,San Francisco,N,,,False,1610612744,Warriors,Golden State,GSW,warriors,0,0,0,0,1610612745,Rockets,Houston,HOU,rockets,0,0,0,0,natl,tv,7.0,NBA TV,NBA TV,Watch with League Pass or your TV subscription,,,-1.0,,,,,,,,,,,,,,,,,,,,,,,,,natl,radio,1001098,SiriusXM,SiriusXM,,,https://www.siriusxm.com/sports/nba,-1,,,,,,,,,,,,,,home,tv,1097.0,NBCSBA,NBCSBA,,,,1610612744.0,,,,,,,,,,,,,,,,,,,,,,,,,,,,,,,,,,,,,,,,,,,,,,
00,2026-27,12/31/2026 00:00:00,0022600477,20261231/SASCHA,1,1:00 pm ET,1,2026-12-31T00:00:00Z,1900-01-01T13:00:00Z,2026-12-31T13:00:00Z,2026-12-31T05:00:00Z,1900-01-01T18:00:00Z,2026-12-31T18:00:00Z,2026-12-31T12:00:00Z,2026-12-31T13:00:00Z,Thu,12,11,Week 11,false,,,,,Spectrum Center,NC,Charlotte,N,,,False,1610612766,Hornets,Charlotte,CHA,hornets,0,0,0,0,1610612759,Spurs,San Antonio,SAS,spurs,0,0,0,0,natl,tv,7.0,NBA TV,NBA TV,Watch with League Pass or your TV subscription,,,-1.0,,,,,,,,,,,,,,,,,,,,,,,,,natl,radio,1001098,SiriusXM,SiriusXM,,,https://www.siriusxm.com/sports/nba,-1,,,,,,,,,,,,,,,,,,,,,,,,,,,,,,,,,,,,,,,,,,,,,,,,,,,,,,,,,,,,,,,,,,,,
00,2026-27,12/31/2026 00:00:00,0022600478,20261231/MILATL,1,3:00 pm ET,2,2026-12-31T00:00:00Z,1900-01-01T15:00:00Z,2026-12-31T15:00:00Z,2026-12-31T05:00:00Z,1900-01-01T20:00:00Z,2026-12-31T20:00:00Z,2026-12-31T14:00:00Z,2026-12-31T15:00:00Z,Thu,12,11,Week 11,false,,,,,State Farm Arena,GA,Atlanta,N,,,False,1610612737,Hawks,Atlanta,ATL,hawks,0,0,0,0,1610612749,Bucks,Milwaukee,MIL,bucks,0,0,0,0,,,,,,,,,,,,,,,,,,,,,,,,,,,,,,,,,,natl,radio,1001098,SiriusXM,SiriusXM,,,https://www.siriusxm.com/sports/nba,-1,,,,,,,,,,,,,,,,,,,,,,,,,,,,,,,,,,,,,,,,,,,,,,,,,,,,,,,,,,,,,,,,,,,,
00,2026-27,12/31/2026 00:00:00,0022600479,20261231/LACCLE,1,3:00 pm ET,3,2026-12-31T00:00:00Z,1900-01-01T15:00:00Z,2026-12-31T15:00:00Z,2026-12-31T05:00:00Z,1900-01-01T20:00:00Z,2026-12-31T20:00:00Z,2026-12-31T12:00:00Z,2026-12-31T15:00:00Z,Thu,12,11,Week 11,false,,,,,Rocket Arena,OH,Cleveland,N,,,False,1610612739,Cavaliers,Cleveland,CLE,cavaliers,0,0,0,0,1610612746,Clippers,LA,LAC,clippers,0,0,0,0,,,,,,,,,,,,,,,,,,,,,,,,,,,,,,,,,,natl,radio,1001098,SiriusXM,SiriusXM,,,https://www.siriusxm.com/sports/nba,-1,,,,,,,,,,,,,,,,,,,,,,,,,,,,,,,,,,,,,,,,,,,,,,,,,,,,,,,,,,,,,,,,,,,,
00,2026-27,12/31/2026 00:00:00,0022600480,20261231/ORLIND,1,3:00 pm ET,4,2026-12-31T00:00:00Z,1900-01-01T15:00:00Z,2026-12-31T15:00:00Z,2026-12-31T05:00:00Z,1900-01-01T20:00:00Z,2026-12-31T20:00:00Z,2026-12-31T15:00:00Z,2026-12-31T15:00:00Z,Thu,12,11,Week 11,false,,,,,Gainbridge Fieldhouse,IN,Indianapolis,N,,,False,1610612754,Pacers,Indiana,IND,pacers,0,0,0,0,1610612753,Magic,Orlando,ORL,magic,0,0,0,0,,,,,,,,,,,,,,,,,,,,,,,,,,,,,,,,,,natl,radio,1001098,SiriusXM,SiriusXM,,,https://www.siriusxm.com/sports/nba,-1,,,,,,,,,,,,,,,,,,,,,,,,,,,,,,,,,,,,,,,,,,,,,,,,,,,,,,,,,,,,,,,,,,,,
00,2026-27,12/31/2026 00:00:00,0022600481,20261231/DENMIN,1,4:00 pm ET,5,2026-12-31T00:00:00Z,1900-01-01T16:00:00Z,2026-12-31T16:00:00Z,2026-12-31T05:00:00Z,1900-01-01T21:00:00Z,2026-12-31T21:00:00Z,2026-12-31T14:00:00Z,2026-12-31T15:00:00Z,Thu,12,11,Week 11,false,,,,,Target Center,MN,Minneapolis,N,,,False,1610612750,Timberwolves,Minnesota,MIN,timberwolves,0,0,0,0,1610612743,Nuggets,Denver,DEN,nuggets,0,0,0,0,natl,tv,1000664.0,Prime Video,Amazon,,,https://www.amazon.com/gp/video/tournament/amzn1.dv.icid.cf75b42a-68cd-4a1c-993a-a0b3f0575c5f?jic=20%7CCgZTcG9ydHMSA2FsbA%3D%3D&ref_=atv_hm_spo_c_7a7vxF_4_6,-1.0,4.0,,,,,,,,,,,,,,,,,,,,,,,,natl,radio,1001098,SiriusXM,SiriusXM,,,https://www.siriusxm.com/sports/nba,-1,,,,,,,,,,,,,,,,,,,,,,,,,,,,,,,,,,,,,,,,,,,,,,,,,,,,,,,,,,,,,,,,,,,,
00,2026-27,12/31/2026 00:00:00,0022600482,20261231/BKNSAC,1,6:00 pm ET,6,2026-12-31T00:00:00Z,1900-01-01T18:00:00Z,2026-12-31T18:00:00Z,2026-12-31T05:00:00Z,1900-01-01T23:00:00Z,2026-12-31T23:00:00Z,2026-12-31T18:00:00Z,2026-12-31T15:00:00Z,Thu,12,11,Week 11,false,,,,,Golden 1 Center,CA,Sacramento,N,,,False,1610612758,Kings,Sacramento,SAC,kings,0,0,0,0,1610612751,Nets,Brooklyn,BKN,nets,0,0,0,0,,,,,,,,,,,,,,,,,,,,,,,,,,,,,,,,,,natl,radio,1001098,SiriusXM,SiriusXM,,,https://www.siriusxm.com/sports/nba,-1,,,,,,,,,,,,,,home,tv,1027.0,NBCSCA,NBCSCA,,,,1610612758.0,,,,,,,,,,,,,,,,,,,,,,,,,away,tv,175.0,DAZN (YES),YES,,,,1610612751.0,,,,,,,,,,,,,
00,2026-27,12/31/2026 00:00:00,0022600483,20261231/LALNOP,1,8:00 pm ET,7,2026-12-31T00:00:00Z,1900-01-01T20:00:00Z,2026-12-31T20:00:00Z,2026-12-31T05:00:00Z,1900-01-01T01:00:00Z,2027-01-01T01:00:00Z,2026-12-31T17:00:00Z,2026-12-31T19:00:00Z,Thu,12,11,Week 11,false,,,,,Smoothie King Center,LA,New Orleans,N,,,False,1610612740,Pelicans,New Orleans,NOP,pelicans,0,0,0,0,1610612747,Lakers,Los Angeles,LAL,lakers,0,0,0,0,,,,,,,,,,,,,,,,,,,,,,,,,,,,,,,,,,natl,radio,1001098,SiriusXM,SiriusXM,,,https://www.siriusxm.com/sports/nba,-1,,,,,,,,,,,,,,,,,,,,,,,,,,,,,,,,,,,,,,,,,,,,,,,away,tv,1651.0,Spectrum SportsNet,SPECSN,,,,1610612747.0,,,away,radio,1001605.0,ESPN LA 710/980 KFWB,KSPN/KFWB,,,,1610612747.0,,
00,2026-27,12/31/2026 00:00:00,0022600484,20261231/MIAOKC,1,8:00 pm ET,8,2026-12-31T00:00:00Z,1900-01-01T20:00:00Z,2026-12-31T20:00:00Z,2026-12-31T05:00:00Z,1900-01-01T01:00:00Z,2027-01-01T01:00:00Z,2026-12-31T20:00:00Z,2026-12-31T19:00:00Z,Thu,12,11,Week 11,false,,,,,Paycom Center,OK,Oklahoma City,N,,,False,1610612760,Thunder,Oklahoma City,OKC,thunder,0,0,0,0,1610612748,Heat,Miami,MIA,heat,0,0,0,0,,,,,,,,,,,,,,,,,,,,,,,,,,,,,,,,,,natl,radio,1001098,SiriusXM,SiriusXM,,,https://www.siriusxm.com/sports/nba,-1,,,,,,,,,,,,,,,,,,,,,,,,,,,,,,,,,,,,,,,,,,,,,,,away,tv,1001720.0,WPLG Local 10,WPLG,,,https://local10plusplatinum.maz.tv/open?deeplink=local10platinum://item/3776211-3882966?item=44d4cc7fbb9f4bd72cf272489b39eadf-3742525-3848761,1610612748.0,,,away,radio,1001523.0,FM 104.3 WQAM / S: WAQI 710,WQAM-FM/WAQI,,,,1610612748.0,,
00,2026-27,12/31/2026 00:00:00,0022600485,20261231/NYKPHX,1,9:00 pm ET,9,2026-12-31T00:00:00Z,1900-01-01T21:00:00Z,2026-12-31T21:00:00Z,2026-12-31T05:00:00Z,1900-01-01T02:00:00Z,2027-01-01T02:00:00Z,2026-12-31T21:00:00Z,2026-12-31T19:00:00Z,Thu,12,11,Week 11,false,,,,,Mortgage Matchup Center,AZ,Phoenix,N,,,False,1610612756,Suns,Phoenix,PHX,suns,0,0,0,0,1610612752,Knicks,New York,NYK,knicks,0,0,0,0,natl,tv,7.0,NBA TV,NBA TV,Watch with League Pass or your TV subscription,,,-1.0,,,,,,,,,,,,,,,,,,,,,,,,,natl,radio,1001098,SiriusXM,SiriusXM,,,https://www.siriusxm.com/sports/nba,-1,,,,,,,,,,,,,,,,,,,,,,,,,,,,,,,,,,,,,,,,,,,,,,,,,,,,,,,,,,,,,,,,,,,,
00,2026-27,01/01/2027 00:00:00,0022600486,20270101/SASWAS,1,5:00 pm ET,1,2027-01-01T00:00:00Z,1900-01-01T17:00:00Z,2027-01-01T17:00:00Z,2027-01-01T05:00:00Z,1900-01-01T22:00:00Z,2027-01-01T22:00:00Z,2027-01-01T16:00:00Z,2027-01-01T17:00:00Z,Fri,1,11,Week 11,false,,,,,Capital One Arena,DC,Washington,N,,,False,1610612764,Wizards,Washington,WAS,wizards,0,0,0,0,1610612759,Spurs,San Antonio,SAS,spurs,0,0,0,0,natl,tv,7.0,NBA TV,NBA TV,Watch with League Pass or your TV subscription,,,-1.0,,,,,,,,,,,,,,,,,,,,,,,,,natl,radio,1001098,SiriusXM,SiriusXM,,,https://www.siriusxm.com/sports/nba,-1,,,,,,,,,,,,,,,,,,,,,,,,,,,,,,,,,,,,,,,,,,,,,,,,,,,,,,,,,,,,,,,,,,,,
00,2026-27,01/01/2027 00:00:00,0022600487,20270101/ORLDET,1,7:30 pm ET,2,2027-01-01T00:00:00Z,1900-01-01T19:30:00Z,2027-01-01T19:30:00Z,2027-01-01T05:00:00Z,1900-01-01T00:30:00Z,2027-01-02T00:30:00Z,2027-01-01T19:30:00Z,2027-01-01T19:30:00Z,Fri,1,11,Week 11,false,,,,,Little Caesars Arena,MI,Detroit,N,,,False,1610612765,Pistons,Detroit,DET,pistons,0,0,0,0,1610612753,Magic,Orlando,ORL,magic,0,0,0,0,natl,tv,7.0,NBA TV,NBA TV,Watch with League Pass or your TV subscription,,,-1.0,,,,,,,,,,,,,,,,,,,,,,,,,natl,radio,1001098,SiriusXM,SiriusXM,,,https://www.siriusxm.com/sports/nba,-1,,,,,,,,,,,,,,,,,,,,,,,,,,,,,,,,,,,,,,,,,,,,,,,,,,,,,,,,,,,,,,,,,,,,
00,2026-27,01/01/2027 00:00:00,0022600488,20270101/LACTOR,1,7:30 pm ET,3,2027-01-01T00:00:00Z,1900-01-01T19:30:00Z,2027-01-01T19:30:00Z,2027-01-01T05:00:00Z,1900-01-01T00:30:00Z,2027-01-02T00:30:00Z,2027-01-01T16:30:00Z,2027-01-01T19:30:00Z,Fri,1,11,Week 11,false,,,,,Scotiabank Arena,ON,Toronto,N,,,False,1610612761,Raptors,Toronto,TOR,raptors,0,0,0,0,1610612746,Clippers,LA,LAC,clippers,0,0,0,0,,,,,,,,,,,,,,,,,,,,,,,,,,,,,,,,,,natl,radio,1001098,SiriusXM,SiriusXM,,,https://www.siriusxm.com/sports/nba,-1,,,,,,,,,,,,,,,,,,,,,,,,,,,,,,,,,,,,,,,,,,,,,,,,,,,,,,,,,,,,,,,,,,,,
00,2026-27,01/01/2027 00:00:00,0022600489,20270101/PHIMIL,1,8:00 pm ET,4,2027-01-01T00:00:00Z,1900-01-01T20:00:00Z,2027-01-01T20:00:00Z,2027-01-01T05:00:00Z,1900-01-01T01:00:00Z,2027-01-02T01:00:00Z,2027-01-01T20:00:00Z,2027-01-01T19:00:00Z,Fri,1,11,Week 11,false,,,,,Fiserv Forum,WI,Milwaukee,N,,,False,1610612749,Bucks,Milwaukee,MIL,bucks,0,0,0,0,1610612755,76ers,Philadelphia,PHI,sixers,0,0,0,0,,,,,,,,,,,,,,,,,,,,,,,,,,,,,,,,,,natl,radio,1001098,SiriusXM,SiriusXM,,,https://www.siriusxm.com/sports/nba,-1,,,,,,,,,,,,,,,,,,,,,,,,,,,,,,,,,,,,,,,,,,,,,,,,,,,,,,,,,,,,,,,,,,,,
00,2026-27,01/01/2027 00:00:00,0022600490,20270101/DALHOU,1,8:30 pm ET,5,2027-01-01T00:00:00Z,1900-01-01T20:30:00Z,2027-01-01T20:30:00Z,2027-01-01T05:00:00Z,1900-01-01T01:30:00Z,2027-01-02T01:30:00Z,2027-01-01T19:30:00Z,2027-01-01T19:30:00Z,Fri,1,11,Week 11,false,,,,,Toyota Center,TX,Houston,N,,,False,1610612745,Rockets,Houston,HOU,rockets,0,0,0,0,1610612742,Mavericks,Dallas,DAL,mavericks,0,0,0,0,,,,,,,,,,,,,,,,,,,,,,,,,,,,,,,,,,natl,radio,1001098,SiriusXM,SiriusXM,,,https://www.siriusxm.com/sports/nba,-1,,,,,,,,,,,,,,,,,,,,,,,,,,,,,,,,,,,,,,,,,,,,,,,,,,,,,,,,,,,,,,,,,,,,
00,2026-27,01/01/2027 00:00:00,0022600491,20270101/BOSUTA,1,9:30 pm ET,6,2027-01-01T00:00:00Z,1900-01-01T21:30:00Z,2027-01-01T21:30:00Z,2027-01-01T05:00:00Z,1900-01-01T02:30:00Z,2027-01-02T02:30:00Z,2027-01-01T21:30:00Z,2027-01-01T19:30:00Z,Fri,1,11,Week 11,false,,,,,Delta Center,UT,Salt Lake City,N,,,False,1610612762,Jazz,Utah,UTA,jazz,0,0,0,0,1610612738,Celtics,Boston,BOS,celtics,0,0,0,0,,,,,,,,,,,,,,,,,,,,,,,,,,,,,,,,,,natl,radio,1001098,SiriusXM,SiriusXM,,,https://www.siriusxm.com/sports/nba,-1,,,,,,,,,,,,,,,,,,,,,,,,,,,,,,,,,,,,,,,,,,,,,,,away,tv,1658.0,NBC SPORTS BOSTON,NBCSB,,,,1610612738.0,,,,,,,,,,,,,
00,2026-27,01/02/2027 00:00:00,0022600492,20270102/CLECHA,1,1:00 pm ET,1,2027-01-02T00:00:00Z,1900-01-01T13:00:00Z,2027-01-02T13:00:00Z,2027-01-02T05:00:00Z,1900-01-01T18:00:00Z,2027-01-02T18:00:00Z,2027-01-02T13:00:00Z,2027-01-02T13:00:00Z,Sat,1,11,Week 11,false,,,,,Spectrum Center,NC,Charlotte,N,,,False,1610612766,Hornets,Charlotte,CHA,hornets,0,0,0,0,1610612739,Cavaliers,Cleveland,CLE,cavaliers,0,0,0,0,,,,,,,,,,,,,,,,,,,,,,,,,,,,,,,,,,natl,radio,1001098,SiriusXM,SiriusXM,,,https://www.siriusxm.com/sports/nba,-1,,,,,,,,,,,,,,,,,,,,,,,,,,,,,,,,,,,,,,,,,,,,,,,,,,,,,,,,,,,,,,,,,,,,
00,2026-27,01/02/2027 00:00:00,0022600493,20270102/NYKDEN,1,5:00 pm ET,2,2027-01-02T00:00:00Z,1900-01-01T17:00:00Z,2027-01-02T17:00:00Z,2027-01-02T05:00:00Z,1900-01-01T22:00:00Z,2027-01-02T22:00:00Z,2027-01-02T17:00:00Z,2027-01-02T15:00:00Z,Sat,1,11,Week 11,false,,,,,Ball Arena,CO,Denver,N,,,False,1610612743,Nuggets,Denver,DEN,nuggets,0,0,0,0,1610612752,Knicks,New York,NYK,knicks,0,0,0,0,natl,tv,7.0,NBA TV,NBA TV,Watch with League Pass or your TV subscription,,,-1.0,,,,,,,,,,,,,,,,,,,,,,,,,natl,radio,1001098,SiriusXM,SiriusXM,,,https://www.siriusxm.com/sports/nba,-1,,,,,,,,,,,,,,,,,,,,,,,,,,,,,,,,,,,,,,,,,,,,,,,,,,,,,,,,,,,,,,,,,,,,
00,2026-27,01/02/2027 00:00:00,0022600494,20270102/MININD,1,7:00 pm ET,3,2027-01-02T00:00:00Z,1900-01-01T19:00:00Z,2027-01-02T19:00:00Z,2027-01-02T05:00:00Z,1900-01-01T00:00:00Z,2027-01-03T00:00:00Z,2027-01-02T18:00:00Z,2027-01-02T19:00:00Z,Sat,1,11,Week 11,false,,,,,Gainbridge Fieldhouse,IN,Indianapolis,N,,,False,1610612754,Pacers,Indiana,IND,pacers,0,0,0,0,1610612750,Timberwolves,Minnesota,MIN,timberwolves,0,0,0,0,,,,,,,,,,,,,,,,,,,,,,,,,,,,,,,,,,natl,radio,1001098,SiriusXM,SiriusXM,,,https://www.siriusxm.com/sports/nba,-1,,,,,,,,,,,,,,,,,,,,,,,,,,,,,,,,,,,,,,,,,,,,,,,,,,,,,,,,,,,,,,,,,,,,
00,2026-27,01/02/2027 00:00:00,0022600495,20270102/MIANOP,1,7:00 pm ET,4,2027-01-02T00:00:00Z,1900-01-01T19:00:00Z,2027-01-02T19:00:00Z,2027-01-02T05:00:00Z,1900-01-01T00:00:00Z,2027-01-03T00:00:00Z,2027-01-02T19:00:00Z,2027-01-02T18:00:00Z,Sat,1,11,Week 11,false,,,,,Smoothie King Center,LA,New Orleans,N,,,False,1610612740,Pelicans,New Orleans,NOP,pelicans,0,0,0,0,1610612748,Heat,Miami,MIA,heat,0,0,0,0,,,,,,,,,,,,,,,,,,,,,,,,,,,,,,,,,,natl,radio,1001098,SiriusXM,SiriusXM,,,https://www.siriusxm.com/sports/nba,-1,,,,,,,,,,,,,,,,,,,,,,,,,,,,,,,,,,,,,,,,,,,,,,,away,tv,1001720.0,WPLG Local 10,WPLG,,,https://local10plusplatinum.maz.tv/open?deeplink=local10platinum://item/3776211-3882966?item=44d4cc7fbb9f4bd72cf272489b39eadf-3742525-3848761,1610612748.0,,,away,radio,1001523.0,FM 104.3 WQAM / S: WAQI 710,WQAM-FM/WAQI,,,,1610612748.0,,
00,2026-27,01/02/2027 00:00:00,0022600496,20270102/DALATL,1,7:30 pm ET,5,2027-01-02T00:00:00Z,1900-01-01T19:30:00Z,2027-01-02T19:30:00Z,2027-01-02T05:00:00Z,1900-01-01T00:30:00Z,2027-01-03T00:30:00Z,2027-01-02T18:30:00Z,2027-01-02T19:30:00Z,Sat,1,11,Week 11,false,,,,,State Farm Arena,GA,Atlanta,N,,,False,1610612737,Hawks,Atlanta,ATL,hawks,0,0,0,0,1610612742,Mavericks,Dallas,DAL,mavericks,0,0,0,0,natl,tv,7.0,NBA TV,NBA TV,Watch with League Pass or your TV subscription,,,-1.0,,,,,,,,,,,,,,,,,,,,,,,,,natl,radio,1001098,SiriusXM,SiriusXM,,,https://www.siriusxm.com/sports/nba,-1,,,,,,,,,,,,,,,,,,,,,,,,,,,,,,,,,,,,,,,,,,,,,,,,,,,,,,,,,,,,,,,,,,,,
00,2026-27,01/02/2027 00:00:00,0022600497,20270102/LALCHI,1,8:00 pm ET,6,2027-01-02T00:00:00Z,1900-01-01T20:00:00Z,2027-01-02T20:00:00Z,2027-01-02T05:00:00Z,1900-01-01T01:00:00Z,2027-01-03T01:00:00Z,2027-01-02T17:00:00Z,2027-01-02T19:00:00Z,Sat,1,11,Week 11,false,,,,,United Center,IL,Chicago,N,,,False,1610612741,Bulls,Chicago,CHI,bulls,0,0,0,0,1610612747,Lakers,Los Angeles,LAL,lakers,0,0,0,0,,,,,,,,,,,,,,,,,,,,,,,,,,,,,,,,,,natl,radio,1001098,SiriusXM,SiriusXM,,,https://www.siriusxm.com/sports/nba,-1,,,,,,,,,,,,,,,,,,,,,,,,,,,,,,,,,,,,,,,,,,,,,,,away,tv,1651.0,Spectrum SportsNet,SPECSN,,,,1610612747.0,,,away,radio,1001605.0,ESPN LA 710/980 KFWB,KSPN/KFWB,,,,1610612747.0,,
00,2026-27,01/02/2027 00:00:00,0022600498,20270102/UTAOKC,1,8:00 pm ET,7,2027-01-02T00:00:00Z,1900-01-01T20:00:00Z,2027-01-02T20:00:00Z,2027-01-02T05:00:00Z,1900-01-01T01:00:00Z,2027-01-03T01:00:00Z,2027-01-02T18:00:00Z,2027-01-02T19:00:00Z,Sat,1,11,Week 11,false,,,,,Paycom Center,OK,Oklahoma City,N,,,False,1610612760,Thunder,Oklahoma City,OKC,thunder,0,0,0,0,1610612762,Jazz,Utah,UTA,jazz,0,0,0,0,,,,,,,,,,,,,,,,,,,,,,,,,,,,,,,,,,natl,radio,1001098,SiriusXM,SiriusXM,,,https://www.siriusxm.com/sports/nba,-1,,,,,,,,,,,,,,,,,,,,,,,,,,,,,,,,,,,,,,,,,,,,,,,,,,,,,,,,,,,,,,,,,,,,
00,2026-27,01/02/2027 00:00:00,0022600499,20270102/BKNGSW,1,8:30 pm ET,8,2027-01-02T00:00:00Z,1900-01-01T20:30:00Z,2027-01-02T20:30:00Z,2027-01-02T05:00:00Z,1900-01-01T01:30:00Z,2027-01-03T01:30:00Z,2027-01-02T20:30:00Z,2027-01-02T17:30:00Z,Sat,1,11,Week 11,false,,,,,Chase Center,CA,San Francisco,N,,,False,1610612744,Warriors,Golden State,GSW,warriors,0,0,0,0,1610612751,Nets,Brooklyn,BKN,nets,0,0,0,0,,,,,,,,,,,,,,,,,,,,,,,,,,,,,,,,,,natl,radio,1001098,SiriusXM,SiriusXM,,,https://www.siriusxm.com/sports/nba,-1,,,,,,,,,,,,,,home,tv,1097.0,NBCSBA,NBCSBA,,,,1610612744.0,,,,,,,,,,,,,,,,,,,,,,,,,away,tv,175.0,DAZN (YES),YES,,,,1610612751.0,,,,,,,,,,,,,
00,2026-27,01/02/2027 00:00:00,0022600500,20270102/SACPHX,1,9:00 pm ET,9,2027-01-02T00:00:00Z,1900-01-01T21:00:00Z,2027-01-02T21:00:00Z,2027-01-02T05:00:00Z,1900-01-01T02:00:00Z,2027-01-03T02:00:00Z,2027-01-02T18:00:00Z,2027-01-02T19:00:00Z,Sat,1,11,Week 11,false,,,,,Mortgage Matchup Center,AZ,Phoenix,N,,,False,1610612756,Suns,Phoenix,PHX,suns,0,0,0,0,1610612758,Kings,Sacramento,SAC,kings,0,0,0,0,,,,,,,,,,,,,,,,,,,,,,,,,,,,,,,,,,natl,radio,1001098,SiriusXM,SiriusXM,,,https://www.siriusxm.com/sports/nba,-1,,,,,,,,,,,,,,,,,,,,,,,,,,,,,,,,,,,,,,,,,,,,,,,away,tv,1027.0,NBCSCA,NBCSCA,,,,1610612758.0,,,,,,,,,,,,,
00,2026-27,01/02/2027 00:00:00,0022600501,20270102/BOSPOR,1,10:00 pm ET,10,2027-01-02T00:00:00Z,1900-01-01T22:00:00Z,2027-01-02T22:00:00Z,2027-01-02T05:00:00Z,1900-01-01T03:00:00Z,2027-01-03T03:00:00Z,2027-01-02T22:00:00Z,2027-01-02T19:00:00Z,Sat,1,11,Week 11,false,,,,,Moda Center,OR,Portland,N,,,False,1610612757,Trail Blazers,Portland,POR,blazers,0,0,0,0,1610612738,Celtics,Boston,BOS,celtics,0,0,0,0,natl,tv,7.0,NBA TV,NBA TV,Watch with League Pass or your TV subscription,,,-1.0,,,,,,,,,,,,,,,,,,,,,,,,,natl,radio,1001098,SiriusXM,SiriusXM,,,https://www.siriusxm.com/sports/nba,-1,,,,,,,,,,,,,,home,tv,1001196.0,KUNP,KUNP,,,,1610612757.0,,,,,,,,,,,,,,home,radio,1472.0,Rip City Radio 620,KPOJ,,,,1610612757.0,,,away,tv,1658.0,NBC SPORTS BOSTON,NBCSB,,,,1610612738.0,,,,,,,,,,,,,
00,2026-27,01/03/2027 00:00:00,0022600502,20270103/DETDEN,1,5:00 pm ET,1,2027-01-03T00:00:00Z,1900-01-01T17:00:00Z,2027-01-03T17:00:00Z,2027-01-03T05:00:00Z,1900-01-01T22:00:00Z,2027-01-03T22:00:00Z,2027-01-03T17:00:00Z,2027-01-03T15:00:00Z,Sun,1,11,Week 11,false,,,,,Ball Arena,CO,Denver,N,,,False,1610612743,Nuggets,Denver,DEN,nuggets,0,0,0,0,1610612765,Pistons,Detroit,DET,pistons,0,0,0,0,,,,,,,,,,,,,,,,,,,,,,,,,,,,,,,,,,natl,radio,1001098,SiriusXM,SiriusXM,,,https://www.siriusxm.com/sports/nba,-1,,,,,,,,,,,,,,,,,,,,,,,,,,,,,,,,,,,,,,,,,,,,,,,,,,,,,,,,,,,,,,,,,,,,
00,2026-27,01/03/2027 00:00:00,0022600503,20270103/CHAMIL,1,5:30 pm ET,2,2027-01-03T00:00:00Z,1900-01-01T17:30:00Z,2027-01-03T17:30:00Z,2027-01-03T05:00:00Z,1900-01-01T22:30:00Z,2027-01-03T22:30:00Z,2027-01-03T17:30:00Z,2027-01-03T16:30:00Z,Sun,1,11,Week 11,false,,,,,Fiserv Forum,WI,Milwaukee,N,,,False,1610612749,Bucks,Milwaukee,MIL,bucks,0,0,0,0,1610612766,Hornets,Charlotte,CHA,hornets,0,0,0,0,,,,,,,,,,,,,,,,,,,,,,,,,,,,,,,,,,natl,radio,1001098,SiriusXM,SiriusXM,,,https://www.siriusxm.com/sports/nba,-1,,,,,,,,,,,,,,,,,,,,,,,,,,,,,,,,,,,,,,,,,,,,,,,,,,,,,,,,,,,,,,,,,,,,
00,2026-27,01/03/2027 00:00:00,0022600504,20270103/MEMORL,1,6:00 pm ET,3,2027-01-03T00:00:00Z,1900-01-01T18:00:00Z,2027-01-03T18:00:00Z,2027-01-03T05:00:00Z,1900-01-01T23:00:00Z,2027-01-03T23:00:00Z,2027-01-03T17:00:00Z,2027-01-03T18:00:00Z,Sun,1,11,Week 11,false,,,,,Kia Center,FL,Orlando,N,,,False,1610612753,Magic,Orlando,ORL,magic,0,0,0,0,1610612763,Grizzlies,Memphis,MEM,grizzlies,0,0,0,0,,,,,,,,,,,,,,,,,,,,,,,,,,,,,,,,,,natl,radio,1001098,SiriusXM,SiriusXM,,,https://www.siriusxm.com/sports/nba,-1,,,,,,,,,,,,,,,,,,,,,,,,,,,,,,,,,,,,,,,,,,,,,,,,,,,,,,,,,,,,,,,,,,,,
00,2026-27,01/03/2027 00:00:00,0022600505,20270103/LALTOR,1,7:00 pm ET,4,2027-01-03T00:00:00Z,1900-01-01T19:00:00Z,2027-01-03T19:00:00Z,2027-01-03T05:00:00Z,1900-01-01T00:00:00Z,2027-01-04T00:00:00Z,2027-01-03T16:00:00Z,2027-01-03T19:00:00Z,Sun,1,11,Week 11,false,,,,,Scotiabank Arena,ON,Toronto,N,,,False,1610612761,Raptors,Toronto,TOR,raptors,0,0,0,0,1610612747,Lakers,Los Angeles,LAL,lakers,0,0,0,0,,,,,,,,,,,,,,,,,,,,,,,,,,,,,,,,,,natl,radio,1001098,SiriusXM,SiriusXM,,,https://www.siriusxm.com/sports/nba,-1,,,,,,,,,,,,,,,,,,,,,,,,,,,,,,,,,,,,,,,,,,,,,,,away,tv,1651.0,Spectrum SportsNet,SPECSN,,,,1610612747.0,,,away,radio,1001605.0,ESPN LA 710/980 KFWB,KSPN/KFWB,,,,1610612747.0,,
00,2026-27,01/03/2027 00:00:00,0022600506,20270103/LACWAS,1,7:00 pm ET,5,2027-01-03T00:00:00Z,1900-01-01T19:00:00Z,2027-01-03T19:00:00Z,2027-01-03T05:00:00Z,1900-01-01T00:00:00Z,2027-01-04T00:00:00Z,2027-01-03T16:00:00Z,2027-01-03T19:00:00Z,Sun,1,11,Week 11,false,,,,,Capital One Arena,DC,Washington,N,,,False,1610612764,Wizards,Washington,WAS,wizards,0,0,0,0,1610612746,Clippers,LA,LAC,clippers,0,0,0,0,,,,,,,,,,,,,,,,,,,,,,,,,,,,,,,,,,natl,radio,1001098,SiriusXM,SiriusXM,,,https://www.siriusxm.com/sports/nba,-1,,,,,,,,,,,,,,,,,,,,,,,,,,,,,,,,,,,,,,,,,,,,,,,,,,,,,,,,,,,,,,,,,,,,
00,2026-27,01/03/2027 00:00:00,0022600507,20270103/CLEHOU,1,7:00 pm ET,6,2027-01-03T00:00:00Z,1900-01-01T19:00:00Z,2027-01-03T19:00:00Z,2027-01-03T05:00:00Z,1900-01-01T00:00:00Z,2027-01-04T00:00:00Z,2027-01-03T19:00:00Z,2027-01-03T18:00:00Z,Sun,1,11,Week 11,false,,,,,Toyota Center,TX,Houston,N,,,False,1610612745,Rockets,Houston,HOU,rockets,0,0,0,0,1610612739,Cavaliers,Cleveland,CLE,cavaliers,0,0,0,0,,,,,,,,,,,,,,,,,,,,,,,,,,,,,,,,,,natl,radio,1001098,SiriusXM,SiriusXM,,,https://www.siriusxm.com/sports/nba,-1,,,,,,,,,,,,,,,,,,,,,,,,,,,,,,,,,,,,,,,,,,,,,,,,,,,,,,,,,,,,,,,,,,,,
00,2026-27,01/03/2027 00:00:00,0022600508,20270103/SASMIN,1,7:00 pm ET,7,2027-01-03T00:00:00Z,1900-01-01T19:00:00Z,2027-01-03T19:00:00Z,2027-01-03T05:00:00Z,1900-01-01T00:00:00Z,2027-01-04T00:00:00Z,2027-01-03T18:00:00Z,2027-01-03T18:00:00Z,Sun,1,11,Week 11,false,,,,,Target Center,MN,Minneapolis,N,,,False,1610612750,Timberwolves,Minnesota,MIN,timberwolves,0,0,0,0,1610612759,Spurs,San Antonio,SAS,spurs,0,0,0,0,natl,tv,7.0,NBA TV,NBA TV,Watch with League Pass or your TV subscription,,,-1.0,,,,,,,,,,,,,,,,,,,,,,,,,natl,radio,1001098,SiriusXM,SiriusXM,,,https://www.siriusxm.com/sports/nba,-1,,,,,,,,,,,,,,,,,,,,,,,,,,,,,,,,,,,,,,,,,,,,,,,,,,,,,,,,,,,,,,,,,,,,
00,2026-27,01/03/2027 00:00:00,0022600509,20270103/SACOKC,1,8:00 pm ET,8,2027-01-03T00:00:00Z,1900-01-01T20:00:00Z,2027-01-03T20:00:00Z,2027-01-03T05:00:00Z,1900-01-01T01:00:00Z,2027-01-04T01:00:00Z,2027-01-03T17:00:00Z,2027-01-03T19:00:00Z,Sun,1,11,Week 11,false,,,,,Paycom Center,OK,Oklahoma City,N,,,False,1610612760,Thunder,Oklahoma City,OKC,thunder,0,0,0,0,1610612758,Kings,Sacramento,SAC,kings,0,0,0,0,,,,,,,,,,,,,,,,,,,,,,,,,,,,,,,,,,natl,radio,1001098,SiriusXM,SiriusXM,,,https://www.siriusxm.com/sports/nba,-1,,,,,,,,,,,,,,,,,,,,,,,,,,,,,,,,,,,,,,,,,,,,,,,away,tv,1027.0,NBCSCA,NBCSCA,,,,1610612758.0,,,,,,,,,,,,,
00,2026-27,01/04/2027 00:00:00,0022600510,20270104/CHIIND,1,7:00 pm ET,1,2027-01-04T00:00:00Z,1900-01-01T19:00:00Z,2027-01-04T19:00:00Z,2027-01-04T05:00:00Z,1900-01-01T00:00:00Z,2027-01-05T00:00:00Z,2027-01-04T18:00:00Z,2027-01-04T19:00:00Z,Mon,1,12,Week 12,false,,,,,Gainbridge Fieldhouse,IN,Indianapolis,N,,,False,1610612754,Pacers,Indiana,IND,pacers,0,0,0,0,1610612741,Bulls,Chicago,CHI,bulls,0,0,0,0,natl,tv,1001453.0,Peacock,Peacock,,,https://peacocktv.app.link/mA2PClOQ95b,-1.0,3.0,,natl,tv,1001488.0,NBC Sports Network,NBCSN,,,,-1.0,7.0,National,,,,,,,,,,,,natl,radio,1001098,SiriusXM,SiriusXM,,,https://www.siriusxm.com/sports/nba,-1,,,,,,,,,,,,,,,,,,,,,,,,,,,,,,,,,,,,,,,,,,,,,,,,,,,,,,,,,,,,,,,,,,,,
00,2026-27,01/04/2027 00:00:00,0022600511,20270104/ATLPHI,1,7:00 pm ET,2,2027-01-04T00:00:00Z,1900-01-01T19:00:00Z,2027-01-04T19:00:00Z,2027-01-04T05:00:00Z,1900-01-01T00:00:00Z,2027-01-05T00:00:00Z,2027-01-04T19:00:00Z,2027-01-04T19:00:00Z,Mon,1,12,Week 12,false,,,,,Xfinity Mobile Arena,PA,Philadelphia,N,,,False,1610612755,76ers,Philadelphia,PHI,sixers,0,0,0,0,1610612737,Hawks,Atlanta,ATL,hawks,0,0,0,0,,,,,,,,,,,,,,,,,,,,,,,,,,,,,,,,,,natl,radio,1001098,SiriusXM,SiriusXM,,,https://www.siriusxm.com/sports/nba,-1,,,,,,,,,,,,,,,,,,,,,,,,,,,,,,,,,,,,,,,,,,,,,,,,,,,,,,,,,,,,,,,,,,,,
00,2026-27,01/04/2027 00:00:00,0022600512,20270104/DALNOP,1,8:00 pm ET,3,2027-01-04T00:00:00Z,1900-01-01T20:00:00Z,2027-01-04T20:00:00Z,2027-01-04T05:00:00Z,1900-01-01T01:00:00Z,2027-01-05T01:00:00Z,2027-01-04T19:00:00Z,2027-01-04T19:00:00Z,Mon,1,12,Week 12,false,,,,,Smoothie King Center,LA,New Orleans,N,,,False,1610612740,Pelicans,New Orleans,NOP,pelicans,0,0,0,0,1610612742,Mavericks,Dallas,DAL,mavericks,0,0,0,0,,,,,,,,,,,,,,,,,,,,,,,,,,,,,,,,,,natl,radio,1001098,SiriusXM,SiriusXM,,,https://www.siriusxm.com/sports/nba,-1,,,,,,,,,,,,,,,,,,,,,,,,,,,,,,,,,,,,,,,,,,,,,,,,,,,,,,,,,,,,,,,,,,,,
00,2026-27,01/04/2027 00:00:00,0022600513,20270104/BOSPHX,1,9:00 pm ET,4,2027-01-04T00:00:00Z,1900-01-01T21:00:00Z,2027-01-04T21:00:00Z,2027-01-04T05:00:00Z,1900-01-01T02:00:00Z,2027-01-05T02:00:00Z,2027-01-04T21:00:00Z,2027-01-04T19:00:00Z,Mon,1,12,Week 12,false,,,,,Mortgage Matchup Center,AZ,Phoenix,N,,,False,1610612756,Suns,Phoenix,PHX,suns,0,0,0,0,1610612738,Celtics,Boston,BOS,celtics,0,0,0,0,,,,,,,,,,,,,,,,,,,,,,,,,,,,,,,,,,natl,radio,1001098,SiriusXM,SiriusXM,,,https://www.siriusxm.com/sports/nba,-1,,,,,,,,,,,,,,,,,,,,,,,,,,,,,,,,,,,,,,,,,,,,,,,away,tv,1658.0,NBC SPORTS BOSTON,NBCSB,,,,1610612738.0,,,,,,,,,,,,,
00,2026-27,01/04/2027 00:00:00,0022600514,20270104/BKNUTA,1,9:00 pm ET,5,2027-01-04T00:00:00Z,1900-01-01T21:00:00Z,2027-01-04T21:00:00Z,2027-01-04T05:00:00Z,1900-01-01T02:00:00Z,2027-01-05T02:00:00Z,2027-01-04T21:00:00Z,2027-01-04T19:00:00Z,Mon,1,12,Week 12,false,,,,,Delta Center,UT,Salt Lake City,N,,,False,1610612762,Jazz,Utah,UTA,jazz,0,0,0,0,1610612751,Nets,Brooklyn,BKN,nets,0,0,0,0,,,,,,,,,,,,,,,,,,,,,,,,,,,,,,,,,,natl,radio,1001098,SiriusXM,SiriusXM,,,https://www.siriusxm.com/sports/nba,-1,,,,,,,,,,,,,,,,,,,,,,,,,,,,,,,,,,,,,,,,,,,,,,,away,tv,175.0,DAZN (YES),YES,,,,1610612751.0,,,,,,,,,,,,,
00,2026-27,01/04/2027 00:00:00,0022600515,20270104/NYKPOR,1,10:00 pm ET,6,2027-01-04T00:00:00Z,1900-01-01T22:00:00Z,2027-01-04T22:00:00Z,2027-01-04T05:00:00Z,1900-01-01T03:00:00Z,2027-01-05T03:00:00Z,2027-01-04T22:00:00Z,2027-01-04T19:00:00Z,Mon,1,12,Week 12,false,,,,,Moda Center,OR,Portland,N,,,False,1610612757,Trail Blazers,Portland,POR,blazers,0,0,0,0,1610612752,Knicks,New York,NYK,knicks,0,0,0,0,,,,,,,,,,,,,,,,,,,,,,,,,,,,,,,,,,natl,radio,1001098,SiriusXM,SiriusXM,,,https://www.siriusxm.com/sports/nba,-1,,,,,,,,,,,,,,home,tv,1001196.0,KUNP,KUNP,,,,1610612757.0,,,,,,,,,,,,,,home,radio,1472.0,Rip City Radio 620,KPOJ,,,,1610612757.0,,,,,,,,,,,,,,,,,,,,,,,,
00,2026-27,01/05/2027 00:00:00,0022600516,20270105/ATLCHA,1,7:00 pm ET,1,2027-01-05T00:00:00Z,1900-01-01T19:00:00Z,2027-01-05T19:00:00Z,2027-01-05T05:00:00Z,1900-01-01T00:00:00Z,2027-01-06T00:00:00Z,2027-01-05T19:00:00Z,2027-01-05T19:00:00Z,Tue,1,12,Week 12,false,,,,,Spectrum Center,NC,Charlotte,N,,,False,1610612766,Hornets,Charlotte,CHA,hornets,0,0,0,0,1610612737,Hawks,Atlanta,ATL,hawks,0,0,0,0,,,,,,,,,,,,,,,,,,,,,,,,,,,,,,,,,,natl,radio,1001098,SiriusXM,SiriusXM,,,https://www.siriusxm.com/sports/nba,-1,,,,,,,,,,,,,,,,,,,,,,,,,,,,,,,,,,,,,,,,,,,,,,,,,,,,,,,,,,,,,,,,,,,,
00,2026-27,01/05/2027 00:00:00,0022600517,20270105/TORCLE,1,7:00 pm ET,2,2027-01-05T00:00:00Z,1900-01-01T19:00:00Z,2027-01-05T19:00:00Z,2027-01-05T05:00:00Z,1900-01-01T00:00:00Z,2027-01-06T00:00:00Z,2027-01-05T19:00:00Z,2027-01-05T19:00:00Z,Tue,1,12,Week 12,false,,,,,Rocket Arena,OH,Cleveland,N,,,False,1610612739,Cavaliers,Cleveland,CLE,cavaliers,0,0,0,0,1610612761,Raptors,Toronto,TOR,raptors,0,0,0,0,,,,,,,,,,,,,,,,,,,,,,,,,,,,,,,,,,natl,radio,1001098,SiriusXM,SiriusXM,,,https://www.siriusxm.com/sports/nba,-1,,,,,,,,,,,,,,,,,,,,,,,,,,,,,,,,,,,,,,,,,,,,,,,,,,,,,,,,,,,,,,,,,,,,
00,2026-27,01/05/2027 00:00:00,0022600518,20270105/LACORL,1,7:00 pm ET,3,2027-01-05T00:00:00Z,1900-01-01T19:00:00Z,2027-01-05T19:00:00Z,2027-01-05T05:00:00Z,1900-01-01T00:00:00Z,2027-01-06T00:00:00Z,2027-01-05T16:00:00Z,2027-01-05T19:00:00Z,Tue,1,12,Week 12,false,,,,,Kia Center,FL,Orlando,N,,,False,1610612753,Magic,Orlando,ORL,magic,0,0,0,0,1610612746,Clippers,LA,LAC,clippers,0,0,0,0,,,,,,,,,,,,,,,,,,,,,,,,,,,,,,,,,,natl,radio,1001098,SiriusXM,SiriusXM,,,https://www.siriusxm.com/sports/nba,-1,,,,,,,,,,,,,,,,,,,,,,,,,,,,,,,,,,,,,,,,,,,,,,,,,,,,,,,,,,,,,,,,,,,,
00,2026-27,01/05/2027 00:00:00,0022600519,20270105/LALWAS,1,7:00 pm ET,4,2027-01-05T00:00:00Z,1900-01-01T19:00:00Z,2027-01-05T19:00:00Z,2027-01-05T05:00:00Z,1900-01-01T00:00:00Z,2027-01-06T00:00:00Z,2027-01-05T16:00:00Z,2027-01-05T19:00:00Z,Tue,1,12,Week 12,false,,,,,Capital One Arena,DC,Washington,N,,,False,1610612764,Wizards,Washington,WAS,wizards,0,0,0,0,1610612747,Lakers,Los Angeles,LAL,lakers,0,0,0,0,,,,,,,,,,,,,,,,,,,,,,,,,,,,,,,,,,natl,radio,1001098,SiriusXM,SiriusXM,,,https://www.siriusxm.com/sports/nba,-1,,,,,,,,,,,,,,,,,,,,,,,,,,,,,,,,,,,,,,,,,,,,,,,away,tv,1651.0,Spectrum SportsNet,SPECSN,,,,1610612747.0,,,away,radio,1001605.0,ESPN LA 710/980 KFWB,KSPN/KFWB,,,,1610612747.0,,
00,2026-27,01/05/2027 00:00:00,0022600520,20270105/MEMMIA,1,7:30 pm ET,5,2027-01-05T00:00:00Z,1900-01-01T19:30:00Z,2027-01-05T19:30:00Z,2027-01-05T05:00:00Z,1900-01-01T00:30:00Z,2027-01-06T00:30:00Z,2027-01-05T18:30:00Z,2027-01-05T19:30:00Z,Tue,1,12,Week 12,false,,,,,Kaseya Center,FL,Miami,N,,,False,1610612748,Heat,Miami,MIA,heat,0,0,0,0,1610612763,Grizzlies,Memphis,MEM,grizzlies,0,0,0,0,,,,,,,,,,,,,,,,,,,,,,,,,,,,,,,,,,natl,radio,1001098,SiriusXM,SiriusXM,,,https://www.siriusxm.com/sports/nba,-1,,,,,,,,,,,,,,home,tv,1001720.0,WPLG Local 10,WPLG,,,https://local10plusplatinum.maz.tv/open?deeplink=local10platinum://item/3776211-3882966?item=44d4cc7fbb9f4bd72cf272489b39eadf-3742525-3848761,1610612748.0,,,,,,,,,,,,,,home,radio,1001523.0,FM 104.3 WQAM / S: WAQI 710,WQAM-FM/WAQI,,,,1610612748.0,,,,,,,,,,,,,,,,,,,,,,,,
00,2026-27,01/05/2027 00:00:00,0022600521,20270105/MILCHI,1,8:00 pm ET,6,2027-01-05T00:00:00Z,1900-01-01T20:00:00Z,2027-01-05T20:00:00Z,2027-01-05T05:00:00Z,1900-01-01T01:00:00Z,2027-01-06T01:00:00Z,2027-01-05T19:00:00Z,2027-01-05T19:00:00Z,Tue,1,12,Week 12,false,,,,,United Center,IL,Chicago,N,,,False,1610612741,Bulls,Chicago,CHI,bulls,0,0,0,0,1610612749,Bucks,Milwaukee,MIL,bucks,0,0,0,0,,,,,,,,,,,,,,,,,,,,,,,,,,,,,,,,,,natl,radio,1001098,SiriusXM,SiriusXM,,,https://www.siriusxm.com/sports/nba,-1,,,,,,,,,,,,,,,,,,,,,,,,,,,,,,,,,,,,,,,,,,,,,,,,,,,,,,,,,,,,,,,,,,,,
00,2026-27,01/05/2027 00:00:00,0022600522,20270105/MINHOU,1,8:00 pm ET,7,2027-01-05T00:00:00Z,1900-01-01T20:00:00Z,2027-01-05T20:00:00Z,2027-01-05T05:00:00Z,1900-01-01T01:00:00Z,2027-01-06T01:00:00Z,2027-01-05T19:00:00Z,2027-01-05T19:00:00Z,Tue,1,12,Week 12,false,,,,,Toyota Center,TX,Houston,N,,,False,1610612745,Rockets,Houston,HOU,rockets,0,0,0,0,1610612750,Timberwolves,Minnesota,MIN,timberwolves,0,0,0,0,natl,tv,1001452.0,NBC,NBC,,,,-1.0,5.0,East,natl,tv,1001453.0,Peacock,Peacock,,,https://www.peacocktv.com/sports/nba?cid=2508sptnbaexterndinapplk26427&utm_campaign=2508sptnba&utm_source=nba_nba_nba&utm_medium=ernd_inapplk_acq_inapbnr&utm_term=nbafans&utm_content=nbaapplinks,-1.0,3.0,,,,,,,,,,,,,natl,radio,1001098,SiriusXM,SiriusXM,,,https://www.siriusxm.com/sports/nba,-1,,,,,,,,,,,,,,,,,,,,,,,,,,,,,,,,,,,,,,,,,,,,,,,,,,,,,,,,,,,,,,,,,,,,
00,2026-27,01/05/2027 00:00:00,0022600523,20270105/PHXDEN,1,10:00 pm ET,8,2027-01-05T00:00:00Z,1900-01-01T22:00:00Z,2027-01-05T22:00:00Z,2027-01-05T05:00:00Z,1900-01-01T03:00:00Z,2027-01-06T03:00:00Z,2027-01-05T20:00:00Z,2027-01-05T20:00:00Z,Tue,1,12,Week 12,false,,,,,Ball Arena,CO,Denver,N,,,False,1610612743,Nuggets,Denver,DEN,nuggets,0,0,0,0,1610612756,Suns,Phoenix,PHX,suns,0,0,0,0,natl,tv,1001452.0,NBC,NBC,,,,-1.0,5.0,West,natl,tv,1001453.0,Peacock,Peacock,,,https://www.peacocktv.com/sports/nba?cid=2508sptnbaexterndinapplk26427&utm_campaign=2508sptnba&utm_source=nba_nba_nba&utm_medium=ernd_inapplk_acq_inapbnr&utm_term=nbafans&utm_content=nbaapplinks,-1.0,3.0,,,,,,,,,,,,,natl,radio,1001098,SiriusXM,SiriusXM,,,https://www.siriusxm.com/sports/nba,-1,,,,,,,,,,,,,,,,,,,,,,,,,,,,,,,,,,,,,,,,,,,,,,,,,,,,,,,,,,,,,,,,,,,,
00,2026-27,01/05/2027 00:00:00,0022600524,20270105/DETSAC,1,10:00 pm ET,9,2027-01-05T00:00:00Z,1900-01-01T22:00:00Z,2027-01-05T22:00:00Z,2027-01-05T05:00:00Z,1900-01-01T03:00:00Z,2027-01-06T03:00:00Z,2027-01-05T22:00:00Z,2027-01-05T19:00:00Z,Tue,1,12,Week 12,false,,,,,Golden 1 Center,CA,Sacramento,N,,,False,1610612758,Kings,Sacramento,SAC,kings,0,0,0,0,1610612765,Pistons,Detroit,DET,pistons,0,0,0,0,,,,,,,,,,,,,,,,,,,,,,,,,,,,,,,,,,natl,radio,1001098,SiriusXM,SiriusXM,,,https://www.siriusxm.com/sports/nba,-1,,,,,,,,,,,,,,home,tv,1027.0,NBCSCA,NBCSCA,,,,1610612758.0,,,,,,,,,,,,,,,,,,,,,,,,,,,,,,,,,,,,,,,,,,,,,,
00,2026-27,01/06/2027 00:00:00,0022600525,20270106/UTABKN,1,7:30 pm ET,1,2027-01-06T00:00:00Z,1900-01-01T19:30:00Z,2027-01-06T19:30:00Z,2027-01-06T05:00:00Z,1900-01-01T00:30:00Z,2027-01-07T00:30:00Z,2027-01-06T17:30:00Z,2027-01-06T19:30:00Z,Wed,1,12,Week 12,false,,,,,Barclays Center,NY,Brooklyn,N,,,False,1610612751,Nets,Brooklyn,BKN,nets,0,0,0,0,1610612762,Jazz,Utah,UTA,jazz,0,0,0,0,,,,,,,,,,,,,,,,,,,,,,,,,,,,,,,,,,natl,radio,1001098,SiriusXM,SiriusXM,,,https://www.siriusxm.com/sports/nba,-1,,,,,,,,,,,,,,home,tv,175.0,DAZN (YES),YES,,,,1610612751.0,,,,,,,,,,,,,,,,,,,,,,,,,,,,,,,,,,,,,,,,,,,,,,
00,2026-27,01/06/2027 00:00:00,0022600526,20270106/OKCPHI,1,7:30 pm ET,2,2027-01-06T00:00:00Z,1900-01-01T19:30:00Z,2027-01-06T19:30:00Z,2027-01-06T05:00:00Z,1900-01-01T00:30:00Z,2027-01-07T00:30:00Z,2027-01-06T18:30:00Z,2027-01-06T19:30:00Z,Wed,1,12,Week 12,false,,,,,Xfinity Mobile Arena,PA,Philadelphia,N,,,False,1610612755,76ers,Philadelphia,PHI,sixers,0,0,0,0,1610612760,Thunder,Oklahoma City,OKC,thunder,0,0,0,0,natl,tv,2.0,ESPN,ESPN,,,https://www.espn.com/watch/catalog/7b3729c9-7f69-308a-bf8a-ee15a6aba154/nba#bucketId=29446&sourceCollection=Featured_Sports_,-1.0,2.0,,,,,,,,,,,,,,,,,,,,,,,,natl,radio,1001098,SiriusXM,SiriusXM,,,https://www.siriusxm.com/sports/nba,-1,,,,,,,,,,,,,,,,,,,,,,,,,,,,,,,,,,,,,,,,,,,,,,,,,,,,,,,,,,,,,,,,,,,,
00,2026-27,01/06/2027 00:00:00,0022600527,20270106/PORNOP,1,8:00 pm ET,3,2027-01-06T00:00:00Z,1900-01-01T20:00:00Z,2027-01-06T20:00:00Z,2027-01-06T05:00:00Z,1900-01-01T01:00:00Z,2027-01-07T01:00:00Z,2027-01-06T17:00:00Z,2027-01-06T19:00:00Z,Wed,1,12,Week 12,false,,,,,Smoothie King Center,LA,New Orleans,N,,,False,1610612740,Pelicans,New Orleans,NOP,pelicans,0,0,0,0,1610612757,Trail Blazers,Portland,POR,blazers,0,0,0,0,,,,,,,,,,,,,,,,,,,,,,,,,,,,,,,,,,natl,radio,1001098,SiriusXM,SiriusXM,,,https://www.siriusxm.com/sports/nba,-1,,,,,,,,,,,,,,,,,,,,,,,,,,,,,,,,,,,,,,,,,,,,,,,away,tv,1001507.0,KATU ABC 2/KUNP,KATU/KUNP,,,,1610612757.0,,,away,radio,1472.0,Rip City Radio 620,KPOJ,,,,1610612757.0,,
00,2026-27,01/06/2027 00:00:00,0022600528,20270106/INDSAS,1,8:00 pm ET,4,2027-01-06T00:00:00Z,1900-01-01T20:00:00Z,2027-01-06T20:00:00Z,2027-01-06T05:00:00Z,1900-01-01T01:00:00Z,2027-01-07T01:00:00Z,2027-01-06T20:00:00Z,2027-01-06T19:00:00Z,Wed,1,12,Week 12,false,,,,,Frost Bank Center,TX,San Antonio,N,,,False,1610612759,Spurs,San Antonio,SAS,spurs,0,0,0,0,1610612754,Pacers,Indiana,IND,pacers,0,0,0,0,,,,,,,,,,,,,,,,,,,,,,,,,,,,,,,,,,natl,radio,1001098,SiriusXM,SiriusXM,,,https://www.siriusxm.com/sports/nba,-1,,,,,,,,,,,,,,,,,,,,,,,,,,,,,,,,,,,,,,,,,,,,,,,,,,,,,,,,,,,,,,,,,,,,
00,2026-27,01/06/2027 00:00:00,0022600529,20270106/NYKGSW,1,10:00 pm ET,5,2027-01-06T00:00:00Z,1900-01-01T22:00:00Z,2027-01-06T22:00:00Z,2027-01-06T05:00:00Z,1900-01-01T03:00:00Z,2027-01-07T03:00:00Z,2027-01-06T22:00:00Z,2027-01-06T19:00:00Z,Wed,1,12,Week 12,false,,,,,Chase Center,CA,San Francisco,N,,,False,1610612744,Warriors,Golden State,GSW,warriors,0,0,0,0,1610612752,Knicks,New York,NYK,knicks,0,0,0,0,natl,tv,2.0,ESPN,ESPN,,,https://www.espn.com/watch/catalog/7b3729c9-7f69-308a-bf8a-ee15a6aba154/nba#bucketId=29446&sourceCollection=Featured_Sports_,-1.0,2.0,,,,,,,,,,,,,,,,,,,,,,,,natl,radio,1001098,SiriusXM,SiriusXM,,,https://www.siriusxm.com/sports/nba,-1,,,,,,,,,,,,,,home,tv,1097.0,NBCSBA,NBCSBA,,,,1610612744.0,,,,,,,,,,,,,,,,,,,,,,,,,,,,,,,,,,,,,,,,,,,,,,
00,2026-27,01/07/2027 00:00:00,0022600530,20270107/INDATL,1,7:00 pm ET,1,2027-01-07T00:00:00Z,1900-01-01T19:00:00Z,2027-01-07T19:00:00Z,2027-01-07T05:00:00Z,1900-01-01T00:00:00Z,2027-01-08T00:00:00Z,2027-01-07T19:00:00Z,2027-01-07T19:00:00Z,Thu,1,12,Week 12,false,,,,,State Farm Arena,GA,Atlanta,N,,,False,1610612737,Hawks,Atlanta,ATL,hawks,0,0,0,0,1610612754,Pacers,Indiana,IND,pacers,0,0,0,0,,,,,,,,,,,,,,,,,,,,,,,,,,,,,,,,,,natl,radio,1001098,SiriusXM,SiriusXM,,,https://www.siriusxm.com/sports/nba,-1,,,,,,,,,,,,,,,,,,,,,,,,,,,,,,,,,,,,,,,,,,,,,,,,,,,,,,,,,,,,,,,,,,,,
00,2026-27,01/07/2027 00:00:00,0022600531,20270107/DENCHA,1,7:00 pm ET,2,2027-01-07T00:00:00Z,1900-01-01T19:00:00Z,2027-01-07T19:00:00Z,2027-01-07T05:00:00Z,1900-01-01T00:00:00Z,2027-01-08T00:00:00Z,2027-01-07T17:00:00Z,2027-01-07T19:00:00Z,Thu,1,12,Week 12,false,,,,,Spectrum Center,NC,Charlotte,N,,,False,1610612766,Hornets,Charlotte,CHA,hornets,0,0,0,0,1610612743,Nuggets,Denver,DEN,nuggets,0,0,0,0,,,,,,,,,,,,,,,,,,,,,,,,,,,,,,,,,,natl,radio,1001098,SiriusXM,SiriusXM,,,https://www.siriusxm.com/sports/nba,-1,,,,,,,,,,,,,,,,,,,,,,,,,,,,,,,,,,,,,,,,,,,,,,,,,,,,,,,,,,,,,,,,,,,,
00,2026-27,01/07/2027 00:00:00,0022600532,20270107/CLEORL,1,7:00 pm ET,3,2027-01-07T00:00:00Z,1900-01-01T19:00:00Z,2027-01-07T19:00:00Z,2027-01-07T05:00:00Z,1900-01-01T00:00:00Z,2027-01-08T00:00:00Z,2027-01-07T19:00:00Z,2027-01-07T19:00:00Z,Thu,1,12,Week 12,false,,,,,Kia Center,FL,Orlando,N,,,False,1610612753,Magic,Orlando,ORL,magic,0,0,0,0,1610612739,Cavaliers,Cleveland,CLE,cavaliers,0,0,0,0,,,,,,,,,,,,,,,,,,,,,,,,,,,,,,,,,,natl,radio,1001098,SiriusXM,SiriusXM,,,https://www.siriusxm.com/sports/nba,-1,,,,,,,,,,,,,,,,,,,,,,,,,,,,,,,,,,,,,,,,,,,,,,,,,,,,,,,,,,,,,,,,,,,,
00,2026-27,01/07/2027 00:00:00,0022600533,20270107/OKCWAS,1,7:00 pm ET,4,2027-01-07T00:00:00Z,1900-01-01T19:00:00Z,2027-01-07T19:00:00Z,2027-01-07T05:00:00Z,1900-01-01T00:00:00Z,2027-01-08T00:00:00Z,2027-01-07T18:00:00Z,2027-01-07T19:00:00Z,Thu,1,12,Week 12,false,,,,,Capital One Arena,DC,Washington,N,,,False,1610612764,Wizards,Washington,WAS,wizards,0,0,0,0,1610612760,Thunder,Oklahoma City,OKC,thunder,0,0,0,0,,,,,,,,,,,,,,,,,,,,,,,,,,,,,,,,,,natl,radio,1001098,SiriusXM,SiriusXM,,,https://www.siriusxm.com/sports/nba,-1,,,,,,,,,,,,,,,,,,,,,,,,,,,,,,,,,,,,,,,,,,,,,,,,,,,,,,,,,,,,,,,,,,,,
00,2026-27,01/07/2027 00:00:00,0022600534,20270107/MIABKN,1,7:30 pm ET,5,2027-01-07T00:00:00Z,1900-01-01T19:30:00Z,2027-01-07T19:30:00Z,2027-01-07T05:00:00Z,1900-01-01T00:30:00Z,2027-01-08T00:30:00Z,2027-01-07T19:30:00Z,2027-01-07T19:30:00Z,Thu,1,12,Week 12,false,,,,,Barclays Center,NY,Brooklyn,N,,,False,1610612751,Nets,Brooklyn,BKN,nets,0,0,0,0,1610612748,Heat,Miami,MIA,heat,0,0,0,0,,,,,,,,,,,,,,,,,,,,,,,,,,,,,,,,,,natl,radio,1001098,SiriusXM,SiriusXM,,,https://www.siriusxm.com/sports/nba,-1,,,,,,,,,,,,,,home,tv,175.0,DAZN (YES),YES,,,,1610612751.0,,,,,,,,,,,,,,,,,,,,,,,,,away,tv,1001720.0,WPLG Local 10,WPLG,,,https://local10plusplatinum.maz.tv/open?deeplink=local10platinum://item/3776211-3882966?item=44d4cc7fbb9f4bd72cf272489b39eadf-3742525-3848761,1610612748.0,,,away,radio,1001523.0,FM 104.3 WQAM / S: WAQI 710,WQAM-FM/WAQI,,,,1610612748.0,,
00,2026-27,01/07/2027 00:00:00,0022600535,20270107/MINTOR,1,7:30 pm ET,6,2027-01-07T00:00:00Z,1900-01-01T19:30:00Z,2027-01-07T19:30:00Z,2027-01-07T05:00:00Z,1900-01-01T00:30:00Z,2027-01-08T00:30:00Z,2027-01-07T18:30:00Z,2027-01-07T19:30:00Z,Thu,1,12,Week 12,false,,,,,Scotiabank Arena,ON,Toronto,N,,,False,1610612761,Raptors,Toronto,TOR,raptors,0,0,0,0,1610612750,Timberwolves,Minnesota,MIN,timberwolves,0,0,0,0,natl,tv,1000664.0,Prime Video,Amazon,,,https://www.amazon.com/gp/video/tournament/amzn1.dv.icid.cf75b42a-68cd-4a1c-993a-a0b3f0575c5f?jic=20%7CCgZTcG9ydHMSA2FsbA%3D%3D&ref_=atv_hm_spo_c_7a7vxF_4_6,-1.0,4.0,,,,,,,,,,,,,,,,,,,,,,,,natl,radio,1001098,SiriusXM,SiriusXM,,,https://www.siriusxm.com/sports/nba,-1,,,,,,,,,,,,,,,,,,,,,,,,,,,,,,,,,,,,,,,,,,,,,,,,,,,,,,,,,,,,,,,,,,,,
00,2026-27,01/07/2027 00:00:00,0022600536,20270107/PORDAL,1,8:00 pm ET,7,2027-01-07T00:00:00Z,1900-01-01T20:00:00Z,2027-01-07T20:00:00Z,2027-01-07T05:00:00Z,1900-01-01T01:00:00Z,2027-01-08T01:00:00Z,2027-01-07T17:00:00Z,2027-01-07T19:00:00Z,Thu,1,12,Week 12,false,,,,,American Airlines Center,TX,Dallas,N,,,False,1610612742,Mavericks,Dallas,DAL,mavericks,0,0,0,0,1610612757,Trail Blazers,Portland,POR,blazers,0,0,0,0,,,,,,,,,,,,,,,,,,,,,,,,,,,,,,,,,,natl,radio,1001098,SiriusXM,SiriusXM,,,https://www.siriusxm.com/sports/nba,-1,,,,,,,,,,,,,,,,,,,,,,,,,,,,,,,,,,,,,,,,,,,,,,,away,tv,1001507.0,KATU ABC 2/KUNP,KATU/KUNP,,,,1610612757.0,,,away,radio,1472.0,Rip City Radio 620,KPOJ,,,,1610612757.0,,
00,2026-27,01/07/2027 00:00:00,0022600537,20270107/LACMIL,1,8:00 pm ET,8,2027-01-07T00:00:00Z,1900-01-01T20:00:00Z,2027-01-07T20:00:00Z,2027-01-07T05:00:00Z,1900-01-01T01:00:00Z,2027-01-08T01:00:00Z,2027-01-07T17:00:00Z,2027-01-07T19:00:00Z,Thu,1,12,Week 12,false,,,,,Fiserv Forum,WI,Milwaukee,N,,,False,1610612749,Bucks,Milwaukee,MIL,bucks,0,0,0,0,1610612746,Clippers,LA,LAC,clippers,0,0,0,0,,,,,,,,,,,,,,,,,,,,,,,,,,,,,,,,,,natl,radio,1001098,SiriusXM,SiriusXM,,,https://www.siriusxm.com/sports/nba,-1,,,,,,,,,,,,,,,,,,,,,,,,,,,,,,,,,,,,,,,,,,,,,,,,,,,,,,,,,,,,,,,,,,,,
00,2026-27,01/07/2027 00:00:00,0022600538,20270107/MEMHOU,1,8:30 pm ET,9,2027-01-07T00:00:00Z,1900-01-01T20:30:00Z,2027-01-07T20:30:00Z,2027-01-07T05:00:00Z,1900-01-01T01:30:00Z,2027-01-08T01:30:00Z,2027-01-07T19:30:00Z,2027-01-07T19:30:00Z,Thu,1,12,Week 12,false,,,,,Toyota Center,TX,Houston,N,,,False,1610612745,Rockets,Houston,HOU,rockets,0,0,0,0,1610612763,Grizzlies,Memphis,MEM,grizzlies,0,0,0,0,,,,,,,,,,,,,,,,,,,,,,,,,,,,,,,,,,natl,radio,1001098,SiriusXM,SiriusXM,,,https://www.siriusxm.com/sports/nba,-1,,,,,,,,,,,,,,,,,,,,,,,,,,,,,,,,,,,,,,,,,,,,,,,,,,,,,,,,,,,,,,,,,,,,
00,2026-27,01/07/2027 00:00:00,0022600539,20270107/DETGSW,1,10:00 pm ET,10,2027-01-07T00:00:00Z,1900-01-01T22:00:00Z,2027-01-07T22:00:00Z,2027-01-07T05:00:00Z,1900-01-01T03:00:00Z,2027-01-08T03:00:00Z,2027-01-07T22:00:00Z,2027-01-07T19:00:00Z,Thu,1,12,Week 12,false,,,,,Chase Center,CA,San Francisco,N,,,False,1610612744,Warriors,Golden State,GSW,warriors,0,0,0,0,1610612765,Pistons,Detroit,DET,pistons,0,0,0,0,,,,,,,,,,,,,,,,,,,,,,,,,,,,,,,,,,natl,radio,1001098,SiriusXM,SiriusXM,,,https://www.siriusxm.com/sports/nba,-1,,,,,,,,,,,,,,home,tv,1097.0,NBCSBA,NBCSBA,,,,1610612744.0,,,,,,,,,,,,,,,,,,,,,,,,,,,,,,,,,,,,,,,,,,,,,,
00,2026-27,01/07/2027 00:00:00,0022600540,20270107/BOSLAL,1,10:00 pm ET,11,2027-01-07T00:00:00Z,1900-01-01T22:00:00Z,2027-01-07T22:00:00Z,2027-01-07T05:00:00Z,1900-01-01T03:00:00Z,2027-01-08T03:00:00Z,2027-01-07T22:00:00Z,2027-01-07T19:00:00Z,Thu,1,12,Week 12,false,,,,,Crypto.com Arena,CA,Los Angeles,N,,,False,1610612747,Lakers,Los Angeles,LAL,lakers,0,0,0,0,1610612738,Celtics,Boston,BOS,celtics,0,0,0,0,natl,tv,1000664.0,Prime Video,Amazon,,,https://www.amazon.com/gp/video/tournament/amzn1.dv.icid.cf75b42a-68cd-4a1c-993a-a0b3f0575c5f?jic=20%7CCgZTcG9ydHMSA2FsbA%3D%3D&ref_=atv_hm_spo_c_7a7vxF_4_6,-1.0,4.0,,,,,,,,,,,,,,,,,,,,,,,,natl,radio,3,ESPN Radio,ESPNR,,,,-1,,,natl,radio,1001098.0,SiriusXM,SiriusXM,,,https://www.siriusxm.com/sports/nba,-1.0,,,home,tv,1651.0,Spectrum SportsNet,SPECSN,,,,1610612747.0,,,,,,,,,,,,,,home,radio,1001605.0,ESPN LA 710/980 KFWB,KSPN/KFWB,,,,1610612747.0,,,,,,,,,,,,,,,,,,,,,,,,
00,2026-27,01/07/2027 00:00:00,0022600541,20270107/CHISAC,1,10:00 pm ET,12,2027-01-07T00:00:00Z,1900-01-01T22:00:00Z,2027-01-07T22:00:00Z,2027-01-07T05:00:00Z,1900-01-01T03:00:00Z,2027-01-08T03:00:00Z,2027-01-07T21:00:00Z,2027-01-07T19:00:00Z,Thu,1,12,Week 12,false,,,,,Golden 1 Center,CA,Sacramento,N,,,False,1610612758,Kings,Sacramento,SAC,kings,0,0,0,0,1610612741,Bulls,Chicago,CHI,bulls,0,0,0,0,,,,,,,,,,,,,,,,,,,,,,,,,,,,,,,,,,natl,radio,1001098,SiriusXM,SiriusXM,,,https://www.siriusxm.com/sports/nba,-1,,,,,,,,,,,,,,home,tv,1027.0,NBCSCA,NBCSCA,,,,1610612758.0,,,,,,,,,,,,,,,,,,,,,,,,,,,,,,,,,,,,,,,,,,,,,,
00,2026-27,01/08/2027 00:00:00,0022600542,20270108/MIAPHI,1,7:00 pm ET,1,2027-01-08T00:00:00Z,1900-01-01T19:00:00Z,2027-01-08T19:00:00Z,2027-01-08T05:00:00Z,1900-01-01T00:00:00Z,2027-01-09T00:00:00Z,2027-01-08T19:00:00Z,2027-01-08T19:00:00Z,Fri,1,12,Week 12,false,,,,,Xfinity Mobile Arena,PA,Philadelphia,N,,,False,1610612755,76ers,Philadelphia,PHI,sixers,0,0,0,0,1610612748,Heat,Miami,MIA,heat,0,0,0,0,natl,tv,2.0,ESPN,ESPN,,,https://www.espn.com/watch/catalog/7b3729c9-7f69-308a-bf8a-ee15a6aba154/nba#bucketId=29446&sourceCollection=Featured_Sports_,-1.0,2.0,,,,,,,,,,,,,,,,,,,,,,,,natl,radio,1001098,SiriusXM,SiriusXM,,,https://www.siriusxm.com/sports/nba,-1,,,,,,,,,,,,,,,,,,,,,,,,,,,,,,,,,,,,,,,,,,,,,,,away,tv,1001720.0,WPLG Local 10,WPLG,,,https://local10plusplatinum.maz.tv/open?deeplink=local10platinum://item/3776211-3882966?item=44d4cc7fbb9f4bd72cf272489b39eadf-3742525-3848761,1610612748.0,,,away,radio,1001523.0,FM 104.3 WQAM / S: WAQI 710,WQAM-FM/WAQI,,,,1610612748.0,,
00,2026-27,01/08/2027 00:00:00,0022600543,20270108/MINWAS,1,7:00 pm ET,2,2027-01-08T00:00:00Z,1900-01-01T19:00:00Z,2027-01-08T19:00:00Z,2027-01-08T05:00:00Z,1900-01-01T00:00:00Z,2027-01-09T00:00:00Z,2027-01-08T18:00:00Z,2027-01-08T19:00:00Z,Fri,1,12,Week 12,false,,,,,Capital One Arena,DC,Washington,N,,,False,1610612764,Wizards,Washington,WAS,wizards,0,0,0,0,1610612750,Timberwolves,Minnesota,MIN,timberwolves,0,0,0,0,,,,,,,,,,,,,,,,,,,,,,,,,,,,,,,,,,natl,radio,1001098,SiriusXM,SiriusXM,,,https://www.siriusxm.com/sports/nba,-1,,,,,,,,,,,,,,,,,,,,,,,,,,,,,,,,,,,,,,,,,,,,,,,,,,,,,,,,,,,,,,,,,,,,
00,2026-27,01/08/2027 00:00:00,0022600544,20270108/UTATOR,1,7:30 pm ET,3,2027-01-08T00:00:00Z,1900-01-01T19:30:00Z,2027-01-08T19:30:00Z,2027-01-08T05:00:00Z,1900-01-01T00:30:00Z,2027-01-09T00:30:00Z,2027-01-08T17:30:00Z,2027-01-08T19:30:00Z,Fri,1,12,Week 12,false,,,,,Scotiabank Arena,ON,Toronto,N,,,False,1610612761,Raptors,Toronto,TOR,raptors,0,0,0,0,1610612762,Jazz,Utah,UTA,jazz,0,0,0,0,,,,,,,,,,,,,,,,,,,,,,,,,,,,,,,,,,natl,radio,1001098,SiriusXM,SiriusXM,,,https://www.siriusxm.com/sports/nba,-1,,,,,,,,,,,,,,,,,,,,,,,,,,,,,,,,,,,,,,,,,,,,,,,,,,,,,,,,,,,,,,,,,,,,
00,2026-27,01/08/2027 00:00:00,0022600545,20270108/ORLNOP,1,8:00 pm ET,4,2027-01-08T00:00:00Z,1900-01-01T20:00:00Z,2027-01-08T20:00:00Z,2027-01-08T05:00:00Z,1900-01-01T01:00:00Z,2027-01-09T01:00:00Z,2027-01-08T20:00:00Z,2027-01-08T19:00:00Z,Fri,1,12,Week 12,false,,,,,Smoothie King Center,LA,New Orleans,N,,,False,1610612740,Pelicans,New Orleans,NOP,pelicans,0,0,0,0,1610612753,Magic,Orlando,ORL,magic,0,0,0,0,,,,,,,,,,,,,,,,,,,,,,,,,,,,,,,,,,natl,radio,1001098,SiriusXM,SiriusXM,,,https://www.siriusxm.com/sports/nba,-1,,,,,,,,,,,,,,,,,,,,,,,,,,,,,,,,,,,,,,,,,,,,,,,,,,,,,,,,,,,,,,,,,,,,
00,2026-27,01/08/2027 00:00:00,0022600546,20270108/MEMSAS,1,8:00 pm ET,5,2027-01-08T00:00:00Z,1900-01-01T20:00:00Z,2027-01-08T20:00:00Z,2027-01-08T05:00:00Z,1900-01-01T01:00:00Z,2027-01-09T01:00:00Z,2027-01-08T19:00:00Z,2027-01-08T19:00:00Z,Fri,1,12,Week 12,false,,,,,Frost Bank Center,TX,San Antonio,N,,,False,1610612759,Spurs,San Antonio,SAS,spurs,0,0,0,0,1610612763,Grizzlies,Memphis,MEM,grizzlies,0,0,0,0,,,,,,,,,,,,,,,,,,,,,,,,,,,,,,,,,,natl,radio,1001098,SiriusXM,SiriusXM,,,https://www.siriusxm.com/sports/nba,-1,,,,,,,,,,,,,,,,,,,,,,,,,,,,,,,,,,,,,,,,,,,,,,,,,,,,,,,,,,,,,,,,,,,,
00,2026-27,01/08/2027 00:00:00,0022600547,20270108/PHXDAL,1,9:30 pm ET,6,2027-01-08T00:00:00Z,1900-01-01T21:30:00Z,2027-01-08T21:30:00Z,2027-01-08T05:00:00Z,1900-01-01T02:30:00Z,2027-01-09T02:30:00Z,2027-01-08T19:30:00Z,2027-01-08T20:30:00Z,Fri,1,12,Week 12,false,,,,,American Airlines Center,TX,Dallas,N,,,False,1610612742,Mavericks,Dallas,DAL,mavericks,0,0,0,0,1610612756,Suns,Phoenix,PHX,suns,0,0,0,0,natl,tv,2.0,ESPN,ESPN,,,https://www.espn.com/watch/catalog/7b3729c9-7f69-308a-bf8a-ee15a6aba154/nba#bucketId=29446&sourceCollection=Featured_Sports_,-1.0,2.0,,,,,,,,,,,,,,,,,,,,,,,,natl,radio,1001098,SiriusXM,SiriusXM,,,https://www.siriusxm.com/sports/nba,-1,,,,,,,,,,,,,,,,,,,,,,,,,,,,,,,,,,,,,,,,,,,,,,,,,,,,,,,,,,,,,,,,,,,,
00,2026-27,01/08/2027 00:00:00,0022600548,20270108/DETLAL,1,10:00 pm ET,7,2027-01-08T00:00:00Z,1900-01-01T22:00:00Z,2027-01-08T22:00:00Z,2027-01-08T05:00:00Z,1900-01-01T03:00:00Z,2027-01-09T03:00:00Z,2027-01-08T22:00:00Z,2027-01-08T19:00:00Z,Fri,1,12,Week 12,false,,,,,Crypto.com Arena,CA,Los Angeles,N,,,False,1610612747,Lakers,Los Angeles,LAL,lakers,0,0,0,0,1610612765,Pistons,Detroit,DET,pistons,0,0,0,0,,,,,,,,,,,,,,,,,,,,,,,,,,,,,,,,,,natl,radio,1001098,SiriusXM,SiriusXM,,,https://www.siriusxm.com/sports/nba,-1,,,,,,,,,,,,,,home,tv,1651.0,Spectrum SportsNet,SPECSN,,,,1610612747.0,,,,,,,,,,,,,,home,radio,1001605.0,ESPN LA 710/980 KFWB,KSPN/KFWB,,,,1610612747.0,,,,,,,,,,,,,,,,,,,,,,,,
00,2026-27,01/08/2027 00:00:00,0022600549,20270108/NYKSAC,1,10:00 pm ET,8,2027-01-08T00:00:00Z,1900-01-01T22:00:00Z,2027-01-08T22:00:00Z,2027-01-08T05:00:00Z,1900-01-01T03:00:00Z,2027-01-09T03:00:00Z,2027-01-08T22:00:00Z,2027-01-08T19:00:00Z,Fri,1,12,Week 12,false,,,,,Golden 1 Center,CA,Sacramento,N,,,False,1610612758,Kings,Sacramento,SAC,kings,0,0,0,0,1610612752,Knicks,New York,NYK,knicks,0,0,0,0,,,,,,,,,,,,,,,,,,,,,,,,,,,,,,,,,,natl,radio,1001098,SiriusXM,SiriusXM,,,https://www.siriusxm.com/sports/nba,-1,,,,,,,,,,,,,,home,tv,1027.0,NBCSCA,NBCSCA,,,,1610612758.0,,,,,,,,,,,,,,,,,,,,,,,,,,,,,,,,,,,,,,,,,,,,,,
00,2026-27,01/09/2027 00:00:00,0022600550,20270109/DENCLE,1,5:00 pm ET,1,2027-01-09T00:00:00Z,1900-01-01T17:00:00Z,2027-01-09T17:00:00Z,2027-01-09T05:00:00Z,1900-01-01T22:00:00Z,2027-01-09T22:00:00Z,2027-01-09T15:00:00Z,2027-01-09T17:00:00Z,Sat,1,12,Week 12,false,,,,,Rocket Arena,OH,Cleveland,N,,,False,1610612739,Cavaliers,Cleveland,CLE,cavaliers,0,0,0,0,1610612743,Nuggets,Denver,DEN,nuggets,0,0,0,0,,,,,,,,,,,,,,,,,,,,,,,,,,,,,,,,,,natl,radio,1001098,SiriusXM,SiriusXM,,,https://www.siriusxm.com/sports/nba,-1,,,,,,,,,,,,,,,,,,,,,,,,,,,,,,,,,,,,,,,,,,,,,,,,,,,,,,,,,,,,,,,,,,,,
00,2026-27,01/09/2027 00:00:00,0022600551,20270109/HOUBKN,1,6:00 pm ET,2,2027-01-09T00:00:00Z,1900-01-01T18:00:00Z,2027-01-09T18:00:00Z,2027-01-09T05:00:00Z,1900-01-01T23:00:00Z,2027-01-09T23:00:00Z,2027-01-09T17:00:00Z,2027-01-09T18:00:00Z,Sat,1,12,Week 12,false,,,,,Barclays Center,NY,Brooklyn,N,,,False,1610612751,Nets,Brooklyn,BKN,nets,0,0,0,0,1610612745,Rockets,Houston,HOU,rockets,0,0,0,0,,,,,,,,,,,,,,,,,,,,,,,,,,,,,,,,,,natl,radio,1001098,SiriusXM,SiriusXM,,,https://www.siriusxm.com/sports/nba,-1,,,,,,,,,,,,,,home,tv,175.0,DAZN (YES),YES,,,,1610612751.0,,,,,,,,,,,,,,,,,,,,,,,,,,,,,,,,,,,,,,,,,,,,,,
00,2026-27,01/09/2027 00:00:00,0022600552,20270109/MILIND,1,7:00 pm ET,3,2027-01-09T00:00:00Z,1900-01-01T19:00:00Z,2027-01-09T19:00:00Z,2027-01-09T05:00:00Z,1900-01-01T00:00:00Z,2027-01-10T00:00:00Z,2027-01-09T18:00:00Z,2027-01-09T19:00:00Z,Sat,1,12,Week 12,false,,,,,Gainbridge Fieldhouse,IN,Indianapolis,N,,,False,1610612754,Pacers,Indiana,IND,pacers,0,0,0,0,1610612749,Bucks,Milwaukee,MIL,bucks,0,0,0,0,,,,,,,,,,,,,,,,,,,,,,,,,,,,,,,,,,natl,radio,1001098,SiriusXM,SiriusXM,,,https://www.siriusxm.com/sports/nba,-1,,,,,,,,,,,,,,,,,,,,,,,,,,,,,,,,,,,,,,,,,,,,,,,,,,,,,,,,,,,,,,,,,,,,
00,2026-27,01/09/2027 00:00:00,0022600553,20270109/CHIGSW,1,8:30 pm ET,4,2027-01-09T00:00:00Z,1900-01-01T20:30:00Z,2027-01-09T20:30:00Z,2027-01-09T05:00:00Z,1900-01-01T01:30:00Z,2027-01-10T01:30:00Z,2027-01-09T19:30:00Z,2027-01-09T17:30:00Z,Sat,1,12,Week 12,false,,,,,Chase Center,CA,San Francisco,N,,,False,1610612744,Warriors,Golden State,GSW,warriors,0,0,0,0,1610612741,Bulls,Chicago,CHI,bulls,0,0,0,0,,,,,,,,,,,,,,,,,,,,,,,,,,,,,,,,,,natl,radio,1001098,SiriusXM,SiriusXM,,,https://www.siriusxm.com/sports/nba,-1,,,,,,,,,,,,,,home,tv,1097.0,NBCSBA,NBCSBA,,,,1610612744.0,,,,,,,,,,,,,,,,,,,,,,,,,,,,,,,,,,,,,,,,,,,,,,
00,2026-27,01/09/2027 00:00:00,0022600554,20270109/CHAPOR,1,10:00 pm ET,5,2027-01-09T00:00:00Z,1900-01-01T22:00:00Z,2027-01-09T22:00:00Z,2027-01-09T05:00:00Z,1900-01-01T03:00:00Z,2027-01-10T03:00:00Z,2027-01-09T22:00:00Z,2027-01-09T19:00:00Z,Sat,1,12,Week 12,false,,,,,Moda Center,OR,Portland,N,,,False,1610612757,Trail Blazers,Portland,POR,blazers,0,0,0,0,1610612766,Hornets,Charlotte,CHA,hornets,0,0,0,0,,,,,,,,,,,,,,,,,,,,,,,,,,,,,,,,,,natl,radio,1001098,SiriusXM,SiriusXM,,,https://www.siriusxm.com/sports/nba,-1,,,,,,,,,,,,,,home,tv,1001196.0,KUNP,KUNP,,,,1610612757.0,,,,,,,,,,,,,,home,radio,1472.0,Rip City Radio 620,KPOJ,,,,1610612757.0,,,,,,,,,,,,,,,,,,,,,,,,
00,2026-27,01/09/2027 00:00:00,0022600555,20270109/BOSLAC,1,10:30 pm ET,6,2027-01-09T00:00:00Z,1900-01-01T22:30:00Z,2027-01-09T22:30:00Z,2027-01-09T05:00:00Z,1900-01-01T03:30:00Z,2027-01-10T03:30:00Z,2027-01-09T22:30:00Z,2027-01-09T19:30:00Z,Sat,1,12,Week 12,false,,,,,Intuit Dome,CA,Inglewood,N,,,False,1610612746,Clippers,LA,LAC,clippers,0,0,0,0,1610612738,Celtics,Boston,BOS,celtics,0,0,0,0,,,,,,,,,,,,,,,,,,,,,,,,,,,,,,,,,,natl,radio,1001098,SiriusXM,SiriusXM,,,https://www.siriusxm.com/sports/nba,-1,,,,,,,,,,,,,,,,,,,,,,,,,,,,,,,,,,,,,,,,,,,,,,,away,tv,1658.0,NBC SPORTS BOSTON,NBCSB,,,,1610612738.0,,,,,,,,,,,,,
00,2026-27,01/10/2027 00:00:00,0022600556,20270110/SASATL,1,3:00 pm ET,1,2027-01-10T00:00:00Z,1900-01-01T15:00:00Z,2027-01-10T15:00:00Z,2027-01-10T05:00:00Z,1900-01-01T20:00:00Z,2027-01-10T20:00:00Z,2027-01-10T14:00:00Z,2027-01-10T15:00:00Z,Sun,1,12,Week 12,false,,,,,State Farm Arena,GA,Atlanta,N,,,False,1610612737,Hawks,Atlanta,ATL,hawks,0,0,0,0,1610612759,Spurs,San Antonio,SAS,spurs,0,0,0,0,,,,,,,,,,,,,,,,,,,,,,,,,,,,,,,,,,natl,radio,1001098,SiriusXM,SiriusXM,,,https://www.siriusxm.com/sports/nba,-1,,,,,,,,,,,,,,,,,,,,,,,,,,,,,,,,,,,,,,,,,,,,,,,,,,,,,,,,,,,,,,,,,,,,
00,2026-27,01/10/2027 00:00:00,0022600557,20270110/UTADET,1,6:00 pm ET,2,2027-01-10T00:00:00Z,1900-01-01T18:00:00Z,2027-01-10T18:00:00Z,2027-01-10T05:00:00Z,1900-01-01T23:00:00Z,2027-01-10T23:00:00Z,2027-01-10T16:00:00Z,2027-01-10T18:00:00Z,Sun,1,12,Week 12,false,,,,,Little Caesars Arena,MI,Detroit,N,,,False,1610612765,Pistons,Detroit,DET,pistons,0,0,0,0,1610612762,Jazz,Utah,UTA,jazz,0,0,0,0,,,,,,,,,,,,,,,,,,,,,,,,,,,,,,,,,,natl,radio,1001098,SiriusXM,SiriusXM,,,https://www.siriusxm.com/sports/nba,-1,,,,,,,,,,,,,,,,,,,,,,,,,,,,,,,,,,,,,,,,,,,,,,,,,,,,,,,,,,,,,,,,,,,,
00,2026-27,01/10/2027 00:00:00,0022600558,20270110/NOPMIA,1,6:00 pm ET,3,2027-01-10T00:00:00Z,1900-01-01T18:00:00Z,2027-01-10T18:00:00Z,2027-01-10T05:00:00Z,1900-01-01T23:00:00Z,2027-01-10T23:00:00Z,2027-01-10T17:00:00Z,2027-01-10T18:00:00Z,Sun,1,12,Week 12,false,,,,,Kaseya Center,FL,Miami,N,,,False,1610612748,Heat,Miami,MIA,heat,0,0,0,0,1610612740,Pelicans,New Orleans,NOP,pelicans,0,0,0,0,,,,,,,,,,,,,,,,,,,,,,,,,,,,,,,,,,natl,radio,1001098,SiriusXM,SiriusXM,,,https://www.siriusxm.com/sports/nba,-1,,,,,,,,,,,,,,home,tv,1001720.0,WPLG Local 10,WPLG,,,https://local10plusplatinum.maz.tv/open?deeplink=local10platinum://item/3776211-3882966?item=44d4cc7fbb9f4bd72cf272489b39eadf-3742525-3848761,1610612748.0,,,,,,,,,,,,,,home,radio,1001523.0,FM 104.3 WQAM / S: WAQI 710,WQAM-FM/WAQI,,,,1610612748.0,,,,,,,,,,,,,,,,,,,,,,,,
00,2026-27,01/10/2027 00:00:00,0022600559,20270110/OKCORL,1,6:00 pm ET,4,2027-01-10T00:00:00Z,1900-01-01T18:00:00Z,2027-01-10T18:00:00Z,2027-01-10T05:00:00Z,1900-01-01T23:00:00Z,2027-01-10T23:00:00Z,2027-01-10T17:00:00Z,2027-01-10T18:00:00Z,Sun,1,12,Week 12,false,,,,,Kia Center,FL,Orlando,N,,,False,1610612753,Magic,Orlando,ORL,magic,0,0,0,0,1610612760,Thunder,Oklahoma City,OKC,thunder,0,0,0,0,,,,,,,,,,,,,,,,,,,,,,,,,,,,,,,,,,natl,radio,1001098,SiriusXM,SiriusXM,,,https://www.siriusxm.com/sports/nba,-1,,,,,,,,,,,,,,,,,,,,,,,,,,,,,,,,,,,,,,,,,,,,,,,,,,,,,,,,,,,,,,,,,,,,
00,2026-27,01/10/2027 00:00:00,0022600560,20270110/PHITOR,1,6:00 pm ET,5,2027-01-10T00:00:00Z,1900-01-01T18:00:00Z,2027-01-10T18:00:00Z,2027-01-10T05:00:00Z,1900-01-01T23:00:00Z,2027-01-10T23:00:00Z,2027-01-10T18:00:00Z,2027-01-10T18:00:00Z,Sun,1,12,Week 12,false,,,,,Scotiabank Arena,ON,Toronto,N,,,False,1610612761,Raptors,Toronto,TOR,raptors,0,0,0,0,1610612755,76ers,Philadelphia,PHI,sixers,0,0,0,0,,,,,,,,,,,,,,,,,,,,,,,,,,,,,,,,,,natl,radio,1001098,SiriusXM,SiriusXM,,,https://www.siriusxm.com/sports/nba,-1,,,,,,,,,,,,,,,,,,,,,,,,,,,,,,,,,,,,,,,,,,,,,,,,,,,,,,,,,,,,,,,,,,,,
00,2026-27,01/10/2027 00:00:00,0022600561,20270110/DALMEM,1,6:00 pm ET,6,2027-01-10T00:00:00Z,1900-01-01T18:00:00Z,2027-01-10T18:00:00Z,2027-01-10T05:00:00Z,1900-01-01T23:00:00Z,2027-01-10T23:00:00Z,2027-01-10T17:00:00Z,2027-01-10T17:00:00Z,Sun,1,12,Week 12,false,,,,,FedExForum,TN,Memphis,N,,,False,1610612763,Grizzlies,Memphis,MEM,grizzlies,0,0,0,0,1610612742,Mavericks,Dallas,DAL,mavericks,0,0,0,0,,,,,,,,,,,,,,,,,,,,,,,,,,,,,,,,,,natl,radio,1001098,SiriusXM,SiriusXM,,,https://www.siriusxm.com/sports/nba,-1,,,,,,,,,,,,,,,,,,,,,,,,,,,,,,,,,,,,,,,,,,,,,,,,,,,,,,,,,,,,,,,,,,,,
00,2026-27,01/10/2027 00:00:00,0022600562,20270110/CHIPHX,1,7:00 pm ET,7,2027-01-10T00:00:00Z,1900-01-01T19:00:00Z,2027-01-10T19:00:00Z,2027-01-10T05:00:00Z,1900-01-01T00:00:00Z,2027-01-11T00:00:00Z,2027-01-10T18:00:00Z,2027-01-10T17:00:00Z,Sun,1,12,Week 12,false,,,,,Mortgage Matchup Center,AZ,Phoenix,N,,,False,1610612756,Suns,Phoenix,PHX,suns,0,0,0,0,1610612741,Bulls,Chicago,CHI,bulls,0,0,0,0,,,,,,,,,,,,,,,,,,,,,,,,,,,,,,,,,,natl,radio,1001098,SiriusXM,SiriusXM,,,https://www.siriusxm.com/sports/nba,-1,,,,,,,,,,,,,,,,,,,,,,,,,,,,,,,,,,,,,,,,,,,,,,,,,,,,,,,,,,,,,,,,,,,,
00,2026-27,01/10/2027 00:00:00,0022600563,20270110/CHASAC,1,9:00 pm ET,8,2027-01-10T00:00:00Z,1900-01-01T21:00:00Z,2027-01-10T21:00:00Z,2027-01-10T05:00:00Z,1900-01-01T02:00:00Z,2027-01-11T02:00:00Z,2027-01-10T21:00:00Z,2027-01-10T18:00:00Z,Sun,1,12,Week 12,false,,,,,Golden 1 Center,CA,Sacramento,N,,,False,1610612758,Kings,Sacramento,SAC,kings,0,0,0,0,1610612766,Hornets,Charlotte,CHA,hornets,0,0,0,0,,,,,,,,,,,,,,,,,,,,,,,,,,,,,,,,,,natl,radio,1001098,SiriusXM,SiriusXM,,,https://www.siriusxm.com/sports/nba,-1,,,,,,,,,,,,,,home,tv,1027.0,NBCSCA,NBCSCA,,,,1610612758.0,,,,,,,,,,,,,,,,,,,,,,,,,,,,,,,,,,,,,,,,,,,,,,
00,2026-27,01/11/2027 00:00:00,0022600564,20270111/BKNIND,1,7:00 pm ET,1,2027-01-11T00:00:00Z,1900-01-01T19:00:00Z,2027-01-11T19:00:00Z,2027-01-11T05:00:00Z,1900-01-01T00:00:00Z,2027-01-12T00:00:00Z,2027-01-11T19:00:00Z,2027-01-11T19:00:00Z,Mon,1,13,Week 13,false,,,,,Gainbridge Fieldhouse,IN,Indianapolis,N,,,False,1610612754,Pacers,Indiana,IND,pacers,0,0,0,0,1610612751,Nets,Brooklyn,BKN,nets,0,0,0,0,,,,,,,,,,,,,,,,,,,,,,,,,,,,,,,,,,natl,radio,1001098,SiriusXM,SiriusXM,,,https://www.siriusxm.com/sports/nba,-1,,,,,,,,,,,,,,,,,,,,,,,,,,,,,,,,,,,,,,,,,,,,,,,away,tv,175.0,DAZN (YES),YES,,,,1610612751.0,,,,,,,,,,,,,
00,2026-27,01/11/2027 00:00:00,0022600565,20270111/ATLWAS,1,7:00 pm ET,2,2027-01-11T00:00:00Z,1900-01-01T19:00:00Z,2027-01-11T19:00:00Z,2027-01-11T05:00:00Z,1900-01-01T00:00:00Z,2027-01-12T00:00:00Z,2027-01-11T19:00:00Z,2027-01-11T19:00:00Z,Mon,1,13,Week 13,false,,,,,Capital One Arena,DC,Washington,N,,,False,1610612764,Wizards,Washington,WAS,wizards,0,0,0,0,1610612737,Hawks,Atlanta,ATL,hawks,0,0,0,0,,,,,,,,,,,,,,,,,,,,,,,,,,,,,,,,,,natl,radio,1001098,SiriusXM,SiriusXM,,,https://www.siriusxm.com/sports/nba,-1,,,,,,,,,,,,,,,,,,,,,,,,,,,,,,,,,,,,,,,,,,,,,,,,,,,,,,,,,,,,,,,,,,,,
00,2026-27,01/11/2027 00:00:00,0022600566,20270111/HOUBOS,1,7:30 pm ET,3,2027-01-11T00:00:00Z,1900-01-01T19:30:00Z,2027-01-11T19:30:00Z,2027-01-11T05:00:00Z,1900-01-01T00:30:00Z,2027-01-12T00:30:00Z,2027-01-11T18:30:00Z,2027-01-11T19:30:00Z,Mon,1,13,Week 13,false,,,,,TD Garden,MA,Boston,N,,,False,1610612738,Celtics,Boston,BOS,celtics,0,0,0,0,1610612745,Rockets,Houston,HOU,rockets,0,0,0,0,,,,,,,,,,,,,,,,,,,,,,,,,,,,,,,,,,natl,radio,1001098,SiriusXM,SiriusXM,,,https://www.siriusxm.com/sports/nba,-1,,,,,,,,,,,,,,home,tv,1658.0,NBC SPORTS BOSTON,NBCSB,,,,1610612738.0,,,,,,,,,,,,,,,,,,,,,,,,,,,,,,,,,,,,,,,,,,,,,,
00,2026-27,01/11/2027 00:00:00,0022600567,20270111/DENNYK,1,7:30 pm ET,4,2027-01-11T00:00:00Z,1900-01-01T19:30:00Z,2027-01-11T19:30:00Z,2027-01-11T05:00:00Z,1900-01-01T00:30:00Z,2027-01-12T00:30:00Z,2027-01-11T17:30:00Z,2027-01-11T19:30:00Z,Mon,1,13,Week 13,false,,,,,Madison Square Garden,NY,New York,N,,,False,1610612752,Knicks,New York,NYK,knicks,0,0,0,0,1610612743,Nuggets,Denver,DEN,nuggets,0,0,0,0,natl,tv,1001453.0,Peacock,Peacock,,,https://www.peacocktv.com/sports/nba?cid=2508sptnbaexterndinapplk26427&utm_campaign=2508sptnba&utm_source=nba_nba_nba&utm_medium=ernd_inapplk_acq_inapbnr&utm_term=nbafans&utm_content=nbaapplinks,-1.0,3.0,,natl,tv,1001488.0,NBC Sports Network,NBCSN,,,,-1.0,7.0,National,,,,,,,,,,,,natl,radio,1001098,SiriusXM,SiriusXM,,,https://www.siriusxm.com/sports/nba,-1,,,,,,,,,,,,,,,,,,,,,,,,,,,,,,,,,,,,,,,,,,,,,,,,,,,,,,,,,,,,,,,,,,,,
00,2026-27,01/11/2027 00:00:00,0022600568,20270111/CLEMIN,1,8:00 pm ET,5,2027-01-11T00:00:00Z,1900-01-01T20:00:00Z,2027-01-11T20:00:00Z,2027-01-11T05:00:00Z,1900-01-01T01:00:00Z,2027-01-12T01:00:00Z,2027-01-11T20:00:00Z,2027-01-11T19:00:00Z,Mon,1,13,Week 13,false,,,,,Target Center,MN,Minneapolis,N,,,False,1610612750,Timberwolves,Minnesota,MIN,timberwolves,0,0,0,0,1610612739,Cavaliers,Cleveland,CLE,cavaliers,0,0,0,0,,,,,,,,,,,,,,,,,,,,,,,,,,,,,,,,,,natl,radio,1001098,SiriusXM,SiriusXM,,,https://www.siriusxm.com/sports/nba,-1,,,,,,,,,,,,,,,,,,,,,,,,,,,,,,,,,,,,,,,,,,,,,,,,,,,,,,,,,,,,,,,,,,,,
00,2026-27,01/11/2027 00:00:00,0022600569,20270111/LALLAC,1,10:00 pm ET,6,2027-01-11T00:00:00Z,1900-01-01T22:00:00Z,2027-01-11T22:00:00Z,2027-01-11T05:00:00Z,1900-01-01T03:00:00Z,2027-01-12T03:00:00Z,2027-01-11T19:00:00Z,2027-01-11T19:00:00Z,Mon,1,13,Week 13,false,,,,,Intuit Dome,CA,Inglewood,N,,,False,1610612746,Clippers,LA,LAC,clippers,0,0,0,0,1610612747,Lakers,Los Angeles,LAL,lakers,0,0,0,0,natl,tv,1001453.0,Peacock,Peacock,,,https://www.peacocktv.com/sports/nba?cid=2508sptnbaexterndinapplk26427&utm_campaign=2508sptnba&utm_source=nba_nba_nba&utm_medium=ernd_inapplk_acq_inapbnr&utm_term=nbafans&utm_content=nbaapplinks,-1.0,3.0,,natl,tv,1001488.0,NBC Sports Network,NBCSN,,,,-1.0,7.0,National,,,,,,,,,,,,natl,radio,1001098,SiriusXM,SiriusXM,,,https://www.siriusxm.com/sports/nba,-1,,,,,,,,,,,,,,,,,,,,,,,,,,,,,,,,,,,,,,,,,,,,,,,away,tv,1651.0,Spectrum SportsNet,SPECSN,,,,1610612747.0,,,away,radio,1001605.0,ESPN LA 710/980 KFWB,KSPN/KFWB,,,,1610612747.0,,
00,2026-27,01/12/2027 00:00:00,0022600570,20270112/BKNMIA,1,7:30 pm ET,1,2027-01-12T00:00:00Z,1900-01-01T19:30:00Z,2027-01-12T19:30:00Z,2027-01-12T05:00:00Z,1900-01-01T00:30:00Z,2027-01-13T00:30:00Z,2027-01-12T19:30:00Z,2027-01-12T19:30:00Z,Tue,1,13,Week 13,false,,,,,Kaseya Center,FL,Miami,N,,,False,1610612748,Heat,Miami,MIA,heat,0,0,0,0,1610612751,Nets,Brooklyn,BKN,nets,0,0,0,0,,,,,,,,,,,,,,,,,,,,,,,,,,,,,,,,,,natl,radio,1001098,SiriusXM,SiriusXM,,,https://www.siriusxm.com/sports/nba,-1,,,,,,,,,,,,,,home,tv,1001720.0,WPLG Local 10,WPLG,,,https://local10plusplatinum.maz.tv/open?deeplink=local10platinum://item/3776211-3882966?item=44d4cc7fbb9f4bd72cf272489b39eadf-3742525-3848761,1610612748.0,,,,,,,,,,,,,,home,radio,1001523.0,FM 104.3 WQAM / S: WAQI 710,WQAM-FM/WAQI,,,,1610612748.0,,,away,tv,175.0,DAZN (YES),YES,,,,1610612751.0,,,,,,,,,,,,,
00,2026-27,01/12/2027 00:00:00,0022600571,20270112/DETTOR,1,7:30 pm ET,2,2027-01-12T00:00:00Z,1900-01-01T19:30:00Z,2027-01-12T19:30:00Z,2027-01-12T05:00:00Z,1900-01-01T00:30:00Z,2027-01-13T00:30:00Z,2027-01-12T19:30:00Z,2027-01-12T19:30:00Z,Tue,1,13,Week 13,false,,,,,Scotiabank Arena,ON,Toronto,N,,,False,1610612761,Raptors,Toronto,TOR,raptors,0,0,0,0,1610612765,Pistons,Detroit,DET,pistons,0,0,0,0,,,,,,,,,,,,,,,,,,,,,,,,,,,,,,,,,,natl,radio,1001098,SiriusXM,SiriusXM,,,https://www.siriusxm.com/sports/nba,-1,,,,,,,,,,,,,,,,,,,,,,,,,,,,,,,,,,,,,,,,,,,,,,,,,,,,,,,,,,,,,,,,,,,,
00,2026-27,01/12/2027 00:00:00,0022600572,20270112/WASPHI,1,8:00 pm ET,3,2027-01-12T00:00:00Z,1900-01-01T20:00:00Z,2027-01-12T20:00:00Z,2027-01-12T05:00:00Z,1900-01-01T01:00:00Z,2027-01-13T01:00:00Z,2027-01-12T20:00:00Z,2027-01-12T20:00:00Z,Tue,1,13,Week 13,false,,,,,Xfinity Mobile Arena,PA,Philadelphia,N,,,False,1610612755,76ers,Philadelphia,PHI,sixers,0,0,0,0,1610612764,Wizards,Washington,WAS,wizards,0,0,0,0,natl,tv,1001452.0,NBC,NBC,,,,-1.0,5.0,East,natl,tv,1001453.0,Peacock,Peacock,,,https://www.peacocktv.com/sports/nba?cid=2508sptnbaexterndinapplk26427&utm_campaign=2508sptnba&utm_source=nba_nba_nba&utm_medium=ernd_inapplk_acq_inapbnr&utm_term=nbafans&utm_content=nbaapplinks,-1.0,3.0,,,,,,,,,,,,,natl,radio,1001098,SiriusXM,SiriusXM,,,https://www.siriusxm.com/sports/nba,-1,,,,,,,,,,,,,,,,,,,,,,,,,,,,,,,,,,,,,,,,,,,,,,,,,,,,,,,,,,,,,,,,,,,,
00,2026-27,01/12/2027 00:00:00,0022600573,20270112/DALMEM,1,8:00 pm ET,4,2027-01-12T00:00:00Z,1900-01-01T20:00:00Z,2027-01-12T20:00:00Z,2027-01-12T05:00:00Z,1900-01-01T01:00:00Z,2027-01-13T01:00:00Z,2027-01-12T19:00:00Z,2027-01-12T19:00:00Z,Tue,1,13,Week 13,false,,,,,FedExForum,TN,Memphis,N,,,False,1610612763,Grizzlies,Memphis,MEM,grizzlies,0,0,0,0,1610612742,Mavericks,Dallas,DAL,mavericks,0,0,0,0,,,,,,,,,,,,,,,,,,,,,,,,,,,,,,,,,,natl,radio,1001098,SiriusXM,SiriusXM,,,https://www.siriusxm.com/sports/nba,-1,,,,,,,,,,,,,,,,,,,,,,,,,,,,,,,,,,,,,,,,,,,,,,,,,,,,,,,,,,,,,,,,,,,,
00,2026-27,01/12/2027 00:00:00,0022600574,20270112/DENMIL,1,8:00 pm ET,5,2027-01-12T00:00:00Z,1900-01-01T20:00:00Z,2027-01-12T20:00:00Z,2027-01-12T05:00:00Z,1900-01-01T01:00:00Z,2027-01-13T01:00:00Z,2027-01-12T18:00:00Z,2027-01-12T19:00:00Z,Tue,1,13,Week 13,false,,,,,Fiserv Forum,WI,Milwaukee,N,,,False,1610612749,Bucks,Milwaukee,MIL,bucks,0,0,0,0,1610612743,Nuggets,Denver,DEN,nuggets,0,0,0,0,,,,,,,,,,,,,,,,,,,,,,,,,,,,,,,,,,natl,radio,1001098,SiriusXM,SiriusXM,,,https://www.siriusxm.com/sports/nba,-1,,,,,,,,,,,,,,,,,,,,,,,,,,,,,,,,,,,,,,,,,,,,,,,,,,,,,,,,,,,,,,,,,,,,
00,2026-27,01/12/2027 00:00:00,0022600575,20270112/CHIUTA,1,9:00 pm ET,6,2027-01-12T00:00:00Z,1900-01-01T21:00:00Z,2027-01-12T21:00:00Z,2027-01-12T05:00:00Z,1900-01-01T02:00:00Z,2027-01-13T02:00:00Z,2027-01-12T20:00:00Z,2027-01-12T19:00:00Z,Tue,1,13,Week 13,false,,,,,Delta Center,UT,Salt Lake City,N,,,False,1610612762,Jazz,Utah,UTA,jazz,0,0,0,0,1610612741,Bulls,Chicago,CHI,bulls,0,0,0,0,,,,,,,,,,,,,,,,,,,,,,,,,,,,,,,,,,natl,radio,1001098,SiriusXM,SiriusXM,,,https://www.siriusxm.com/sports/nba,-1,,,,,,,,,,,,,,,,,,,,,,,,,,,,,,,,,,,,,,,,,,,,,,,,,,,,,,,,,,,,,,,,,,,,
00,2026-27,01/12/2027 00:00:00,0022600576,20270112/ORLPOR,1,10:00 pm ET,7,2027-01-12T00:00:00Z,1900-01-01T22:00:00Z,2027-01-12T22:00:00Z,2027-01-12T05:00:00Z,1900-01-01T03:00:00Z,2027-01-13T03:00:00Z,2027-01-12T22:00:00Z,2027-01-12T19:00:00Z,Tue,1,13,Week 13,false,,,,,Moda Center,OR,Portland,N,,,False,1610612757,Trail Blazers,Portland,POR,blazers,0,0,0,0,1610612753,Magic,Orlando,ORL,magic,0,0,0,0,,,,,,,,,,,,,,,,,,,,,,,,,,,,,,,,,,natl,radio,1001098,SiriusXM,SiriusXM,,,https://www.siriusxm.com/sports/nba,-1,,,,,,,,,,,,,,home,tv,1001196.0,KUNP,KUNP,,,,1610612757.0,,,,,,,,,,,,,,home,radio,1472.0,Rip City Radio 620,KPOJ,,,,1610612757.0,,,,,,,,,,,,,,,,,,,,,,,,
00,2026-27,01/12/2027 00:00:00,0022600577,20270112/SACGSW,1,11:00 pm ET,8,2027-01-12T00:00:00Z,1900-01-01T23:00:00Z,2027-01-12T23:00:00Z,2027-01-12T05:00:00Z,1900-01-01T04:00:00Z,2027-01-13T04:00:00Z,2027-01-12T20:00:00Z,2027-01-12T20:00:00Z,Tue,1,13,Week 13,false,,,,,Chase Center,CA,San Francisco,N,,,False,1610612744,Warriors,Golden State,GSW,warriors,0,0,0,0,1610612758,Kings,Sacramento,SAC,kings,0,0,0,0,natl,tv,1001452.0,NBC,NBC,,,,-1.0,5.0,West,natl,tv,1001453.0,Peacock,Peacock,,,https://www.peacocktv.com/sports/nba?cid=2508sptnbaexterndinapplk26427&utm_campaign=2508sptnba&utm_source=nba_nba_nba&utm_medium=ernd_inapplk_acq_inapbnr&utm_term=nbafans&utm_content=nbaapplinks,-1.0,3.0,,,,,,,,,,,,,natl,radio,1001098,SiriusXM,SiriusXM,,,https://www.siriusxm.com/sports/nba,-1,,,,,,,,,,,,,,home,tv,1097.0,NBCSBA,NBCSBA,,,,1610612744.0,,,,,,,,,,,,,,,,,,,,,,,,,,,,,,,,,,,,,,,,,,,,,,
00,2026-27,01/13/2027 00:00:00,0022600578,20270113/CLEATL,1,7:00 pm ET,1,2027-01-13T00:00:00Z,1900-01-01T19:00:00Z,2027-01-13T19:00:00Z,2027-01-13T05:00:00Z,1900-01-01T00:00:00Z,2027-01-14T00:00:00Z,2027-01-13T19:00:00Z,2027-01-13T19:00:00Z,Wed,1,13,Week 13,false,,,,,State Farm Arena,GA,Atlanta,N,,,False,1610612737,Hawks,Atlanta,ATL,hawks,0,0,0,0,1610612739,Cavaliers,Cleveland,CLE,cavaliers,0,0,0,0,,,,,,,,,,,,,,,,,,,,,,,,,,,,,,,,,,natl,radio,1001098,SiriusXM,SiriusXM,,,https://www.siriusxm.com/sports/nba,-1,,,,,,,,,,,,,,,,,,,,,,,,,,,,,,,,,,,,,,,,,,,,,,,,,,,,,,,,,,,,,,,,,,,,
00,2026-27,01/13/2027 00:00:00,0022600579,20270113/NYKBOS,1,7:00 pm ET,2,2027-01-13T00:00:00Z,1900-01-01T19:00:00Z,2027-01-13T19:00:00Z,2027-01-13T05:00:00Z,1900-01-01T00:00:00Z,2027-01-14T00:00:00Z,2027-01-13T19:00:00Z,2027-01-13T19:00:00Z,Wed,1,13,Week 13,false,,,,,TD Garden,MA,Boston,N,,,False,1610612738,Celtics,Boston,BOS,celtics,0,0,0,0,1610612752,Knicks,New York,NYK,knicks,0,0,0,0,natl,tv,2.0,ESPN,ESPN,,,https://www.espn.com/watch/catalog/7b3729c9-7f69-308a-bf8a-ee15a6aba154/nba#bucketId=29446&sourceCollection=Featured_Sports_,-1.0,2.0,,,,,,,,,,,,,,,,,,,,,,,,natl,radio,1001098,SiriusXM,SiriusXM,,,https://www.siriusxm.com/sports/nba,-1,,,,,,,,,,,,,,,,,,,,,,,,,,,,,,,,,,,,,,,,,,,,,,,,,,,,,,,,,,,,,,,,,,,,
00,2026-27,01/13/2027 00:00:00,0022600580,20270113/MILIND,1,7:00 pm ET,3,2027-01-13T00:00:00Z,1900-01-01T19:00:00Z,2027-01-13T19:00:00Z,2027-01-13T05:00:00Z,1900-01-01T00:00:00Z,2027-01-14T00:00:00Z,2027-01-13T18:00:00Z,2027-01-13T19:00:00Z,Wed,1,13,Week 13,false,,,,,Gainbridge Fieldhouse,IN,Indianapolis,N,,,False,1610612754,Pacers,Indiana,IND,pacers,0,0,0,0,1610612749,Bucks,Milwaukee,MIL,bucks,0,0,0,0,,,,,,,,,,,,,,,,,,,,,,,,,,,,,,,,,,natl,radio,1001098,SiriusXM,SiriusXM,,,https://www.siriusxm.com/sports/nba,-1,,,,,,,,,,,,,,,,,,,,,,,,,,,,,,,,,,,,,,,,,,,,,,,,,,,,,,,,,,,,,,,,,,,,
00,2026-27,01/13/2027 00:00:00,0022600581,20270113/PHXTOR,1,7:30 pm ET,4,2027-01-13T00:00:00Z,1900-01-01T19:30:00Z,2027-01-13T19:30:00Z,2027-01-13T05:00:00Z,1900-01-01T00:30:00Z,2027-01-14T00:30:00Z,2027-01-13T17:30:00Z,2027-01-13T19:30:00Z,Wed,1,13,Week 13,false,,,,,Scotiabank Arena,ON,Toronto,N,,,False,1610612761,Raptors,Toronto,TOR,raptors,0,0,0,0,1610612756,Suns,Phoenix,PHX,suns,0,0,0,0,,,,,,,,,,,,,,,,,,,,,,,,,,,,,,,,,,natl,radio,1001098,SiriusXM,SiriusXM,,,https://www.siriusxm.com/sports/nba,-1,,,,,,,,,,,,,,,,,,,,,,,,,,,,,,,,,,,,,,,,,,,,,,,,,,,,,,,,,,,,,,,,,,,,
00,2026-27,01/13/2027 00:00:00,0022600582,20270113/HOUOKC,1,9:30 pm ET,5,2027-01-13T00:00:00Z,1900-01-01T21:30:00Z,2027-01-13T21:30:00Z,2027-01-13T05:00:00Z,1900-01-01T02:30:00Z,2027-01-14T02:30:00Z,2027-01-13T20:30:00Z,2027-01-13T20:30:00Z,Wed,1,13,Week 13,false,,,,,Paycom Center,OK,Oklahoma City,N,,,False,1610612760,Thunder,Oklahoma City,OKC,thunder,0,0,0,0,1610612745,Rockets,Houston,HOU,rockets,0,0,0,0,natl,tv,2.0,ESPN,ESPN,,,https://www.espn.com/watch/catalog/7b3729c9-7f69-308a-bf8a-ee15a6aba154/nba#bucketId=29446&sourceCollection=Featured_Sports_,-1.0,2.0,,,,,,,,,,,,,,,,,,,,,,,,natl,radio,1001098,SiriusXM,SiriusXM,,,https://www.siriusxm.com/sports/nba,-1,,,,,,,,,,,,,,,,,,,,,,,,,,,,,,,,,,,,,,,,,,,,,,,,,,,,,,,,,,,,,,,,,,,,
00,2026-27,01/13/2027 00:00:00,0022600583,20270113/CHAGSW,1,10:00 pm ET,6,2027-01-13T00:00:00Z,1900-01-01T22:00:00Z,2027-01-13T22:00:00Z,2027-01-13T05:00:00Z,1900-01-01T03:00:00Z,2027-01-14T03:00:00Z,2027-01-13T22:00:00Z,2027-01-13T19:00:00Z,Wed,1,13,Week 13,false,,,,,Chase Center,CA,San Francisco,N,,,False,1610612744,Warriors,Golden State,GSW,warriors,0,0,0,0,1610612766,Hornets,Charlotte,CHA,hornets,0,0,0,0,,,,,,,,,,,,,,,,,,,,,,,,,,,,,,,,,,natl,radio,1001098,SiriusXM,SiriusXM,,,https://www.siriusxm.com/sports/nba,-1,,,,,,,,,,,,,,home,tv,1097.0,NBCSBA,NBCSBA,,,,1610612744.0,,,,,,,,,,,,,,,,,,,,,,,,,,,,,,,,,,,,,,,,,,,,,,
00,2026-27,01/13/2027 00:00:00,0022600584,20270113/LALPOR,1,10:00 pm ET,7,2027-01-13T00:00:00Z,1900-01-01T22:00:00Z,2027-01-13T22:00:00Z,2027-01-13T05:00:00Z,1900-01-01T03:00:00Z,2027-01-14T03:00:00Z,2027-01-13T19:00:00Z,2027-01-13T19:00:00Z,Wed,1,13,Week 13,false,,,,,Moda Center,OR,Portland,N,,,False,1610612757,Trail Blazers,Portland,POR,blazers,0,0,0,0,1610612747,Lakers,Los Angeles,LAL,lakers,0,0,0,0,,,,,,,,,,,,,,,,,,,,,,,,,,,,,,,,,,natl,radio,1001098,SiriusXM,SiriusXM,,,https://www.siriusxm.com/sports/nba,-1,,,,,,,,,,,,,,home,tv,1001196.0,KUNP,KUNP,,,,1610612757.0,,,,,,,,,,,,,,home,radio,1472.0,Rip City Radio 620,KPOJ,,,,1610612757.0,,,away,tv,1651.0,Spectrum SportsNet,SPECSN,,,,1610612747.0,,,away,radio,1001605.0,ESPN LA 710/980 KFWB,KSPN/KFWB,,,,1610612747.0,,
00,2026-27,01/14/2027 00:00:00,0022600075,20270114/NOPSAS,1,2:00 pm ET,1,2027-01-14T00:00:00Z,1900-01-01T14:00:00Z,2027-01-14T14:00:00Z,2027-01-14T05:00:00Z,1900-01-01T19:00:00Z,2027-01-14T19:00:00Z,2027-01-14T13:00:00Z,2027-01-14T13:00:00Z,Thu,1,13,Week 13,false,,NBA Paris Game,,Neutral Site,Accor Arena,FR,Paris,N,,Global Games,True,1610612759,Spurs,San Antonio,SAS,spurs,0,0,0,0,1610612740,Pelicans,New Orleans,NOP,pelicans,0,0,0,0,natl,tv,1000664.0,Prime Video,Amazon,,,https://www.amazon.com/gp/video/tournament/amzn1.dv.icid.cf75b42a-68cd-4a1c-993a-a0b3f0575c5f?jic=20%7CCgZTcG9ydHMSA2FsbA%3D%3D&ref_=atv_hm_spo_c_7a7vxF_4_6,-1.0,4.0,,,,,,,,,,,,,,,,,,,,,,,,natl,radio,1001098,SiriusXM,SiriusXM,,,https://www.siriusxm.com/sports/nba,-1,,,,,,,,,,,,,,,,,,,,,,,,,,,,,,,,,,,,,,,,,,,,,,,,,,,,,,,,,,,,,,,,,,,,
00,2026-27,01/14/2027 00:00:00,0022600585,20270114/DALDET,1,7:00 pm ET,2,2027-01-14T00:00:00Z,1900-01-01T19:00:00Z,2027-01-14T19:00:00Z,2027-01-14T05:00:00Z,1900-01-01T00:00:00Z,2027-01-15T00:00:00Z,2027-01-14T18:00:00Z,2027-01-14T19:00:00Z,Thu,1,13,Week 13,false,,,,,Little Caesars Arena,MI,Detroit,N,,,False,1610612765,Pistons,Detroit,DET,pistons,0,0,0,0,1610612742,Mavericks,Dallas,DAL,mavericks,0,0,0,0,,,,,,,,,,,,,,,,,,,,,,,,,,,,,,,,,,natl,radio,1001098,SiriusXM,SiriusXM,,,https://www.siriusxm.com/sports/nba,-1,,,,,,,,,,,,,,,,,,,,,,,,,,,,,,,,,,,,,,,,,,,,,,,,,,,,,,,,,,,,,,,,,,,,
00,2026-27,01/14/2027 00:00:00,0022600586,20270114/BKNPHI,1,7:00 pm ET,3,2027-01-14T00:00:00Z,1900-01-01T19:00:00Z,2027-01-14T19:00:00Z,2027-01-14T05:00:00Z,1900-01-01T00:00:00Z,2027-01-15T00:00:00Z,2027-01-14T19:00:00Z,2027-01-14T19:00:00Z,Thu,1,13,Week 13,false,,,,,Xfinity Mobile Arena,PA,Philadelphia,N,,,False,1610612755,76ers,Philadelphia,PHI,sixers,0,0,0,0,1610612751,Nets,Brooklyn,BKN,nets,0,0,0,0,,,,,,,,,,,,,,,,,,,,,,,,,,,,,,,,,,natl,radio,1001098,SiriusXM,SiriusXM,,,https://www.siriusxm.com/sports/nba,-1,,,,,,,,,,,,,,,,,,,,,,,,,,,,,,,,,,,,,,,,,,,,,,,away,tv,175.0,DAZN (YES),YES,,,,1610612751.0,,,,,,,,,,,,,
00,2026-27,01/14/2027 00:00:00,0022600587,20270114/MIANYK,1,7:30 pm ET,4,2027-01-14T00:00:00Z,1900-01-01T19:30:00Z,2027-01-14T19:30:00Z,2027-01-14T05:00:00Z,1900-01-01T00:30:00Z,2027-01-15T00:30:00Z,2027-01-14T19:30:00Z,2027-01-14T19:30:00Z,Thu,1,13,Week 13,false,,,,,Madison Square Garden,NY,New York,N,,,False,1610612752,Knicks,New York,NYK,knicks,0,0,0,0,1610612748,Heat,Miami,MIA,heat,0,0,0,0,natl,tv,7.0,NBA TV,NBA TV,Watch with League Pass or your TV subscription,,,-1.0,,,,,,,,,,,,,,,,,,,,,,,,,natl,radio,1001098,SiriusXM,SiriusXM,,,https://www.siriusxm.com/sports/nba,-1,,,,,,,,,,,,,,,,,,,,,,,,,,,,,,,,,,,,,,,,,,,,,,,away,tv,1001720.0,WPLG Local 10,WPLG,,,https://local10plusplatinum.maz.tv/open?deeplink=local10platinum://item/3776211-3882966?item=44d4cc7fbb9f4bd72cf272489b39eadf-3742525-3848761,1610612748.0,,,away,radio,1001523.0,FM 104.3 WQAM / S: WAQI 710,WQAM-FM/WAQI,,,,1610612748.0,,
00,2026-27,01/14/2027 00:00:00,0022600588,20270114/MINCHI,1,8:00 pm ET,5,2027-01-14T00:00:00Z,1900-01-01T20:00:00Z,2027-01-14T20:00:00Z,2027-01-14T05:00:00Z,1900-01-01T01:00:00Z,2027-01-15T01:00:00Z,2027-01-14T19:00:00Z,2027-01-14T19:00:00Z,Thu,1,13,Week 13,false,,,,,United Center,IL,Chicago,N,,,False,1610612741,Bulls,Chicago,CHI,bulls,0,0,0,0,1610612750,Timberwolves,Minnesota,MIN,timberwolves,0,0,0,0,,,,,,,,,,,,,,,,,,,,,,,,,,,,,,,,,,natl,radio,1001098,SiriusXM,SiriusXM,,,https://www.siriusxm.com/sports/nba,-1,,,,,,,,,,,,,,,,,,,,,,,,,,,,,,,,,,,,,,,,,,,,,,,,,,,,,,,,,,,,,,,,,,,,
00,2026-27,01/14/2027 00:00:00,0022600589,20270114/MEMDEN,1,9:00 pm ET,6,2027-01-14T00:00:00Z,1900-01-01T21:00:00Z,2027-01-14T21:00:00Z,2027-01-14T05:00:00Z,1900-01-01T02:00:00Z,2027-01-15T02:00:00Z,2027-01-14T20:00:00Z,2027-01-14T19:00:00Z,Thu,1,13,Week 13,false,,,,,Ball Arena,CO,Denver,N,,,False,1610612743,Nuggets,Denver,DEN,nuggets,0,0,0,0,1610612763,Grizzlies,Memphis,MEM,grizzlies,0,0,0,0,,,,,,,,,,,,,,,,,,,,,,,,,,,,,,,,,,natl,radio,1001098,SiriusXM,SiriusXM,,,https://www.siriusxm.com/sports/nba,-1,,,,,,,,,,,,,,,,,,,,,,,,,,,,,,,,,,,,,,,,,,,,,,,,,,,,,,,,,,,,,,,,,,,,
00,2026-27,01/14/2027 00:00:00,0022600590,20270114/CHAUTA,1,9:00 pm ET,7,2027-01-14T00:00:00Z,1900-01-01T21:00:00Z,2027-01-14T21:00:00Z,2027-01-14T05:00:00Z,1900-01-01T02:00:00Z,2027-01-15T02:00:00Z,2027-01-14T21:00:00Z,2027-01-14T19:00:00Z,Thu,1,13,Week 13,false,,,,,Delta Center,UT,Salt Lake City,N,,,False,1610612762,Jazz,Utah,UTA,jazz,0,0,0,0,1610612766,Hornets,Charlotte,CHA,hornets,0,0,0,0,,,,,,,,,,,,,,,,,,,,,,,,,,,,,,,,,,natl,radio,1001098,SiriusXM,SiriusXM,,,https://www.siriusxm.com/sports/nba,-1,,,,,,,,,,,,,,,,,,,,,,,,,,,,,,,,,,,,,,,,,,,,,,,,,,,,,,,,,,,,,,,,,,,,
00,2026-27,01/14/2027 00:00:00,0022600591,20270114/ORLLAL,1,10:00 pm ET,8,2027-01-14T00:00:00Z,1900-01-01T22:00:00Z,2027-01-14T22:00:00Z,2027-01-14T05:00:00Z,1900-01-01T03:00:00Z,2027-01-15T03:00:00Z,2027-01-14T22:00:00Z,2027-01-14T19:00:00Z,Thu,1,13,Week 13,false,,,,,Crypto.com Arena,CA,Los Angeles,N,,,False,1610612747,Lakers,Los Angeles,LAL,lakers,0,0,0,0,1610612753,Magic,Orlando,ORL,magic,0,0,0,0,natl,tv,7.0,NBA TV,NBA TV,Watch with League Pass or your TV subscription,,,-1.0,,,,,,,,,,,,,,,,,,,,,,,,,natl,radio,1001098,SiriusXM,SiriusXM,,,https://www.siriusxm.com/sports/nba,-1,,,,,,,,,,,,,,home,tv,1651.0,Spectrum SportsNet,SPECSN,,,,1610612747.0,,,,,,,,,,,,,,home,radio,1001605.0,ESPN LA 710/980 KFWB,KSPN/KFWB,,,,1610612747.0,,,,,,,,,,,,,,,,,,,,,,,,
00,2026-27,01/14/2027 00:00:00,0022600592,20270114/LACSAC,1,10:00 pm ET,9,2027-01-14T00:00:00Z,1900-01-01T22:00:00Z,2027-01-14T22:00:00Z,2027-01-14T05:00:00Z,1900-01-01T03:00:00Z,2027-01-15T03:00:00Z,2027-01-14T19:00:00Z,2027-01-14T19:00:00Z,Thu,1,13,Week 13,false,,,,,Golden 1 Center,CA,Sacramento,N,,,False,1610612758,Kings,Sacramento,SAC,kings,0,0,0,0,1610612746,Clippers,LA,LAC,clippers,0,0,0,0,,,,,,,,,,,,,,,,,,,,,,,,,,,,,,,,,,natl,radio,1001098,SiriusXM,SiriusXM,,,https://www.siriusxm.com/sports/nba,-1,,,,,,,,,,,,,,home,tv,1027.0,NBCSCA,NBCSCA,,,,1610612758.0,,,,,,,,,,,,,,,,,,,,,,,,,,,,,,,,,,,,,,,,,,,,,,
00,2026-27,01/15/2027 00:00:00,0022600593,20270115/GSWATL,1,7:00 pm ET,1,2027-01-15T00:00:00Z,1900-01-01T19:00:00Z,2027-01-15T19:00:00Z,2027-01-15T05:00:00Z,1900-01-01T00:00:00Z,2027-01-16T00:00:00Z,2027-01-15T16:00:00Z,2027-01-15T19:00:00Z,Fri,1,13,Week 13,false,,,,,State Farm Arena,GA,Atlanta,N,,,False,1610612737,Hawks,Atlanta,ATL,hawks,0,0,0,0,1610612744,Warriors,Golden State,GSW,warriors,0,0,0,0,,,,,,,,,,,,,,,,,,,,,,,,,,,,,,,,,,natl,radio,1001098,SiriusXM,SiriusXM,,,https://www.siriusxm.com/sports/nba,-1,,,,,,,,,,,,,,,,,,,,,,,,,,,,,,,,,,,,,,,,,,,,,,,away,tv,1097.0,NBCSBA,NBCSBA,,,,1610612744.0,,,,,,,,,,,,,
00,2026-27,01/15/2027 00:00:00,0022600594,20270115/PHXIND,1,7:00 pm ET,2,2027-01-15T00:00:00Z,1900-01-01T19:00:00Z,2027-01-15T19:00:00Z,2027-01-15T05:00:00Z,1900-01-01T00:00:00Z,2027-01-16T00:00:00Z,2027-01-15T17:00:00Z,2027-01-15T19:00:00Z,Fri,1,13,Week 13,false,,,,,Gainbridge Fieldhouse,IN,Indianapolis,N,,,False,1610612754,Pacers,Indiana,IND,pacers,0,0,0,0,1610612756,Suns,Phoenix,PHX,suns,0,0,0,0,,,,,,,,,,,,,,,,,,,,,,,,,,,,,,,,,,natl,radio,1001098,SiriusXM,SiriusXM,,,https://www.siriusxm.com/sports/nba,-1,,,,,,,,,,,,,,,,,,,,,,,,,,,,,,,,,,,,,,,,,,,,,,,,,,,,,,,,,,,,,,,,,,,,
00,2026-27,01/15/2027 00:00:00,0022600595,20270115/MIATOR,1,7:30 pm ET,3,2027-01-15T00:00:00Z,1900-01-01T19:30:00Z,2027-01-15T19:30:00Z,2027-01-15T05:00:00Z,1900-01-01T00:30:00Z,2027-01-16T00:30:00Z,2027-01-15T19:30:00Z,2027-01-15T19:30:00Z,Fri,1,13,Week 13,false,,,,,Scotiabank Arena,ON,Toronto,N,,,False,1610612761,Raptors,Toronto,TOR,raptors,0,0,0,0,1610612748,Heat,Miami,MIA,heat,0,0,0,0,,,,,,,,,,,,,,,,,,,,,,,,,,,,,,,,,,natl,radio,1001098,SiriusXM,SiriusXM,,,https://www.siriusxm.com/sports/nba,-1,,,,,,,,,,,,,,,,,,,,,,,,,,,,,,,,,,,,,,,,,,,,,,,away,tv,1001720.0,WPLG Local 10,WPLG,,,https://local10plusplatinum.maz.tv/open?deeplink=local10platinum://item/3776211-3882966?item=44d4cc7fbb9f4bd72cf272489b39eadf-3742525-3848761,1610612748.0,,,away,radio,1001523.0,FM 104.3 WQAM / S: WAQI 710,WQAM-FM/WAQI,,,,1610612748.0,,
00,2026-27,01/15/2027 00:00:00,0022600596,20270115/CLEMIL,1,8:00 pm ET,4,2027-01-15T00:00:00Z,1900-01-01T20:00:00Z,2027-01-15T20:00:00Z,2027-01-15T05:00:00Z,1900-01-01T01:00:00Z,2027-01-16T01:00:00Z,2027-01-15T20:00:00Z,2027-01-15T19:00:00Z,Fri,1,13,Week 13,false,,,,,Fiserv Forum,WI,Milwaukee,N,,,False,1610612749,Bucks,Milwaukee,MIL,bucks,0,0,0,0,1610612739,Cavaliers,Cleveland,CLE,cavaliers,0,0,0,0,,,,,,,,,,,,,,,,,,,,,,,,,,,,,,,,,,natl,radio,1001098,SiriusXM,SiriusXM,,,https://www.siriusxm.com/sports/nba,-1,,,,,,,,,,,,,,,,,,,,,,,,,,,,,,,,,,,,,,,,,,,,,,,,,,,,,,,,,,,,,,,,,,,,
00,2026-27,01/15/2027 00:00:00,0022600597,20270115/UTAOKC,1,8:00 pm ET,5,2027-01-15T00:00:00Z,1900-01-01T20:00:00Z,2027-01-15T20:00:00Z,2027-01-15T05:00:00Z,1900-01-01T01:00:00Z,2027-01-16T01:00:00Z,2027-01-15T18:00:00Z,2027-01-15T19:00:00Z,Fri,1,13,Week 13,false,,,,,Paycom Center,OK,Oklahoma City,N,,,False,1610612760,Thunder,Oklahoma City,OKC,thunder,0,0,0,0,1610612762,Jazz,Utah,UTA,jazz,0,0,0,0,natl,tv,7.0,NBA TV,NBA TV,Watch with League Pass or your TV subscription,,,-1.0,,,,,,,,,,,,,,,,,,,,,,,,,natl,radio,1001098,SiriusXM,SiriusXM,,,https://www.siriusxm.com/sports/nba,-1,,,,,,,,,,,,,,,,,,,,,,,,,,,,,,,,,,,,,,,,,,,,,,,,,,,,,,,,,,,,,,,,,,,,
00,2026-27,01/15/2027 00:00:00,0022600598,20270115/WASHOU,1,8:30 pm ET,6,2027-01-15T00:00:00Z,1900-01-01T20:30:00Z,2027-01-15T20:30:00Z,2027-01-15T05:00:00Z,1900-01-01T01:30:00Z,2027-01-16T01:30:00Z,2027-01-15T20:30:00Z,2027-01-15T19:30:00Z,Fri,1,13,Week 13,false,,,,,Toyota Center,TX,Houston,N,,,False,1610612745,Rockets,Houston,HOU,rockets,0,0,0,0,1610612764,Wizards,Washington,WAS,wizards,0,0,0,0,,,,,,,,,,,,,,,,,,,,,,,,,,,,,,,,,,natl,radio,1001098,SiriusXM,SiriusXM,,,https://www.siriusxm.com/sports/nba,-1,,,,,,,,,,,,,,,,,,,,,,,,,,,,,,,,,,,,,,,,,,,,,,,,,,,,,,,,,,,,,,,,,,,,
00,2026-27,01/15/2027 00:00:00,0022600599,20270115/SACPOR,1,10:00 pm ET,7,2027-01-15T00:00:00Z,1900-01-01T22:00:00Z,2027-01-15T22:00:00Z,2027-01-15T05:00:00Z,1900-01-01T03:00:00Z,2027-01-16T03:00:00Z,2027-01-15T19:00:00Z,2027-01-15T19:00:00Z,Fri,1,13,Week 13,false,,,,,Moda Center,OR,Portland,N,,,False,1610612757,Trail Blazers,Portland,POR,blazers,0,0,0,0,1610612758,Kings,Sacramento,SAC,kings,0,0,0,0,,,,,,,,,,,,,,,,,,,,,,,,,,,,,,,,,,natl,radio,1001098,SiriusXM,SiriusXM,,,https://www.siriusxm.com/sports/nba,-1,,,,,,,,,,,,,,home,tv,1001196.0,KUNP,KUNP,,,,1610612757.0,,,,,,,,,,,,,,home,radio,1472.0,Rip City Radio 620,KPOJ,,,,1610612757.0,,,away,tv,1027.0,NBCSCA,NBCSCA,,,,1610612758.0,,,,,,,,,,,,,
00,2026-27,01/15/2027 00:00:00,0022600600,20270115/ORLLAC,1,10:30 pm ET,8,2027-01-15T00:00:00Z,1900-01-01T22:30:00Z,2027-01-15T22:30:00Z,2027-01-15T05:00:00Z,1900-01-01T03:30:00Z,2027-01-16T03:30:00Z,2027-01-15T22:30:00Z,2027-01-15T19:30:00Z,Fri,1,13,Week 13,false,,,,,Intuit Dome,CA,Inglewood,N,,,False,1610612746,Clippers,LA,LAC,clippers,0,0,0,0,1610612753,Magic,Orlando,ORL,magic,0,0,0,0,natl,tv,7.0,NBA TV,NBA TV,Watch with League Pass or your TV subscription,,,-1.0,,,,,,,,,,,,,,,,,,,,,,,,,natl,radio,1001098,SiriusXM,SiriusXM,,,https://www.siriusxm.com/sports/nba,-1,,,,,,,,,,,,,,,,,,,,,,,,,,,,,,,,,,,,,,,,,,,,,,,,,,,,,,,,,,,,,,,,,,,,
00,2026-27,01/16/2027 00:00:00,0022600601,20270116/MINPHI,1,12:30 pm ET,1,2027-01-16T00:00:00Z,1900-01-01T12:30:00Z,2027-01-16T12:30:00Z,2027-01-16T05:00:00Z,1900-01-01T17:30:00Z,2027-01-16T17:30:00Z,2027-01-16T11:30:00Z,2027-01-16T12:30:00Z,Sat,1,13,Week 13,false,,,,,Xfinity Mobile Arena,PA,Philadelphia,N,,,False,1610612755,76ers,Philadelphia,PHI,sixers,0,0,0,0,1610612750,Timberwolves,Minnesota,MIN,timberwolves,0,0,0,0,,,,,,,,,,,,,,,,,,,,,,,,,,,,,,,,,,natl,radio,1001098,SiriusXM,SiriusXM,,,https://www.siriusxm.com/sports/nba,-1,,,,,,,,,,,,,,,,,,,,,,,,,,,,,,,,,,,,,,,,,,,,,,,,,,,,,,,,,,,,,,,,,,,,
00,2026-27,01/16/2027 00:00:00,0022600602,20270116/BKNBOS,1,7:00 pm ET,2,2027-01-16T00:00:00Z,1900-01-01T19:00:00Z,2027-01-16T19:00:00Z,2027-01-16T05:00:00Z,1900-01-01T00:00:00Z,2027-01-17T00:00:00Z,2027-01-16T19:00:00Z,2027-01-16T19:00:00Z,Sat,1,13,Week 13,false,,,,,TD Garden,MA,Boston,N,,,False,1610612738,Celtics,Boston,BOS,celtics,0,0,0,0,1610612751,Nets,Brooklyn,BKN,nets,0,0,0,0,,,,,,,,,,,,,,,,,,,,,,,,,,,,,,,,,,natl,radio,1001098,SiriusXM,SiriusXM,,,https://www.siriusxm.com/sports/nba,-1,,,,,,,,,,,,,,home,tv,1658.0,NBC SPORTS BOSTON,NBCSB,,,,1610612738.0,,,,,,,,,,,,,,,,,,,,,,,,,away,tv,175.0,DAZN (YES),YES,,,,1610612751.0,,,,,,,,,,,,,
00,2026-27,01/16/2027 00:00:00,0022600603,20270116/DALNYK,1,7:30 pm ET,3,2027-01-16T00:00:00Z,1900-01-01T19:30:00Z,2027-01-16T19:30:00Z,2027-01-16T05:00:00Z,1900-01-01T00:30:00Z,2027-01-17T00:30:00Z,2027-01-16T18:30:00Z,2027-01-16T19:30:00Z,Sat,1,13,Week 13,false,,,,,Madison Square Garden,NY,New York,N,,,False,1610612752,Knicks,New York,NYK,knicks,0,0,0,0,1610612742,Mavericks,Dallas,DAL,mavericks,0,0,0,0,natl,tv,7.0,NBA TV,NBA TV,Watch with League Pass or your TV subscription,,,-1.0,,,,,,,,,,,,,,,,,,,,,,,,,natl,radio,1001098,SiriusXM,SiriusXM,,,https://www.siriusxm.com/sports/nba,-1,,,,,,,,,,,,,,,,,,,,,,,,,,,,,,,,,,,,,,,,,,,,,,,,,,,,,,,,,,,,,,,,,,,,
00,2026-27,01/16/2027 00:00:00,0022600604,20270116/CLEMEM,1,8:00 pm ET,4,2027-01-16T00:00:00Z,1900-01-01T20:00:00Z,2027-01-16T20:00:00Z,2027-01-16T05:00:00Z,1900-01-01T01:00:00Z,2027-01-17T01:00:00Z,2027-01-16T20:00:00Z,2027-01-16T19:00:00Z,Sat,1,13,Week 13,false,,,,,FedExForum,TN,Memphis,N,,,False,1610612763,Grizzlies,Memphis,MEM,grizzlies,0,0,0,0,1610612739,Cavaliers,Cleveland,CLE,cavaliers,0,0,0,0,,,,,,,,,,,,,,,,,,,,,,,,,,,,,,,,,,natl,radio,1001098,SiriusXM,SiriusXM,,,https://www.siriusxm.com/sports/nba,-1,,,,,,,,,,,,,,,,,,,,,,,,,,,,,,,,,,,,,,,,,,,,,,,,,,,,,,,,,,,,,,,,,,,,
00,2026-27,01/16/2027 00:00:00,0022600605,20270116/DETHOU,1,8:30 pm ET,5,2027-01-16T00:00:00Z,1900-01-01T20:30:00Z,2027-01-16T20:30:00Z,2027-01-16T05:00:00Z,1900-01-01T01:30:00Z,2027-01-17T01:30:00Z,2027-01-16T20:30:00Z,2027-01-16T19:30:00Z,Sat,1,13,Week 13,false,,,,,Toyota Center,TX,Houston,N,,,False,1610612745,Rockets,Houston,HOU,rockets,0,0,0,0,1610612765,Pistons,Detroit,DET,pistons,0,0,0,0,,,,,,,,,,,,,,,,,,,,,,,,,,,,,,,,,,natl,radio,1001098,SiriusXM,SiriusXM,,,https://www.siriusxm.com/sports/nba,-1,,,,,,,,,,,,,,,,,,,,,,,,,,,,,,,,,,,,,,,,,,,,,,,,,,,,,,,,,,,,,,,,,,,,
00,2026-27,01/16/2027 00:00:00,0022600606,20270116/CHADEN,1,9:00 pm ET,6,2027-01-16T00:00:00Z,1900-01-01T21:00:00Z,2027-01-16T21:00:00Z,2027-01-16T05:00:00Z,1900-01-01T02:00:00Z,2027-01-17T02:00:00Z,2027-01-16T21:00:00Z,2027-01-16T19:00:00Z,Sat,1,13,Week 13,false,,,,,Ball Arena,CO,Denver,N,,,False,1610612743,Nuggets,Denver,DEN,nuggets,0,0,0,0,1610612766,Hornets,Charlotte,CHA,hornets,0,0,0,0,,,,,,,,,,,,,,,,,,,,,,,,,,,,,,,,,,natl,radio,1001098,SiriusXM,SiriusXM,,,https://www.siriusxm.com/sports/nba,-1,,,,,,,,,,,,,,,,,,,,,,,,,,,,,,,,,,,,,,,,,,,,,,,,,,,,,,,,,,,,,,,,,,,,
00,2026-27,01/17/2027 00:00:00,0022600076,20270117/SASNOP,1,10:30 am ET,1,2027-01-17T00:00:00Z,1900-01-01T10:30:00Z,2027-01-17T10:30:00Z,2027-01-17T05:00:00Z,1900-01-01T15:30:00Z,2027-01-17T15:30:00Z,2027-01-17T09:30:00Z,2027-01-17T09:30:00Z,Sun,1,13,Week 13,false,,NBA Manchester Game,,Neutral Site,Co-op Live,,Manchester,N,,Global Games,True,1610612740,Pelicans,New Orleans,NOP,pelicans,0,0,0,0,1610612759,Spurs,San Antonio,SAS,spurs,0,0,0,0,natl,tv,1000664.0,Prime Video,Amazon,,,https://www.amazon.com/gp/video/tournament/amzn1.dv.icid.cf75b42a-68cd-4a1c-993a-a0b3f0575c5f?jic=20%7CCgZTcG9ydHMSA2FsbA%3D%3D&ref_=atv_hm_spo_c_7a7vxF_4_6,-1.0,4.0,,,,,,,,,,,,,,,,,,,,,,,,natl,radio,1001098,SiriusXM,SiriusXM,,,https://www.siriusxm.com/sports/nba,-1,,,,,,,,,,,,,,,,,,,,,,,,,,,,,,,,,,,,,,,,,,,,,,,,,,,,,,,,,,,,,,,,,,,,
00,2026-27,01/17/2027 00:00:00,0022600607,20270117/INDWAS,1,1:00 pm ET,2,2027-01-17T00:00:00Z,1900-01-01T13:00:00Z,2027-01-17T13:00:00Z,2027-01-17T05:00:00Z,1900-01-01T18:00:00Z,2027-01-17T18:00:00Z,2027-01-17T13:00:00Z,2027-01-17T13:00:00Z,Sun,1,13,Week 13,false,,,,,Capital One Arena,DC,Washington,N,,,False,1610612764,Wizards,Washington,WAS,wizards,0,0,0,0,1610612754,Pacers,Indiana,IND,pacers,0,0,0,0,,,,,,,,,,,,,,,,,,,,,,,,,,,,,,,,,,natl,radio,1001098,SiriusXM,SiriusXM,,,https://www.siriusxm.com/sports/nba,-1,,,,,,,,,,,,,,,,,,,,,,,,,,,,,,,,,,,,,,,,,,,,,,,,,,,,,,,,,,,,,,,,,,,,
00,2026-27,01/17/2027 00:00:00,0022600608,20270117/TORCHI,1,3:30 pm ET,3,2027-01-17T00:00:00Z,1900-01-01T15:30:00Z,2027-01-17T15:30:00Z,2027-01-17T05:00:00Z,1900-01-01T20:30:00Z,2027-01-17T20:30:00Z,2027-01-17T15:30:00Z,2027-01-17T14:30:00Z,Sun,1,13,Week 13,false,,,,,United Center,IL,Chicago,N,,,False,1610612741,Bulls,Chicago,CHI,bulls,0,0,0,0,1610612761,Raptors,Toronto,TOR,raptors,0,0,0,0,,,,,,,,,,,,,,,,,,,,,,,,,,,,,,,,,,natl,radio,1001098,SiriusXM,SiriusXM,,,https://www.siriusxm.com/sports/nba,-1,,,,,,,,,,,,,,,,,,,,,,,,,,,,,,,,,,,,,,,,,,,,,,,,,,,,,,,,,,,,,,,,,,,,
00,2026-27,01/17/2027 00:00:00,0022600609,20270117/POROKC,1,3:30 pm ET,4,2027-01-17T00:00:00Z,1900-01-01T15:30:00Z,2027-01-17T15:30:00Z,2027-01-17T05:00:00Z,1900-01-01T20:30:00Z,2027-01-17T20:30:00Z,2027-01-17T12:30:00Z,2027-01-17T14:30:00Z,Sun,1,13,Week 13,false,,,,,Paycom Center,OK,Oklahoma City,N,,,False,1610612760,Thunder,Oklahoma City,OKC,thunder,0,0,0,0,1610612757,Trail Blazers,Portland,POR,blazers,0,0,0,0,,,,,,,,,,,,,,,,,,,,,,,,,,,,,,,,,,natl,radio,1001098,SiriusXM,SiriusXM,,,https://www.siriusxm.com/sports/nba,-1,,,,,,,,,,,,,,,,,,,,,,,,,,,,,,,,,,,,,,,,,,,,,,,away,tv,1001196.0,KUNP,KUNP,,,,1610612757.0,,,away,radio,1472.0,Rip City Radio 620,KPOJ,,,,1610612757.0,,
00,2026-27,01/17/2027 00:00:00,0022600610,20270117/SACUTA,1,5:00 pm ET,5,2027-01-17T00:00:00Z,1900-01-01T17:00:00Z,2027-01-17T17:00:00Z,2027-01-17T05:00:00Z,1900-01-01T22:00:00Z,2027-01-17T22:00:00Z,2027-01-17T14:00:00Z,2027-01-17T15:00:00Z,Sun,1,13,Week 13,false,,,,,Delta Center,UT,Salt Lake City,N,,,False,1610612762,Jazz,Utah,UTA,jazz,0,0,0,0,1610612758,Kings,Sacramento,SAC,kings,0,0,0,0,,,,,,,,,,,,,,,,,,,,,,,,,,,,,,,,,,natl,radio,1001098,SiriusXM,SiriusXM,,,https://www.siriusxm.com/sports/nba,-1,,,,,,,,,,,,,,,,,,,,,,,,,,,,,,,,,,,,,,,,,,,,,,,away,tv,1027.0,NBCSCA,NBCSCA,,,,1610612758.0,,,,,,,,,,,,,
00,2026-27,01/17/2027 00:00:00,0022600611,20270117/GSWMIA,1,6:00 pm ET,6,2027-01-17T00:00:00Z,1900-01-01T18:00:00Z,2027-01-17T18:00:00Z,2027-01-17T05:00:00Z,1900-01-01T23:00:00Z,2027-01-17T23:00:00Z,2027-01-17T15:00:00Z,2027-01-17T18:00:00Z,Sun,1,13,Week 13,false,,,,,Kaseya Center,FL,Miami,N,,,False,1610612748,Heat,Miami,MIA,heat,0,0,0,0,1610612744,Warriors,Golden State,GSW,warriors,0,0,0,0,,,,,,,,,,,,,,,,,,,,,,,,,,,,,,,,,,natl,radio,1001098,SiriusXM,SiriusXM,,,https://www.siriusxm.com/sports/nba,-1,,,,,,,,,,,,,,home,tv,1001720.0,WPLG Local 10,WPLG,,,https://local10plusplatinum.maz.tv/open?deeplink=local10platinum://item/3776211-3882966?item=44d4cc7fbb9f4bd72cf272489b39eadf-3742525-3848761,1610612748.0,,,,,,,,,,,,,,home,radio,1001523.0,FM 104.3 WQAM / S: WAQI 710,WQAM-FM/WAQI,,,,1610612748.0,,,away,tv,1097.0,NBCSBA,NBCSBA,,,,1610612744.0,,,,,,,,,,,,,
00,2026-27,01/17/2027 00:00:00,0022600612,20270117/ORLDEN,1,8:00 pm ET,7,2027-01-17T00:00:00Z,1900-01-01T20:00:00Z,2027-01-17T20:00:00Z,2027-01-17T05:00:00Z,1900-01-01T01:00:00Z,2027-01-18T01:00:00Z,2027-01-17T20:00:00Z,2027-01-17T18:00:00Z,Sun,1,13,Week 13,false,,,,,Ball Arena,CO,Denver,N,,,False,1610612743,Nuggets,Denver,DEN,nuggets,0,0,0,0,1610612753,Magic,Orlando,ORL,magic,0,0,0,0,,,,,,,,,,,,,,,,,,,,,,,,,,,,,,,,,,natl,radio,1001098,SiriusXM,SiriusXM,,,https://www.siriusxm.com/sports/nba,-1,,,,,,,,,,,,,,,,,,,,,,,,,,,,,,,,,,,,,,,,,,,,,,,,,,,,,,,,,,,,,,,,,,,,
00,2026-27,01/17/2027 00:00:00,0022600613,20270117/MILLAL,1,9:00 pm ET,8,2027-01-17T00:00:00Z,1900-01-01T21:00:00Z,2027-01-17T21:00:00Z,2027-01-17T05:00:00Z,1900-01-01T02:00:00Z,2027-01-18T02:00:00Z,2027-01-17T20:00:00Z,2027-01-17T18:00:00Z,Sun,1,13,Week 13,false,,,,,Crypto.com Arena,CA,Los Angeles,N,,,False,1610612747,Lakers,Los Angeles,LAL,lakers,0,0,0,0,1610612749,Bucks,Milwaukee,MIL,bucks,0,0,0,0,,,,,,,,,,,,,,,,,,,,,,,,,,,,,,,,,,natl,radio,1001098,SiriusXM,SiriusXM,,,https://www.siriusxm.com/sports/nba,-1,,,,,,,,,,,,,,home,tv,1651.0,Spectrum SportsNet,SPECSN,,,,1610612747.0,,,,,,,,,,,,,,home,radio,1001605.0,ESPN LA 710/980 KFWB,KSPN/KFWB,,,,1610612747.0,,,,,,,,,,,,,,,,,,,,,,,,
00,2026-27,01/18/2027 00:00:00,0022600077,20270118/DETCLE,1,12:00 pm ET,1,2027-01-18T00:00:00Z,1900-01-01T12:00:00Z,2027-01-18T12:00:00Z,2027-01-18T05:00:00Z,1900-01-01T17:00:00Z,2027-01-18T17:00:00Z,2027-01-18T12:00:00Z,2027-01-18T12:00:00Z,Mon,1,14,Week 14,false,,,,,Rocket Arena,OH,Cleveland,N,,,False,1610612739,Cavaliers,Cleveland,CLE,cavaliers,0,0,0,0,1610612765,Pistons,Detroit,DET,pistons,0,0,0,0,natl,tv,1001452.0,NBC,NBC,,,,-1.0,5.0,National,natl,tv,1001453.0,Peacock,Peacock,,,https://www.peacocktv.com/sports/nba?cid=2508sptnbaexterndinapplk26427&utm_campaign=2508sptnba&utm_source=nba_nba_nba&utm_medium=ernd_inapplk_acq_inapbnr&utm_term=nbafans&utm_content=nbaapplinks,-1.0,3.0,,,,,,,,,,,,,natl,radio,1001098,SiriusXM,SiriusXM,,,https://www.siriusxm.com/sports/nba,-1,,,,,,,,,,,,,,,,,,,,,,,,,,,,,,,,,,,,,,,,,,,,,,,,,,,,,,,,,,,,,,,,,,,,
00,2026-27,01/18/2027 00:00:00,0022600078,20270118/PHIATL,1,2:30 pm ET,2,2027-01-18T00:00:00Z,1900-01-01T14:30:00Z,2027-01-18T14:30:00Z,2027-01-18T05:00:00Z,1900-01-01T19:30:00Z,2027-01-18T19:30:00Z,2027-01-18T14:30:00Z,2027-01-18T14:30:00Z,Mon,1,14,Week 14,false,,,,,State Farm Arena,GA,Atlanta,N,,,False,1610612737,Hawks,Atlanta,ATL,hawks,0,0,0,0,1610612755,76ers,Philadelphia,PHI,sixers,0,0,0,0,natl,tv,1001452.0,NBC,NBC,,,,-1.0,5.0,National,natl,tv,1001453.0,Peacock,Peacock,,,https://www.peacocktv.com/sports/nba?cid=2508sptnbaexterndinapplk26427&utm_campaign=2508sptnba&utm_source=nba_nba_nba&utm_medium=ernd_inapplk_acq_inapbnr&utm_term=nbafans&utm_content=nbaapplinks,-1.0,3.0,,,,,,,,,,,,,natl,radio,1001098,SiriusXM,SiriusXM,,,https://www.siriusxm.com/sports/nba,-1,,,,,,,,,,,,,,,,,,,,,,,,,,,,,,,,,,,,,,,,,,,,,,,,,,,,,,,,,,,,,,,,,,,,
00,2026-27,01/18/2027 00:00:00,0022600079,20270118/MINNYK,1,5:00 pm ET,4,2027-01-18T00:00:00Z,1900-01-01T17:00:00Z,2027-01-18T17:00:00Z,2027-01-18T05:00:00Z,1900-01-01T22:00:00Z,2027-01-18T22:00:00Z,2027-01-18T16:00:00Z,2027-01-18T17:00:00Z,Mon,1,14,Week 14,false,,,,,Madison Square Garden,NY,New York,N,,,False,1610612752,Knicks,New York,NYK,knicks,0,0,0,0,1610612750,Timberwolves,Minnesota,MIN,timberwolves,0,0,0,0,natl,tv,1001452.0,NBC,NBC,,,,-1.0,5.0,National,natl,tv,1001453.0,Peacock,Peacock,,,https://www.peacocktv.com/sports/nba?cid=2508sptnbaexterndinapplk26427&utm_campaign=2508sptnba&utm_source=nba_nba_nba&utm_medium=ernd_inapplk_acq_inapbnr&utm_term=nbafans&utm_content=nbaapplinks,-1.0,3.0,,,,,,,,,,,,,natl,radio,3,ESPN Radio,ESPNR,,,,-1,,,natl,radio,1001098.0,SiriusXM,SiriusXM,,,https://www.siriusxm.com/sports/nba,-1.0,,,,,,,,,,,,,,,,,,,,,,,,,,,,,,,,,,,,,,,,,,,,,,,,,,,,,,,,,
00,2026-27,01/18/2027 00:00:00,0022600080,20270118/HOUMEM,1,7:30 pm ET,5,2027-01-18T00:00:00Z,1900-01-01T19:30:00Z,2027-01-18T19:30:00Z,2027-01-18T05:00:00Z,1900-01-01T00:30:00Z,2027-01-19T00:30:00Z,2027-01-18T18:30:00Z,2027-01-18T18:30:00Z,Mon,1,14,Week 14,false,,,,,FedExForum,TN,Memphis,N,,,False,1610612763,Grizzlies,Memphis,MEM,grizzlies,0,0,0,0,1610612745,Rockets,Houston,HOU,rockets,0,0,0,0,natl,tv,1001453.0,Peacock,Peacock,,,https://www.peacocktv.com/sports/nba?cid=2508sptnbaexterndinapplk26427&utm_campaign=2508sptnba&utm_source=nba_nba_nba&utm_medium=ernd_inapplk_acq_inapbnr&utm_term=nbafans&utm_content=nbaapplinks,-1.0,3.0,,natl,tv,1001488.0,NBC Sports Network,NBCSN,,,,-1.0,7.0,National,,,,,,,,,,,,natl,radio,1001098,SiriusXM,SiriusXM,,,https://www.siriusxm.com/sports/nba,-1,,,,,,,,,,,,,,,,,,,,,,,,,,,,,,,,,,,,,,,,,,,,,,,,,,,,,,,,,,,,,,,,,,,,
00,2026-27,01/18/2027 00:00:00,0022600614,20270118/BOSWAS,1,3:00 pm ET,3,2027-01-18T00:00:00Z,1900-01-01T15:00:00Z,2027-01-18T15:00:00Z,2027-01-18T05:00:00Z,1900-01-01T20:00:00Z,2027-01-18T20:00:00Z,2027-01-18T15:00:00Z,2027-01-18T15:00:00Z,Mon,1,14,Week 14,false,,,,,Capital One Arena,DC,Washington,N,,,False,1610612764,Wizards,Washington,WAS,wizards,0,0,0,0,1610612738,Celtics,Boston,BOS,celtics,0,0,0,0,,,,,,,,,,,,,,,,,,,,,,,,,,,,,,,,,,natl,radio,1001098,SiriusXM,SiriusXM,,,https://www.siriusxm.com/sports/nba,-1,,,,,,,,,,,,,,,,,,,,,,,,,,,,,,,,,,,,,,,,,,,,,,,away,tv,1658.0,NBC SPORTS BOSTON,NBCSB,,,,1610612738.0,,,,,,,,,,,,,
00,2026-27,01/18/2027 00:00:00,0022600615,20270118/OKCDAL,1,8:00 pm ET,6,2027-01-18T00:00:00Z,1900-01-01T20:00:00Z,2027-01-18T20:00:00Z,2027-01-18T05:00:00Z,1900-01-01T01:00:00Z,2027-01-19T01:00:00Z,2027-01-18T19:00:00Z,2027-01-18T19:00:00Z,Mon,1,14,Week 14,false,,,,,American Airlines Center,TX,Dallas,N,,,False,1610612742,Mavericks,Dallas,DAL,mavericks,0,0,0,0,1610612760,Thunder,Oklahoma City,OKC,thunder,0,0,0,0,,,,,,,,,,,,,,,,,,,,,,,,,,,,,,,,,,natl,radio,1001098,SiriusXM,SiriusXM,,,https://www.siriusxm.com/sports/nba,-1,,,,,,,,,,,,,,,,,,,,,,,,,,,,,,,,,,,,,,,,,,,,,,,,,,,,,,,,,,,,,,,,,,,,
00,2026-27,01/18/2027 00:00:00,0022600616,20270118/PHXLAC,1,10:30 pm ET,7,2027-01-18T00:00:00Z,1900-01-01T22:30:00Z,2027-01-18T22:30:00Z,2027-01-18T05:00:00Z,1900-01-01T03:30:00Z,2027-01-19T03:30:00Z,2027-01-18T20:30:00Z,2027-01-18T19:30:00Z,Mon,1,14,Week 14,false,,,,,Intuit Dome,CA,Inglewood,N,,,False,1610612746,Clippers,LA,LAC,clippers,0,0,0,0,1610612756,Suns,Phoenix,PHX,suns,0,0,0,0,natl,tv,7.0,NBA TV,NBA TV,Watch with League Pass or your TV subscription,,,-1.0,,,,,,,,,,,,,,,,,,,,,,,,,natl,radio,1001098,SiriusXM,SiriusXM,,,https://www.siriusxm.com/sports/nba,-1,,,,,,,,,,,,,,,,,,,,,,,,,,,,,,,,,,,,,,,,,,,,,,,,,,,,,,,,,,,,,,,,,,,,
00,2026-27,01/19/2027 00:00:00,0022600617,20270119/GSWORL,1,7:00 pm ET,1,2027-01-19T00:00:00Z,1900-01-01T19:00:00Z,2027-01-19T19:00:00Z,2027-01-19T05:00:00Z,1900-01-01T00:00:00Z,2027-01-20T00:00:00Z,2027-01-19T16:00:00Z,2027-01-19T19:00:00Z,Tue,1,14,Week 14,false,,,,,Kia Center,FL,Orlando,N,,,False,1610612753,Magic,Orlando,ORL,magic,0,0,0,0,1610612744,Warriors,Golden State,GSW,warriors,0,0,0,0,,,,,,,,,,,,,,,,,,,,,,,,,,,,,,,,,,natl,radio,1001098,SiriusXM,SiriusXM,,,https://www.siriusxm.com/sports/nba,-1,,,,,,,,,,,,,,,,,,,,,,,,,,,,,,,,,,,,,,,,,,,,,,,away,tv,1097.0,NBCSBA,NBCSBA,,,,1610612744.0,,,,,,,,,,,,,
00,2026-27,01/19/2027 00:00:00,0022600618,20270119/INDPHI,1,7:00 pm ET,2,2027-01-19T00:00:00Z,1900-01-01T19:00:00Z,2027-01-19T19:00:00Z,2027-01-19T05:00:00Z,1900-01-01T00:00:00Z,2027-01-20T00:00:00Z,2027-01-19T19:00:00Z,2027-01-19T19:00:00Z,Tue,1,14,Week 14,false,,,,,Xfinity Mobile Arena,PA,Philadelphia,N,,,False,1610612755,76ers,Philadelphia,PHI,sixers,0,0,0,0,1610612754,Pacers,Indiana,IND,pacers,0,0,0,0,,,,,,,,,,,,,,,,,,,,,,,,,,,,,,,,,,natl,radio,1001098,SiriusXM,SiriusXM,,,https://www.siriusxm.com/sports/nba,-1,,,,,,,,,,,,,,,,,,,,,,,,,,,,,,,,,,,,,,,,,,,,,,,,,,,,,,,,,,,,,,,,,,,,
00,2026-27,01/19/2027 00:00:00,0022600619,20270119/CHITOR,1,7:00 pm ET,3,2027-01-19T00:00:00Z,1900-01-01T19:00:00Z,2027-01-19T19:00:00Z,2027-01-19T05:00:00Z,1900-01-01T00:00:00Z,2027-01-20T00:00:00Z,2027-01-19T18:00:00Z,2027-01-19T19:00:00Z,Tue,1,14,Week 14,false,,,,,Scotiabank Arena,ON,Toronto,N,,,False,1610612761,Raptors,Toronto,TOR,raptors,0,0,0,0,1610612741,Bulls,Chicago,CHI,bulls,0,0,0,0,,,,,,,,,,,,,,,,,,,,,,,,,,,,,,,,,,natl,radio,1001098,SiriusXM,SiriusXM,,,https://www.siriusxm.com/sports/nba,-1,,,,,,,,,,,,,,,,,,,,,,,,,,,,,,,,,,,,,,,,,,,,,,,,,,,,,,,,,,,,,,,,,,,,
00,2026-27,01/19/2027 00:00:00,0022600620,20270119/PORMIA,1,7:30 pm ET,4,2027-01-19T00:00:00Z,1900-01-01T19:30:00Z,2027-01-19T19:30:00Z,2027-01-19T05:00:00Z,1900-01-01T00:30:00Z,2027-01-20T00:30:00Z,2027-01-19T16:30:00Z,2027-01-19T19:30:00Z,Tue,1,14,Week 14,false,,,,,Kaseya Center,FL,Miami,N,,,False,1610612748,Heat,Miami,MIA,heat,0,0,0,0,1610612757,Trail Blazers,Portland,POR,blazers,0,0,0,0,,,,,,,,,,,,,,,,,,,,,,,,,,,,,,,,,,natl,radio,1001098,SiriusXM,SiriusXM,,,https://www.siriusxm.com/sports/nba,-1,,,,,,,,,,,,,,home,tv,1001720.0,WPLG Local 10,WPLG,,,https://local10plusplatinum.maz.tv/open?deeplink=local10platinum://item/3776211-3882966?item=44d4cc7fbb9f4bd72cf272489b39eadf-3742525-3848761,1610612748.0,,,,,,,,,,,,,,home,radio,1001523.0,FM 104.3 WQAM / S: WAQI 710,WQAM-FM/WAQI,,,,1610612748.0,,,away,tv,1001196.0,KUNP,KUNP,,,,1610612757.0,,,away,radio,1472.0,Rip City Radio 620,KPOJ,,,,1610612757.0,,
00,2026-27,01/19/2027 00:00:00,0022600621,20270119/CHADAL,1,8:00 pm ET,5,2027-01-19T00:00:00Z,1900-01-01T20:00:00Z,2027-01-19T20:00:00Z,2027-01-19T05:00:00Z,1900-01-01T01:00:00Z,2027-01-20T01:00:00Z,2027-01-19T20:00:00Z,2027-01-19T19:00:00Z,Tue,1,14,Week 14,false,,,,,American Airlines Center,TX,Dallas,N,,,False,1610612742,Mavericks,Dallas,DAL,mavericks,0,0,0,0,1610612766,Hornets,Charlotte,CHA,hornets,0,0,0,0,natl,tv,1001452.0,NBC,NBC,,,,-1.0,5.0,East,natl,tv,1001453.0,Peacock,Peacock,,,https://www.peacocktv.com/sports/nba?cid=2508sptnbaexterndinapplk26427&utm_campaign=2508sptnba&utm_source=nba_nba_nba&utm_medium=ernd_inapplk_acq_inapbnr&utm_term=nbafans&utm_content=nbaapplinks,-1.0,3.0,,,,,,,,,,,,,natl,radio,1001098,SiriusXM,SiriusXM,,,https://www.siriusxm.com/sports/nba,-1,,,,,,,,,,,,,,,,,,,,,,,,,,,,,,,,,,,,,,,,,,,,,,,,,,,,,,,,,,,,,,,,,,,,
00,2026-27,01/19/2027 00:00:00,0022600622,20270119/UTADEN,1,10:00 pm ET,6,2027-01-19T00:00:00Z,1900-01-01T22:00:00Z,2027-01-19T22:00:00Z,2027-01-19T05:00:00Z,1900-01-01T03:00:00Z,2027-01-20T03:00:00Z,2027-01-19T20:00:00Z,2027-01-19T20:00:00Z,Tue,1,14,Week 14,false,,,,,Ball Arena,CO,Denver,N,,,False,1610612743,Nuggets,Denver,DEN,nuggets,0,0,0,0,1610612762,Jazz,Utah,UTA,jazz,0,0,0,0,natl,tv,1001452.0,NBC,NBC,,,,-1.0,5.0,West,natl,tv,1001453.0,Peacock,Peacock,,,https://www.peacocktv.com/sports/nba?cid=2508sptnbaexterndinapplk26427&utm_campaign=2508sptnba&utm_source=nba_nba_nba&utm_medium=ernd_inapplk_acq_inapbnr&utm_term=nbafans&utm_content=nbaapplinks,-1.0,3.0,,,,,,,,,,,,,natl,radio,1001098,SiriusXM,SiriusXM,,,https://www.siriusxm.com/sports/nba,-1,,,,,,,,,,,,,,,,,,,,,,,,,,,,,,,,,,,,,,,,,,,,,,,,,,,,,,,,,,,,,,,,,,,,
00,2026-27,01/19/2027 00:00:00,0022600623,20270119/LALSAC,1,10:00 pm ET,7,2027-01-19T00:00:00Z,1900-01-01T22:00:00Z,2027-01-19T22:00:00Z,2027-01-19T05:00:00Z,1900-01-01T03:00:00Z,2027-01-20T03:00:00Z,2027-01-19T19:00:00Z,2027-01-19T19:00:00Z,Tue,1,14,Week 14,false,,,,,Golden 1 Center,CA,Sacramento,N,,,False,1610612758,Kings,Sacramento,SAC,kings,0,0,0,0,1610612747,Lakers,Los Angeles,LAL,lakers,0,0,0,0,,,,,,,,,,,,,,,,,,,,,,,,,,,,,,,,,,natl,radio,1001098,SiriusXM,SiriusXM,,,https://www.siriusxm.com/sports/nba,-1,,,,,,,,,,,,,,home,tv,1027.0,NBCSCA,NBCSCA,,,,1610612758.0,,,,,,,,,,,,,,,,,,,,,,,,,away,tv,1651.0,Spectrum SportsNet,SPECSN,,,,1610612747.0,,,away,radio,1001605.0,ESPN LA 710/980 KFWB,KSPN/KFWB,,,,1610612747.0,,
00,2026-27,01/20/2027 00:00:00,0022600624,20270120/PORATL,1,7:00 pm ET,1,2027-01-20T00:00:00Z,1900-01-01T19:00:00Z,2027-01-20T19:00:00Z,2027-01-20T05:00:00Z,1900-01-01T00:00:00Z,2027-01-21T00:00:00Z,2027-01-20T16:00:00Z,2027-01-20T19:00:00Z,Wed,1,14,Week 14,false,,,,,State Farm Arena,GA,Atlanta,N,,,False,1610612737,Hawks,Atlanta,ATL,hawks,0,0,0,0,1610612757,Trail Blazers,Portland,POR,blazers,0,0,0,0,,,,,,,,,,,,,,,,,,,,,,,,,,,,,,,,,,natl,radio,1001098,SiriusXM,SiriusXM,,,https://www.siriusxm.com/sports/nba,-1,,,,,,,,,,,,,,,,,,,,,,,,,,,,,,,,,,,,,,,,,,,,,,,away,tv,1001196.0,KUNP,KUNP,,,,1610612757.0,,,away,radio,1472.0,Rip City Radio 620,KPOJ,,,,1610612757.0,,
00,2026-27,01/20/2027 00:00:00,0022600625,20270120/CHIBKN,1,7:00 pm ET,2,2027-01-20T00:00:00Z,1900-01-01T19:00:00Z,2027-01-20T19:00:00Z,2027-01-20T05:00:00Z,1900-01-01T00:00:00Z,2027-01-21T00:00:00Z,2027-01-20T18:00:00Z,2027-01-20T19:00:00Z,Wed,1,14,Week 14,false,,,,,Barclays Center,NY,Brooklyn,N,,,False,1610612751,Nets,Brooklyn,BKN,nets,0,0,0,0,1610612741,Bulls,Chicago,CHI,bulls,0,0,0,0,natl,tv,2.0,ESPN,ESPN,,,https://www.espn.com/watch/catalog/7b3729c9-7f69-308a-bf8a-ee15a6aba154/nba#bucketId=29446&sourceCollection=Featured_Sports_,-1.0,2.0,,,,,,,,,,,,,,,,,,,,,,,,natl,radio,1001098,SiriusXM,SiriusXM,,,https://www.siriusxm.com/sports/nba,-1,,,,,,,,,,,,,,home,tv,175.0,DAZN (YES),YES,,,,1610612751.0,,,,,,,,,,,,,,,,,,,,,,,,,,,,,,,,,,,,,,,,,,,,,,
00,2026-27,01/20/2027 00:00:00,0022600626,20270120/INDBOS,1,7:30 pm ET,3,2027-01-20T00:00:00Z,1900-01-01T19:30:00Z,2027-01-20T19:30:00Z,2027-01-20T05:00:00Z,1900-01-01T00:30:00Z,2027-01-21T00:30:00Z,2027-01-20T19:30:00Z,2027-01-20T19:30:00Z,Wed,1,14,Week 14,false,,,,,TD Garden,MA,Boston,N,,,False,1610612738,Celtics,Boston,BOS,celtics,0,0,0,0,1610612754,Pacers,Indiana,IND,pacers,0,0,0,0,,,,,,,,,,,,,,,,,,,,,,,,,,,,,,,,,,natl,radio,1001098,SiriusXM,SiriusXM,,,https://www.siriusxm.com/sports/nba,-1,,,,,,,,,,,,,,home,tv,1658.0,NBC SPORTS BOSTON,NBCSB,,,,1610612738.0,,,,,,,,,,,,,,,,,,,,,,,,,,,,,,,,,,,,,,,,,,,,,,
00,2026-27,01/20/2027 00:00:00,0022600627,20270120/TORNYK,1,7:30 pm ET,4,2027-01-20T00:00:00Z,1900-01-01T19:30:00Z,2027-01-20T19:30:00Z,2027-01-20T05:00:00Z,1900-01-01T00:30:00Z,2027-01-21T00:30:00Z,2027-01-20T19:30:00Z,2027-01-20T19:30:00Z,Wed,1,14,Week 14,false,,,,,Madison Square Garden,NY,New York,N,,,False,1610612752,Knicks,New York,NYK,knicks,0,0,0,0,1610612761,Raptors,Toronto,TOR,raptors,0,0,0,0,,,,,,,,,,,,,,,,,,,,,,,,,,,,,,,,,,natl,radio,1001098,SiriusXM,SiriusXM,,,https://www.siriusxm.com/sports/nba,-1,,,,,,,,,,,,,,,,,,,,,,,,,,,,,,,,,,,,,,,,,,,,,,,,,,,,,,,,,,,,,,,,,,,,
00,2026-27,01/20/2027 00:00:00,0022600628,20270120/HOUMIN,1,8:00 pm ET,5,2027-01-20T00:00:00Z,1900-01-01T20:00:00Z,2027-01-20T20:00:00Z,2027-01-20T05:00:00Z,1900-01-01T01:00:00Z,2027-01-21T01:00:00Z,2027-01-20T19:00:00Z,2027-01-20T19:00:00Z,Wed,1,14,Week 14,false,,,,,Target Center,MN,Minneapolis,N,,,False,1610612750,Timberwolves,Minnesota,MIN,timberwolves,0,0,0,0,1610612745,Rockets,Houston,HOU,rockets,0,0,0,0,,,,,,,,,,,,,,,,,,,,,,,,,,,,,,,,,,natl,radio,1001098,SiriusXM,SiriusXM,,,https://www.siriusxm.com/sports/nba,-1,,,,,,,,,,,,,,,,,,,,,,,,,,,,,,,,,,,,,,,,,,,,,,,,,,,,,,,,,,,,,,,,,,,,
00,2026-27,01/20/2027 00:00:00,0022600629,20270120/OKCNOP,1,8:00 pm ET,6,2027-01-20T00:00:00Z,1900-01-01T20:00:00Z,2027-01-20T20:00:00Z,2027-01-20T05:00:00Z,1900-01-01T01:00:00Z,2027-01-21T01:00:00Z,2027-01-20T19:00:00Z,2027-01-20T19:00:00Z,Wed,1,14,Week 14,false,,,,,Smoothie King Center,LA,New Orleans,N,,,False,1610612740,Pelicans,New Orleans,NOP,pelicans,0,0,0,0,1610612760,Thunder,Oklahoma City,OKC,thunder,0,0,0,0,,,,,,,,,,,,,,,,,,,,,,,,,,,,,,,,,,natl,radio,1001098,SiriusXM,SiriusXM,,,https://www.siriusxm.com/sports/nba,-1,,,,,,,,,,,,,,,,,,,,,,,,,,,,,,,,,,,,,,,,,,,,,,,,,,,,,,,,,,,,,,,,,,,,
00,2026-27,01/20/2027 00:00:00,0022600630,20270120/MEMPHX,1,9:00 pm ET,7,2027-01-20T00:00:00Z,1900-01-01T21:00:00Z,2027-01-20T21:00:00Z,2027-01-20T05:00:00Z,1900-01-01T02:00:00Z,2027-01-21T02:00:00Z,2027-01-20T20:00:00Z,2027-01-20T19:00:00Z,Wed,1,14,Week 14,false,,,,,Mortgage Matchup Center,AZ,Phoenix,N,,,False,1610612756,Suns,Phoenix,PHX,suns,0,0,0,0,1610612763,Grizzlies,Memphis,MEM,grizzlies,0,0,0,0,,,,,,,,,,,,,,,,,,,,,,,,,,,,,,,,,,natl,radio,1001098,SiriusXM,SiriusXM,,,https://www.siriusxm.com/sports/nba,-1,,,,,,,,,,,,,,,,,,,,,,,,,,,,,,,,,,,,,,,,,,,,,,,,,,,,,,,,,,,,,,,,,,,,
00,2026-27,01/20/2027 00:00:00,0022600631,20270120/LACUTA,1,9:00 pm ET,8,2027-01-20T00:00:00Z,1900-01-01T21:00:00Z,2027-01-20T21:00:00Z,2027-01-20T05:00:00Z,1900-01-01T02:00:00Z,2027-01-21T02:00:00Z,2027-01-20T18:00:00Z,2027-01-20T19:00:00Z,Wed,1,14,Week 14,false,,,,,Delta Center,UT,Salt Lake City,N,,,False,1610612762,Jazz,Utah,UTA,jazz,0,0,0,0,1610612746,Clippers,LA,LAC,clippers,0,0,0,0,,,,,,,,,,,,,,,,,,,,,,,,,,,,,,,,,,natl,radio,1001098,SiriusXM,SiriusXM,,,https://www.siriusxm.com/sports/nba,-1,,,,,,,,,,,,,,,,,,,,,,,,,,,,,,,,,,,,,,,,,,,,,,,,,,,,,,,,,,,,,,,,,,,,
00,2026-27,01/20/2027 00:00:00,0022600632,20270120/MIASAS,1,9:30 pm ET,9,2027-01-20T00:00:00Z,1900-01-01T21:30:00Z,2027-01-20T21:30:00Z,2027-01-20T05:00:00Z,1900-01-01T02:30:00Z,2027-01-21T02:30:00Z,2027-01-20T21:30:00Z,2027-01-20T20:30:00Z,Wed,1,14,Week 14,false,,,,,Frost Bank Center,TX,San Antonio,N,,,False,1610612759,Spurs,San Antonio,SAS,spurs,0,0,0,0,1610612748,Heat,Miami,MIA,heat,0,0,0,0,natl,tv,2.0,ESPN,ESPN,,,https://www.espn.com/watch/catalog/7b3729c9-7f69-308a-bf8a-ee15a6aba154/nba#bucketId=29446&sourceCollection=Featured_Sports_,-1.0,2.0,,,,,,,,,,,,,,,,,,,,,,,,natl,radio,1001098,SiriusXM,SiriusXM,,,https://www.siriusxm.com/sports/nba,-1,,,,,,,,,,,,,,,,,,,,,,,,,,,,,,,,,,,,,,,,,,,,,,,away,tv,1001720.0,WPLG Local 10,WPLG,,,https://local10plusplatinum.maz.tv/open?deeplink=local10platinum://item/3776211-3882966?item=44d4cc7fbb9f4bd72cf272489b39eadf-3742525-3848761,1610612748.0,,,away,radio,1001523.0,FM 104.3 WQAM / S: WAQI 710,WQAM-FM/WAQI,,,,1610612748.0,,
00,2026-27,01/20/2027 00:00:00,0022600633,20270120/MILSAC,1,10:00 pm ET,10,2027-01-20T00:00:00Z,1900-01-01T22:00:00Z,2027-01-20T22:00:00Z,2027-01-20T05:00:00Z,1900-01-01T03:00:00Z,2027-01-21T03:00:00Z,2027-01-20T21:00:00Z,2027-01-20T19:00:00Z,Wed,1,14,Week 14,false,,,,,Golden 1 Center,CA,Sacramento,N,,,False,1610612758,Kings,Sacramento,SAC,kings,0,0,0,0,1610612749,Bucks,Milwaukee,MIL,bucks,0,0,0,0,,,,,,,,,,,,,,,,,,,,,,,,,,,,,,,,,,natl,radio,1001098,SiriusXM,SiriusXM,,,https://www.siriusxm.com/sports/nba,-1,,,,,,,,,,,,,,home,tv,1027.0,NBCSCA,NBCSCA,,,,1610612758.0,,,,,,,,,,,,,,,,,,,,,,,,,,,,,,,,,,,,,,,,,,,,,,
00,2026-27,01/21/2027 00:00:00,0022600634,20270121/PHIBOS,1,7:30 pm ET,1,2027-01-21T00:00:00Z,1900-01-01T19:30:00Z,2027-01-21T19:30:00Z,2027-01-21T05:00:00Z,1900-01-01T00:30:00Z,2027-01-22T00:30:00Z,2027-01-21T19:30:00Z,2027-01-21T19:30:00Z,Thu,1,14,Week 14,false,,,,,TD Garden,MA,Boston,N,,,False,1610612738,Celtics,Boston,BOS,celtics,0,0,0,0,1610612755,76ers,Philadelphia,PHI,sixers,0,0,0,0,natl,tv,1000664.0,Prime Video,Amazon,,,https://www.amazon.com/gp/video/tournament/amzn1.dv.icid.cf75b42a-68cd-4a1c-993a-a0b3f0575c5f?jic=20%7CCgZTcG9ydHMSA2FsbA%3D%3D&ref_=atv_hm_spo_c_7a7vxF_4_6,-1.0,4.0,,,,,,,,,,,,,,,,,,,,,,,,natl,radio,3,ESPN Radio,ESPNR,,,,-1,,,natl,radio,1001098.0,SiriusXM,SiriusXM,,,https://www.siriusxm.com/sports/nba,-1.0,,,,,,,,,,,,,,,,,,,,,,,,,,,,,,,,,,,,,,,,,,,,,,,,,,,,,,,,,
00,2026-27,01/21/2027 00:00:00,0022600635,20270121/CLEBKN,1,7:30 pm ET,2,2027-01-21T00:00:00Z,1900-01-01T19:30:00Z,2027-01-21T19:30:00Z,2027-01-21T05:00:00Z,1900-01-01T00:30:00Z,2027-01-22T00:30:00Z,2027-01-21T19:30:00Z,2027-01-21T19:30:00Z,Thu,1,14,Week 14,false,,,,,Barclays Center,NY,Brooklyn,N,,,False,1610612751,Nets,Brooklyn,BKN,nets,0,0,0,0,1610612739,Cavaliers,Cleveland,CLE,cavaliers,0,0,0,0,,,,,,,,,,,,,,,,,,,,,,,,,,,,,,,,,,natl,radio,1001098,SiriusXM,SiriusXM,,,https://www.siriusxm.com/sports/nba,-1,,,,,,,,,,,,,,home,tv,175.0,DAZN (YES),YES,,,,1610612751.0,,,,,,,,,,,,,,,,,,,,,,,,,,,,,,,,,,,,,,,,,,,,,,
00,2026-27,01/21/2027 00:00:00,0022600636,20270121/WASDEN,1,9:00 pm ET,3,2027-01-21T00:00:00Z,1900-01-01T21:00:00Z,2027-01-21T21:00:00Z,2027-01-21T05:00:00Z,1900-01-01T02:00:00Z,2027-01-22T02:00:00Z,2027-01-21T21:00:00Z,2027-01-21T19:00:00Z,Thu,1,14,Week 14,false,,,,,Ball Arena,CO,Denver,N,,,False,1610612743,Nuggets,Denver,DEN,nuggets,0,0,0,0,1610612764,Wizards,Washington,WAS,wizards,0,0,0,0,,,,,,,,,,,,,,,,,,,,,,,,,,,,,,,,,,natl,radio,1001098,SiriusXM,SiriusXM,,,https://www.siriusxm.com/sports/nba,-1,,,,,,,,,,,,,,,,,,,,,,,,,,,,,,,,,,,,,,,,,,,,,,,,,,,,,,,,,,,,,,,,,,,,
00,2026-27,01/21/2027 00:00:00,0022600637,20270121/LALGSW,1,10:00 pm ET,4,2027-01-21T00:00:00Z,1900-01-01T22:00:00Z,2027-01-21T22:00:00Z,2027-01-21T05:00:00Z,1900-01-01T03:00:00Z,2027-01-22T03:00:00Z,2027-01-21T19:00:00Z,2027-01-21T19:00:00Z,Thu,1,14,Week 14,false,,,,,Chase Center,CA,San Francisco,N,,,False,1610612744,Warriors,Golden State,GSW,warriors,0,0,0,0,1610612747,Lakers,Los Angeles,LAL,lakers,0,0,0,0,natl,tv,1000664.0,Prime Video,Amazon,,,https://www.amazon.com/gp/video/tournament/amzn1.dv.icid.cf75b42a-68cd-4a1c-993a-a0b3f0575c5f?jic=20%7CCgZTcG9ydHMSA2FsbA%3D%3D&ref_=atv_hm_spo_c_7a7vxF_4_6,-1.0,4.0,,,,,,,,,,,,,,,,,,,,,,,,natl,radio,1001098,SiriusXM,SiriusXM,,,https://www.siriusxm.com/sports/nba,-1,,,,,,,,,,,,,,,,,,,,,,,,,,,,,,,,,,,,,,,,,,,,,,,,,,,,,,,,,,away,radio,1001605.0,ESPN LA 710/980 KFWB,KSPN/KFWB,,,,1610612747.0,,
00,2026-27,01/22/2027 00:00:00,0022600638,20270122/NYKATL,1,7:00 pm ET,1,2027-01-22T00:00:00Z,1900-01-01T19:00:00Z,2027-01-22T19:00:00Z,2027-01-22T05:00:00Z,1900-01-01T00:00:00Z,2027-01-23T00:00:00Z,2027-01-22T19:00:00Z,2027-01-22T19:00:00Z,Fri,1,14,Week 14,false,,,,,State Farm Arena,GA,Atlanta,N,,,False,1610612737,Hawks,Atlanta,ATL,hawks,0,0,0,0,1610612752,Knicks,New York,NYK,knicks,0,0,0,0,natl,tv,2.0,ESPN,ESPN,,,https://www.espn.com/watch/catalog/7b3729c9-7f69-308a-bf8a-ee15a6aba154/nba#bucketId=29446&sourceCollection=Featured_Sports_,-1.0,2.0,,,,,,,,,,,,,,,,,,,,,,,,natl,radio,1001098,SiriusXM,SiriusXM,,,https://www.siriusxm.com/sports/nba,-1,,,,,,,,,,,,,,,,,,,,,,,,,,,,,,,,,,,,,,,,,,,,,,,,,,,,,,,,,,,,,,,,,,,,
00,2026-27,01/22/2027 00:00:00,0022600639,20270122/HOUCHA,1,7:00 pm ET,2,2027-01-22T00:00:00Z,1900-01-01T19:00:00Z,2027-01-22T19:00:00Z,2027-01-22T05:00:00Z,1900-01-01T00:00:00Z,2027-01-23T00:00:00Z,2027-01-22T18:00:00Z,2027-01-22T19:00:00Z,Fri,1,14,Week 14,false,,,,,Spectrum Center,NC,Charlotte,N,,,False,1610612766,Hornets,Charlotte,CHA,hornets,0,0,0,0,1610612745,Rockets,Houston,HOU,rockets,0,0,0,0,,,,,,,,,,,,,,,,,,,,,,,,,,,,,,,,,,natl,radio,1001098,SiriusXM,SiriusXM,,,https://www.siriusxm.com/sports/nba,-1,,,,,,,,,,,,,,,,,,,,,,,,,,,,,,,,,,,,,,,,,,,,,,,,,,,,,,,,,,,,,,,,,,,,
00,2026-27,01/22/2027 00:00:00,0022600640,20270122/PORORL,1,7:00 pm ET,3,2027-01-22T00:00:00Z,1900-01-01T19:00:00Z,2027-01-22T19:00:00Z,2027-01-22T05:00:00Z,1900-01-01T00:00:00Z,2027-01-23T00:00:00Z,2027-01-22T16:00:00Z,2027-01-22T19:00:00Z,Fri,1,14,Week 14,false,,,,,Kia Center,FL,Orlando,N,,,False,1610612753,Magic,Orlando,ORL,magic,0,0,0,0,1610612757,Trail Blazers,Portland,POR,blazers,0,0,0,0,,,,,,,,,,,,,,,,,,,,,,,,,,,,,,,,,,natl,radio,1001098,SiriusXM,SiriusXM,,,https://www.siriusxm.com/sports/nba,-1,,,,,,,,,,,,,,,,,,,,,,,,,,,,,,,,,,,,,,,,,,,,,,,away,tv,1001196.0,KUNP,KUNP,,,,1610612757.0,,,away,radio,1472.0,Rip City Radio 620,KPOJ,,,,1610612757.0,,
00,2026-27,01/22/2027 00:00:00,0022600641,20270122/INDDET,1,7:30 pm ET,4,2027-01-22T00:00:00Z,1900-01-01T19:30:00Z,2027-01-22T19:30:00Z,2027-01-22T05:00:00Z,1900-01-01T00:30:00Z,2027-01-23T00:30:00Z,2027-01-22T19:30:00Z,2027-01-22T19:30:00Z,Fri,1,14,Week 14,false,,,,,Little Caesars Arena,MI,Detroit,N,,,False,1610612765,Pistons,Detroit,DET,pistons,0,0,0,0,1610612754,Pacers,Indiana,IND,pacers,0,0,0,0,,,,,,,,,,,,,,,,,,,,,,,,,,,,,,,,,,natl,radio,1001098,SiriusXM,SiriusXM,,,https://www.siriusxm.com/sports/nba,-1,,,,,,,,,,,,,,,,,,,,,,,,,,,,,,,,,,,,,,,,,,,,,,,,,,,,,,,,,,,,,,,,,,,,
00,2026-27,01/22/2027 00:00:00,0022600642,20270122/DALNOP,1,8:00 pm ET,5,2027-01-22T00:00:00Z,1900-01-01T20:00:00Z,2027-01-22T20:00:00Z,2027-01-22T05:00:00Z,1900-01-01T01:00:00Z,2027-01-23T01:00:00Z,2027-01-22T19:00:00Z,2027-01-22T19:00:00Z,Fri,1,14,Week 14,false,,,,,Smoothie King Center,LA,New Orleans,N,,,False,1610612740,Pelicans,New Orleans,NOP,pelicans,0,0,0,0,1610612742,Mavericks,Dallas,DAL,mavericks,0,0,0,0,,,,,,,,,,,,,,,,,,,,,,,,,,,,,,,,,,natl,radio,1001098,SiriusXM,SiriusXM,,,https://www.siriusxm.com/sports/nba,-1,,,,,,,,,,,,,,,,,,,,,,,,,,,,,,,,,,,,,,,,,,,,,,,,,,,,,,,,,,,,,,,,,,,,
00,2026-27,01/22/2027 00:00:00,0022600643,20270122/MEMOKC,1,8:00 pm ET,6,2027-01-22T00:00:00Z,1900-01-01T20:00:00Z,2027-01-22T20:00:00Z,2027-01-22T05:00:00Z,1900-01-01T01:00:00Z,2027-01-23T01:00:00Z,2027-01-22T19:00:00Z,2027-01-22T19:00:00Z,Fri,1,14,Week 14,false,,,,,Paycom Center,OK,Oklahoma City,N,,,False,1610612760,Thunder,Oklahoma City,OKC,thunder,0,0,0,0,1610612763,Grizzlies,Memphis,MEM,grizzlies,0,0,0,0,,,,,,,,,,,,,,,,,,,,,,,,,,,,,,,,,,natl,radio,1001098,SiriusXM,SiriusXM,,,https://www.siriusxm.com/sports/nba,-1,,,,,,,,,,,,,,,,,,,,,,,,,,,,,,,,,,,,,,,,,,,,,,,,,,,,,,,,,,,,,,,,,,,,
00,2026-27,01/22/2027 00:00:00,0022600644,20270122/UTAPHX,1,9:00 pm ET,7,2027-01-22T00:00:00Z,1900-01-01T21:00:00Z,2027-01-22T21:00:00Z,2027-01-22T05:00:00Z,1900-01-01T02:00:00Z,2027-01-23T02:00:00Z,2027-01-22T19:00:00Z,2027-01-22T19:00:00Z,Fri,1,14,Week 14,false,,,,,Mortgage Matchup Center,AZ,Phoenix,N,,,False,1610612756,Suns,Phoenix,PHX,suns,0,0,0,0,1610612762,Jazz,Utah,UTA,jazz,0,0,0,0,,,,,,,,,,,,,,,,,,,,,,,,,,,,,,,,,,natl,radio,1001098,SiriusXM,SiriusXM,,,https://www.siriusxm.com/sports/nba,-1,,,,,,,,,,,,,,,,,,,,,,,,,,,,,,,,,,,,,,,,,,,,,,,,,,,,,,,,,,,,,,,,,,,,
00,2026-27,01/22/2027 00:00:00,0022600645,20270122/MINSAS,1,9:30 pm ET,8,2027-01-22T00:00:00Z,1900-01-01T21:30:00Z,2027-01-22T21:30:00Z,2027-01-22T05:00:00Z,1900-01-01T02:30:00Z,2027-01-23T02:30:00Z,2027-01-22T20:30:00Z,2027-01-22T20:30:00Z,Fri,1,14,Week 14,false,,,,,Frost Bank Center,TX,San Antonio,N,,,False,1610612759,Spurs,San Antonio,SAS,spurs,0,0,0,0,1610612750,Timberwolves,Minnesota,MIN,timberwolves,0,0,0,0,natl,tv,2.0,ESPN,ESPN,,,https://www.espn.com/watch/catalog/7b3729c9-7f69-308a-bf8a-ee15a6aba154/nba#bucketId=29446&sourceCollection=Featured_Sports_,-1.0,2.0,,,,,,,,,,,,,,,,,,,,,,,,natl,radio,1001098,SiriusXM,SiriusXM,,,https://www.siriusxm.com/sports/nba,-1,,,,,,,,,,,,,,,,,,,,,,,,,,,,,,,,,,,,,,,,,,,,,,,,,,,,,,,,,,,,,,,,,,,,
00,2026-27,01/22/2027 00:00:00,0022600646,20270122/MILGSW,1,10:00 pm ET,9,2027-01-22T00:00:00Z,1900-01-01T22:00:00Z,2027-01-22T22:00:00Z,2027-01-22T05:00:00Z,1900-01-01T03:00:00Z,2027-01-23T03:00:00Z,2027-01-22T21:00:00Z,2027-01-22T19:00:00Z,Fri,1,14,Week 14,false,,,,,Chase Center,CA,San Francisco,N,,,False,1610612744,Warriors,Golden State,GSW,warriors,0,0,0,0,1610612749,Bucks,Milwaukee,MIL,bucks,0,0,0,0,,,,,,,,,,,,,,,,,,,,,,,,,,,,,,,,,,natl,radio,1001098,SiriusXM,SiriusXM,,,https://www.siriusxm.com/sports/nba,-1,,,,,,,,,,,,,,home,tv,1097.0,NBCSBA,NBCSBA,,,,1610612744.0,,,,,,,,,,,,,,,,,,,,,,,,,,,,,,,,,,,,,,,,,,,,,,
00,2026-27,01/22/2027 00:00:00,0022600647,20270122/SACLAL,1,10:00 pm ET,10,2027-01-22T00:00:00Z,1900-01-01T22:00:00Z,2027-01-22T22:00:00Z,2027-01-22T05:00:00Z,1900-01-01T03:00:00Z,2027-01-23T03:00:00Z,2027-01-22T19:00:00Z,2027-01-22T19:00:00Z,Fri,1,14,Week 14,false,,,,,Crypto.com Arena,CA,Los Angeles,N,,,False,1610612747,Lakers,Los Angeles,LAL,lakers,0,0,0,0,1610612758,Kings,Sacramento,SAC,kings,0,0,0,0,,,,,,,,,,,,,,,,,,,,,,,,,,,,,,,,,,natl,radio,1001098,SiriusXM,SiriusXM,,,https://www.siriusxm.com/sports/nba,-1,,,,,,,,,,,,,,home,tv,1651.0,Spectrum SportsNet,SPECSN,,,,1610612747.0,,,,,,,,,,,,,,home,radio,1001605.0,ESPN LA 710/980 KFWB,KSPN/KFWB,,,,1610612747.0,,,away,tv,1027.0,NBCSCA,NBCSCA,,,,1610612758.0,,,,,,,,,,,,,
00,2026-27,01/22/2027 00:00:00,0022600648,20270122/WASLAC,1,10:30 pm ET,11,2027-01-22T00:00:00Z,1900-01-01T22:30:00Z,2027-01-22T22:30:00Z,2027-01-22T05:00:00Z,1900-01-01T03:30:00Z,2027-01-23T03:30:00Z,2027-01-22T22:30:00Z,2027-01-22T19:30:00Z,Fri,1,14,Week 14,false,,,,,Intuit Dome,CA,Inglewood,N,,,False,1610612746,Clippers,LA,LAC,clippers,0,0,0,0,1610612764,Wizards,Washington,WAS,wizards,0,0,0,0,,,,,,,,,,,,,,,,,,,,,,,,,,,,,,,,,,natl,radio,1001098,SiriusXM,SiriusXM,,,https://www.siriusxm.com/sports/nba,-1,,,,,,,,,,,,,,,,,,,,,,,,,,,,,,,,,,,,,,,,,,,,,,,,,,,,,,,,,,,,,,,,,,,,
00,2026-27,01/23/2027 00:00:00,0022600649,20270123/PHICHI,1,5:00 pm ET,1,2027-01-23T00:00:00Z,1900-01-01T17:00:00Z,2027-01-23T17:00:00Z,2027-01-23T05:00:00Z,1900-01-01T22:00:00Z,2027-01-23T22:00:00Z,2027-01-23T17:00:00Z,2027-01-23T16:00:00Z,Sat,1,14,Week 14,false,,,,,United Center,IL,Chicago,N,,,False,1610612741,Bulls,Chicago,CHI,bulls,0,0,0,0,1610612755,76ers,Philadelphia,PHI,sixers,0,0,0,0,natl,tv,7.0,NBA TV,NBA TV,Watch with League Pass or your TV subscription,,,-1.0,,,,,,,,,,,,,,,,,,,,,,,,,natl,radio,1001098,SiriusXM,SiriusXM,,,https://www.siriusxm.com/sports/nba,-1,,,,,,,,,,,,,,,,,,,,,,,,,,,,,,,,,,,,,,,,,,,,,,,,,,,,,,,,,,,,,,,,,,,,
00,2026-27,01/23/2027 00:00:00,0022600650,20270123/TORBKN,1,6:00 pm ET,2,2027-01-23T00:00:00Z,1900-01-01T18:00:00Z,2027-01-23T18:00:00Z,2027-01-23T05:00:00Z,1900-01-01T23:00:00Z,2027-01-23T23:00:00Z,2027-01-23T18:00:00Z,2027-01-23T18:00:00Z,Sat,1,14,Week 14,false,,,,,Barclays Center,NY,Brooklyn,N,,,False,1610612751,Nets,Brooklyn,BKN,nets,0,0,0,0,1610612761,Raptors,Toronto,TOR,raptors,0,0,0,0,,,,,,,,,,,,,,,,,,,,,,,,,,,,,,,,,,natl,radio,1001098,SiriusXM,SiriusXM,,,https://www.siriusxm.com/sports/nba,-1,,,,,,,,,,,,,,home,tv,175.0,DAZN (YES),YES,,,,1610612751.0,,,,,,,,,,,,,,,,,,,,,,,,,,,,,,,,,,,,,,,,,,,,,,
00,2026-27,01/23/2027 00:00:00,0022600651,20270123/CHABOS,1,7:00 pm ET,3,2027-01-23T00:00:00Z,1900-01-01T19:00:00Z,2027-01-23T19:00:00Z,2027-01-23T05:00:00Z,1900-01-01T00:00:00Z,2027-01-24T00:00:00Z,2027-01-23T19:00:00Z,2027-01-23T19:00:00Z,Sat,1,14,Week 14,false,,,,,TD Garden,MA,Boston,N,,,False,1610612738,Celtics,Boston,BOS,celtics,0,0,0,0,1610612766,Hornets,Charlotte,CHA,hornets,0,0,0,0,,,,,,,,,,,,,,,,,,,,,,,,,,,,,,,,,,natl,radio,1001098,SiriusXM,SiriusXM,,,https://www.siriusxm.com/sports/nba,-1,,,,,,,,,,,,,,home,tv,1658.0,NBC SPORTS BOSTON,NBCSB,,,,1610612738.0,,,,,,,,,,,,,,,,,,,,,,,,,,,,,,,,,,,,,,,,,,,,,,
00,2026-27,01/23/2027 00:00:00,0022600652,20270123/ATLMIA,1,8:00 pm ET,4,2027-01-23T00:00:00Z,1900-01-01T20:00:00Z,2027-01-23T20:00:00Z,2027-01-23T05:00:00Z,1900-01-01T01:00:00Z,2027-01-24T01:00:00Z,2027-01-23T20:00:00Z,2027-01-23T20:00:00Z,Sat,1,14,Week 14,false,,,,,Kaseya Center,FL,Miami,N,,,False,1610612748,Heat,Miami,MIA,heat,0,0,0,0,1610612737,Hawks,Atlanta,ATL,hawks,0,0,0,0,,,,,,,,,,,,,,,,,,,,,,,,,,,,,,,,,,natl,radio,1001098,SiriusXM,SiriusXM,,,https://www.siriusxm.com/sports/nba,-1,,,,,,,,,,,,,,home,tv,1001720.0,WPLG Local 10,WPLG,,,https://local10plusplatinum.maz.tv/open?deeplink=local10platinum://item/3776211-3882966?item=44d4cc7fbb9f4bd72cf272489b39eadf-3742525-3848761,1610612748.0,,,,,,,,,,,,,,home,radio,1001523.0,FM 104.3 WQAM / S: WAQI 710,WQAM-FM/WAQI,,,,1610612748.0,,,,,,,,,,,,,,,,,,,,,,,,
00,2026-27,01/23/2027 00:00:00,0022600653,20270123/CLEDAL,1,8:00 pm ET,5,2027-01-23T00:00:00Z,1900-01-01T20:00:00Z,2027-01-23T20:00:00Z,2027-01-23T05:00:00Z,1900-01-01T01:00:00Z,2027-01-24T01:00:00Z,2027-01-23T20:00:00Z,2027-01-23T19:00:00Z,Sat,1,14,Week 14,false,,,,,American Airlines Center,TX,Dallas,N,,,False,1610612742,Mavericks,Dallas,DAL,mavericks,0,0,0,0,1610612739,Cavaliers,Cleveland,CLE,cavaliers,0,0,0,0,,,,,,,,,,,,,,,,,,,,,,,,,,,,,,,,,,natl,radio,1001098,SiriusXM,SiriusXM,,,https://www.siriusxm.com/sports/nba,-1,,,,,,,,,,,,,,,,,,,,,,,,,,,,,,,,,,,,,,,,,,,,,,,,,,,,,,,,,,,,,,,,,,,,
00,2026-27,01/23/2027 00:00:00,0022600654,20270123/MILDEN,1,9:00 pm ET,6,2027-01-23T00:00:00Z,1900-01-01T21:00:00Z,2027-01-23T21:00:00Z,2027-01-23T05:00:00Z,1900-01-01T02:00:00Z,2027-01-24T02:00:00Z,2027-01-23T20:00:00Z,2027-01-23T19:00:00Z,Sat,1,14,Week 14,false,,,,,Ball Arena,CO,Denver,N,,,False,1610612743,Nuggets,Denver,DEN,nuggets,0,0,0,0,1610612749,Bucks,Milwaukee,MIL,bucks,0,0,0,0,,,,,,,,,,,,,,,,,,,,,,,,,,,,,,,,,,natl,radio,1001098,SiriusXM,SiriusXM,,,https://www.siriusxm.com/sports/nba,-1,,,,,,,,,,,,,,,,,,,,,,,,,,,,,,,,,,,,,,,,,,,,,,,,,,,,,,,,,,,,,,,,,,,,
00,2026-27,01/24/2027 00:00:00,0022600655,20270124/PORSAS,1,3:30 pm ET,1,2027-01-24T00:00:00Z,1900-01-01T15:30:00Z,2027-01-24T15:30:00Z,2027-01-24T05:00:00Z,1900-01-01T20:30:00Z,2027-01-24T20:30:00Z,2027-01-24T12:30:00Z,2027-01-24T14:30:00Z,Sun,1,14,Week 14,false,,,,,Frost Bank Center,TX,San Antonio,N,,,False,1610612759,Spurs,San Antonio,SAS,spurs,0,0,0,0,1610612757,Trail Blazers,Portland,POR,blazers,0,0,0,0,,,,,,,,,,,,,,,,,,,,,,,,,,,,,,,,,,natl,radio,1001098,SiriusXM,SiriusXM,,,https://www.siriusxm.com/sports/nba,-1,,,,,,,,,,,,,,,,,,,,,,,,,,,,,,,,,,,,,,,,,,,,,,,away,tv,1001196.0,KUNP,KUNP,,,,1610612757.0,,,away,radio,1472.0,Rip City Radio 620,KPOJ,,,,1610612757.0,,
00,2026-27,01/24/2027 00:00:00,0022600656,20270124/UTAPHX,1,4:00 pm ET,2,2027-01-24T00:00:00Z,1900-01-01T16:00:00Z,2027-01-24T16:00:00Z,2027-01-24T05:00:00Z,1900-01-01T21:00:00Z,2027-01-24T21:00:00Z,2027-01-24T14:00:00Z,2027-01-24T14:00:00Z,Sun,1,14,Week 14,false,,,,,Mortgage Matchup Center,AZ,Phoenix,N,,,False,1610612756,Suns,Phoenix,PHX,suns,0,0,0,0,1610612762,Jazz,Utah,UTA,jazz,0,0,0,0,,,,,,,,,,,,,,,,,,,,,,,,,,,,,,,,,,natl,radio,1001098,SiriusXM,SiriusXM,,,https://www.siriusxm.com/sports/nba,-1,,,,,,,,,,,,,,,,,,,,,,,,,,,,,,,,,,,,,,,,,,,,,,,,,,,,,,,,,,,,,,,,,,,,
00,2026-27,01/24/2027 00:00:00,0022600657,20270124/WASLAL,1,4:00 pm ET,3,2027-01-24T00:00:00Z,1900-01-01T16:00:00Z,2027-01-24T16:00:00Z,2027-01-24T05:00:00Z,1900-01-01T21:00:00Z,2027-01-24T21:00:00Z,2027-01-24T16:00:00Z,2027-01-24T13:00:00Z,Sun,1,14,Week 14,false,,,,,Crypto.com Arena,CA,Los Angeles,N,,,False,1610612747,Lakers,Los Angeles,LAL,lakers,0,0,0,0,1610612764,Wizards,Washington,WAS,wizards,0,0,0,0,,,,,,,,,,,,,,,,,,,,,,,,,,,,,,,,,,natl,radio,1001098,SiriusXM,SiriusXM,,,https://www.siriusxm.com/sports/nba,-1,,,,,,,,,,,,,,home,tv,1651.0,Spectrum SportsNet,SPECSN,,,,1610612747.0,,,,,,,,,,,,,,home,radio,1001605.0,ESPN LA 710/980 KFWB,KSPN/KFWB,,,,1610612747.0,,,,,,,,,,,,,,,,,,,,,,,,
00,2026-27,01/24/2027 00:00:00,0022600658,20270124/MINDET,1,6:00 pm ET,4,2027-01-24T00:00:00Z,1900-01-01T18:00:00Z,2027-01-24T18:00:00Z,2027-01-24T05:00:00Z,1900-01-01T23:00:00Z,2027-01-24T23:00:00Z,2027-01-24T17:00:00Z,2027-01-24T18:00:00Z,Sun,1,14,Week 14,false,,,,,Little Caesars Arena,MI,Detroit,N,,,False,1610612765,Pistons,Detroit,DET,pistons,0,0,0,0,1610612750,Timberwolves,Minnesota,MIN,timberwolves,0,0,0,0,,,,,,,,,,,,,,,,,,,,,,,,,,,,,,,,,,natl,radio,1001098,SiriusXM,SiriusXM,,,https://www.siriusxm.com/sports/nba,-1,,,,,,,,,,,,,,,,,,,,,,,,,,,,,,,,,,,,,,,,,,,,,,,,,,,,,,,,,,,,,,,,,,,,
00,2026-27,01/24/2027 00:00:00,0022600659,20270124/HOUORL,1,6:00 pm ET,5,2027-01-24T00:00:00Z,1900-01-01T18:00:00Z,2027-01-24T18:00:00Z,2027-01-24T05:00:00Z,1900-01-01T23:00:00Z,2027-01-24T23:00:00Z,2027-01-24T17:00:00Z,2027-01-24T18:00:00Z,Sun,1,14,Week 14,false,,,,,Kia Center,FL,Orlando,N,,,False,1610612753,Magic,Orlando,ORL,magic,0,0,0,0,1610612745,Rockets,Houston,HOU,rockets,0,0,0,0,,,,,,,,,,,,,,,,,,,,,,,,,,,,,,,,,,natl,radio,1001098,SiriusXM,SiriusXM,,,https://www.siriusxm.com/sports/nba,-1,,,,,,,,,,,,,,,,,,,,,,,,,,,,,,,,,,,,,,,,,,,,,,,,,,,,,,,,,,,,,,,,,,,,
00,2026-27,01/24/2027 00:00:00,0022600660,20270124/LACNYK,1,7:00 pm ET,6,2027-01-24T00:00:00Z,1900-01-01T19:00:00Z,2027-01-24T19:00:00Z,2027-01-24T05:00:00Z,1900-01-01T00:00:00Z,2027-01-25T00:00:00Z,2027-01-24T16:00:00Z,2027-01-24T19:00:00Z,Sun,1,14,Week 14,false,,,,,Madison Square Garden,NY,New York,N,,,False,1610612752,Knicks,New York,NYK,knicks,0,0,0,0,1610612746,Clippers,LA,LAC,clippers,0,0,0,0,,,,,,,,,,,,,,,,,,,,,,,,,,,,,,,,,,natl,radio,1001098,SiriusXM,SiriusXM,,,https://www.siriusxm.com/sports/nba,-1,,,,,,,,,,,,,,,,,,,,,,,,,,,,,,,,,,,,,,,,,,,,,,,,,,,,,,,,,,,,,,,,,,,,
00,2026-27,01/24/2027 00:00:00,0022600661,20270124/OKCGSW,1,8:30 pm ET,7,2027-01-24T00:00:00Z,1900-01-01T20:30:00Z,2027-01-24T20:30:00Z,2027-01-24T05:00:00Z,1900-01-01T01:30:00Z,2027-01-25T01:30:00Z,2027-01-24T19:30:00Z,2027-01-24T17:30:00Z,Sun,1,14,Week 14,false,,,,,Chase Center,CA,San Francisco,N,,,False,1610612744,Warriors,Golden State,GSW,warriors,0,0,0,0,1610612760,Thunder,Oklahoma City,OKC,thunder,0,0,0,0,natl,tv,147.0,Telemundo,Telemundo,,,,-1.0,10.0,,natl,tv,1001452.0,NBC,NBC,,,,-1.0,5.0,National,natl,tv,1001453.0,Peacock,Peacock,,,https://www.peacocktv.com/sports/nba?cid=2508sptnbaexterndinapplk26427&utm_campaign=2508sptnba&utm_source=nba_nba_nba&utm_medium=ernd_inapplk_acq_inapbnr&utm_term=nbafans&utm_content=nbaapplinks,-1.0,3.0,,natl,radio,1001098,SiriusXM,SiriusXM,,,https://www.siriusxm.com/sports/nba,-1,,,,,,,,,,,,,,,,,,,,,,,,,,,,,,,,,,,,,,,,,,,,,,,,,,,,,,,,,,,,,,,,,,,,
00,2026-27,01/25/2027 00:00:00,0022600662,20270125/TORBOS,1,7:00 pm ET,1,2027-01-25T00:00:00Z,1900-01-01T19:00:00Z,2027-01-25T19:00:00Z,2027-01-25T05:00:00Z,1900-01-01T00:00:00Z,2027-01-26T00:00:00Z,2027-01-25T19:00:00Z,2027-01-25T19:00:00Z,Mon,1,15,Week 15,false,,,,,TD Garden,MA,Boston,N,,,False,1610612738,Celtics,Boston,BOS,celtics,0,0,0,0,1610612761,Raptors,Toronto,TOR,raptors,0,0,0,0,natl,tv,1001453.0,Peacock,Peacock,,,https://www.peacocktv.com/sports/nba?cid=2508sptnbaexterndinapplk26427&utm_campaign=2508sptnba&utm_source=nba_nba_nba&utm_medium=ernd_inapplk_acq_inapbnr&utm_term=nbafans&utm_content=nbaapplinks,-1.0,3.0,,natl,tv,1001488.0,NBC Sports Network,NBCSN,,,,-1.0,7.0,National,,,,,,,,,,,,natl,radio,1001098,SiriusXM,SiriusXM,,,https://www.siriusxm.com/sports/nba,-1,,,,,,,,,,,,,,home,tv,1658.0,NBC SPORTS BOSTON,NBCSB,,,,1610612738.0,,,,,,,,,,,,,,,,,,,,,,,,,,,,,,,,,,,,,,,,,,,,,,
00,2026-27,01/25/2027 00:00:00,0022600663,20270125/ORLCHA,1,7:00 pm ET,2,2027-01-25T00:00:00Z,1900-01-01T19:00:00Z,2027-01-25T19:00:00Z,2027-01-25T05:00:00Z,1900-01-01T00:00:00Z,2027-01-26T00:00:00Z,2027-01-25T19:00:00Z,2027-01-25T19:00:00Z,Mon,1,15,Week 15,false,,,,,Spectrum Center,NC,Charlotte,N,,,False,1610612766,Hornets,Charlotte,CHA,hornets,0,0,0,0,1610612753,Magic,Orlando,ORL,magic,0,0,0,0,,,,,,,,,,,,,,,,,,,,,,,,,,,,,,,,,,natl,radio,1001098,SiriusXM,SiriusXM,,,https://www.siriusxm.com/sports/nba,-1,,,,,,,,,,,,,,,,,,,,,,,,,,,,,,,,,,,,,,,,,,,,,,,,,,,,,,,,,,,,,,,,,,,,
00,2026-27,01/25/2027 00:00:00,0022600664,20270125/LACPHI,1,7:00 pm ET,3,2027-01-25T00:00:00Z,1900-01-01T19:00:00Z,2027-01-25T19:00:00Z,2027-01-25T05:00:00Z,1900-01-01T00:00:00Z,2027-01-26T00:00:00Z,2027-01-25T16:00:00Z,2027-01-25T19:00:00Z,Mon,1,15,Week 15,false,,,,,Xfinity Mobile Arena,PA,Philadelphia,N,,,False,1610612755,76ers,Philadelphia,PHI,sixers,0,0,0,0,1610612746,Clippers,LA,LAC,clippers,0,0,0,0,,,,,,,,,,,,,,,,,,,,,,,,,,,,,,,,,,natl,radio,1001098,SiriusXM,SiriusXM,,,https://www.siriusxm.com/sports/nba,-1,,,,,,,,,,,,,,,,,,,,,,,,,,,,,,,,,,,,,,,,,,,,,,,,,,,,,,,,,,,,,,,,,,,,
00,2026-27,01/25/2027 00:00:00,0022600665,20270125/MIABKN,1,7:30 pm ET,4,2027-01-25T00:00:00Z,1900-01-01T19:30:00Z,2027-01-25T19:30:00Z,2027-01-25T05:00:00Z,1900-01-01T00:30:00Z,2027-01-26T00:30:00Z,2027-01-25T19:30:00Z,2027-01-25T19:30:00Z,Mon,1,15,Week 15,false,,,,,Barclays Center,NY,Brooklyn,N,,,False,1610612751,Nets,Brooklyn,BKN,nets,0,0,0,0,1610612748,Heat,Miami,MIA,heat,0,0,0,0,,,,,,,,,,,,,,,,,,,,,,,,,,,,,,,,,,natl,radio,1001098,SiriusXM,SiriusXM,,,https://www.siriusxm.com/sports/nba,-1,,,,,,,,,,,,,,home,tv,175.0,DAZN (YES),YES,,,,1610612751.0,,,,,,,,,,,,,,,,,,,,,,,,,away,tv,1001720.0,WPLG Local 10,WPLG,,,https://local10plusplatinum.maz.tv/open?deeplink=local10platinum://item/3776211-3882966?item=44d4cc7fbb9f4bd72cf272489b39eadf-3742525-3848761,1610612748.0,,,away,radio,1001523.0,FM 104.3 WQAM / S: WAQI 710,WQAM-FM/WAQI,,,,1610612748.0,,
00,2026-27,01/25/2027 00:00:00,0022600666,20270125/DALCHI,1,8:00 pm ET,5,2027-01-25T00:00:00Z,1900-01-01T20:00:00Z,2027-01-25T20:00:00Z,2027-01-25T05:00:00Z,1900-01-01T01:00:00Z,2027-01-26T01:00:00Z,2027-01-25T19:00:00Z,2027-01-25T19:00:00Z,Mon,1,15,Week 15,false,,,,,United Center,IL,Chicago,N,,,False,1610612741,Bulls,Chicago,CHI,bulls,0,0,0,0,1610612742,Mavericks,Dallas,DAL,mavericks,0,0,0,0,,,,,,,,,,,,,,,,,,,,,,,,,,,,,,,,,,natl,radio,1001098,SiriusXM,SiriusXM,,,https://www.siriusxm.com/sports/nba,-1,,,,,,,,,,,,,,,,,,,,,,,,,,,,,,,,,,,,,,,,,,,,,,,,,,,,,,,,,,,,,,,,,,,,
00,2026-27,01/25/2027 00:00:00,0022600667,20270125/MINMEM,1,8:00 pm ET,6,2027-01-25T00:00:00Z,1900-01-01T20:00:00Z,2027-01-25T20:00:00Z,2027-01-25T05:00:00Z,1900-01-01T01:00:00Z,2027-01-26T01:00:00Z,2027-01-25T19:00:00Z,2027-01-25T19:00:00Z,Mon,1,15,Week 15,false,,,,,FedExForum,TN,Memphis,N,,,False,1610612763,Grizzlies,Memphis,MEM,grizzlies,0,0,0,0,1610612750,Timberwolves,Minnesota,MIN,timberwolves,0,0,0,0,,,,,,,,,,,,,,,,,,,,,,,,,,,,,,,,,,natl,radio,1001098,SiriusXM,SiriusXM,,,https://www.siriusxm.com/sports/nba,-1,,,,,,,,,,,,,,,,,,,,,,,,,,,,,,,,,,,,,,,,,,,,,,,,,,,,,,,,,,,,,,,,,,,,
00,2026-27,01/25/2027 00:00:00,0022600668,20270125/CLENOP,1,8:00 pm ET,7,2027-01-25T00:00:00Z,1900-01-01T20:00:00Z,2027-01-25T20:00:00Z,2027-01-25T05:00:00Z,1900-01-01T01:00:00Z,2027-01-26T01:00:00Z,2027-01-25T20:00:00Z,2027-01-25T19:00:00Z,Mon,1,15,Week 15,false,,,,,Smoothie King Center,LA,New Orleans,N,,,False,1610612740,Pelicans,New Orleans,NOP,pelicans,0,0,0,0,1610612739,Cavaliers,Cleveland,CLE,cavaliers,0,0,0,0,,,,,,,,,,,,,,,,,,,,,,,,,,,,,,,,,,natl,radio,1001098,SiriusXM,SiriusXM,,,https://www.siriusxm.com/sports/nba,-1,,,,,,,,,,,,,,,,,,,,,,,,,,,,,,,,,,,,,,,,,,,,,,,,,,,,,,,,,,,,,,,,,,,,
00,2026-27,01/25/2027 00:00:00,0022600669,20270125/SACDEN,1,9:30 pm ET,8,2027-01-25T00:00:00Z,1900-01-01T21:30:00Z,2027-01-25T21:30:00Z,2027-01-25T05:00:00Z,1900-01-01T02:30:00Z,2027-01-26T02:30:00Z,2027-01-25T18:30:00Z,2027-01-25T19:30:00Z,Mon,1,15,Week 15,false,,,,,Ball Arena,CO,Denver,N,,,False,1610612743,Nuggets,Denver,DEN,nuggets,0,0,0,0,1610612758,Kings,Sacramento,SAC,kings,0,0,0,0,natl,tv,1001453.0,Peacock,Peacock,,,https://www.peacocktv.com/sports/nba?cid=2508sptnbaexterndinapplk26427&utm_campaign=2508sptnba&utm_source=nba_nba_nba&utm_medium=ernd_inapplk_acq_inapbnr&utm_term=nbafans&utm_content=nbaapplinks,-1.0,3.0,,natl,tv,1001488.0,NBC Sports Network,NBCSN,,,,-1.0,7.0,National,,,,,,,,,,,,natl,radio,1001098,SiriusXM,SiriusXM,,,https://www.siriusxm.com/sports/nba,-1,,,,,,,,,,,,,,,,,,,,,,,,,,,,,,,,,,,,,,,,,,,,,,,,,,,,,,,,,,,,,,,,,,,,
00,2026-27,01/26/2027 00:00:00,0022600670,20270126/ATLDET,1,7:00 pm ET,1,2027-01-26T00:00:00Z,1900-01-01T19:00:00Z,2027-01-26T19:00:00Z,2027-01-26T05:00:00Z,1900-01-01T00:00:00Z,2027-01-27T00:00:00Z,2027-01-26T19:00:00Z,2027-01-26T19:00:00Z,Tue,1,15,Week 15,false,,,,,Little Caesars Arena,MI,Detroit,N,,,False,1610612765,Pistons,Detroit,DET,pistons,0,0,0,0,1610612737,Hawks,Atlanta,ATL,hawks,0,0,0,0,,,,,,,,,,,,,,,,,,,,,,,,,,,,,,,,,,natl,radio,1001098,SiriusXM,SiriusXM,,,https://www.siriusxm.com/sports/nba,-1,,,,,,,,,,,,,,,,,,,,,,,,,,,,,,,,,,,,,,,,,,,,,,,,,,,,,,,,,,,,,,,,,,,,
00,2026-27,01/26/2027 00:00:00,0022600671,20270126/CHIIND,1,7:00 pm ET,2,2027-01-26T00:00:00Z,1900-01-01T19:00:00Z,2027-01-26T19:00:00Z,2027-01-26T05:00:00Z,1900-01-01T00:00:00Z,2027-01-27T00:00:00Z,2027-01-26T18:00:00Z,2027-01-26T19:00:00Z,Tue,1,15,Week 15,false,,,,,Gainbridge Fieldhouse,IN,Indianapolis,N,,,False,1610612754,Pacers,Indiana,IND,pacers,0,0,0,0,1610612741,Bulls,Chicago,CHI,bulls,0,0,0,0,,,,,,,,,,,,,,,,,,,,,,,,,,,,,,,,,,natl,radio,1001098,SiriusXM,SiriusXM,,,https://www.siriusxm.com/sports/nba,-1,,,,,,,,,,,,,,,,,,,,,,,,,,,,,,,,,,,,,,,,,,,,,,,,,,,,,,,,,,,,,,,,,,,,
00,2026-27,01/26/2027 00:00:00,0022600672,20270126/PHXNYK,1,7:30 pm ET,3,2027-01-26T00:00:00Z,1900-01-01T19:30:00Z,2027-01-26T19:30:00Z,2027-01-26T05:00:00Z,1900-01-01T00:30:00Z,2027-01-27T00:30:00Z,2027-01-26T17:30:00Z,2027-01-26T19:30:00Z,Tue,1,15,Week 15,false,,,,,Madison Square Garden,NY,New York,N,,,False,1610612752,Knicks,New York,NYK,knicks,0,0,0,0,1610612756,Suns,Phoenix,PHX,suns,0,0,0,0,,,,,,,,,,,,,,,,,,,,,,,,,,,,,,,,,,natl,radio,1001098,SiriusXM,SiriusXM,,,https://www.siriusxm.com/sports/nba,-1,,,,,,,,,,,,,,,,,,,,,,,,,,,,,,,,,,,,,,,,,,,,,,,,,,,,,,,,,,,,,,,,,,,,
00,2026-27,01/26/2027 00:00:00,0022600673,20270126/HOUSAS,1,8:00 pm ET,4,2027-01-26T00:00:00Z,1900-01-01T20:00:00Z,2027-01-26T20:00:00Z,2027-01-26T05:00:00Z,1900-01-01T01:00:00Z,2027-01-27T01:00:00Z,2027-01-26T19:00:00Z,2027-01-26T19:00:00Z,Tue,1,15,Week 15,false,,AWS NBA Rivals Week,,,Frost Bank Center,TX,San Antonio,N,,,False,1610612759,Spurs,San Antonio,SAS,spurs,0,0,0,0,1610612745,Rockets,Houston,HOU,rockets,0,0,0,0,natl,tv,1001452.0,NBC,NBC,,,,-1.0,5.0,East,natl,tv,1001453.0,Peacock,Peacock,,,https://www.peacocktv.com/sports/nba?cid=2508sptnbaexterndinapplk26427&utm_campaign=2508sptnba&utm_source=nba_nba_nba&utm_medium=ernd_inapplk_acq_inapbnr&utm_term=nbafans&utm_content=nbaapplinks,-1.0,3.0,,,,,,,,,,,,,natl,radio,1001098,SiriusXM,SiriusXM,,,https://www.siriusxm.com/sports/nba,-1,,,,,,,,,,,,,,,,,,,,,,,,,,,,,,,,,,,,,,,,,,,,,,,,,,,,,,,,,,,,,,,,,,,,
00,2026-27,01/26/2027 00:00:00,0022600674,20270126/MILUTA,1,9:00 pm ET,5,2027-01-26T00:00:00Z,1900-01-01T21:00:00Z,2027-01-26T21:00:00Z,2027-01-26T05:00:00Z,1900-01-01T02:00:00Z,2027-01-27T02:00:00Z,2027-01-26T20:00:00Z,2027-01-26T19:00:00Z,Tue,1,15,Week 15,false,,,,,Delta Center,UT,Salt Lake City,N,,,False,1610612762,Jazz,Utah,UTA,jazz,0,0,0,0,1610612749,Bucks,Milwaukee,MIL,bucks,0,0,0,0,,,,,,,,,,,,,,,,,,,,,,,,,,,,,,,,,,natl,radio,1001098,SiriusXM,SiriusXM,,,https://www.siriusxm.com/sports/nba,-1,,,,,,,,,,,,,,,,,,,,,,,,,,,,,,,,,,,,,,,,,,,,,,,,,,,,,,,,,,,,,,,,,,,,
00,2026-27,01/26/2027 00:00:00,0022600675,20270126/WASPOR,1,10:00 pm ET,6,2027-01-26T00:00:00Z,1900-01-01T22:00:00Z,2027-01-26T22:00:00Z,2027-01-26T05:00:00Z,1900-01-01T03:00:00Z,2027-01-27T03:00:00Z,2027-01-26T22:00:00Z,2027-01-26T19:00:00Z,Tue,1,15,Week 15,false,,,,,Moda Center,OR,Portland,N,,,False,1610612757,Trail Blazers,Portland,POR,blazers,0,0,0,0,1610612764,Wizards,Washington,WAS,wizards,0,0,0,0,,,,,,,,,,,,,,,,,,,,,,,,,,,,,,,,,,natl,radio,1001098,SiriusXM,SiriusXM,,,https://www.siriusxm.com/sports/nba,-1,,,,,,,,,,,,,,home,tv,1001196.0,KUNP,KUNP,,,,1610612757.0,,,,,,,,,,,,,,home,radio,1472.0,Rip City Radio 620,KPOJ,,,,1610612757.0,,,,,,,,,,,,,,,,,,,,,,,,
00,2026-27,01/26/2027 00:00:00,0022600676,20270126/OKCLAL,1,11:00 pm ET,7,2027-01-26T00:00:00Z,1900-01-01T23:00:00Z,2027-01-26T23:00:00Z,2027-01-26T05:00:00Z,1900-01-01T04:00:00Z,2027-01-27T04:00:00Z,2027-01-26T22:00:00Z,2027-01-26T20:00:00Z,Tue,1,15,Week 15,false,,AWS NBA Rivals Week,,,Crypto.com Arena,CA,Los Angeles,N,,,False,1610612747,Lakers,Los Angeles,LAL,lakers,0,0,0,0,1610612760,Thunder,Oklahoma City,OKC,thunder,0,0,0,0,natl,tv,1001452.0,NBC,NBC,,,,-1.0,5.0,West,natl,tv,1001453.0,Peacock,Peacock,,,https://www.peacocktv.com/sports/nba?cid=2508sptnbaexterndinapplk26427&utm_campaign=2508sptnba&utm_source=nba_nba_nba&utm_medium=ernd_inapplk_acq_inapbnr&utm_term=nbafans&utm_content=nbaapplinks,-1.0,3.0,,,,,,,,,,,,,natl,radio,1001098,SiriusXM,SiriusXM,,,https://www.siriusxm.com/sports/nba,-1,,,,,,,,,,,,,,home,tv,1651.0,Spectrum SportsNet,SPECSN,,,,1610612747.0,,,,,,,,,,,,,,home,radio,1001605.0,ESPN LA 710/980 KFWB,KSPN/KFWB,,,,1610612747.0,,,,,,,,,,,,,,,,,,,,,,,,
00,2026-27,01/27/2027 00:00:00,0022600677,20270127/DETCLE,1,7:00 pm ET,1,2027-01-27T00:00:00Z,1900-01-01T19:00:00Z,2027-01-27T19:00:00Z,2027-01-27T05:00:00Z,1900-01-01T00:00:00Z,2027-01-28T00:00:00Z,2027-01-27T19:00:00Z,2027-01-27T19:00:00Z,Wed,1,15,Week 15,false,,AWS NBA Rivals Week,,,Rocket Arena,OH,Cleveland,N,,,False,1610612739,Cavaliers,Cleveland,CLE,cavaliers,0,0,0,0,1610612765,Pistons,Detroit,DET,pistons,0,0,0,0,natl,tv,2.0,ESPN,ESPN,,,https://www.espn.com/watch/catalog/7b3729c9-7f69-308a-bf8a-ee15a6aba154/nba#bucketId=29446&sourceCollection=Featured_Sports_,-1.0,2.0,,,,,,,,,,,,,,,,,,,,,,,,natl,radio,1001098,SiriusXM,SiriusXM,,,https://www.siriusxm.com/sports/nba,-1,,,,,,,,,,,,,,,,,,,,,,,,,,,,,,,,,,,,,,,,,,,,,,,,,,,,,,,,,,,,,,,,,,,,
00,2026-27,01/27/2027 00:00:00,0022600678,20270127/SACPHI,1,7:00 pm ET,2,2027-01-27T00:00:00Z,1900-01-01T19:00:00Z,2027-01-27T19:00:00Z,2027-01-27T05:00:00Z,1900-01-01T00:00:00Z,2027-01-28T00:00:00Z,2027-01-27T16:00:00Z,2027-01-27T19:00:00Z,Wed,1,15,Week 15,false,,,,,Xfinity Mobile Arena,PA,Philadelphia,N,,,False,1610612755,76ers,Philadelphia,PHI,sixers,0,0,0,0,1610612758,Kings,Sacramento,SAC,kings,0,0,0,0,,,,,,,,,,,,,,,,,,,,,,,,,,,,,,,,,,natl,radio,1001098,SiriusXM,SiriusXM,,,https://www.siriusxm.com/sports/nba,-1,,,,,,,,,,,,,,,,,,,,,,,,,,,,,,,,,,,,,,,,,,,,,,,away,tv,1027.0,NBCSCA,NBCSCA,,,,1610612758.0,,,,,,,,,,,,,
00,2026-27,01/27/2027 00:00:00,0022600679,20270127/LACBOS,1,7:30 pm ET,3,2027-01-27T00:00:00Z,1900-01-01T19:30:00Z,2027-01-27T19:30:00Z,2027-01-27T05:00:00Z,1900-01-01T00:30:00Z,2027-01-28T00:30:00Z,2027-01-27T16:30:00Z,2027-01-27T19:30:00Z,Wed,1,15,Week 15,false,,,,,TD Garden,MA,Boston,N,,,False,1610612738,Celtics,Boston,BOS,celtics,0,0,0,0,1610612746,Clippers,LA,LAC,clippers,0,0,0,0,,,,,,,,,,,,,,,,,,,,,,,,,,,,,,,,,,natl,radio,1001098,SiriusXM,SiriusXM,,,https://www.siriusxm.com/sports/nba,-1,,,,,,,,,,,,,,home,tv,1658.0,NBC SPORTS BOSTON,NBCSB,,,,1610612738.0,,,,,,,,,,,,,,,,,,,,,,,,,,,,,,,,,,,,,,,,,,,,,,
00,2026-27,01/27/2027 00:00:00,0022600680,20270127/PHXBKN,1,7:30 pm ET,4,2027-01-27T00:00:00Z,1900-01-01T19:30:00Z,2027-01-27T19:30:00Z,2027-01-27T05:00:00Z,1900-01-01T00:30:00Z,2027-01-28T00:30:00Z,2027-01-27T17:30:00Z,2027-01-27T19:30:00Z,Wed,1,15,Week 15,false,,,,,Barclays Center,NY,Brooklyn,N,,,False,1610612751,Nets,Brooklyn,BKN,nets,0,0,0,0,1610612756,Suns,Phoenix,PHX,suns,0,0,0,0,,,,,,,,,,,,,,,,,,,,,,,,,,,,,,,,,,natl,radio,1001098,SiriusXM,SiriusXM,,,https://www.siriusxm.com/sports/nba,-1,,,,,,,,,,,,,,home,tv,175.0,DAZN (YES),YES,,,,1610612751.0,,,,,,,,,,,,,,,,,,,,,,,,,,,,,,,,,,,,,,,,,,,,,,
00,2026-27,01/27/2027 00:00:00,0022600681,20270127/DALTOR,1,7:30 pm ET,5,2027-01-27T00:00:00Z,1900-01-01T19:30:00Z,2027-01-27T19:30:00Z,2027-01-27T05:00:00Z,1900-01-01T00:30:00Z,2027-01-28T00:30:00Z,2027-01-27T18:30:00Z,2027-01-27T19:30:00Z,Wed,1,15,Week 15,false,,,,,Scotiabank Arena,ON,Toronto,N,,,False,1610612761,Raptors,Toronto,TOR,raptors,0,0,0,0,1610612742,Mavericks,Dallas,DAL,mavericks,0,0,0,0,,,,,,,,,,,,,,,,,,,,,,,,,,,,,,,,,,natl,radio,1001098,SiriusXM,SiriusXM,,,https://www.siriusxm.com/sports/nba,-1,,,,,,,,,,,,,,,,,,,,,,,,,,,,,,,,,,,,,,,,,,,,,,,,,,,,,,,,,,,,,,,,,,,,
00,2026-27,01/27/2027 00:00:00,0022600682,20270127/CHASAS,1,8:00 pm ET,6,2027-01-27T00:00:00Z,1900-01-01T20:00:00Z,2027-01-27T20:00:00Z,2027-01-27T05:00:00Z,1900-01-01T01:00:00Z,2027-01-28T01:00:00Z,2027-01-27T20:00:00Z,2027-01-27T19:00:00Z,Wed,1,15,Week 15,false,,,,,Frost Bank Center,TX,San Antonio,N,,,False,1610612759,Spurs,San Antonio,SAS,spurs,0,0,0,0,1610612766,Hornets,Charlotte,CHA,hornets,0,0,0,0,,,,,,,,,,,,,,,,,,,,,,,,,,,,,,,,,,natl,radio,1001098,SiriusXM,SiriusXM,,,https://www.siriusxm.com/sports/nba,-1,,,,,,,,,,,,,,,,,,,,,,,,,,,,,,,,,,,,,,,,,,,,,,,,,,,,,,,,,,,,,,,,,,,,
00,2026-27,01/27/2027 00:00:00,0022600683,20270127/NOPHOU,1,8:30 pm ET,7,2027-01-27T00:00:00Z,1900-01-01T20:30:00Z,2027-01-27T20:30:00Z,2027-01-27T05:00:00Z,1900-01-01T01:30:00Z,2027-01-28T01:30:00Z,2027-01-27T19:30:00Z,2027-01-27T19:30:00Z,Wed,1,15,Week 15,false,,,,,Toyota Center,TX,Houston,N,,,False,1610612745,Rockets,Houston,HOU,rockets,0,0,0,0,1610612740,Pelicans,New Orleans,NOP,pelicans,0,0,0,0,,,,,,,,,,,,,,,,,,,,,,,,,,,,,,,,,,natl,radio,1001098,SiriusXM,SiriusXM,,,https://www.siriusxm.com/sports/nba,-1,,,,,,,,,,,,,,,,,,,,,,,,,,,,,,,,,,,,,,,,,,,,,,,,,,,,,,,,,,,,,,,,,,,,
00,2026-27,01/27/2027 00:00:00,0022600684,20270127/DENMIN,1,9:30 pm ET,8,2027-01-27T00:00:00Z,1900-01-01T21:30:00Z,2027-01-27T21:30:00Z,2027-01-27T05:00:00Z,1900-01-01T02:30:00Z,2027-01-28T02:30:00Z,2027-01-27T19:30:00Z,2027-01-27T20:30:00Z,Wed,1,15,Week 15,false,,AWS NBA Rivals Week,,,Target Center,MN,Minneapolis,N,,,False,1610612750,Timberwolves,Minnesota,MIN,timberwolves,0,0,0,0,1610612743,Nuggets,Denver,DEN,nuggets,0,0,0,0,natl,tv,2.0,ESPN,ESPN,,,https://www.espn.com/watch/catalog/7b3729c9-7f69-308a-bf8a-ee15a6aba154/nba#bucketId=29446&sourceCollection=Featured_Sports_,-1.0,2.0,,,,,,,,,,,,,,,,,,,,,,,,natl,radio,1001098,SiriusXM,SiriusXM,,,https://www.siriusxm.com/sports/nba,-1,,,,,,,,,,,,,,,,,,,,,,,,,,,,,,,,,,,,,,,,,,,,,,,,,,,,,,,,,,,,,,,,,,,,
00,2026-27,01/27/2027 00:00:00,0022600685,20270127/GSWPOR,1,10:00 pm ET,9,2027-01-27T00:00:00Z,1900-01-01T22:00:00Z,2027-01-27T22:00:00Z,2027-01-27T05:00:00Z,1900-01-01T03:00:00Z,2027-01-28T03:00:00Z,2027-01-27T19:00:00Z,2027-01-27T19:00:00Z,Wed,1,15,Week 15,false,,,,,Moda Center,OR,Portland,N,,,False,1610612757,Trail Blazers,Portland,POR,blazers,0,0,0,0,1610612744,Warriors,Golden State,GSW,warriors,0,0,0,0,,,,,,,,,,,,,,,,,,,,,,,,,,,,,,,,,,natl,radio,1001098,SiriusXM,SiriusXM,,,https://www.siriusxm.com/sports/nba,-1,,,,,,,,,,,,,,home,tv,1001196.0,KUNP,KUNP,,,,1610612757.0,,,,,,,,,,,,,,home,radio,1472.0,Rip City Radio 620,KPOJ,,,,1610612757.0,,,away,tv,1097.0,NBCSBA,NBCSBA,,,,1610612744.0,,,,,,,,,,,,,
00,2026-27,01/28/2027 00:00:00,0022600686,20270128/LALIND,1,7:00 pm ET,1,2027-01-28T00:00:00Z,1900-01-01T19:00:00Z,2027-01-28T19:00:00Z,2027-01-28T05:00:00Z,1900-01-01T00:00:00Z,2027-01-29T00:00:00Z,2027-01-28T16:00:00Z,2027-01-28T19:00:00Z,Thu,1,15,Week 15,false,,,,,Gainbridge Fieldhouse,IN,Indianapolis,N,,,False,1610612754,Pacers,Indiana,IND,pacers,0,0,0,0,1610612747,Lakers,Los Angeles,LAL,lakers,0,0,0,0,,,,,,,,,,,,,,,,,,,,,,,,,,,,,,,,,,natl,radio,1001098,SiriusXM,SiriusXM,,,https://www.siriusxm.com/sports/nba,-1,,,,,,,,,,,,,,,,,,,,,,,,,,,,,,,,,,,,,,,,,,,,,,,away,tv,1651.0,Spectrum SportsNet,SPECSN,,,,1610612747.0,,,away,radio,1001605.0,ESPN LA 710/980 KFWB,KSPN/KFWB,,,,1610612747.0,,
00,2026-27,01/28/2027 00:00:00,0022600687,20270128/ATLNYK,1,7:00 pm ET,2,2027-01-28T00:00:00Z,1900-01-01T19:00:00Z,2027-01-28T19:00:00Z,2027-01-28T05:00:00Z,1900-01-01T00:00:00Z,2027-01-29T00:00:00Z,2027-01-28T19:00:00Z,2027-01-28T19:00:00Z,Thu,1,15,Week 15,false,,AWS NBA Rivals Week,,,Madison Square Garden,NY,New York,N,,,False,1610612752,Knicks,New York,NYK,knicks,0,0,0,0,1610612737,Hawks,Atlanta,ATL,hawks,0,0,0,0,natl,tv,1000664.0,Prime Video,Amazon,,,https://www.amazon.com/gp/video/tournament/amzn1.dv.icid.cf75b42a-68cd-4a1c-993a-a0b3f0575c5f?jic=20%7CCgZTcG9ydHMSA2FsbA%3D%3D&ref_=atv_hm_spo_c_7a7vxF_4_6,-1.0,4.0,,,,,,,,,,,,,,,,,,,,,,,,natl,radio,1001098,SiriusXM,SiriusXM,,,https://www.siriusxm.com/sports/nba,-1,,,,,,,,,,,,,,,,,,,,,,,,,,,,,,,,,,,,,,,,,,,,,,,,,,,,,,,,,,,,,,,,,,,,
00,2026-27,01/28/2027 00:00:00,0022600688,20270128/CHIORL,1,7:00 pm ET,3,2027-01-28T00:00:00Z,1900-01-01T19:00:00Z,2027-01-28T19:00:00Z,2027-01-28T05:00:00Z,1900-01-01T00:00:00Z,2027-01-29T00:00:00Z,2027-01-28T18:00:00Z,2027-01-28T19:00:00Z,Thu,1,15,Week 15,false,,,,,Kia Center,FL,Orlando,N,,,False,1610612753,Magic,Orlando,ORL,magic,0,0,0,0,1610612741,Bulls,Chicago,CHI,bulls,0,0,0,0,,,,,,,,,,,,,,,,,,,,,,,,,,,,,,,,,,natl,radio,1001098,SiriusXM,SiriusXM,,,https://www.siriusxm.com/sports/nba,-1,,,,,,,,,,,,,,,,,,,,,,,,,,,,,,,,,,,,,,,,,,,,,,,,,,,,,,,,,,,,,,,,,,,,
00,2026-27,01/28/2027 00:00:00,0022600689,20270128/SACWAS,1,7:00 pm ET,4,2027-01-28T00:00:00Z,1900-01-01T19:00:00Z,2027-01-28T19:00:00Z,2027-01-28T05:00:00Z,1900-01-01T00:00:00Z,2027-01-29T00:00:00Z,2027-01-28T16:00:00Z,2027-01-28T19:00:00Z,Thu,1,15,Week 15,false,,,,,Capital One Arena,DC,Washington,N,,,False,1610612764,Wizards,Washington,WAS,wizards,0,0,0,0,1610612758,Kings,Sacramento,SAC,kings,0,0,0,0,,,,,,,,,,,,,,,,,,,,,,,,,,,,,,,,,,natl,radio,1001098,SiriusXM,SiriusXM,,,https://www.siriusxm.com/sports/nba,-1,,,,,,,,,,,,,,,,,,,,,,,,,,,,,,,,,,,,,,,,,,,,,,,away,tv,1027.0,NBCSCA,NBCSCA,,,,1610612758.0,,,,,,,,,,,,,
00,2026-27,01/28/2027 00:00:00,0022600690,20270128/PHINOP,1,8:00 pm ET,5,2027-01-28T00:00:00Z,1900-01-01T20:00:00Z,2027-01-28T20:00:00Z,2027-01-28T05:00:00Z,1900-01-01T01:00:00Z,2027-01-29T01:00:00Z,2027-01-28T20:00:00Z,2027-01-28T19:00:00Z,Thu,1,15,Week 15,false,,,,,Smoothie King Center,LA,New Orleans,N,,,False,1610612740,Pelicans,New Orleans,NOP,pelicans,0,0,0,0,1610612755,76ers,Philadelphia,PHI,sixers,0,0,0,0,,,,,,,,,,,,,,,,,,,,,,,,,,,,,,,,,,natl,radio,1001098,SiriusXM,SiriusXM,,,https://www.siriusxm.com/sports/nba,-1,,,,,,,,,,,,,,,,,,,,,,,,,,,,,,,,,,,,,,,,,,,,,,,,,,,,,,,,,,,,,,,,,,,,
00,2026-27,01/28/2027 00:00:00,0022600691,20270128/MEMOKC,1,8:00 pm ET,6,2027-01-28T00:00:00Z,1900-01-01T20:00:00Z,2027-01-28T20:00:00Z,2027-01-28T05:00:00Z,1900-01-01T01:00:00Z,2027-01-29T01:00:00Z,2027-01-28T19:00:00Z,2027-01-28T19:00:00Z,Thu,1,15,Week 15,false,,,,,Paycom Center,OK,Oklahoma City,N,,,False,1610612760,Thunder,Oklahoma City,OKC,thunder,0,0,0,0,1610612763,Grizzlies,Memphis,MEM,grizzlies,0,0,0,0,,,,,,,,,,,,,,,,,,,,,,,,,,,,,,,,,,natl,radio,1001098,SiriusXM,SiriusXM,,,https://www.siriusxm.com/sports/nba,-1,,,,,,,,,,,,,,,,,,,,,,,,,,,,,,,,,,,,,,,,,,,,,,,,,,,,,,,,,,,,,,,,,,,,
00,2026-27,01/28/2027 00:00:00,0022600692,20270128/GSWUTA,1,9:00 pm ET,7,2027-01-28T00:00:00Z,1900-01-01T21:00:00Z,2027-01-28T21:00:00Z,2027-01-28T05:00:00Z,1900-01-01T02:00:00Z,2027-01-29T02:00:00Z,2027-01-28T18:00:00Z,2027-01-28T19:00:00Z,Thu,1,15,Week 15,false,,,,,Delta Center,UT,Salt Lake City,N,,,False,1610612762,Jazz,Utah,UTA,jazz,0,0,0,0,1610612744,Warriors,Golden State,GSW,warriors,0,0,0,0,,,,,,,,,,,,,,,,,,,,,,,,,,,,,,,,,,natl,radio,1001098,SiriusXM,SiriusXM,,,https://www.siriusxm.com/sports/nba,-1,,,,,,,,,,,,,,,,,,,,,,,,,,,,,,,,,,,,,,,,,,,,,,,away,tv,1097.0,NBCSBA,NBCSBA,,,,1610612744.0,,,,,,,,,,,,,
00,2026-27,01/28/2027 00:00:00,0022600693,20270128/MIAMIL,1,9:30 pm ET,8,2027-01-28T00:00:00Z,1900-01-01T21:30:00Z,2027-01-28T21:30:00Z,2027-01-28T05:00:00Z,1900-01-01T02:30:00Z,2027-01-29T02:30:00Z,2027-01-28T21:30:00Z,2027-01-28T20:30:00Z,Thu,1,15,Week 15,false,,AWS NBA Rivals Week,,,Fiserv Forum,WI,Milwaukee,N,,,False,1610612749,Bucks,Milwaukee,MIL,bucks,0,0,0,0,1610612748,Heat,Miami,MIA,heat,0,0,0,0,natl,tv,1000664.0,Prime Video,Amazon,,,https://www.amazon.com/gp/video/tournament/amzn1.dv.icid.cf75b42a-68cd-4a1c-993a-a0b3f0575c5f?jic=20%7CCgZTcG9ydHMSA2FsbA%3D%3D&ref_=atv_hm_spo_c_7a7vxF_4_6,-1.0,4.0,,,,,,,,,,,,,,,,,,,,,,,,natl,radio,3,ESPN Radio,ESPNR,,,,-1,,,natl,radio,1001098.0,SiriusXM,SiriusXM,,,https://www.siriusxm.com/sports/nba,-1.0,,,,,,,,,,,,,,,,,,,,,,,,,,,,,,,,,,,,,,,,,,,,,,,away,radio,1001523.0,FM 104.3 WQAM / S: WAQI 710,WQAM-FM/WAQI,,,,1610612748.0,,
00,2026-27,01/29/2027 00:00:00,0022600694,20270129/CLETOR,1,7:00 pm ET,1,2027-01-29T00:00:00Z,1900-01-01T19:00:00Z,2027-01-29T19:00:00Z,2027-01-29T05:00:00Z,1900-01-01T00:00:00Z,2027-01-30T00:00:00Z,2027-01-29T19:00:00Z,2027-01-29T19:00:00Z,Fri,1,15,Week 15,false,,AWS NBA Rivals Week,,,Scotiabank Arena,ON,Toronto,N,,,False,1610612761,Raptors,Toronto,TOR,raptors,0,0,0,0,1610612739,Cavaliers,Cleveland,CLE,cavaliers,0,0,0,0,natl,tv,2.0,ESPN,ESPN,,,https://www.espn.com/watch/catalog/7b3729c9-7f69-308a-bf8a-ee15a6aba154/nba#bucketId=29446&sourceCollection=Featured_Sports_,-1.0,2.0,,,,,,,,,,,,,,,,,,,,,,,,natl,radio,1001098,SiriusXM,SiriusXM,,,https://www.siriusxm.com/sports/nba,-1,,,,,,,,,,,,,,,,,,,,,,,,,,,,,,,,,,,,,,,,,,,,,,,,,,,,,,,,,,,,,,,,,,,,
00,2026-27,01/29/2027 00:00:00,0022600695,20270129/PHXBOS,1,7:30 pm ET,2,2027-01-29T00:00:00Z,1900-01-01T19:30:00Z,2027-01-29T19:30:00Z,2027-01-29T05:00:00Z,1900-01-01T00:30:00Z,2027-01-30T00:30:00Z,2027-01-29T17:30:00Z,2027-01-29T19:30:00Z,Fri,1,15,Week 15,false,,,,,TD Garden,MA,Boston,N,,,False,1610612738,Celtics,Boston,BOS,celtics,0,0,0,0,1610612756,Suns,Phoenix,PHX,suns,0,0,0,0,,,,,,,,,,,,,,,,,,,,,,,,,,,,,,,,,,natl,radio,1001098,SiriusXM,SiriusXM,,,https://www.siriusxm.com/sports/nba,-1,,,,,,,,,,,,,,home,tv,1658.0,NBC SPORTS BOSTON,NBCSB,,,,1610612738.0,,,,,,,,,,,,,,,,,,,,,,,,,,,,,,,,,,,,,,,,,,,,,,
00,2026-27,01/29/2027 00:00:00,0022600696,20270129/LACBKN,1,7:30 pm ET,3,2027-01-29T00:00:00Z,1900-01-01T19:30:00Z,2027-01-29T19:30:00Z,2027-01-29T05:00:00Z,1900-01-01T00:30:00Z,2027-01-30T00:30:00Z,2027-01-29T16:30:00Z,2027-01-29T19:30:00Z,Fri,1,15,Week 15,false,,,,,Barclays Center,NY,Brooklyn,N,,,False,1610612751,Nets,Brooklyn,BKN,nets,0,0,0,0,1610612746,Clippers,LA,LAC,clippers,0,0,0,0,,,,,,,,,,,,,,,,,,,,,,,,,,,,,,,,,,natl,radio,1001098,SiriusXM,SiriusXM,,,https://www.siriusxm.com/sports/nba,-1,,,,,,,,,,,,,,home,tv,175.0,DAZN (YES),YES,,,,1610612751.0,,,,,,,,,,,,,,,,,,,,,,,,,,,,,,,,,,,,,,,,,,,,,,
00,2026-27,01/29/2027 00:00:00,0022600697,20270129/DETDAL,1,8:00 pm ET,4,2027-01-29T00:00:00Z,1900-01-01T20:00:00Z,2027-01-29T20:00:00Z,2027-01-29T05:00:00Z,1900-01-01T01:00:00Z,2027-01-30T01:00:00Z,2027-01-29T20:00:00Z,2027-01-29T19:00:00Z,Fri,1,15,Week 15,false,,,,,American Airlines Center,TX,Dallas,N,,,False,1610612742,Mavericks,Dallas,DAL,mavericks,0,0,0,0,1610612765,Pistons,Detroit,DET,pistons,0,0,0,0,,,,,,,,,,,,,,,,,,,,,,,,,,,,,,,,,,natl,radio,1001098,SiriusXM,SiriusXM,,,https://www.siriusxm.com/sports/nba,-1,,,,,,,,,,,,,,,,,,,,,,,,,,,,,,,,,,,,,,,,,,,,,,,,,,,,,,,,,,,,,,,,,,,,
00,2026-27,01/29/2027 00:00:00,0022600698,20270129/ORLHOU,1,8:30 pm ET,5,2027-01-29T00:00:00Z,1900-01-01T20:30:00Z,2027-01-29T20:30:00Z,2027-01-29T05:00:00Z,1900-01-01T01:30:00Z,2027-01-30T01:30:00Z,2027-01-29T20:30:00Z,2027-01-29T19:30:00Z,Fri,1,15,Week 15,false,,,,,Toyota Center,TX,Houston,N,,,False,1610612745,Rockets,Houston,HOU,rockets,0,0,0,0,1610612753,Magic,Orlando,ORL,magic,0,0,0,0,,,,,,,,,,,,,,,,,,,,,,,,,,,,,,,,,,natl,radio,1001098,SiriusXM,SiriusXM,,,https://www.siriusxm.com/sports/nba,-1,,,,,,,,,,,,,,,,,,,,,,,,,,,,,,,,,,,,,,,,,,,,,,,,,,,,,,,,,,,,,,,,,,,,
00,2026-27,01/29/2027 00:00:00,0022600699,20270129/CHAMIN,1,9:30 pm ET,6,2027-01-29T00:00:00Z,1900-01-01T21:30:00Z,2027-01-29T21:30:00Z,2027-01-29T05:00:00Z,1900-01-01T02:30:00Z,2027-01-30T02:30:00Z,2027-01-29T21:30:00Z,2027-01-29T20:30:00Z,Fri,1,15,Week 15,false,,AWS NBA Rivals Week,,,Target Center,MN,Minneapolis,N,,,False,1610612750,Timberwolves,Minnesota,MIN,timberwolves,0,0,0,0,1610612766,Hornets,Charlotte,CHA,hornets,0,0,0,0,natl,tv,2.0,ESPN,ESPN,,,https://www.espn.com/watch/catalog/7b3729c9-7f69-308a-bf8a-ee15a6aba154/nba#bucketId=29446&sourceCollection=Featured_Sports_,-1.0,2.0,,,,,,,,,,,,,,,,,,,,,,,,natl,radio,1001098,SiriusXM,SiriusXM,,,https://www.siriusxm.com/sports/nba,-1,,,,,,,,,,,,,,,,,,,,,,,,,,,,,,,,,,,,,,,,,,,,,,,,,,,,,,,,,,,,,,,,,,,,
00,2026-27,01/30/2027 00:00:00,0022600700,20270130/PHIMIA,1,12:30 pm ET,1,2027-01-30T00:00:00Z,1900-01-01T12:30:00Z,2027-01-30T12:30:00Z,2027-01-30T05:00:00Z,1900-01-01T17:30:00Z,2027-01-30T17:30:00Z,2027-01-30T12:30:00Z,2027-01-30T12:30:00Z,Sat,1,15,Week 15,false,,AWS NBA Rivals Week,,,Kaseya Center,FL,Miami,N,,,False,1610612748,Heat,Miami,MIA,heat,0,0,0,0,1610612755,76ers,Philadelphia,PHI,sixers,0,0,0,0,natl,tv,1.0,ABC,ABC,,,,-1.0,1.0,,,,,,,,,,,,,,,,,,,,,,,,natl,radio,1001098,SiriusXM,SiriusXM,,,https://www.siriusxm.com/sports/nba,-1,,,,,,,,,,,,,,,,,,,,,,,,,,,,,,,,,,,,home,radio,1001523.0,FM 104.3 WQAM / S: WAQI 710,WQAM-FM/WAQI,,,,1610612748.0,,,,,,,,,,,,,,,,,,,,,,,,
00,2026-27,01/30/2027 00:00:00,0022600701,20270130/DENOKC,1,3:00 pm ET,2,2027-01-30T00:00:00Z,1900-01-01T15:00:00Z,2027-01-30T15:00:00Z,2027-01-30T05:00:00Z,1900-01-01T20:00:00Z,2027-01-30T20:00:00Z,2027-01-30T13:00:00Z,2027-01-30T14:00:00Z,Sat,1,15,Week 15,false,,AWS NBA Rivals Week,,,Paycom Center,OK,Oklahoma City,N,,,False,1610612760,Thunder,Oklahoma City,OKC,thunder,0,0,0,0,1610612743,Nuggets,Denver,DEN,nuggets,0,0,0,0,natl,tv,1.0,ABC,ABC,,,,-1.0,1.0,,,,,,,,,,,,,,,,,,,,,,,,natl,radio,1001098,SiriusXM,SiriusXM,,,https://www.siriusxm.com/sports/nba,-1,,,,,,,,,,,,,,,,,,,,,,,,,,,,,,,,,,,,,,,,,,,,,,,,,,,,,,,,,,,,,,,,,,,,
00,2026-27,01/30/2027 00:00:00,0022600702,20270130/SASGSW,1,5:30 pm ET,3,2027-01-30T00:00:00Z,1900-01-01T17:30:00Z,2027-01-30T17:30:00Z,2027-01-30T05:00:00Z,1900-01-01T22:30:00Z,2027-01-30T22:30:00Z,2027-01-30T16:30:00Z,2027-01-30T14:30:00Z,Sat,1,15,Week 15,false,,AWS NBA Rivals Week,,,Chase Center,CA,San Francisco,N,,,False,1610612744,Warriors,Golden State,GSW,warriors,0,0,0,0,1610612759,Spurs,San Antonio,SAS,spurs,0,0,0,0,natl,tv,1.0,ABC,ABC,,,,-1.0,1.0,,,,,,,,,,,,,,,,,,,,,,,,natl,radio,1001098,SiriusXM,SiriusXM,,,https://www.siriusxm.com/sports/nba,-1,,,,,,,,,,,,,,,,,,,,,,,,,,,,,,,,,,,,,,,,,,,,,,,,,,,,,,,,,,,,,,,,,,,,
00,2026-27,01/30/2027 00:00:00,0022600703,20270130/WASIND,1,7:00 pm ET,4,2027-01-30T00:00:00Z,1900-01-01T19:00:00Z,2027-01-30T19:00:00Z,2027-01-30T05:00:00Z,1900-01-01T00:00:00Z,2027-01-31T00:00:00Z,2027-01-30T19:00:00Z,2027-01-30T19:00:00Z,Sat,1,15,Week 15,false,,,,,Gainbridge Fieldhouse,IN,Indianapolis,N,,,False,1610612754,Pacers,Indiana,IND,pacers,0,0,0,0,1610612764,Wizards,Washington,WAS,wizards,0,0,0,0,,,,,,,,,,,,,,,,,,,,,,,,,,,,,,,,,,natl,radio,1001098,SiriusXM,SiriusXM,,,https://www.siriusxm.com/sports/nba,-1,,,,,,,,,,,,,,,,,,,,,,,,,,,,,,,,,,,,,,,,,,,,,,,,,,,,,,,,,,,,,,,,,,,,
00,2026-27,01/30/2027 00:00:00,0022600704,20270130/NOPCLE,1,7:30 pm ET,5,2027-01-30T00:00:00Z,1900-01-01T19:30:00Z,2027-01-30T19:30:00Z,2027-01-30T05:00:00Z,1900-01-01T00:30:00Z,2027-01-31T00:30:00Z,2027-01-30T18:30:00Z,2027-01-30T19:30:00Z,Sat,1,15,Week 15,false,,,,,Rocket Arena,OH,Cleveland,N,,,False,1610612739,Cavaliers,Cleveland,CLE,cavaliers,0,0,0,0,1610612740,Pelicans,New Orleans,NOP,pelicans,0,0,0,0,,,,,,,,,,,,,,,,,,,,,,,,,,,,,,,,,,natl,radio,1001098,SiriusXM,SiriusXM,,,https://www.siriusxm.com/sports/nba,-1,,,,,,,,,,,,,,,,,,,,,,,,,,,,,,,,,,,,,,,,,,,,,,,,,,,,,,,,,,,,,,,,,,,,
00,2026-27,01/30/2027 00:00:00,0022600705,20270130/ATLMIL,1,8:00 pm ET,6,2027-01-30T00:00:00Z,1900-01-01T20:00:00Z,2027-01-30T20:00:00Z,2027-01-30T05:00:00Z,1900-01-01T01:00:00Z,2027-01-31T01:00:00Z,2027-01-30T20:00:00Z,2027-01-30T19:00:00Z,Sat,1,15,Week 15,false,,,,,Fiserv Forum,WI,Milwaukee,N,,,False,1610612749,Bucks,Milwaukee,MIL,bucks,0,0,0,0,1610612737,Hawks,Atlanta,ATL,hawks,0,0,0,0,,,,,,,,,,,,,,,,,,,,,,,,,,,,,,,,,,natl,radio,1001098,SiriusXM,SiriusXM,,,https://www.siriusxm.com/sports/nba,-1,,,,,,,,,,,,,,,,,,,,,,,,,,,,,,,,,,,,,,,,,,,,,,,,,,,,,,,,,,,,,,,,,,,,
00,2026-27,01/30/2027 00:00:00,0022600706,20270130/LALNYK,1,8:30 pm ET,7,2027-01-30T00:00:00Z,1900-01-01T20:30:00Z,2027-01-30T20:30:00Z,2027-01-30T05:00:00Z,1900-01-01T01:30:00Z,2027-01-31T01:30:00Z,2027-01-30T17:30:00Z,2027-01-30T20:30:00Z,Sat,1,15,Week 15,false,,AWS NBA Rivals Week,,,Madison Square Garden,NY,New York,N,,,False,1610612752,Knicks,New York,NYK,knicks,0,0,0,0,1610612747,Lakers,Los Angeles,LAL,lakers,0,0,0,0,natl,tv,1.0,ABC,ABC,,,,-1.0,1.0,,,,,,,,,,,,,,,,,,,,,,,,natl,radio,3,ESPN Radio,ESPNR,,,,-1,,,natl,radio,1001098.0,SiriusXM,SiriusXM,,,https://www.siriusxm.com/sports/nba,-1.0,,,,,,,,,,,,,,,,,,,,,,,,,,,,,,,,,,,,,,,,,,,,,,,away,radio,1001605.0,ESPN LA 710/980 KFWB,KSPN/KFWB,,,,1610612747.0,,
00,2026-27,01/30/2027 00:00:00,0022600707,20270130/MEMUTA,1,9:30 pm ET,8,2027-01-30T00:00:00Z,1900-01-01T21:30:00Z,2027-01-30T21:30:00Z,2027-01-30T05:00:00Z,1900-01-01T02:30:00Z,2027-01-31T02:30:00Z,2027-01-30T20:30:00Z,2027-01-30T19:30:00Z,Sat,1,15,Week 15,false,,,,,Delta Center,UT,Salt Lake City,N,,,False,1610612762,Jazz,Utah,UTA,jazz,0,0,0,0,1610612763,Grizzlies,Memphis,MEM,grizzlies,0,0,0,0,,,,,,,,,,,,,,,,,,,,,,,,,,,,,,,,,,natl,radio,1001098,SiriusXM,SiriusXM,,,https://www.siriusxm.com/sports/nba,-1,,,,,,,,,,,,,,,,,,,,,,,,,,,,,,,,,,,,,,,,,,,,,,,,,,,,,,,,,,,,,,,,,,,,
00,2026-27,01/31/2027 00:00:00,0022600708,20270131/SACDET,1,3:00 pm ET,1,2027-01-31T00:00:00Z,1900-01-01T15:00:00Z,2027-01-31T15:00:00Z,2027-01-31T05:00:00Z,1900-01-01T20:00:00Z,2027-01-31T20:00:00Z,2027-01-31T12:00:00Z,2027-01-31T15:00:00Z,Sun,1,15,Week 15,false,,,,,Little Caesars Arena,MI,Detroit,N,,,False,1610612765,Pistons,Detroit,DET,pistons,0,0,0,0,1610612758,Kings,Sacramento,SAC,kings,0,0,0,0,,,,,,,,,,,,,,,,,,,,,,,,,,,,,,,,,,natl,radio,1001098,SiriusXM,SiriusXM,,,https://www.siriusxm.com/sports/nba,-1,,,,,,,,,,,,,,,,,,,,,,,,,,,,,,,,,,,,,,,,,,,,,,,away,tv,1027.0,NBCSCA,NBCSCA,,,,1610612758.0,,,,,,,,,,,,,
00,2026-27,01/31/2027 00:00:00,0022600709,20270131/BKNORL,1,6:00 pm ET,2,2027-01-31T00:00:00Z,1900-01-01T18:00:00Z,2027-01-31T18:00:00Z,2027-01-31T05:00:00Z,1900-01-01T23:00:00Z,2027-01-31T23:00:00Z,2027-01-31T18:00:00Z,2027-01-31T18:00:00Z,Sun,1,15,Week 15,false,,,,,Kia Center,FL,Orlando,N,,,False,1610612753,Magic,Orlando,ORL,magic,0,0,0,0,1610612751,Nets,Brooklyn,BKN,nets,0,0,0,0,,,,,,,,,,,,,,,,,,,,,,,,,,,,,,,,,,natl,radio,1001098,SiriusXM,SiriusXM,,,https://www.siriusxm.com/sports/nba,-1,,,,,,,,,,,,,,,,,,,,,,,,,,,,,,,,,,,,,,,,,,,,,,,away,tv,175.0,DAZN (YES),YES,,,,1610612751.0,,,,,,,,,,,,,
00,2026-27,01/31/2027 00:00:00,0022600710,20270131/BOSTOR,1,6:00 pm ET,3,2027-01-31T00:00:00Z,1900-01-01T18:00:00Z,2027-01-31T18:00:00Z,2027-01-31T05:00:00Z,1900-01-01T23:00:00Z,2027-01-31T23:00:00Z,2027-01-31T18:00:00Z,2027-01-31T18:00:00Z,Sun,1,15,Week 15,false,,,,,Scotiabank Arena,ON,Toronto,N,,,False,1610612761,Raptors,Toronto,TOR,raptors,0,0,0,0,1610612738,Celtics,Boston,BOS,celtics,0,0,0,0,,,,,,,,,,,,,,,,,,,,,,,,,,,,,,,,,,natl,radio,1001098,SiriusXM,SiriusXM,,,https://www.siriusxm.com/sports/nba,-1,,,,,,,,,,,,,,,,,,,,,,,,,,,,,,,,,,,,,,,,,,,,,,,away,tv,1658.0,NBC SPORTS BOSTON,NBCSB,,,,1610612738.0,,,,,,,,,,,,,
00,2026-27,01/31/2027 00:00:00,0022600711,20270131/PHXMIN,1,6:00 pm ET,4,2027-01-31T00:00:00Z,1900-01-01T18:00:00Z,2027-01-31T18:00:00Z,2027-01-31T05:00:00Z,1900-01-01T23:00:00Z,2027-01-31T23:00:00Z,2027-01-31T16:00:00Z,2027-01-31T17:00:00Z,Sun,1,15,Week 15,false,,,,,Target Center,MN,Minneapolis,N,,,False,1610612750,Timberwolves,Minnesota,MIN,timberwolves,0,0,0,0,1610612756,Suns,Phoenix,PHX,suns,0,0,0,0,,,,,,,,,,,,,,,,,,,,,,,,,,,,,,,,,,natl,radio,1001098,SiriusXM,SiriusXM,,,https://www.siriusxm.com/sports/nba,-1,,,,,,,,,,,,,,,,,,,,,,,,,,,,,,,,,,,,,,,,,,,,,,,,,,,,,,,,,,,,,,,,,,,,
00,2026-27,01/31/2027 00:00:00,0022600712,20270131/CHIOKC,1,6:00 pm ET,5,2027-01-31T00:00:00Z,1900-01-01T18:00:00Z,2027-01-31T18:00:00Z,2027-01-31T05:00:00Z,1900-01-01T23:00:00Z,2027-01-31T23:00:00Z,2027-01-31T17:00:00Z,2027-01-31T17:00:00Z,Sun,1,15,Week 15,false,,,,,Paycom Center,OK,Oklahoma City,N,,,False,1610612760,Thunder,Oklahoma City,OKC,thunder,0,0,0,0,1610612741,Bulls,Chicago,CHI,bulls,0,0,0,0,,,,,,,,,,,,,,,,,,,,,,,,,,,,,,,,,,natl,radio,1001098,SiriusXM,SiriusXM,,,https://www.siriusxm.com/sports/nba,-1,,,,,,,,,,,,,,,,,,,,,,,,,,,,,,,,,,,,,,,,,,,,,,,,,,,,,,,,,,,,,,,,,,,,
00,2026-27,01/31/2027 00:00:00,0022600713,20270131/LALCHA,1,7:00 pm ET,6,2027-01-31T00:00:00Z,1900-01-01T19:00:00Z,2027-01-31T19:00:00Z,2027-01-31T05:00:00Z,1900-01-01T00:00:00Z,2027-02-01T00:00:00Z,2027-01-31T16:00:00Z,2027-01-31T19:00:00Z,Sun,1,15,Week 15,false,,,,,Spectrum Center,NC,Charlotte,N,,,False,1610612766,Hornets,Charlotte,CHA,hornets,0,0,0,0,1610612747,Lakers,Los Angeles,LAL,lakers,0,0,0,0,,,,,,,,,,,,,,,,,,,,,,,,,,,,,,,,,,natl,radio,1001098,SiriusXM,SiriusXM,,,https://www.siriusxm.com/sports/nba,-1,,,,,,,,,,,,,,,,,,,,,,,,,,,,,,,,,,,,,,,,,,,,,,,away,tv,1651.0,Spectrum SportsNet,SPECSN,,,,1610612747.0,,,away,radio,1001605.0,ESPN LA 710/980 KFWB,KSPN/KFWB,,,,1610612747.0,,
00,2026-27,01/31/2027 00:00:00,0022600714,20270131/PORDEN,1,8:00 pm ET,7,2027-01-31T00:00:00Z,1900-01-01T20:00:00Z,2027-01-31T20:00:00Z,2027-01-31T05:00:00Z,1900-01-01T01:00:00Z,2027-02-01T01:00:00Z,2027-01-31T17:00:00Z,2027-01-31T18:00:00Z,Sun,1,15,Week 15,false,,,,,Ball Arena,CO,Denver,N,,,False,1610612743,Nuggets,Denver,DEN,nuggets,0,0,0,0,1610612757,Trail Blazers,Portland,POR,blazers,0,0,0,0,,,,,,,,,,,,,,,,,,,,,,,,,,,,,,,,,,natl,radio,1001098,SiriusXM,SiriusXM,,,https://www.siriusxm.com/sports/nba,-1,,,,,,,,,,,,,,,,,,,,,,,,,,,,,,,,,,,,,,,,,,,,,,,away,tv,1001196.0,KUNP,KUNP,,,,1610612757.0,,,away,radio,1472.0,Rip City Radio 620,KPOJ,,,,1610612757.0,,
00,2026-27,01/31/2027 00:00:00,0022600715,20270131/HOUDAL,1,8:30 pm ET,8,2027-01-31T00:00:00Z,1900-01-01T20:30:00Z,2027-01-31T20:30:00Z,2027-01-31T05:00:00Z,1900-01-01T01:30:00Z,2027-02-01T01:30:00Z,2027-01-31T19:30:00Z,2027-01-31T19:30:00Z,Sun,1,15,Week 15,false,,,,,American Airlines Center,TX,Dallas,N,,,False,1610612742,Mavericks,Dallas,DAL,mavericks,0,0,0,0,1610612745,Rockets,Houston,HOU,rockets,0,0,0,0,natl,tv,147.0,Telemundo,Telemundo,,,,-1.0,10.0,,natl,tv,1001452.0,NBC,NBC,,,,-1.0,5.0,National,natl,tv,1001453.0,Peacock,Peacock,,,https://www.peacocktv.com/sports/nba?cid=2508sptnbaexterndinapplk26427&utm_campaign=2508sptnba&utm_source=nba_nba_nba&utm_medium=ernd_inapplk_acq_inapbnr&utm_term=nbafans&utm_content=nbaapplinks,-1.0,3.0,,natl,radio,1001098,SiriusXM,SiriusXM,,,https://www.siriusxm.com/sports/nba,-1,,,,,,,,,,,,,,,,,,,,,,,,,,,,,,,,,,,,,,,,,,,,,,,,,,,,,,,,,,,,,,,,,,,,
00,2026-27,02/01/2027 00:00:00,0022600716,20270201/WASATL,1,7:00 pm ET,1,2027-02-01T00:00:00Z,1900-01-01T19:00:00Z,2027-02-01T19:00:00Z,2027-02-01T05:00:00Z,1900-01-01T00:00:00Z,2027-02-02T00:00:00Z,2027-02-01T19:00:00Z,2027-02-01T19:00:00Z,Mon,2,16,Week 16,false,,,,,State Farm Arena,GA,Atlanta,N,,,False,1610612737,Hawks,Atlanta,ATL,hawks,0,0,0,0,1610612764,Wizards,Washington,WAS,wizards,0,0,0,0,,,,,,,,,,,,,,,,,,,,,,,,,,,,,,,,,,natl,radio,1001098,SiriusXM,SiriusXM,,,https://www.siriusxm.com/sports/nba,-1,,,,,,,,,,,,,,,,,,,,,,,,,,,,,,,,,,,,,,,,,,,,,,,,,,,,,,,,,,,,,,,,,,,,
00,2026-27,02/01/2027 00:00:00,0022600717,20270201/NOPPHI,1,7:00 pm ET,2,2027-02-01T00:00:00Z,1900-01-01T19:00:00Z,2027-02-01T19:00:00Z,2027-02-01T05:00:00Z,1900-01-01T00:00:00Z,2027-02-02T00:00:00Z,2027-02-01T18:00:00Z,2027-02-01T19:00:00Z,Mon,2,16,Week 16,false,,,,,Xfinity Mobile Arena,PA,Philadelphia,N,,,False,1610612755,76ers,Philadelphia,PHI,sixers,0,0,0,0,1610612740,Pelicans,New Orleans,NOP,pelicans,0,0,0,0,,,,,,,,,,,,,,,,,,,,,,,,,,,,,,,,,,natl,radio,1001098,SiriusXM,SiriusXM,,,https://www.siriusxm.com/sports/nba,-1,,,,,,,,,,,,,,,,,,,,,,,,,,,,,,,,,,,,,,,,,,,,,,,,,,,,,,,,,,,,,,,,,,,,
00,2026-27,02/01/2027 00:00:00,0022600718,20270201/NYKBKN,1,7:30 pm ET,3,2027-02-01T00:00:00Z,1900-01-01T19:30:00Z,2027-02-01T19:30:00Z,2027-02-01T05:00:00Z,1900-01-01T00:30:00Z,2027-02-02T00:30:00Z,2027-02-01T19:30:00Z,2027-02-01T19:30:00Z,Mon,2,16,Week 16,false,,,,,Barclays Center,NY,Brooklyn,N,,,False,1610612751,Nets,Brooklyn,BKN,nets,0,0,0,0,1610612752,Knicks,New York,NYK,knicks,0,0,0,0,,,,,,,,,,,,,,,,,,,,,,,,,,,,,,,,,,natl,radio,1001098,SiriusXM,SiriusXM,,,https://www.siriusxm.com/sports/nba,-1,,,,,,,,,,,,,,home,tv,175.0,DAZN (YES),YES,,,,1610612751.0,,,,,,,,,,,,,,,,,,,,,,,,,,,,,,,,,,,,,,,,,,,,,,
00,2026-27,02/01/2027 00:00:00,0022600719,20270201/MIAIND,1,7:30 pm ET,4,2027-02-01T00:00:00Z,1900-01-01T19:30:00Z,2027-02-01T19:30:00Z,2027-02-01T05:00:00Z,1900-01-01T00:30:00Z,2027-02-02T00:30:00Z,2027-02-01T19:30:00Z,2027-02-01T19:30:00Z,Mon,2,16,Week 16,false,,,,,Gainbridge Fieldhouse,IN,Indianapolis,N,,,False,1610612754,Pacers,Indiana,IND,pacers,0,0,0,0,1610612748,Heat,Miami,MIA,heat,0,0,0,0,natl,tv,1001453.0,Peacock,Peacock,,,https://www.peacocktv.com/sports/nba?cid=2508sptnbaexterndinapplk26427&utm_campaign=2508sptnba&utm_source=nba_nba_nba&utm_medium=ernd_inapplk_acq_inapbnr&utm_term=nbafans&utm_content=nbaapplinks,-1.0,3.0,,natl,tv,1001488.0,NBC Sports Network,NBCSN,,,,-1.0,7.0,National,,,,,,,,,,,,natl,radio,1001098,SiriusXM,SiriusXM,,,https://www.siriusxm.com/sports/nba,-1,,,,,,,,,,,,,,,,,,,,,,,,,,,,,,,,,,,,,,,,,,,,,,,,,,,,,,,,,,away,radio,1001523.0,FM 104.3 WQAM / S: WAQI 710,WQAM-FM/WAQI,,,,1610612748.0,,
00,2026-27,02/01/2027 00:00:00,0022600720,20270201/MEMMIL,1,8:00 pm ET,5,2027-02-01T00:00:00Z,1900-01-01T20:00:00Z,2027-02-01T20:00:00Z,2027-02-01T05:00:00Z,1900-01-01T01:00:00Z,2027-02-02T01:00:00Z,2027-02-01T19:00:00Z,2027-02-01T19:00:00Z,Mon,2,16,Week 16,false,,,,,Fiserv Forum,WI,Milwaukee,N,,,False,1610612749,Bucks,Milwaukee,MIL,bucks,0,0,0,0,1610612763,Grizzlies,Memphis,MEM,grizzlies,0,0,0,0,,,,,,,,,,,,,,,,,,,,,,,,,,,,,,,,,,natl,radio,1001098,SiriusXM,SiriusXM,,,https://www.siriusxm.com/sports/nba,-1,,,,,,,,,,,,,,,,,,,,,,,,,,,,,,,,,,,,,,,,,,,,,,,,,,,,,,,,,,,,,,,,,,,,
00,2026-27,02/01/2027 00:00:00,0022600721,20270201/CLEUTA,1,9:00 pm ET,6,2027-02-01T00:00:00Z,1900-01-01T21:00:00Z,2027-02-01T21:00:00Z,2027-02-01T05:00:00Z,1900-01-01T02:00:00Z,2027-02-02T02:00:00Z,2027-02-01T21:00:00Z,2027-02-01T19:00:00Z,Mon,2,16,Week 16,false,,,,,Delta Center,UT,Salt Lake City,N,,,False,1610612762,Jazz,Utah,UTA,jazz,0,0,0,0,1610612739,Cavaliers,Cleveland,CLE,cavaliers,0,0,0,0,,,,,,,,,,,,,,,,,,,,,,,,,,,,,,,,,,natl,radio,1001098,SiriusXM,SiriusXM,,,https://www.siriusxm.com/sports/nba,-1,,,,,,,,,,,,,,,,,,,,,,,,,,,,,,,,,,,,,,,,,,,,,,,,,,,,,,,,,,,,,,,,,,,,
00,2026-27,02/01/2027 00:00:00,0022600722,20270201/SASGSW,1,10:00 pm ET,7,2027-02-01T00:00:00Z,1900-01-01T22:00:00Z,2027-02-01T22:00:00Z,2027-02-01T05:00:00Z,1900-01-01T03:00:00Z,2027-02-02T03:00:00Z,2027-02-01T21:00:00Z,2027-02-01T19:00:00Z,Mon,2,16,Week 16,false,,,,,Chase Center,CA,San Francisco,N,,,False,1610612744,Warriors,Golden State,GSW,warriors,0,0,0,0,1610612759,Spurs,San Antonio,SAS,spurs,0,0,0,0,natl,tv,1001453.0,Peacock,Peacock,,,https://www.peacocktv.com/sports/nba?cid=2508sptnbaexterndinapplk26427&utm_campaign=2508sptnba&utm_source=nba_nba_nba&utm_medium=ernd_inapplk_acq_inapbnr&utm_term=nbafans&utm_content=nbaapplinks,-1.0,3.0,,natl,tv,1001488.0,NBC Sports Network,NBCSN,,,,-1.0,7.0,National,,,,,,,,,,,,natl,radio,1001098,SiriusXM,SiriusXM,,,https://www.siriusxm.com/sports/nba,-1,,,,,,,,,,,,,,,,,,,,,,,,,,,,,,,,,,,,,,,,,,,,,,,,,,,,,,,,,,,,,,,,,,,,
00,2026-27,02/02/2027 00:00:00,0022600723,20270202/CHIDET,1,7:00 pm ET,1,2027-02-02T00:00:00Z,1900-01-01T19:00:00Z,2027-02-02T19:00:00Z,2027-02-02T05:00:00Z,1900-01-01T00:00:00Z,2027-02-03T00:00:00Z,2027-02-02T18:00:00Z,2027-02-02T19:00:00Z,Tue,2,16,Week 16,false,,,,,Little Caesars Arena,MI,Detroit,N,,,False,1610612765,Pistons,Detroit,DET,pistons,0,0,0,0,1610612741,Bulls,Chicago,CHI,bulls,0,0,0,0,,,,,,,,,,,,,,,,,,,,,,,,,,,,,,,,,,natl,radio,1001098,SiriusXM,SiriusXM,,,https://www.siriusxm.com/sports/nba,-1,,,,,,,,,,,,,,,,,,,,,,,,,,,,,,,,,,,,,,,,,,,,,,,,,,,,,,,,,,,,,,,,,,,,
00,2026-27,02/02/2027 00:00:00,0022600724,20270202/NOPORL,1,7:00 pm ET,2,2027-02-02T00:00:00Z,1900-01-01T19:00:00Z,2027-02-02T19:00:00Z,2027-02-02T05:00:00Z,1900-01-01T00:00:00Z,2027-02-03T00:00:00Z,2027-02-02T18:00:00Z,2027-02-02T19:00:00Z,Tue,2,16,Week 16,false,,,,,Kia Center,FL,Orlando,N,,,False,1610612753,Magic,Orlando,ORL,magic,0,0,0,0,1610612740,Pelicans,New Orleans,NOP,pelicans,0,0,0,0,,,,,,,,,,,,,,,,,,,,,,,,,,,,,,,,,,natl,radio,1001098,SiriusXM,SiriusXM,,,https://www.siriusxm.com/sports/nba,-1,,,,,,,,,,,,,,,,,,,,,,,,,,,,,,,,,,,,,,,,,,,,,,,,,,,,,,,,,,,,,,,,,,,,
00,2026-27,02/02/2027 00:00:00,0022600725,20270202/CHAMIA,1,7:30 pm ET,3,2027-02-02T00:00:00Z,1900-01-01T19:30:00Z,2027-02-02T19:30:00Z,2027-02-02T05:00:00Z,1900-01-01T00:30:00Z,2027-02-03T00:30:00Z,2027-02-02T19:30:00Z,2027-02-02T19:30:00Z,Tue,2,16,Week 16,false,,,,,Kaseya Center,FL,Miami,N,,,False,1610612748,Heat,Miami,MIA,heat,0,0,0,0,1610612766,Hornets,Charlotte,CHA,hornets,0,0,0,0,,,,,,,,,,,,,,,,,,,,,,,,,,,,,,,,,,natl,radio,1001098,SiriusXM,SiriusXM,,,https://www.siriusxm.com/sports/nba,-1,,,,,,,,,,,,,,home,tv,1001720.0,WPLG Local 10,WPLG,,,https://local10plusplatinum.maz.tv/open?deeplink=local10platinum://item/3776211-3882966?item=44d4cc7fbb9f4bd72cf272489b39eadf-3742525-3848761,1610612748.0,,,,,,,,,,,,,,home,radio,1001523.0,FM 104.3 WQAM / S: WAQI 710,WQAM-FM/WAQI,,,,1610612748.0,,,,,,,,,,,,,,,,,,,,,,,,
00,2026-27,02/02/2027 00:00:00,0022600726,20270202/LALBOS,1,8:00 pm ET,4,2027-02-02T00:00:00Z,1900-01-01T20:00:00Z,2027-02-02T20:00:00Z,2027-02-02T05:00:00Z,1900-01-01T01:00:00Z,2027-02-03T01:00:00Z,2027-02-02T17:00:00Z,2027-02-02T20:00:00Z,Tue,2,16,Week 16,false,,,,,TD Garden,MA,Boston,N,,,False,1610612738,Celtics,Boston,BOS,celtics,0,0,0,0,1610612747,Lakers,Los Angeles,LAL,lakers,0,0,0,0,natl,tv,1001452.0,NBC,NBC,,,,-1.0,5.0,East,natl,tv,1001453.0,Peacock,Peacock,,,https://www.peacocktv.com/sports/nba?cid=2508sptnbaexterndinapplk26427&utm_campaign=2508sptnba&utm_source=nba_nba_nba&utm_medium=ernd_inapplk_acq_inapbnr&utm_term=nbafans&utm_content=nbaapplinks,-1.0,3.0,,,,,,,,,,,,,natl,radio,1001098,SiriusXM,SiriusXM,,,https://www.siriusxm.com/sports/nba,-1,,,,,,,,,,,,,,home,tv,1658.0,NBC SPORTS BOSTON,NBCSB,,,,1610612738.0,,,,,,,,,,,,,,,,,,,,,,,,,,,,,,,,,,,,away,radio,1001605.0,ESPN LA 710/980 KFWB,KSPN/KFWB,,,,1610612747.0,,
00,2026-27,02/02/2027 00:00:00,0022600727,20270202/TORDAL,1,8:00 pm ET,5,2027-02-02T00:00:00Z,1900-01-01T20:00:00Z,2027-02-02T20:00:00Z,2027-02-02T05:00:00Z,1900-01-01T01:00:00Z,2027-02-03T01:00:00Z,2027-02-02T20:00:00Z,2027-02-02T19:00:00Z,Tue,2,16,Week 16,false,,,,,American Airlines Center,TX,Dallas,N,,,False,1610612742,Mavericks,Dallas,DAL,mavericks,0,0,0,0,1610612761,Raptors,Toronto,TOR,raptors,0,0,0,0,,,,,,,,,,,,,,,,,,,,,,,,,,,,,,,,,,natl,radio,1001098,SiriusXM,SiriusXM,,,https://www.siriusxm.com/sports/nba,-1,,,,,,,,,,,,,,,,,,,,,,,,,,,,,,,,,,,,,,,,,,,,,,,,,,,,,,,,,,,,,,,,,,,,
00,2026-27,02/02/2027 00:00:00,0022600728,20270202/OKCDEN,1,9:00 pm ET,6,2027-02-02T00:00:00Z,1900-01-01T21:00:00Z,2027-02-02T21:00:00Z,2027-02-02T05:00:00Z,1900-01-01T02:00:00Z,2027-02-03T02:00:00Z,2027-02-02T20:00:00Z,2027-02-02T19:00:00Z,Tue,2,16,Week 16,false,,,,,Ball Arena,CO,Denver,N,,,False,1610612743,Nuggets,Denver,DEN,nuggets,0,0,0,0,1610612760,Thunder,Oklahoma City,OKC,thunder,0,0,0,0,,,,,,,,,,,,,,,,,,,,,,,,,,,,,,,,,,natl,radio,1001098,SiriusXM,SiriusXM,,,https://www.siriusxm.com/sports/nba,-1,,,,,,,,,,,,,,,,,,,,,,,,,,,,,,,,,,,,,,,,,,,,,,,,,,,,,,,,,,,,,,,,,,,,
00,2026-27,02/02/2027 00:00:00,0022600729,20270202/SASLAC,1,10:30 pm ET,7,2027-02-02T00:00:00Z,1900-01-01T22:30:00Z,2027-02-02T22:30:00Z,2027-02-02T05:00:00Z,1900-01-01T03:30:00Z,2027-02-03T03:30:00Z,2027-02-02T21:30:00Z,2027-02-02T19:30:00Z,Tue,2,16,Week 16,false,,,,,Intuit Dome,CA,Inglewood,N,,,False,1610612746,Clippers,LA,LAC,clippers,0,0,0,0,1610612759,Spurs,San Antonio,SAS,spurs,0,0,0,0,,,,,,,,,,,,,,,,,,,,,,,,,,,,,,,,,,natl,radio,1001098,SiriusXM,SiriusXM,,,https://www.siriusxm.com/sports/nba,-1,,,,,,,,,,,,,,,,,,,,,,,,,,,,,,,,,,,,,,,,,,,,,,,,,,,,,,,,,,,,,,,,,,,,
00,2026-27,02/02/2027 00:00:00,0022600730,20270202/MINPOR,1,11:00 pm ET,8,2027-02-02T00:00:00Z,1900-01-01T23:00:00Z,2027-02-02T23:00:00Z,2027-02-02T05:00:00Z,1900-01-01T04:00:00Z,2027-02-03T04:00:00Z,2027-02-02T22:00:00Z,2027-02-02T20:00:00Z,Tue,2,16,Week 16,false,,,,,Moda Center,OR,Portland,N,,,False,1610612757,Trail Blazers,Portland,POR,blazers,0,0,0,0,1610612750,Timberwolves,Minnesota,MIN,timberwolves,0,0,0,0,natl,tv,1001452.0,NBC,NBC,,,,-1.0,5.0,West,natl,tv,1001453.0,Peacock,Peacock,,,https://www.peacocktv.com/sports/nba?cid=2508sptnbaexterndinapplk26427&utm_campaign=2508sptnba&utm_source=nba_nba_nba&utm_medium=ernd_inapplk_acq_inapbnr&utm_term=nbafans&utm_content=nbaapplinks,-1.0,3.0,,,,,,,,,,,,,natl,radio,1001098,SiriusXM,SiriusXM,,,https://www.siriusxm.com/sports/nba,-1,,,,,,,,,,,,,,,,,,,,,,,,,,,,,,,,,,,,home,radio,1472.0,Rip City Radio 620,KPOJ,,,,1610612757.0,,,,,,,,,,,,,,,,,,,,,,,,
00,2026-27,02/03/2027 00:00:00,0022600731,20270203/NYKDET,1,7:00 pm ET,1,2027-02-03T00:00:00Z,1900-01-01T19:00:00Z,2027-02-03T19:00:00Z,2027-02-03T05:00:00Z,1900-01-01T00:00:00Z,2027-02-04T00:00:00Z,2027-02-03T19:00:00Z,2027-02-03T19:00:00Z,Wed,2,16,Week 16,false,,NBA Pioneers Classic,,,Little Caesars Arena,MI,Detroit,N,,,False,1610612765,Pistons,Detroit,DET,pistons,0,0,0,0,1610612752,Knicks,New York,NYK,knicks,0,0,0,0,natl,tv,2.0,ESPN,ESPN,,,https://www.espn.com/watch/catalog/7b3729c9-7f69-308a-bf8a-ee15a6aba154/nba#bucketId=29446&sourceCollection=Featured_Sports_,-1.0,2.0,,,,,,,,,,,,,,,,,,,,,,,,natl,radio,1001098,SiriusXM,SiriusXM,,,https://www.siriusxm.com/sports/nba,-1,,,,,,,,,,,,,,,,,,,,,,,,,,,,,,,,,,,,,,,,,,,,,,,,,,,,,,,,,,,,,,,,,,,,
00,2026-27,02/03/2027 00:00:00,0022600732,20270203/ATLIND,1,7:00 pm ET,2,2027-02-03T00:00:00Z,1900-01-01T19:00:00Z,2027-02-03T19:00:00Z,2027-02-03T05:00:00Z,1900-01-01T00:00:00Z,2027-02-04T00:00:00Z,2027-02-03T19:00:00Z,2027-02-03T19:00:00Z,Wed,2,16,Week 16,false,,,,,Gainbridge Fieldhouse,IN,Indianapolis,N,,,False,1610612754,Pacers,Indiana,IND,pacers,0,0,0,0,1610612737,Hawks,Atlanta,ATL,hawks,0,0,0,0,,,,,,,,,,,,,,,,,,,,,,,,,,,,,,,,,,natl,radio,1001098,SiriusXM,SiriusXM,,,https://www.siriusxm.com/sports/nba,-1,,,,,,,,,,,,,,,,,,,,,,,,,,,,,,,,,,,,,,,,,,,,,,,,,,,,,,,,,,,,,,,,,,,,
00,2026-27,02/03/2027 00:00:00,0022600733,20270203/PHIMEM,1,8:00 pm ET,3,2027-02-03T00:00:00Z,1900-01-01T20:00:00Z,2027-02-03T20:00:00Z,2027-02-03T05:00:00Z,1900-01-01T01:00:00Z,2027-02-04T01:00:00Z,2027-02-03T20:00:00Z,2027-02-03T19:00:00Z,Wed,2,16,Week 16,false,,,,,FedExForum,TN,Memphis,N,,,False,1610612763,Grizzlies,Memphis,MEM,grizzlies,0,0,0,0,1610612755,76ers,Philadelphia,PHI,sixers,0,0,0,0,,,,,,,,,,,,,,,,,,,,,,,,,,,,,,,,,,natl,radio,1001098,SiriusXM,SiriusXM,,,https://www.siriusxm.com/sports/nba,-1,,,,,,,,,,,,,,,,,,,,,,,,,,,,,,,,,,,,,,,,,,,,,,,,,,,,,,,,,,,,,,,,,,,,
00,2026-27,02/03/2027 00:00:00,0022600734,20270203/CLEPHX,1,9:00 pm ET,4,2027-02-03T00:00:00Z,1900-01-01T21:00:00Z,2027-02-03T21:00:00Z,2027-02-03T05:00:00Z,1900-01-01T02:00:00Z,2027-02-04T02:00:00Z,2027-02-03T21:00:00Z,2027-02-03T19:00:00Z,Wed,2,16,Week 16,false,,,,,Mortgage Matchup Center,AZ,Phoenix,N,,,False,1610612756,Suns,Phoenix,PHX,suns,0,0,0,0,1610612739,Cavaliers,Cleveland,CLE,cavaliers,0,0,0,0,,,,,,,,,,,,,,,,,,,,,,,,,,,,,,,,,,natl,radio,1001098,SiriusXM,SiriusXM,,,https://www.siriusxm.com/sports/nba,-1,,,,,,,,,,,,,,,,,,,,,,,,,,,,,,,,,,,,,,,,,,,,,,,,,,,,,,,,,,,,,,,,,,,,
00,2026-27,02/03/2027 00:00:00,0022600735,20270203/UTAHOU,1,9:30 pm ET,5,2027-02-03T00:00:00Z,1900-01-01T21:30:00Z,2027-02-03T21:30:00Z,2027-02-03T05:00:00Z,1900-01-01T02:30:00Z,2027-02-04T02:30:00Z,2027-02-03T19:30:00Z,2027-02-03T20:30:00Z,Wed,2,16,Week 16,false,,,,,Toyota Center,TX,Houston,N,,,False,1610612745,Rockets,Houston,HOU,rockets,0,0,0,0,1610612762,Jazz,Utah,UTA,jazz,0,0,0,0,natl,tv,2.0,ESPN,ESPN,,,https://www.espn.com/watch/catalog/7b3729c9-7f69-308a-bf8a-ee15a6aba154/nba#bucketId=29446&sourceCollection=Featured_Sports_,-1.0,2.0,,,,,,,,,,,,,,,,,,,,,,,,natl,radio,1001098,SiriusXM,SiriusXM,,,https://www.siriusxm.com/sports/nba,-1,,,,,,,,,,,,,,,,,,,,,,,,,,,,,,,,,,,,,,,,,,,,,,,,,,,,,,,,,,,,,,,,,,,,
00,2026-27,02/03/2027 00:00:00,0022600736,20270203/GSWLAC,1,10:30 pm ET,6,2027-02-03T00:00:00Z,1900-01-01T22:30:00Z,2027-02-03T22:30:00Z,2027-02-03T05:00:00Z,1900-01-01T03:30:00Z,2027-02-04T03:30:00Z,2027-02-03T19:30:00Z,2027-02-03T19:30:00Z,Wed,2,16,Week 16,false,,,,,Intuit Dome,CA,Inglewood,N,,,False,1610612746,Clippers,LA,LAC,clippers,0,0,0,0,1610612744,Warriors,Golden State,GSW,warriors,0,0,0,0,,,,,,,,,,,,,,,,,,,,,,,,,,,,,,,,,,natl,radio,1001098,SiriusXM,SiriusXM,,,https://www.siriusxm.com/sports/nba,-1,,,,,,,,,,,,,,,,,,,,,,,,,,,,,,,,,,,,,,,,,,,,,,,away,tv,1097.0,NBCSBA,NBCSBA,,,,1610612744.0,,,,,,,,,,,,,
00,2026-27,02/04/2027 00:00:00,0022600737,20270204/NOPWAS,1,7:00 pm ET,1,2027-02-04T00:00:00Z,1900-01-01T19:00:00Z,2027-02-04T19:00:00Z,2027-02-04T05:00:00Z,1900-01-01T00:00:00Z,2027-02-05T00:00:00Z,2027-02-04T18:00:00Z,2027-02-04T19:00:00Z,Thu,2,16,Week 16,false,,,,,Capital One Arena,DC,Washington,N,,,False,1610612764,Wizards,Washington,WAS,wizards,0,0,0,0,1610612740,Pelicans,New Orleans,NOP,pelicans,0,0,0,0,,,,,,,,,,,,,,,,,,,,,,,,,,,,,,,,,,natl,radio,1001098,SiriusXM,SiriusXM,,,https://www.siriusxm.com/sports/nba,-1,,,,,,,,,,,,,,,,,,,,,,,,,,,,,,,,,,,,,,,,,,,,,,,,,,,,,,,,,,,,,,,,,,,,
00,2026-27,02/04/2027 00:00:00,0022600738,20270204/LALBKN,1,7:30 pm ET,2,2027-02-04T00:00:00Z,1900-01-01T19:30:00Z,2027-02-04T19:30:00Z,2027-02-04T05:00:00Z,1900-01-01T00:30:00Z,2027-02-05T00:30:00Z,2027-02-04T16:30:00Z,2027-02-04T19:30:00Z,Thu,2,16,Week 16,false,,,,,Barclays Center,NY,Brooklyn,N,,,False,1610612751,Nets,Brooklyn,BKN,nets,0,0,0,0,1610612747,Lakers,Los Angeles,LAL,lakers,0,0,0,0,,,,,,,,,,,,,,,,,,,,,,,,,,,,,,,,,,natl,radio,1001098,SiriusXM,SiriusXM,,,https://www.siriusxm.com/sports/nba,-1,,,,,,,,,,,,,,home,tv,175.0,DAZN (YES),YES,,,,1610612751.0,,,,,,,,,,,,,,,,,,,,,,,,,away,tv,1651.0,Spectrum SportsNet,SPECSN,,,,1610612747.0,,,away,radio,1001605.0,ESPN LA 710/980 KFWB,KSPN/KFWB,,,,1610612747.0,,
00,2026-27,02/04/2027 00:00:00,0022600739,20270204/BOSCHA,1,7:30 pm ET,3,2027-02-04T00:00:00Z,1900-01-01T19:30:00Z,2027-02-04T19:30:00Z,2027-02-04T05:00:00Z,1900-01-01T00:30:00Z,2027-02-05T00:30:00Z,2027-02-04T19:30:00Z,2027-02-04T19:30:00Z,Thu,2,16,Week 16,false,,,,,Spectrum Center,NC,Charlotte,N,,,False,1610612766,Hornets,Charlotte,CHA,hornets,0,0,0,0,1610612738,Celtics,Boston,BOS,celtics,0,0,0,0,natl,tv,1000664.0,Prime Video,Amazon,,,https://www.amazon.com/gp/video/tournament/amzn1.dv.icid.cf75b42a-68cd-4a1c-993a-a0b3f0575c5f?jic=20%7CCgZTcG9ydHMSA2FsbA%3D%3D&ref_=atv_hm_spo_c_7a7vxF_4_6,-1.0,4.0,,,,,,,,,,,,,,,,,,,,,,,,natl,radio,1001098,SiriusXM,SiriusXM,,,https://www.siriusxm.com/sports/nba,-1,,,,,,,,,,,,,,,,,,,,,,,,,,,,,,,,,,,,,,,,,,,,,,,away,tv,1658.0,NBC SPORTS BOSTON,NBCSB,,,,1610612738.0,,,,,,,,,,,,,
00,2026-27,02/04/2027 00:00:00,0022600740,20270204/MILMIA,1,7:30 pm ET,4,2027-02-04T00:00:00Z,1900-01-01T19:30:00Z,2027-02-04T19:30:00Z,2027-02-04T05:00:00Z,1900-01-01T00:30:00Z,2027-02-05T00:30:00Z,2027-02-04T18:30:00Z,2027-02-04T19:30:00Z,Thu,2,16,Week 16,false,,,,,Kaseya Center,FL,Miami,N,,,False,1610612748,Heat,Miami,MIA,heat,0,0,0,0,1610612749,Bucks,Milwaukee,MIL,bucks,0,0,0,0,,,,,,,,,,,,,,,,,,,,,,,,,,,,,,,,,,natl,radio,1001098,SiriusXM,SiriusXM,,,https://www.siriusxm.com/sports/nba,-1,,,,,,,,,,,,,,home,tv,1001720.0,WPLG Local 10,WPLG,,,https://local10plusplatinum.maz.tv/open?deeplink=local10platinum://item/3776211-3882966?item=44d4cc7fbb9f4bd72cf272489b39eadf-3742525-3848761,1610612748.0,,,,,,,,,,,,,,home,radio,1001523.0,FM 104.3 WQAM / S: WAQI 710,WQAM-FM/WAQI,,,,1610612748.0,,,,,,,,,,,,,,,,,,,,,,,,
00,2026-27,02/04/2027 00:00:00,0022600741,20270204/TORNYK,1,7:30 pm ET,5,2027-02-04T00:00:00Z,1900-01-01T19:30:00Z,2027-02-04T19:30:00Z,2027-02-04T05:00:00Z,1900-01-01T00:30:00Z,2027-02-05T00:30:00Z,2027-02-04T19:30:00Z,2027-02-04T19:30:00Z,Thu,2,16,Week 16,false,,,,,Madison Square Garden,NY,New York,N,,,False,1610612752,Knicks,New York,NYK,knicks,0,0,0,0,1610612761,Raptors,Toronto,TOR,raptors,0,0,0,0,,,,,,,,,,,,,,,,,,,,,,,,,,,,,,,,,,natl,radio,1001098,SiriusXM,SiriusXM,,,https://www.siriusxm.com/sports/nba,-1,,,,,,,,,,,,,,,,,,,,,,,,,,,,,,,,,,,,,,,,,,,,,,,,,,,,,,,,,,,,,,,,,,,,
00,2026-27,02/04/2027 00:00:00,0022600742,20270204/OKCCHI,1,8:00 pm ET,6,2027-02-04T00:00:00Z,1900-01-01T20:00:00Z,2027-02-04T20:00:00Z,2027-02-04T05:00:00Z,1900-01-01T01:00:00Z,2027-02-05T01:00:00Z,2027-02-04T19:00:00Z,2027-02-04T19:00:00Z,Thu,2,16,Week 16,false,,,,,United Center,IL,Chicago,N,,,False,1610612741,Bulls,Chicago,CHI,bulls,0,0,0,0,1610612760,Thunder,Oklahoma City,OKC,thunder,0,0,0,0,,,,,,,,,,,,,,,,,,,,,,,,,,,,,,,,,,natl,radio,1001098,SiriusXM,SiriusXM,,,https://www.siriusxm.com/sports/nba,-1,,,,,,,,,,,,,,,,,,,,,,,,,,,,,,,,,,,,,,,,,,,,,,,,,,,,,,,,,,,,,,,,,,,,
00,2026-27,02/04/2027 00:00:00,0022600743,20270204/ORLSAS,1,8:00 pm ET,7,2027-02-04T00:00:00Z,1900-01-01T20:00:00Z,2027-02-04T20:00:00Z,2027-02-04T05:00:00Z,1900-01-01T01:00:00Z,2027-02-05T01:00:00Z,2027-02-04T20:00:00Z,2027-02-04T19:00:00Z,Thu,2,16,Week 16,false,,,,,Frost Bank Center,TX,San Antonio,N,,,False,1610612759,Spurs,San Antonio,SAS,spurs,0,0,0,0,1610612753,Magic,Orlando,ORL,magic,0,0,0,0,,,,,,,,,,,,,,,,,,,,,,,,,,,,,,,,,,natl,radio,1001098,SiriusXM,SiriusXM,,,https://www.siriusxm.com/sports/nba,-1,,,,,,,,,,,,,,,,,,,,,,,,,,,,,,,,,,,,,,,,,,,,,,,,,,,,,,,,,,,,,,,,,,,,
00,2026-27,02/04/2027 00:00:00,0022600744,20270204/DALDEN,1,10:00 pm ET,8,2027-02-04T00:00:00Z,1900-01-01T22:00:00Z,2027-02-04T22:00:00Z,2027-02-04T05:00:00Z,1900-01-01T03:00:00Z,2027-02-05T03:00:00Z,2027-02-04T21:00:00Z,2027-02-04T20:00:00Z,Thu,2,16,Week 16,false,,,,,Ball Arena,CO,Denver,N,,,False,1610612743,Nuggets,Denver,DEN,nuggets,0,0,0,0,1610612742,Mavericks,Dallas,DAL,mavericks,0,0,0,0,natl,tv,1000664.0,Prime Video,Amazon,,,https://www.amazon.com/gp/video/tournament/amzn1.dv.icid.cf75b42a-68cd-4a1c-993a-a0b3f0575c5f?jic=20%7CCgZTcG9ydHMSA2FsbA%3D%3D&ref_=atv_hm_spo_c_7a7vxF_4_6,-1.0,4.0,,,,,,,,,,,,,,,,,,,,,,,,natl,radio,1001098,SiriusXM,SiriusXM,,,https://www.siriusxm.com/sports/nba,-1,,,,,,,,,,,,,,,,,,,,,,,,,,,,,,,,,,,,,,,,,,,,,,,,,,,,,,,,,,,,,,,,,,,,
00,2026-27,02/04/2027 00:00:00,0022600745,20270204/CLEPOR,1,10:00 pm ET,9,2027-02-04T00:00:00Z,1900-01-01T22:00:00Z,2027-02-04T22:00:00Z,2027-02-04T05:00:00Z,1900-01-01T03:00:00Z,2027-02-05T03:00:00Z,2027-02-04T22:00:00Z,2027-02-04T19:00:00Z,Thu,2,16,Week 16,false,,,,,Moda Center,OR,Portland,N,,,False,1610612757,Trail Blazers,Portland,POR,blazers,0,0,0,0,1610612739,Cavaliers,Cleveland,CLE,cavaliers,0,0,0,0,,,,,,,,,,,,,,,,,,,,,,,,,,,,,,,,,,natl,radio,1001098,SiriusXM,SiriusXM,,,https://www.siriusxm.com/sports/nba,-1,,,,,,,,,,,,,,home,tv,1001196.0,KUNP,KUNP,,,,1610612757.0,,,,,,,,,,,,,,home,radio,1472.0,Rip City Radio 620,KPOJ,,,,1610612757.0,,,,,,,,,,,,,,,,,,,,,,,,
00,2026-27,02/04/2027 00:00:00,0022600746,20270204/MINSAC,1,10:00 pm ET,10,2027-02-04T00:00:00Z,1900-01-01T22:00:00Z,2027-02-04T22:00:00Z,2027-02-04T05:00:00Z,1900-01-01T03:00:00Z,2027-02-05T03:00:00Z,2027-02-04T21:00:00Z,2027-02-04T19:00:00Z,Thu,2,16,Week 16,false,,,,,Golden 1 Center,CA,Sacramento,N,,,False,1610612758,Kings,Sacramento,SAC,kings,0,0,0,0,1610612750,Timberwolves,Minnesota,MIN,timberwolves,0,0,0,0,,,,,,,,,,,,,,,,,,,,,,,,,,,,,,,,,,natl,radio,1001098,SiriusXM,SiriusXM,,,https://www.siriusxm.com/sports/nba,-1,,,,,,,,,,,,,,home,tv,1027.0,NBCSCA,NBCSCA,,,,1610612758.0,,,,,,,,,,,,,,,,,,,,,,,,,,,,,,,,,,,,,,,,,,,,,,
00,2026-27,02/05/2027 00:00:00,0022600747,20270205/BOSATL,1,7:00 pm ET,1,2027-02-05T00:00:00Z,1900-01-01T19:00:00Z,2027-02-05T19:00:00Z,2027-02-05T05:00:00Z,1900-01-01T00:00:00Z,2027-02-06T00:00:00Z,2027-02-05T19:00:00Z,2027-02-05T19:00:00Z,Fri,2,16,Week 16,false,,,,,State Farm Arena,GA,Atlanta,N,,,False,1610612737,Hawks,Atlanta,ATL,hawks,0,0,0,0,1610612738,Celtics,Boston,BOS,celtics,0,0,0,0,,,,,,,,,,,,,,,,,,,,,,,,,,,,,,,,,,natl,radio,1001098,SiriusXM,SiriusXM,,,https://www.siriusxm.com/sports/nba,-1,,,,,,,,,,,,,,,,,,,,,,,,,,,,,,,,,,,,,,,,,,,,,,,away,tv,1658.0,NBC SPORTS BOSTON,NBCSB,,,,1610612738.0,,,,,,,,,,,,,
00,2026-27,02/05/2027 00:00:00,0022600748,20270205/GSWCHA,1,7:00 pm ET,2,2027-02-05T00:00:00Z,1900-01-01T19:00:00Z,2027-02-05T19:00:00Z,2027-02-05T05:00:00Z,1900-01-01T00:00:00Z,2027-02-06T00:00:00Z,2027-02-05T16:00:00Z,2027-02-05T19:00:00Z,Fri,2,16,Week 16,false,,,,,Spectrum Center,NC,Charlotte,N,,,False,1610612766,Hornets,Charlotte,CHA,hornets,0,0,0,0,1610612744,Warriors,Golden State,GSW,warriors,0,0,0,0,,,,,,,,,,,,,,,,,,,,,,,,,,,,,,,,,,natl,radio,1001098,SiriusXM,SiriusXM,,,https://www.siriusxm.com/sports/nba,-1,,,,,,,,,,,,,,,,,,,,,,,,,,,,,,,,,,,,,,,,,,,,,,,away,tv,1097.0,NBCSBA,NBCSBA,,,,1610612744.0,,,,,,,,,,,,,
00,2026-27,02/05/2027 00:00:00,0022600749,20270205/DETPHI,1,7:00 pm ET,3,2027-02-05T00:00:00Z,1900-01-01T19:00:00Z,2027-02-05T19:00:00Z,2027-02-05T05:00:00Z,1900-01-01T00:00:00Z,2027-02-06T00:00:00Z,2027-02-05T19:00:00Z,2027-02-05T19:00:00Z,Fri,2,16,Week 16,false,,,,,Xfinity Mobile Arena,PA,Philadelphia,N,,,False,1610612755,76ers,Philadelphia,PHI,sixers,0,0,0,0,1610612765,Pistons,Detroit,DET,pistons,0,0,0,0,natl,tv,1000664.0,Prime Video,Amazon,,,https://www.amazon.com/gp/video/tournament/amzn1.dv.icid.cf75b42a-68cd-4a1c-993a-a0b3f0575c5f?jic=20%7CCgZTcG9ydHMSA2FsbA%3D%3D&ref_=atv_hm_spo_c_7a7vxF_4_6,-1.0,4.0,,,,,,,,,,,,,,,,,,,,,,,,natl,radio,1001098,SiriusXM,SiriusXM,,,https://www.siriusxm.com/sports/nba,-1,,,,,,,,,,,,,,,,,,,,,,,,,,,,,,,,,,,,,,,,,,,,,,,,,,,,,,,,,,,,,,,,,,,,
00,2026-27,02/05/2027 00:00:00,0022600750,20270205/LACDEN,1,9:00 pm ET,4,2027-02-05T00:00:00Z,1900-01-01T21:00:00Z,2027-02-05T21:00:00Z,2027-02-05T05:00:00Z,1900-01-01T02:00:00Z,2027-02-06T02:00:00Z,2027-02-05T18:00:00Z,2027-02-05T19:00:00Z,Fri,2,16,Week 16,false,,,,,Ball Arena,CO,Denver,N,,,False,1610612743,Nuggets,Denver,DEN,nuggets,0,0,0,0,1610612746,Clippers,LA,LAC,clippers,0,0,0,0,,,,,,,,,,,,,,,,,,,,,,,,,,,,,,,,,,natl,radio,1001098,SiriusXM,SiriusXM,,,https://www.siriusxm.com/sports/nba,-1,,,,,,,,,,,,,,,,,,,,,,,,,,,,,,,,,,,,,,,,,,,,,,,,,,,,,,,,,,,,,,,,,,,,
00,2026-27,02/05/2027 00:00:00,0022600751,20270205/HOUPHX,1,9:00 pm ET,5,2027-02-05T00:00:00Z,1900-01-01T21:00:00Z,2027-02-05T21:00:00Z,2027-02-05T05:00:00Z,1900-01-01T02:00:00Z,2027-02-06T02:00:00Z,2027-02-05T20:00:00Z,2027-02-05T19:00:00Z,Fri,2,16,Week 16,false,,,,,Mortgage Matchup Center,AZ,Phoenix,N,,,False,1610612756,Suns,Phoenix,PHX,suns,0,0,0,0,1610612745,Rockets,Houston,HOU,rockets,0,0,0,0,,,,,,,,,,,,,,,,,,,,,,,,,,,,,,,,,,natl,radio,1001098,SiriusXM,SiriusXM,,,https://www.siriusxm.com/sports/nba,-1,,,,,,,,,,,,,,,,,,,,,,,,,,,,,,,,,,,,,,,,,,,,,,,,,,,,,,,,,,,,,,,,,,,,
00,2026-27,02/05/2027 00:00:00,0022600752,20270205/INDOKC,1,9:30 pm ET,6,2027-02-05T00:00:00Z,1900-01-01T21:30:00Z,2027-02-05T21:30:00Z,2027-02-05T05:00:00Z,1900-01-01T02:30:00Z,2027-02-06T02:30:00Z,2027-02-05T21:30:00Z,2027-02-05T20:30:00Z,Fri,2,16,Week 16,false,,,,,Paycom Center,OK,Oklahoma City,N,,,False,1610612760,Thunder,Oklahoma City,OKC,thunder,0,0,0,0,1610612754,Pacers,Indiana,IND,pacers,0,0,0,0,natl,tv,1000664.0,Prime Video,Amazon,,,https://www.amazon.com/gp/video/tournament/amzn1.dv.icid.cf75b42a-68cd-4a1c-993a-a0b3f0575c5f?jic=20%7CCgZTcG9ydHMSA2FsbA%3D%3D&ref_=atv_hm_spo_c_7a7vxF_4_6,-1.0,4.0,,,,,,,,,,,,,,,,,,,,,,,,natl,radio,1001098,SiriusXM,SiriusXM,,,https://www.siriusxm.com/sports/nba,-1,,,,,,,,,,,,,,,,,,,,,,,,,,,,,,,,,,,,,,,,,,,,,,,,,,,,,,,,,,,,,,,,,,,,
00,2026-27,02/06/2027 00:00:00,0022600753,20270206/UTADAL,1,3:00 pm ET,1,2027-02-06T00:00:00Z,1900-01-01T15:00:00Z,2027-02-06T15:00:00Z,2027-02-06T05:00:00Z,1900-01-01T20:00:00Z,2027-02-06T20:00:00Z,2027-02-06T13:00:00Z,2027-02-06T14:00:00Z,Sat,2,16,Week 16,false,,,,,American Airlines Center,TX,Dallas,N,,,False,1610612742,Mavericks,Dallas,DAL,mavericks,0,0,0,0,1610612762,Jazz,Utah,UTA,jazz,0,0,0,0,,,,,,,,,,,,,,,,,,,,,,,,,,,,,,,,,,natl,radio,1001098,SiriusXM,SiriusXM,,,https://www.siriusxm.com/sports/nba,-1,,,,,,,,,,,,,,,,,,,,,,,,,,,,,,,,,,,,,,,,,,,,,,,,,,,,,,,,,,,,,,,,,,,,
00,2026-27,02/06/2027 00:00:00,0022600754,20270206/MIAMIN,1,3:00 pm ET,2,2027-02-06T00:00:00Z,1900-01-01T15:00:00Z,2027-02-06T15:00:00Z,2027-02-06T05:00:00Z,1900-01-01T20:00:00Z,2027-02-06T20:00:00Z,2027-02-06T15:00:00Z,2027-02-06T14:00:00Z,Sat,2,16,Week 16,false,,,,,Target Center,MN,Minneapolis,N,,,False,1610612750,Timberwolves,Minnesota,MIN,timberwolves,0,0,0,0,1610612748,Heat,Miami,MIA,heat,0,0,0,0,natl,tv,1000664.0,Prime Video,Amazon,,,https://www.amazon.com/gp/video/tournament/amzn1.dv.icid.cf75b42a-68cd-4a1c-993a-a0b3f0575c5f?jic=20%7CCgZTcG9ydHMSA2FsbA%3D%3D&ref_=atv_hm_spo_c_7a7vxF_4_6,-1.0,4.0,,,,,,,,,,,,,,,,,,,,,,,,natl,radio,1001098,SiriusXM,SiriusXM,,,https://www.siriusxm.com/sports/nba,-1,,,,,,,,,,,,,,,,,,,,,,,,,,,,,,,,,,,,,,,,,,,,,,,away,tv,1001720.0,WPLG Local 10,WPLG,,,https://local10plusplatinum.maz.tv/open?deeplink=local10platinum://item/3776211-3882966?item=44d4cc7fbb9f4bd72cf272489b39eadf-3742525-3848761,1610612748.0,,,away,radio,1001523.0,FM 104.3 WQAM / S: WAQI 710,WQAM-FM/WAQI,,,,1610612748.0,,
00,2026-27,02/06/2027 00:00:00,0022600755,20270206/PORMEM,1,5:30 pm ET,3,2027-02-06T00:00:00Z,1900-01-01T17:30:00Z,2027-02-06T17:30:00Z,2027-02-06T05:00:00Z,1900-01-01T22:30:00Z,2027-02-06T22:30:00Z,2027-02-06T14:30:00Z,2027-02-06T16:30:00Z,Sat,2,16,Week 16,false,,,,,FedExForum,TN,Memphis,N,,,False,1610612763,Grizzlies,Memphis,MEM,grizzlies,0,0,0,0,1610612757,Trail Blazers,Portland,POR,blazers,0,0,0,0,natl,tv,1000664.0,Prime Video,Amazon,,,https://www.amazon.com/gp/video/tournament/amzn1.dv.icid.cf75b42a-68cd-4a1c-993a-a0b3f0575c5f?jic=20%7CCgZTcG9ydHMSA2FsbA%3D%3D&ref_=atv_hm_spo_c_7a7vxF_4_6,-1.0,4.0,,,,,,,,,,,,,,,,,,,,,,,,natl,radio,1001098,SiriusXM,SiriusXM,,,https://www.siriusxm.com/sports/nba,-1,,,,,,,,,,,,,,,,,,,,,,,,,,,,,,,,,,,,,,,,,,,,,,,,,,,,,,,,,,away,radio,1472.0,Rip City Radio 620,KPOJ,,,,1610612757.0,,
00,2026-27,02/06/2027 00:00:00,0022600756,20270206/WASBKN,1,6:00 pm ET,4,2027-02-06T00:00:00Z,1900-01-01T18:00:00Z,2027-02-06T18:00:00Z,2027-02-06T05:00:00Z,1900-01-01T23:00:00Z,2027-02-06T23:00:00Z,2027-02-06T18:00:00Z,2027-02-06T18:00:00Z,Sat,2,16,Week 16,false,,,,,Barclays Center,NY,Brooklyn,N,,,False,1610612751,Nets,Brooklyn,BKN,nets,0,0,0,0,1610612764,Wizards,Washington,WAS,wizards,0,0,0,0,,,,,,,,,,,,,,,,,,,,,,,,,,,,,,,,,,natl,radio,1001098,SiriusXM,SiriusXM,,,https://www.siriusxm.com/sports/nba,-1,,,,,,,,,,,,,,home,tv,175.0,DAZN (YES),YES,,,,1610612751.0,,,,,,,,,,,,,,,,,,,,,,,,,,,,,,,,,,,,,,,,,,,,,,
00,2026-27,02/06/2027 00:00:00,0022600757,20270206/ORLCLE,1,7:30 pm ET,5,2027-02-06T00:00:00Z,1900-01-01T19:30:00Z,2027-02-06T19:30:00Z,2027-02-06T05:00:00Z,1900-01-01T00:30:00Z,2027-02-07T00:30:00Z,2027-02-06T19:30:00Z,2027-02-06T19:30:00Z,Sat,2,16,Week 16,false,,,,,Rocket Arena,OH,Cleveland,N,,,False,1610612739,Cavaliers,Cleveland,CLE,cavaliers,0,0,0,0,1610612753,Magic,Orlando,ORL,magic,0,0,0,0,,,,,,,,,,,,,,,,,,,,,,,,,,,,,,,,,,natl,radio,1001098,SiriusXM,SiriusXM,,,https://www.siriusxm.com/sports/nba,-1,,,,,,,,,,,,,,,,,,,,,,,,,,,,,,,,,,,,,,,,,,,,,,,,,,,,,,,,,,,,,,,,,,,,
00,2026-27,02/06/2027 00:00:00,0022600758,20270206/MILTOR,1,7:30 pm ET,6,2027-02-06T00:00:00Z,1900-01-01T19:30:00Z,2027-02-06T19:30:00Z,2027-02-06T05:00:00Z,1900-01-01T00:30:00Z,2027-02-07T00:30:00Z,2027-02-06T18:30:00Z,2027-02-06T19:30:00Z,Sat,2,16,Week 16,false,,,,,Scotiabank Arena,ON,Toronto,N,,,False,1610612761,Raptors,Toronto,TOR,raptors,0,0,0,0,1610612749,Bucks,Milwaukee,MIL,bucks,0,0,0,0,,,,,,,,,,,,,,,,,,,,,,,,,,,,,,,,,,natl,radio,1001098,SiriusXM,SiriusXM,,,https://www.siriusxm.com/sports/nba,-1,,,,,,,,,,,,,,,,,,,,,,,,,,,,,,,,,,,,,,,,,,,,,,,,,,,,,,,,,,,,,,,,,,,,
00,2026-27,02/06/2027 00:00:00,0022600759,20270206/NOPCHI,1,8:00 pm ET,7,2027-02-06T00:00:00Z,1900-01-01T20:00:00Z,2027-02-06T20:00:00Z,2027-02-06T05:00:00Z,1900-01-01T01:00:00Z,2027-02-07T01:00:00Z,2027-02-06T19:00:00Z,2027-02-06T19:00:00Z,Sat,2,16,Week 16,false,,,,,United Center,IL,Chicago,N,,,False,1610612741,Bulls,Chicago,CHI,bulls,0,0,0,0,1610612740,Pelicans,New Orleans,NOP,pelicans,0,0,0,0,,,,,,,,,,,,,,,,,,,,,,,,,,,,,,,,,,natl,radio,1001098,SiriusXM,SiriusXM,,,https://www.siriusxm.com/sports/nba,-1,,,,,,,,,,,,,,,,,,,,,,,,,,,,,,,,,,,,,,,,,,,,,,,,,,,,,,,,,,,,,,,,,,,,
00,2026-27,02/06/2027 00:00:00,0022600760,20270206/LALSAS,1,8:30 pm ET,8,2027-02-06T00:00:00Z,1900-01-01T20:30:00Z,2027-02-06T20:30:00Z,2027-02-06T05:00:00Z,1900-01-01T01:30:00Z,2027-02-07T01:30:00Z,2027-02-06T17:30:00Z,2027-02-06T19:30:00Z,Sat,2,16,Week 16,false,,,,,Frost Bank Center,TX,San Antonio,N,,,False,1610612759,Spurs,San Antonio,SAS,spurs,0,0,0,0,1610612747,Lakers,Los Angeles,LAL,lakers,0,0,0,0,natl,tv,1.0,ABC,ABC,,,,-1.0,1.0,,,,,,,,,,,,,,,,,,,,,,,,natl,radio,3,ESPN Radio,ESPNR,,,,-1,,,natl,radio,1001098.0,SiriusXM,SiriusXM,,,https://www.siriusxm.com/sports/nba,-1.0,,,,,,,,,,,,,,,,,,,,,,,,,,,,,,,,,,,,,,,,,,,,,,,away,radio,1001605.0,ESPN LA 710/980 KFWB,KSPN/KFWB,,,,1610612747.0,,
00,2026-27,02/06/2027 00:00:00,0022600761,20270206/PHXSAC,1,10:00 pm ET,9,2027-02-06T00:00:00Z,1900-01-01T22:00:00Z,2027-02-06T22:00:00Z,2027-02-06T05:00:00Z,1900-01-01T03:00:00Z,2027-02-07T03:00:00Z,2027-02-06T20:00:00Z,2027-02-06T19:00:00Z,Sat,2,16,Week 16,false,,,,,Golden 1 Center,CA,Sacramento,N,,,False,1610612758,Kings,Sacramento,SAC,kings,0,0,0,0,1610612756,Suns,Phoenix,PHX,suns,0,0,0,0,,,,,,,,,,,,,,,,,,,,,,,,,,,,,,,,,,natl,radio,1001098,SiriusXM,SiriusXM,,,https://www.siriusxm.com/sports/nba,-1,,,,,,,,,,,,,,home,tv,1027.0,NBCSCA,NBCSCA,,,,1610612758.0,,,,,,,,,,,,,,,,,,,,,,,,,,,,,,,,,,,,,,,,,,,,,,
00,2026-27,02/07/2027 00:00:00,0022600762,20270207/DENATL,1,3:00 pm ET,1,2027-02-07T00:00:00Z,1900-01-01T15:00:00Z,2027-02-07T15:00:00Z,2027-02-07T05:00:00Z,1900-01-01T20:00:00Z,2027-02-07T20:00:00Z,2027-02-07T13:00:00Z,2027-02-07T15:00:00Z,Sun,2,16,Week 16,false,,,,,State Farm Arena,GA,Atlanta,N,,,False,1610612737,Hawks,Atlanta,ATL,hawks,0,0,0,0,1610612743,Nuggets,Denver,DEN,nuggets,0,0,0,0,,,,,,,,,,,,,,,,,,,,,,,,,,,,,,,,,,natl,radio,1001098,SiriusXM,SiriusXM,,,https://www.siriusxm.com/sports/nba,-1,,,,,,,,,,,,,,,,,,,,,,,,,,,,,,,,,,,,,,,,,,,,,,,,,,,,,,,,,,,,,,,,,,,,
00,2026-27,02/07/2027 00:00:00,0022600763,20270207/GSWDET,1,3:00 pm ET,2,2027-02-07T00:00:00Z,1900-01-01T15:00:00Z,2027-02-07T15:00:00Z,2027-02-07T05:00:00Z,1900-01-01T20:00:00Z,2027-02-07T20:00:00Z,2027-02-07T12:00:00Z,2027-02-07T15:00:00Z,Sun,2,16,Week 16,false,,,,,Little Caesars Arena,MI,Detroit,N,,,False,1610612765,Pistons,Detroit,DET,pistons,0,0,0,0,1610612744,Warriors,Golden State,GSW,warriors,0,0,0,0,natl,tv,7.0,NBA TV,NBA TV,Watch with League Pass or your TV subscription,,,-1.0,,,,,,,,,,,,,,,,,,,,,,,,,natl,radio,1001098,SiriusXM,SiriusXM,,,https://www.siriusxm.com/sports/nba,-1,,,,,,,,,,,,,,,,,,,,,,,,,,,,,,,,,,,,,,,,,,,,,,,away,tv,1097.0,NBCSBA,NBCSBA,,,,1610612744.0,,,,,,,,,,,,,
00,2026-27,02/07/2027 00:00:00,0022600764,20270207/UTAMIN,1,3:30 pm ET,3,2027-02-07T00:00:00Z,1900-01-01T15:30:00Z,2027-02-07T15:30:00Z,2027-02-07T05:00:00Z,1900-01-01T20:30:00Z,2027-02-07T20:30:00Z,2027-02-07T13:30:00Z,2027-02-07T14:30:00Z,Sun,2,16,Week 16,false,,,,,Target Center,MN,Minneapolis,N,,,False,1610612750,Timberwolves,Minnesota,MIN,timberwolves,0,0,0,0,1610612762,Jazz,Utah,UTA,jazz,0,0,0,0,,,,,,,,,,,,,,,,,,,,,,,,,,,,,,,,,,natl,radio,1001098,SiriusXM,SiriusXM,,,https://www.siriusxm.com/sports/nba,-1,,,,,,,,,,,,,,,,,,,,,,,,,,,,,,,,,,,,,,,,,,,,,,,,,,,,,,,,,,,,,,,,,,,,
00,2026-27,02/07/2027 00:00:00,0022600765,20270207/LACDAL,1,4:30 pm ET,4,2027-02-07T00:00:00Z,1900-01-01T16:30:00Z,2027-02-07T16:30:00Z,2027-02-07T05:00:00Z,1900-01-01T21:30:00Z,2027-02-07T21:30:00Z,2027-02-07T13:30:00Z,2027-02-07T15:30:00Z,Sun,2,16,Week 16,false,,,,,American Airlines Center,TX,Dallas,N,,,False,1610612742,Mavericks,Dallas,DAL,mavericks,0,0,0,0,1610612746,Clippers,LA,LAC,clippers,0,0,0,0,,,,,,,,,,,,,,,,,,,,,,,,,,,,,,,,,,natl,radio,1001098,SiriusXM,SiriusXM,,,https://www.siriusxm.com/sports/nba,-1,,,,,,,,,,,,,,,,,,,,,,,,,,,,,,,,,,,,,,,,,,,,,,,,,,,,,,,,,,,,,,,,,,,,
00,2026-27,02/07/2027 00:00:00,0022600766,20270207/CHATOR,1,6:00 pm ET,5,2027-02-07T00:00:00Z,1900-01-01T18:00:00Z,2027-02-07T18:00:00Z,2027-02-07T05:00:00Z,1900-01-01T23:00:00Z,2027-02-07T23:00:00Z,2027-02-07T18:00:00Z,2027-02-07T18:00:00Z,Sun,2,16,Week 16,false,,,,,Scotiabank Arena,ON,Toronto,N,,,False,1610612761,Raptors,Toronto,TOR,raptors,0,0,0,0,1610612766,Hornets,Charlotte,CHA,hornets,0,0,0,0,,,,,,,,,,,,,,,,,,,,,,,,,,,,,,,,,,natl,radio,1001098,SiriusXM,SiriusXM,,,https://www.siriusxm.com/sports/nba,-1,,,,,,,,,,,,,,,,,,,,,,,,,,,,,,,,,,,,,,,,,,,,,,,,,,,,,,,,,,,,,,,,,,,,
00,2026-27,02/07/2027 00:00:00,0022600767,20270207/BOSPHI,1,7:00 pm ET,6,2027-02-07T00:00:00Z,1900-01-01T19:00:00Z,2027-02-07T19:00:00Z,2027-02-07T05:00:00Z,1900-01-01T00:00:00Z,2027-02-08T00:00:00Z,2027-02-07T19:00:00Z,2027-02-07T19:00:00Z,Sun,2,16,Week 16,false,,,,,Xfinity Mobile Arena,PA,Philadelphia,N,,,False,1610612755,76ers,Philadelphia,PHI,sixers,0,0,0,0,1610612738,Celtics,Boston,BOS,celtics,0,0,0,0,natl,tv,147.0,Telemundo,Telemundo,,,,-1.0,10.0,,natl,tv,1001452.0,NBC,NBC,,,,-1.0,5.0,National,natl,tv,1001453.0,Peacock,Peacock,,,https://www.peacocktv.com/sports/nba?cid=2508sptnbaexterndinapplk26427&utm_campaign=2508sptnba&utm_source=nba_nba_nba&utm_medium=ernd_inapplk_acq_inapbnr&utm_term=nbafans&utm_content=nbaapplinks,-1.0,3.0,,natl,radio,3,ESPN Radio,ESPNR,,,,-1,,,natl,radio,1001098.0,SiriusXM,SiriusXM,,,https://www.siriusxm.com/sports/nba,-1.0,,,,,,,,,,,,,,,,,,,,,,,,,,,,,,,,,,,,,,,,,,,,,,,,,,,,,,,,,
00,2026-27,02/07/2027 00:00:00,0022600768,20270207/NYKOKC,1,9:30 pm ET,7,2027-02-07T00:00:00Z,1900-01-01T21:30:00Z,2027-02-07T21:30:00Z,2027-02-07T05:00:00Z,1900-01-01T02:30:00Z,2027-02-08T02:30:00Z,2027-02-07T21:30:00Z,2027-02-07T20:30:00Z,Sun,2,16,Week 16,false,,,,,Paycom Center,OK,Oklahoma City,N,,,False,1610612760,Thunder,Oklahoma City,OKC,thunder,0,0,0,0,1610612752,Knicks,New York,NYK,knicks,0,0,0,0,natl,tv,1001452.0,NBC,NBC,,,,-1.0,5.0,National,natl,tv,1001453.0,Peacock,Peacock,,,https://www.peacocktv.com/sports/nba?cid=2508sptnbaexterndinapplk26427&utm_campaign=2508sptnba&utm_source=nba_nba_nba&utm_medium=ernd_inapplk_acq_inapbnr&utm_term=nbafans&utm_content=nbaapplinks,-1.0,3.0,,,,,,,,,,,,,natl,radio,1001098,SiriusXM,SiriusXM,,,https://www.siriusxm.com/sports/nba,-1,,,,,,,,,,,,,,,,,,,,,,,,,,,,,,,,,,,,,,,,,,,,,,,,,,,,,,,,,,,,,,,,,,,,
00,2026-27,02/07/2027 00:00:00,0022600769,20270207/HOUSAC,1,10:30 pm ET,8,2027-02-07T00:00:00Z,1900-01-01T22:30:00Z,2027-02-07T22:30:00Z,2027-02-07T05:00:00Z,1900-01-01T03:30:00Z,2027-02-08T03:30:00Z,2027-02-07T21:30:00Z,2027-02-07T19:30:00Z,Sun,2,16,Week 16,false,,,,,Golden 1 Center,CA,Sacramento,N,,,False,1610612758,Kings,Sacramento,SAC,kings,0,0,0,0,1610612745,Rockets,Houston,HOU,rockets,0,0,0,0,,,,,,,,,,,,,,,,,,,,,,,,,,,,,,,,,,natl,radio,1001098,SiriusXM,SiriusXM,,,https://www.siriusxm.com/sports/nba,-1,,,,,,,,,,,,,,home,tv,1027.0,NBCSCA,NBCSCA,,,,1610612758.0,,,,,,,,,,,,,,,,,,,,,,,,,,,,,,,,,,,,,,,,,,,,,,
00,2026-27,02/08/2027 00:00:00,0022600770,20270208/MIAATL,1,7:00 pm ET,1,2027-02-08T00:00:00Z,1900-01-01T19:00:00Z,2027-02-08T19:00:00Z,2027-02-08T05:00:00Z,1900-01-01T00:00:00Z,2027-02-09T00:00:00Z,2027-02-08T19:00:00Z,2027-02-08T19:00:00Z,Mon,2,17,Week 17,false,,,,,State Farm Arena,GA,Atlanta,N,,,False,1610612737,Hawks,Atlanta,ATL,hawks,0,0,0,0,1610612748,Heat,Miami,MIA,heat,0,0,0,0,natl,tv,1001453.0,Peacock,Peacock,,,https://www.peacocktv.com/sports/nba?cid=2508sptnbaexterndinapplk26427&utm_campaign=2508sptnba&utm_source=nba_nba_nba&utm_medium=ernd_inapplk_acq_inapbnr&utm_term=nbafans&utm_content=nbaapplinks,-1.0,3.0,,natl,tv,1001488.0,NBC Sports Network,NBCSN,,,,-1.0,7.0,National,,,,,,,,,,,,natl,radio,1001098,SiriusXM,SiriusXM,,,https://www.siriusxm.com/sports/nba,-1,,,,,,,,,,,,,,,,,,,,,,,,,,,,,,,,,,,,,,,,,,,,,,,away,tv,1001720.0,WPLG Local 10,WPLG,,,https://local10plusplatinum.maz.tv/open?deeplink=local10platinum://item/3776211-3882966?item=44d4cc7fbb9f4bd72cf272489b39eadf-3742525-3848761,1610612748.0,,,away,radio,1001523.0,FM 104.3 WQAM / S: WAQI 710,WQAM-FM/WAQI,,,,1610612748.0,,
00,2026-27,02/08/2027 00:00:00,0022600771,20270208/NOPIND,1,7:00 pm ET,2,2027-02-08T00:00:00Z,1900-01-01T19:00:00Z,2027-02-08T19:00:00Z,2027-02-08T05:00:00Z,1900-01-01T00:00:00Z,2027-02-09T00:00:00Z,2027-02-08T18:00:00Z,2027-02-08T19:00:00Z,Mon,2,17,Week 17,false,,,,,Gainbridge Fieldhouse,IN,Indianapolis,N,,,False,1610612754,Pacers,Indiana,IND,pacers,0,0,0,0,1610612740,Pelicans,New Orleans,NOP,pelicans,0,0,0,0,,,,,,,,,,,,,,,,,,,,,,,,,,,,,,,,,,natl,radio,1001098,SiriusXM,SiriusXM,,,https://www.siriusxm.com/sports/nba,-1,,,,,,,,,,,,,,,,,,,,,,,,,,,,,,,,,,,,,,,,,,,,,,,,,,,,,,,,,,,,,,,,,,,,
00,2026-27,02/08/2027 00:00:00,0022600772,20270208/BKNPHI,1,7:00 pm ET,3,2027-02-08T00:00:00Z,1900-01-01T19:00:00Z,2027-02-08T19:00:00Z,2027-02-08T05:00:00Z,1900-01-01T00:00:00Z,2027-02-09T00:00:00Z,2027-02-08T19:00:00Z,2027-02-08T19:00:00Z,Mon,2,17,Week 17,false,,,,,Xfinity Mobile Arena,PA,Philadelphia,N,,,False,1610612755,76ers,Philadelphia,PHI,sixers,0,0,0,0,1610612751,Nets,Brooklyn,BKN,nets,0,0,0,0,,,,,,,,,,,,,,,,,,,,,,,,,,,,,,,,,,natl,radio,1001098,SiriusXM,SiriusXM,,,https://www.siriusxm.com/sports/nba,-1,,,,,,,,,,,,,,,,,,,,,,,,,,,,,,,,,,,,,,,,,,,,,,,away,tv,175.0,DAZN (YES),YES,,,,1610612751.0,,,,,,,,,,,,,
00,2026-27,02/08/2027 00:00:00,0022600773,20270208/CHIWAS,1,7:00 pm ET,4,2027-02-08T00:00:00Z,1900-01-01T19:00:00Z,2027-02-08T19:00:00Z,2027-02-08T05:00:00Z,1900-01-01T00:00:00Z,2027-02-09T00:00:00Z,2027-02-08T18:00:00Z,2027-02-08T19:00:00Z,Mon,2,17,Week 17,false,,,,,Capital One Arena,DC,Washington,N,,,False,1610612764,Wizards,Washington,WAS,wizards,0,0,0,0,1610612741,Bulls,Chicago,CHI,bulls,0,0,0,0,,,,,,,,,,,,,,,,,,,,,,,,,,,,,,,,,,natl,radio,1001098,SiriusXM,SiriusXM,,,https://www.siriusxm.com/sports/nba,-1,,,,,,,,,,,,,,,,,,,,,,,,,,,,,,,,,,,,,,,,,,,,,,,,,,,,,,,,,,,,,,,,,,,,
00,2026-27,02/08/2027 00:00:00,0022600774,20270208/PORMEM,1,8:00 pm ET,5,2027-02-08T00:00:00Z,1900-01-01T20:00:00Z,2027-02-08T20:00:00Z,2027-02-08T05:00:00Z,1900-01-01T01:00:00Z,2027-02-09T01:00:00Z,2027-02-08T17:00:00Z,2027-02-08T19:00:00Z,Mon,2,17,Week 17,false,,,,,FedExForum,TN,Memphis,N,,,False,1610612763,Grizzlies,Memphis,MEM,grizzlies,0,0,0,0,1610612757,Trail Blazers,Portland,POR,blazers,0,0,0,0,,,,,,,,,,,,,,,,,,,,,,,,,,,,,,,,,,natl,radio,1001098,SiriusXM,SiriusXM,,,https://www.siriusxm.com/sports/nba,-1,,,,,,,,,,,,,,,,,,,,,,,,,,,,,,,,,,,,,,,,,,,,,,,away,tv,1001196.0,KUNP,KUNP,,,,1610612757.0,,,away,radio,1472.0,Rip City Radio 620,KPOJ,,,,1610612757.0,,
00,2026-27,02/08/2027 00:00:00,0022600775,20270208/ORLMIL,1,8:00 pm ET,6,2027-02-08T00:00:00Z,1900-01-01T20:00:00Z,2027-02-08T20:00:00Z,2027-02-08T05:00:00Z,1900-01-01T01:00:00Z,2027-02-09T01:00:00Z,2027-02-08T20:00:00Z,2027-02-08T19:00:00Z,Mon,2,17,Week 17,false,,,,,Fiserv Forum,WI,Milwaukee,N,,,False,1610612749,Bucks,Milwaukee,MIL,bucks,0,0,0,0,1610612753,Magic,Orlando,ORL,magic,0,0,0,0,,,,,,,,,,,,,,,,,,,,,,,,,,,,,,,,,,natl,radio,1001098,SiriusXM,SiriusXM,,,https://www.siriusxm.com/sports/nba,-1,,,,,,,,,,,,,,,,,,,,,,,,,,,,,,,,,,,,,,,,,,,,,,,,,,,,,,,,,,,,,,,,,,,,
00,2026-27,02/08/2027 00:00:00,0022600776,20270208/LALPHX,1,9:30 pm ET,7,2027-02-08T00:00:00Z,1900-01-01T21:30:00Z,2027-02-08T21:30:00Z,2027-02-08T05:00:00Z,1900-01-01T02:30:00Z,2027-02-09T02:30:00Z,2027-02-08T18:30:00Z,2027-02-08T19:30:00Z,Mon,2,17,Week 17,false,,,,,Mortgage Matchup Center,AZ,Phoenix,N,,,False,1610612756,Suns,Phoenix,PHX,suns,0,0,0,0,1610612747,Lakers,Los Angeles,LAL,lakers,0,0,0,0,natl,tv,1001453.0,Peacock,Peacock,,,https://www.peacocktv.com/sports/nba?cid=2508sptnbaexterndinapplk26427&utm_campaign=2508sptnba&utm_source=nba_nba_nba&utm_medium=ernd_inapplk_acq_inapbnr&utm_term=nbafans&utm_content=nbaapplinks,-1.0,3.0,,natl,tv,1001488.0,NBC Sports Network,NBCSN,,,,-1.0,7.0,National,,,,,,,,,,,,natl,radio,1001098,SiriusXM,SiriusXM,,,https://www.siriusxm.com/sports/nba,-1,,,,,,,,,,,,,,,,,,,,,,,,,,,,,,,,,,,,,,,,,,,,,,,away,tv,1651.0,Spectrum SportsNet,SPECSN,,,,1610612747.0,,,away,radio,1001605.0,ESPN LA 710/980 KFWB,KSPN/KFWB,,,,1610612747.0,,
00,2026-27,02/09/2027 00:00:00,0022600777,20270209/TORCLE,1,7:00 pm ET,1,2027-02-09T00:00:00Z,1900-01-01T19:00:00Z,2027-02-09T19:00:00Z,2027-02-09T05:00:00Z,1900-01-01T00:00:00Z,2027-02-10T00:00:00Z,2027-02-09T19:00:00Z,2027-02-09T19:00:00Z,Tue,2,17,Week 17,false,,,,,Rocket Arena,OH,Cleveland,N,,,False,1610612739,Cavaliers,Cleveland,CLE,cavaliers,0,0,0,0,1610612761,Raptors,Toronto,TOR,raptors,0,0,0,0,,,,,,,,,,,,,,,,,,,,,,,,,,,,,,,,,,natl,radio,1001098,SiriusXM,SiriusXM,,,https://www.siriusxm.com/sports/nba,-1,,,,,,,,,,,,,,,,,,,,,,,,,,,,,,,,,,,,,,,,,,,,,,,,,,,,,,,,,,,,,,,,,,,,
00,2026-27,02/09/2027 00:00:00,0022600778,20270209/DENBOS,1,7:30 pm ET,2,2027-02-09T00:00:00Z,1900-01-01T19:30:00Z,2027-02-09T19:30:00Z,2027-02-09T05:00:00Z,1900-01-01T00:30:00Z,2027-02-10T00:30:00Z,2027-02-09T17:30:00Z,2027-02-09T19:30:00Z,Tue,2,17,Week 17,false,,,,,TD Garden,MA,Boston,N,,,False,1610612738,Celtics,Boston,BOS,celtics,0,0,0,0,1610612743,Nuggets,Denver,DEN,nuggets,0,0,0,0,,,,,,,,,,,,,,,,,,,,,,,,,,,,,,,,,,natl,radio,1001098,SiriusXM,SiriusXM,,,https://www.siriusxm.com/sports/nba,-1,,,,,,,,,,,,,,home,tv,1658.0,NBC SPORTS BOSTON,NBCSB,,,,1610612738.0,,,,,,,,,,,,,,,,,,,,,,,,,,,,,,,,,,,,,,,,,,,,,,
00,2026-27,02/09/2027 00:00:00,0022600779,20270209/MINBKN,1,7:30 pm ET,3,2027-02-09T00:00:00Z,1900-01-01T19:30:00Z,2027-02-09T19:30:00Z,2027-02-09T05:00:00Z,1900-01-01T00:30:00Z,2027-02-10T00:30:00Z,2027-02-09T18:30:00Z,2027-02-09T19:30:00Z,Tue,2,17,Week 17,false,,,,,Barclays Center,NY,Brooklyn,N,,,False,1610612751,Nets,Brooklyn,BKN,nets,0,0,0,0,1610612750,Timberwolves,Minnesota,MIN,timberwolves,0,0,0,0,,,,,,,,,,,,,,,,,,,,,,,,,,,,,,,,,,natl,radio,1001098,SiriusXM,SiriusXM,,,https://www.siriusxm.com/sports/nba,-1,,,,,,,,,,,,,,home,tv,175.0,DAZN (YES),YES,,,,1610612751.0,,,,,,,,,,,,,,,,,,,,,,,,,,,,,,,,,,,,,,,,,,,,,,
00,2026-27,02/09/2027 00:00:00,0022600780,20270209/CHANYK,1,7:30 pm ET,4,2027-02-09T00:00:00Z,1900-01-01T19:30:00Z,2027-02-09T19:30:00Z,2027-02-09T05:00:00Z,1900-01-01T00:30:00Z,2027-02-10T00:30:00Z,2027-02-09T19:30:00Z,2027-02-09T19:30:00Z,Tue,2,17,Week 17,false,,,,,Madison Square Garden,NY,New York,N,,,False,1610612752,Knicks,New York,NYK,knicks,0,0,0,0,1610612766,Hornets,Charlotte,CHA,hornets,0,0,0,0,,,,,,,,,,,,,,,,,,,,,,,,,,,,,,,,,,natl,radio,1001098,SiriusXM,SiriusXM,,,https://www.siriusxm.com/sports/nba,-1,,,,,,,,,,,,,,,,,,,,,,,,,,,,,,,,,,,,,,,,,,,,,,,,,,,,,,,,,,,,,,,,,,,,
00,2026-27,02/09/2027 00:00:00,0022600781,20270209/GSWCHI,1,8:00 pm ET,5,2027-02-09T00:00:00Z,1900-01-01T20:00:00Z,2027-02-09T20:00:00Z,2027-02-09T05:00:00Z,1900-01-01T01:00:00Z,2027-02-10T01:00:00Z,2027-02-09T17:00:00Z,2027-02-09T19:00:00Z,Tue,2,17,Week 17,false,,,,,United Center,IL,Chicago,N,,,False,1610612741,Bulls,Chicago,CHI,bulls,0,0,0,0,1610612744,Warriors,Golden State,GSW,warriors,0,0,0,0,,,,,,,,,,,,,,,,,,,,,,,,,,,,,,,,,,natl,radio,1001098,SiriusXM,SiriusXM,,,https://www.siriusxm.com/sports/nba,-1,,,,,,,,,,,,,,,,,,,,,,,,,,,,,,,,,,,,,,,,,,,,,,,away,tv,1097.0,NBCSBA,NBCSBA,,,,1610612744.0,,,,,,,,,,,,,
00,2026-27,02/09/2027 00:00:00,0022600782,20270209/SASDAL,1,8:00 pm ET,6,2027-02-09T00:00:00Z,1900-01-01T20:00:00Z,2027-02-09T20:00:00Z,2027-02-09T05:00:00Z,1900-01-01T01:00:00Z,2027-02-10T01:00:00Z,2027-02-09T19:00:00Z,2027-02-09T19:00:00Z,Tue,2,17,Week 17,false,,,,,American Airlines Center,TX,Dallas,N,,,False,1610612742,Mavericks,Dallas,DAL,mavericks,0,0,0,0,1610612759,Spurs,San Antonio,SAS,spurs,0,0,0,0,natl,tv,1001452.0,NBC,NBC,,,,-1.0,5.0,East,natl,tv,1001453.0,Peacock,Peacock,,,https://www.peacocktv.com/sports/nba?cid=2508sptnbaexterndinapplk26427&utm_campaign=2508sptnba&utm_source=nba_nba_nba&utm_medium=ernd_inapplk_acq_inapbnr&utm_term=nbafans&utm_content=nbaapplinks,-1.0,3.0,,,,,,,,,,,,,natl,radio,1001098,SiriusXM,SiriusXM,,,https://www.siriusxm.com/sports/nba,-1,,,,,,,,,,,,,,,,,,,,,,,,,,,,,,,,,,,,,,,,,,,,,,,,,,,,,,,,,,,,,,,,,,,,
00,2026-27,02/09/2027 00:00:00,0022600783,20270209/SACMIL,1,8:00 pm ET,7,2027-02-09T00:00:00Z,1900-01-01T20:00:00Z,2027-02-09T20:00:00Z,2027-02-09T05:00:00Z,1900-01-01T01:00:00Z,2027-02-10T01:00:00Z,2027-02-09T17:00:00Z,2027-02-09T19:00:00Z,Tue,2,17,Week 17,false,,,,,Fiserv Forum,WI,Milwaukee,N,,,False,1610612749,Bucks,Milwaukee,MIL,bucks,0,0,0,0,1610612758,Kings,Sacramento,SAC,kings,0,0,0,0,,,,,,,,,,,,,,,,,,,,,,,,,,,,,,,,,,natl,radio,1001098,SiriusXM,SiriusXM,,,https://www.siriusxm.com/sports/nba,-1,,,,,,,,,,,,,,,,,,,,,,,,,,,,,,,,,,,,,,,,,,,,,,,away,tv,1027.0,NBCSCA,NBCSCA,,,,1610612758.0,,,,,,,,,,,,,
00,2026-27,02/09/2027 00:00:00,0022600784,20270209/POROKC,1,8:00 pm ET,8,2027-02-09T00:00:00Z,1900-01-01T20:00:00Z,2027-02-09T20:00:00Z,2027-02-09T05:00:00Z,1900-01-01T01:00:00Z,2027-02-10T01:00:00Z,2027-02-09T17:00:00Z,2027-02-09T19:00:00Z,Tue,2,17,Week 17,false,,,,,Paycom Center,OK,Oklahoma City,N,,,False,1610612760,Thunder,Oklahoma City,OKC,thunder,0,0,0,0,1610612757,Trail Blazers,Portland,POR,blazers,0,0,0,0,,,,,,,,,,,,,,,,,,,,,,,,,,,,,,,,,,natl,radio,1001098,SiriusXM,SiriusXM,,,https://www.siriusxm.com/sports/nba,-1,,,,,,,,,,,,,,,,,,,,,,,,,,,,,,,,,,,,,,,,,,,,,,,away,tv,1001196.0,KUNP,KUNP,,,,1610612757.0,,,away,radio,1472.0,Rip City Radio 620,KPOJ,,,,1610612757.0,,
00,2026-27,02/09/2027 00:00:00,0022600785,20270209/HOUUTA,1,10:00 pm ET,9,2027-02-09T00:00:00Z,1900-01-01T22:00:00Z,2027-02-09T22:00:00Z,2027-02-09T05:00:00Z,1900-01-01T03:00:00Z,2027-02-10T03:00:00Z,2027-02-09T21:00:00Z,2027-02-09T20:00:00Z,Tue,2,17,Week 17,false,,,,,Delta Center,UT,Salt Lake City,N,,,False,1610612762,Jazz,Utah,UTA,jazz,0,0,0,0,1610612745,Rockets,Houston,HOU,rockets,0,0,0,0,natl,tv,1001452.0,NBC,NBC,,,,-1.0,5.0,West,natl,tv,1001453.0,Peacock,Peacock,,,https://www.peacocktv.com/sports/nba?cid=2508sptnbaexterndinapplk26427&utm_campaign=2508sptnba&utm_source=nba_nba_nba&utm_medium=ernd_inapplk_acq_inapbnr&utm_term=nbafans&utm_content=nbaapplinks,-1.0,3.0,,,,,,,,,,,,,natl,radio,1001098,SiriusXM,SiriusXM,,,https://www.siriusxm.com/sports/nba,-1,,,,,,,,,,,,,,,,,,,,,,,,,,,,,,,,,,,,,,,,,,,,,,,,,,,,,,,,,,,,,,,,,,,,
00,2026-27,02/09/2027 00:00:00,0022600786,20270209/DETLAC,1,10:30 pm ET,10,2027-02-09T00:00:00Z,1900-01-01T22:30:00Z,2027-02-09T22:30:00Z,2027-02-09T05:00:00Z,1900-01-01T03:30:00Z,2027-02-10T03:30:00Z,2027-02-09T22:30:00Z,2027-02-09T19:30:00Z,Tue,2,17,Week 17,false,,,,,Intuit Dome,CA,Inglewood,N,,,False,1610612746,Clippers,LA,LAC,clippers,0,0,0,0,1610612765,Pistons,Detroit,DET,pistons,0,0,0,0,,,,,,,,,,,,,,,,,,,,,,,,,,,,,,,,,,natl,radio,1001098,SiriusXM,SiriusXM,,,https://www.siriusxm.com/sports/nba,-1,,,,,,,,,,,,,,,,,,,,,,,,,,,,,,,,,,,,,,,,,,,,,,,,,,,,,,,,,,,,,,,,,,,,
00,2026-27,02/10/2027 00:00:00,0022600787,20270210/NOPATL,1,7:00 pm ET,1,2027-02-10T00:00:00Z,1900-01-01T19:00:00Z,2027-02-10T19:00:00Z,2027-02-10T05:00:00Z,1900-01-01T00:00:00Z,2027-02-11T00:00:00Z,2027-02-10T18:00:00Z,2027-02-10T19:00:00Z,Wed,2,17,Week 17,false,,,,,State Farm Arena,GA,Atlanta,N,,,False,1610612737,Hawks,Atlanta,ATL,hawks,0,0,0,0,1610612740,Pelicans,New Orleans,NOP,pelicans,0,0,0,0,,,,,,,,,,,,,,,,,,,,,,,,,,,,,,,,,,natl,radio,1001098,SiriusXM,SiriusXM,,,https://www.siriusxm.com/sports/nba,-1,,,,,,,,,,,,,,,,,,,,,,,,,,,,,,,,,,,,,,,,,,,,,,,,,,,,,,,,,,,,,,,,,,,,
00,2026-27,02/10/2027 00:00:00,0022600788,20270210/CLEIND,1,7:00 pm ET,2,2027-02-10T00:00:00Z,1900-01-01T19:00:00Z,2027-02-10T19:00:00Z,2027-02-10T05:00:00Z,1900-01-01T00:00:00Z,2027-02-11T00:00:00Z,2027-02-10T19:00:00Z,2027-02-10T19:00:00Z,Wed,2,17,Week 17,false,,,,,Gainbridge Fieldhouse,IN,Indianapolis,N,,,False,1610612754,Pacers,Indiana,IND,pacers,0,0,0,0,1610612739,Cavaliers,Cleveland,CLE,cavaliers,0,0,0,0,,,,,,,,,,,,,,,,,,,,,,,,,,,,,,,,,,natl,radio,1001098,SiriusXM,SiriusXM,,,https://www.siriusxm.com/sports/nba,-1,,,,,,,,,,,,,,,,,,,,,,,,,,,,,,,,,,,,,,,,,,,,,,,,,,,,,,,,,,,,,,,,,,,,
00,2026-27,02/10/2027 00:00:00,0022600789,20270210/MIAWAS,1,7:00 pm ET,3,2027-02-10T00:00:00Z,1900-01-01T19:00:00Z,2027-02-10T19:00:00Z,2027-02-10T05:00:00Z,1900-01-01T00:00:00Z,2027-02-11T00:00:00Z,2027-02-10T19:00:00Z,2027-02-10T19:00:00Z,Wed,2,17,Week 17,false,,,,,Capital One Arena,DC,Washington,N,,,False,1610612764,Wizards,Washington,WAS,wizards,0,0,0,0,1610612748,Heat,Miami,MIA,heat,0,0,0,0,,,,,,,,,,,,,,,,,,,,,,,,,,,,,,,,,,natl,radio,1001098,SiriusXM,SiriusXM,,,https://www.siriusxm.com/sports/nba,-1,,,,,,,,,,,,,,,,,,,,,,,,,,,,,,,,,,,,,,,,,,,,,,,away,tv,1001720.0,WPLG Local 10,WPLG,,,https://local10plusplatinum.maz.tv/open?deeplink=local10platinum://item/3776211-3882966?item=44d4cc7fbb9f4bd72cf272489b39eadf-3742525-3848761,1610612748.0,,,away,radio,1001523.0,FM 104.3 WQAM / S: WAQI 710,WQAM-FM/WAQI,,,,1610612748.0,,
00,2026-27,02/10/2027 00:00:00,0022600790,20270210/GSWBOS,1,7:30 pm ET,4,2027-02-10T00:00:00Z,1900-01-01T19:30:00Z,2027-02-10T19:30:00Z,2027-02-10T05:00:00Z,1900-01-01T00:30:00Z,2027-02-11T00:30:00Z,2027-02-10T16:30:00Z,2027-02-10T19:30:00Z,Wed,2,17,Week 17,false,,,,,TD Garden,MA,Boston,N,,,False,1610612738,Celtics,Boston,BOS,celtics,0,0,0,0,1610612744,Warriors,Golden State,GSW,warriors,0,0,0,0,natl,tv,2.0,ESPN,ESPN,,,https://www.espn.com/watch/catalog/7b3729c9-7f69-308a-bf8a-ee15a6aba154/nba#bucketId=29446&sourceCollection=Featured_Sports_,-1.0,2.0,,,,,,,,,,,,,,,,,,,,,,,,natl,radio,1001098,SiriusXM,SiriusXM,,,https://www.siriusxm.com/sports/nba,-1,,,,,,,,,,,,,,,,,,,,,,,,,,,,,,,,,,,,,,,,,,,,,,,away,tv,1097.0,NBCSBA,NBCSBA,,,,1610612744.0,,,,,,,,,,,,,
00,2026-27,02/10/2027 00:00:00,0022600791,20270210/ORLMEM,1,8:00 pm ET,5,2027-02-10T00:00:00Z,1900-01-01T20:00:00Z,2027-02-10T20:00:00Z,2027-02-10T05:00:00Z,1900-01-01T01:00:00Z,2027-02-11T01:00:00Z,2027-02-10T20:00:00Z,2027-02-10T19:00:00Z,Wed,2,17,Week 17,false,,,,,FedExForum,TN,Memphis,N,,,False,1610612763,Grizzlies,Memphis,MEM,grizzlies,0,0,0,0,1610612753,Magic,Orlando,ORL,magic,0,0,0,0,,,,,,,,,,,,,,,,,,,,,,,,,,,,,,,,,,natl,radio,1001098,SiriusXM,SiriusXM,,,https://www.siriusxm.com/sports/nba,-1,,,,,,,,,,,,,,,,,,,,,,,,,,,,,,,,,,,,,,,,,,,,,,,,,,,,,,,,,,,,,,,,,,,,
00,2026-27,02/10/2027 00:00:00,0022600792,20270210/DETPHX,1,9:00 pm ET,6,2027-02-10T00:00:00Z,1900-01-01T21:00:00Z,2027-02-10T21:00:00Z,2027-02-10T05:00:00Z,1900-01-01T02:00:00Z,2027-02-11T02:00:00Z,2027-02-10T21:00:00Z,2027-02-10T19:00:00Z,Wed,2,17,Week 17,false,,,,,Mortgage Matchup Center,AZ,Phoenix,N,,,False,1610612756,Suns,Phoenix,PHX,suns,0,0,0,0,1610612765,Pistons,Detroit,DET,pistons,0,0,0,0,,,,,,,,,,,,,,,,,,,,,,,,,,,,,,,,,,natl,radio,1001098,SiriusXM,SiriusXM,,,https://www.siriusxm.com/sports/nba,-1,,,,,,,,,,,,,,,,,,,,,,,,,,,,,,,,,,,,,,,,,,,,,,,,,,,,,,,,,,,,,,,,,,,,
00,2026-27,02/10/2027 00:00:00,0022600793,20270210/LACLAL,1,10:00 pm ET,7,2027-02-10T00:00:00Z,1900-01-01T22:00:00Z,2027-02-10T22:00:00Z,2027-02-10T05:00:00Z,1900-01-01T03:00:00Z,2027-02-11T03:00:00Z,2027-02-10T19:00:00Z,2027-02-10T19:00:00Z,Wed,2,17,Week 17,false,,,,,Crypto.com Arena,CA,Los Angeles,N,,,False,1610612747,Lakers,Los Angeles,LAL,lakers,0,0,0,0,1610612746,Clippers,LA,LAC,clippers,0,0,0,0,natl,tv,2.0,ESPN,ESPN,,,https://www.espn.com/watch/catalog/7b3729c9-7f69-308a-bf8a-ee15a6aba154/nba#bucketId=29446&sourceCollection=Featured_Sports_,-1.0,2.0,,,,,,,,,,,,,,,,,,,,,,,,natl,radio,1001098,SiriusXM,SiriusXM,,,https://www.siriusxm.com/sports/nba,-1,,,,,,,,,,,,,,home,tv,1651.0,Spectrum SportsNet,SPECSN,,,,1610612747.0,,,,,,,,,,,,,,home,radio,1001605.0,ESPN LA 710/980 KFWB,KSPN/KFWB,,,,1610612747.0,,,,,,,,,,,,,,,,,,,,,,,,
00,2026-27,02/11/2027 00:00:00,0022600794,20270211/MILCHA,1,7:00 pm ET,1,2027-02-11T00:00:00Z,1900-01-01T19:00:00Z,2027-02-11T19:00:00Z,2027-02-11T05:00:00Z,1900-01-01T00:00:00Z,2027-02-12T00:00:00Z,2027-02-11T18:00:00Z,2027-02-11T19:00:00Z,Thu,2,17,Week 17,false,,,,,Spectrum Center,NC,Charlotte,N,,,False,1610612766,Hornets,Charlotte,CHA,hornets,0,0,0,0,1610612749,Bucks,Milwaukee,MIL,bucks,0,0,0,0,,,,,,,,,,,,,,,,,,,,,,,,,,,,,,,,,,natl,radio,1001098,SiriusXM,SiriusXM,,,https://www.siriusxm.com/sports/nba,-1,,,,,,,,,,,,,,,,,,,,,,,,,,,,,,,,,,,,,,,,,,,,,,,,,,,,,,,,,,,,,,,,,,,,
00,2026-27,02/11/2027 00:00:00,0022600795,20270211/UTAIND,1,7:00 pm ET,2,2027-02-11T00:00:00Z,1900-01-01T19:00:00Z,2027-02-11T19:00:00Z,2027-02-11T05:00:00Z,1900-01-01T00:00:00Z,2027-02-12T00:00:00Z,2027-02-11T17:00:00Z,2027-02-11T19:00:00Z,Thu,2,17,Week 17,false,,,,,Gainbridge Fieldhouse,IN,Indianapolis,N,,,False,1610612754,Pacers,Indiana,IND,pacers,0,0,0,0,1610612762,Jazz,Utah,UTA,jazz,0,0,0,0,,,,,,,,,,,,,,,,,,,,,,,,,,,,,,,,,,natl,radio,1001098,SiriusXM,SiriusXM,,,https://www.siriusxm.com/sports/nba,-1,,,,,,,,,,,,,,,,,,,,,,,,,,,,,,,,,,,,,,,,,,,,,,,,,,,,,,,,,,,,,,,,,,,,
00,2026-27,02/11/2027 00:00:00,0022600796,20270211/NYKPHI,1,7:00 pm ET,3,2027-02-11T00:00:00Z,1900-01-01T19:00:00Z,2027-02-11T19:00:00Z,2027-02-11T05:00:00Z,1900-01-01T00:00:00Z,2027-02-12T00:00:00Z,2027-02-11T19:00:00Z,2027-02-11T19:00:00Z,Thu,2,17,Week 17,false,,,,,Xfinity Mobile Arena,PA,Philadelphia,N,,,False,1610612755,76ers,Philadelphia,PHI,sixers,0,0,0,0,1610612752,Knicks,New York,NYK,knicks,0,0,0,0,natl,tv,1000664.0,Prime Video,Amazon,,,https://www.amazon.com/gp/video/tournament/amzn1.dv.icid.cf75b42a-68cd-4a1c-993a-a0b3f0575c5f?jic=20%7CCgZTcG9ydHMSA2FsbA%3D%3D&ref_=atv_hm_spo_c_7a7vxF_4_6,-1.0,4.0,,,,,,,,,,,,,,,,,,,,,,,,natl,radio,1001098,SiriusXM,SiriusXM,,,https://www.siriusxm.com/sports/nba,-1,,,,,,,,,,,,,,,,,,,,,,,,,,,,,,,,,,,,,,,,,,,,,,,,,,,,,,,,,,,,,,,,,,,,
00,2026-27,02/11/2027 00:00:00,0022600797,20270211/PORDAL,1,8:00 pm ET,4,2027-02-11T00:00:00Z,1900-01-01T20:00:00Z,2027-02-11T20:00:00Z,2027-02-11T05:00:00Z,1900-01-01T01:00:00Z,2027-02-12T01:00:00Z,2027-02-11T17:00:00Z,2027-02-11T19:00:00Z,Thu,2,17,Week 17,false,,,,,American Airlines Center,TX,Dallas,N,,,False,1610612742,Mavericks,Dallas,DAL,mavericks,0,0,0,0,1610612757,Trail Blazers,Portland,POR,blazers,0,0,0,0,,,,,,,,,,,,,,,,,,,,,,,,,,,,,,,,,,natl,radio,1001098,SiriusXM,SiriusXM,,,https://www.siriusxm.com/sports/nba,-1,,,,,,,,,,,,,,,,,,,,,,,,,,,,,,,,,,,,,,,,,,,,,,,away,tv,1001196.0,KUNP,KUNP,,,,1610612757.0,,,away,radio,1472.0,Rip City Radio 620,KPOJ,,,,1610612757.0,,
00,2026-27,02/11/2027 00:00:00,0022600798,20270211/SACHOU,1,8:30 pm ET,5,2027-02-11T00:00:00Z,1900-01-01T20:30:00Z,2027-02-11T20:30:00Z,2027-02-11T05:00:00Z,1900-01-01T01:30:00Z,2027-02-12T01:30:00Z,2027-02-11T17:30:00Z,2027-02-11T19:30:00Z,Thu,2,17,Week 17,false,,,,,Toyota Center,TX,Houston,N,,,False,1610612745,Rockets,Houston,HOU,rockets,0,0,0,0,1610612758,Kings,Sacramento,SAC,kings,0,0,0,0,,,,,,,,,,,,,,,,,,,,,,,,,,,,,,,,,,natl,radio,1001098,SiriusXM,SiriusXM,,,https://www.siriusxm.com/sports/nba,-1,,,,,,,,,,,,,,,,,,,,,,,,,,,,,,,,,,,,,,,,,,,,,,,away,tv,1027.0,NBCSCA,NBCSCA,,,,1610612758.0,,,,,,,,,,,,,
00,2026-27,02/11/2027 00:00:00,0022600799,20270211/CHIDEN,1,9:00 pm ET,6,2027-02-11T00:00:00Z,1900-01-01T21:00:00Z,2027-02-11T21:00:00Z,2027-02-11T05:00:00Z,1900-01-01T02:00:00Z,2027-02-12T02:00:00Z,2027-02-11T20:00:00Z,2027-02-11T19:00:00Z,Thu,2,17,Week 17,false,,,,,Ball Arena,CO,Denver,N,,,False,1610612743,Nuggets,Denver,DEN,nuggets,0,0,0,0,1610612741,Bulls,Chicago,CHI,bulls,0,0,0,0,,,,,,,,,,,,,,,,,,,,,,,,,,,,,,,,,,natl,radio,1001098,SiriusXM,SiriusXM,,,https://www.siriusxm.com/sports/nba,-1,,,,,,,,,,,,,,,,,,,,,,,,,,,,,,,,,,,,,,,,,,,,,,,,,,,,,,,,,,,,,,,,,,,,
00,2026-27,02/11/2027 00:00:00,0022600800,20270211/SASOKC,1,9:30 pm ET,7,2027-02-11T00:00:00Z,1900-01-01T21:30:00Z,2027-02-11T21:30:00Z,2027-02-11T05:00:00Z,1900-01-01T02:30:00Z,2027-02-12T02:30:00Z,2027-02-11T20:30:00Z,2027-02-11T20:30:00Z,Thu,2,17,Week 17,false,,,,,Paycom Center,OK,Oklahoma City,N,,,False,1610612760,Thunder,Oklahoma City,OKC,thunder,0,0,0,0,1610612759,Spurs,San Antonio,SAS,spurs,0,0,0,0,natl,tv,1000664.0,Prime Video,Amazon,,,https://www.amazon.com/gp/video/tournament/amzn1.dv.icid.cf75b42a-68cd-4a1c-993a-a0b3f0575c5f?jic=20%7CCgZTcG9ydHMSA2FsbA%3D%3D&ref_=atv_hm_spo_c_7a7vxF_4_6,-1.0,4.0,,,,,,,,,,,,,,,,,,,,,,,,natl,radio,3,ESPN Radio,ESPNR,,,,-1,,,natl,radio,1001098.0,SiriusXM,SiriusXM,,,https://www.siriusxm.com/sports/nba,-1.0,,,,,,,,,,,,,,,,,,,,,,,,,,,,,,,,,,,,,,,,,,,,,,,,,,,,,,,,,
00,2026-27,02/12/2027 00:00:00,0022600801,20270212/PHXATL,1,7:00 pm ET,1,2027-02-12T00:00:00Z,1900-01-01T19:00:00Z,2027-02-12T19:00:00Z,2027-02-12T05:00:00Z,1900-01-01T00:00:00Z,2027-02-13T00:00:00Z,2027-02-12T17:00:00Z,2027-02-12T19:00:00Z,Fri,2,17,Week 17,false,,,,,State Farm Arena,GA,Atlanta,N,,,False,1610612737,Hawks,Atlanta,ATL,hawks,0,0,0,0,1610612756,Suns,Phoenix,PHX,suns,0,0,0,0,,,,,,,,,,,,,,,,,,,,,,,,,,,,,,,,,,natl,radio,1001098,SiriusXM,SiriusXM,,,https://www.siriusxm.com/sports/nba,-1,,,,,,,,,,,,,,,,,,,,,,,,,,,,,,,,,,,,,,,,,,,,,,,,,,,,,,,,,,,,,,,,,,,,
00,2026-27,02/12/2027 00:00:00,0022600802,20270212/MIAORL,1,7:00 pm ET,2,2027-02-12T00:00:00Z,1900-01-01T19:00:00Z,2027-02-12T19:00:00Z,2027-02-12T05:00:00Z,1900-01-01T00:00:00Z,2027-02-13T00:00:00Z,2027-02-12T19:00:00Z,2027-02-12T19:00:00Z,Fri,2,17,Week 17,false,,,,,Kia Center,FL,Orlando,N,,,False,1610612753,Magic,Orlando,ORL,magic,0,0,0,0,1610612748,Heat,Miami,MIA,heat,0,0,0,0,,,,,,,,,,,,,,,,,,,,,,,,,,,,,,,,,,natl,radio,1001098,SiriusXM,SiriusXM,,,https://www.siriusxm.com/sports/nba,-1,,,,,,,,,,,,,,,,,,,,,,,,,,,,,,,,,,,,,,,,,,,,,,,away,tv,1001720.0,WPLG Local 10,WPLG,,,https://local10plusplatinum.maz.tv/open?deeplink=local10platinum://item/3776211-3882966?item=44d4cc7fbb9f4bd72cf272489b39eadf-3742525-3848761,1610612748.0,,,away,radio,1001523.0,FM 104.3 WQAM / S: WAQI 710,WQAM-FM/WAQI,,,,1610612748.0,,
00,2026-27,02/12/2027 00:00:00,0022600803,20270212/BKNWAS,1,7:00 pm ET,3,2027-02-12T00:00:00Z,1900-01-01T19:00:00Z,2027-02-12T19:00:00Z,2027-02-12T05:00:00Z,1900-01-01T00:00:00Z,2027-02-13T00:00:00Z,2027-02-12T19:00:00Z,2027-02-12T19:00:00Z,Fri,2,17,Week 17,false,,,,,Capital One Arena,DC,Washington,N,,,False,1610612764,Wizards,Washington,WAS,wizards,0,0,0,0,1610612751,Nets,Brooklyn,BKN,nets,0,0,0,0,,,,,,,,,,,,,,,,,,,,,,,,,,,,,,,,,,natl,radio,1001098,SiriusXM,SiriusXM,,,https://www.siriusxm.com/sports/nba,-1,,,,,,,,,,,,,,,,,,,,,,,,,,,,,,,,,,,,,,,,,,,,,,,away,tv,175.0,DAZN (YES),YES,,,,1610612751.0,,,,,,,,,,,,,
00,2026-27,02/12/2027 00:00:00,0022600804,20270212/CLETOR,1,7:30 pm ET,4,2027-02-12T00:00:00Z,1900-01-01T19:30:00Z,2027-02-12T19:30:00Z,2027-02-12T05:00:00Z,1900-01-01T00:30:00Z,2027-02-13T00:30:00Z,2027-02-12T19:30:00Z,2027-02-12T19:30:00Z,Fri,2,17,Week 17,false,,,,,Scotiabank Arena,ON,Toronto,N,,,False,1610612761,Raptors,Toronto,TOR,raptors,0,0,0,0,1610612739,Cavaliers,Cleveland,CLE,cavaliers,0,0,0,0,,,,,,,,,,,,,,,,,,,,,,,,,,,,,,,,,,natl,radio,1001098,SiriusXM,SiriusXM,,,https://www.siriusxm.com/sports/nba,-1,,,,,,,,,,,,,,,,,,,,,,,,,,,,,,,,,,,,,,,,,,,,,,,,,,,,,,,,,,,,,,,,,,,,
00,2026-27,02/12/2027 00:00:00,0022600805,20270212/MINBOS,1,8:00 pm ET,5,2027-02-12T00:00:00Z,1900-01-01T20:00:00Z,2027-02-12T20:00:00Z,2027-02-12T05:00:00Z,1900-01-01T01:00:00Z,2027-02-13T01:00:00Z,2027-02-12T19:00:00Z,2027-02-12T20:00:00Z,Fri,2,17,Week 17,false,,,,,TD Garden,MA,Boston,N,,,False,1610612738,Celtics,Boston,BOS,celtics,0,0,0,0,1610612750,Timberwolves,Minnesota,MIN,timberwolves,0,0,0,0,natl,tv,1000664.0,Prime Video,Amazon,,,https://www.amazon.com/gp/video/tournament/amzn1.dv.icid.cf75b42a-68cd-4a1c-993a-a0b3f0575c5f?jic=20%7CCgZTcG9ydHMSA2FsbA%3D%3D&ref_=atv_hm_spo_c_7a7vxF_4_6,-1.0,4.0,,,,,,,,,,,,,,,,,,,,,,,,natl,radio,1001098,SiriusXM,SiriusXM,,,https://www.siriusxm.com/sports/nba,-1,,,,,,,,,,,,,,home,tv,1658.0,NBC SPORTS BOSTON,NBCSB,,,,1610612738.0,,,,,,,,,,,,,,,,,,,,,,,,,,,,,,,,,,,,,,,,,,,,,,
00,2026-27,02/12/2027 00:00:00,0022600806,20270212/LACMEM,1,8:00 pm ET,6,2027-02-12T00:00:00Z,1900-01-01T20:00:00Z,2027-02-12T20:00:00Z,2027-02-12T05:00:00Z,1900-01-01T01:00:00Z,2027-02-13T01:00:00Z,2027-02-12T17:00:00Z,2027-02-12T19:00:00Z,Fri,2,17,Week 17,false,,,,,FedExForum,TN,Memphis,N,,,False,1610612763,Grizzlies,Memphis,MEM,grizzlies,0,0,0,0,1610612746,Clippers,LA,LAC,clippers,0,0,0,0,,,,,,,,,,,,,,,,,,,,,,,,,,,,,,,,,,natl,radio,1001098,SiriusXM,SiriusXM,,,https://www.siriusxm.com/sports/nba,-1,,,,,,,,,,,,,,,,,,,,,,,,,,,,,,,,,,,,,,,,,,,,,,,,,,,,,,,,,,,,,,,,,,,,
00,2026-27,02/12/2027 00:00:00,0022600807,20270212/HOUNOP,1,8:00 pm ET,7,2027-02-12T00:00:00Z,1900-01-01T20:00:00Z,2027-02-12T20:00:00Z,2027-02-12T05:00:00Z,1900-01-01T01:00:00Z,2027-02-13T01:00:00Z,2027-02-12T19:00:00Z,2027-02-12T19:00:00Z,Fri,2,17,Week 17,false,,,,,Smoothie King Center,LA,New Orleans,N,,,False,1610612740,Pelicans,New Orleans,NOP,pelicans,0,0,0,0,1610612745,Rockets,Houston,HOU,rockets,0,0,0,0,,,,,,,,,,,,,,,,,,,,,,,,,,,,,,,,,,natl,radio,1001098,SiriusXM,SiriusXM,,,https://www.siriusxm.com/sports/nba,-1,,,,,,,,,,,,,,,,,,,,,,,,,,,,,,,,,,,,,,,,,,,,,,,,,,,,,,,,,,,,,,,,,,,,
00,2026-27,02/12/2027 00:00:00,0022600808,20270212/DENLAL,1,10:30 pm ET,8,2027-02-12T00:00:00Z,1900-01-01T22:30:00Z,2027-02-12T22:30:00Z,2027-02-12T05:00:00Z,1900-01-01T03:30:00Z,2027-02-13T03:30:00Z,2027-02-12T20:30:00Z,2027-02-12T19:30:00Z,Fri,2,17,Week 17,false,,,,,Crypto.com Arena,CA,Los Angeles,N,,,False,1610612747,Lakers,Los Angeles,LAL,lakers,0,0,0,0,1610612743,Nuggets,Denver,DEN,nuggets,0,0,0,0,natl,tv,2.0,ESPN,ESPN,,,https://www.espn.com/watch/catalog/7b3729c9-7f69-308a-bf8a-ee15a6aba154/nba#bucketId=29446&sourceCollection=Featured_Sports_,-1.0,2.0,,,,,,,,,,,,,,,,,,,,,,,,natl,radio,1001098,SiriusXM,SiriusXM,,,https://www.siriusxm.com/sports/nba,-1,,,,,,,,,,,,,,home,tv,1651.0,Spectrum SportsNet,SPECSN,,,,1610612747.0,,,,,,,,,,,,,,home,radio,1001605.0,ESPN LA 710/980 KFWB,KSPN/KFWB,,,,1610612747.0,,,,,,,,,,,,,,,,,,,,,,,,
00,2026-27,02/13/2027 00:00:00,0022600809,20270213/SACIND,1,2:00 pm ET,1,2027-02-13T00:00:00Z,1900-01-01T14:00:00Z,2027-02-13T14:00:00Z,2027-02-13T05:00:00Z,1900-01-01T19:00:00Z,2027-02-13T19:00:00Z,2027-02-13T11:00:00Z,2027-02-13T14:00:00Z,Sat,2,17,Week 17,false,,,,,Gainbridge Fieldhouse,IN,Indianapolis,N,,,False,1610612754,Pacers,Indiana,IND,pacers,0,0,0,0,1610612758,Kings,Sacramento,SAC,kings,0,0,0,0,,,,,,,,,,,,,,,,,,,,,,,,,,,,,,,,,,natl,radio,1001098,SiriusXM,SiriusXM,,,https://www.siriusxm.com/sports/nba,-1,,,,,,,,,,,,,,,,,,,,,,,,,,,,,,,,,,,,,,,,,,,,,,,away,tv,1027.0,NBCSCA,NBCSCA,,,,1610612758.0,,,,,,,,,,,,,
00,2026-27,02/13/2027 00:00:00,0022600810,20270213/DALCHA,1,3:00 pm ET,2,2027-02-13T00:00:00Z,1900-01-01T15:00:00Z,2027-02-13T15:00:00Z,2027-02-13T05:00:00Z,1900-01-01T20:00:00Z,2027-02-13T20:00:00Z,2027-02-13T14:00:00Z,2027-02-13T15:00:00Z,Sat,2,17,Week 17,false,,,,,Spectrum Center,NC,Charlotte,N,,,False,1610612766,Hornets,Charlotte,CHA,hornets,0,0,0,0,1610612742,Mavericks,Dallas,DAL,mavericks,0,0,0,0,natl,tv,1000664.0,Prime Video,Amazon,,,https://www.amazon.com/gp/video/tournament/amzn1.dv.icid.cf75b42a-68cd-4a1c-993a-a0b3f0575c5f?jic=20%7CCgZTcG9ydHMSA2FsbA%3D%3D&ref_=atv_hm_spo_c_7a7vxF_4_6,-1.0,4.0,,,,,,,,,,,,,,,,,,,,,,,,natl,radio,1001098,SiriusXM,SiriusXM,,,https://www.siriusxm.com/sports/nba,-1,,,,,,,,,,,,,,,,,,,,,,,,,,,,,,,,,,,,,,,,,,,,,,,,,,,,,,,,,,,,,,,,,,,,
00,2026-27,02/13/2027 00:00:00,0022600811,20270213/DETPOR,1,3:30 pm ET,3,2027-02-13T00:00:00Z,1900-01-01T15:30:00Z,2027-02-13T15:30:00Z,2027-02-13T05:00:00Z,1900-01-01T20:30:00Z,2027-02-13T20:30:00Z,2027-02-13T15:30:00Z,2027-02-13T12:30:00Z,Sat,2,17,Week 17,false,,,,,Moda Center,OR,Portland,N,,,False,1610612757,Trail Blazers,Portland,POR,blazers,0,0,0,0,1610612765,Pistons,Detroit,DET,pistons,0,0,0,0,,,,,,,,,,,,,,,,,,,,,,,,,,,,,,,,,,natl,radio,1001098,SiriusXM,SiriusXM,,,https://www.siriusxm.com/sports/nba,-1,,,,,,,,,,,,,,home,tv,1001196.0,KUNP,KUNP,,,,1610612757.0,,,,,,,,,,,,,,home,radio,1472.0,Rip City Radio 620,KPOJ,,,,1610612757.0,,,,,,,,,,,,,,,,,,,,,,,,
00,2026-27,02/13/2027 00:00:00,0022600812,20270213/PHIOKC,1,5:30 pm ET,4,2027-02-13T00:00:00Z,1900-01-01T17:30:00Z,2027-02-13T17:30:00Z,2027-02-13T05:00:00Z,1900-01-01T22:30:00Z,2027-02-13T22:30:00Z,2027-02-13T17:30:00Z,2027-02-13T16:30:00Z,Sat,2,17,Week 17,false,,,,,Paycom Center,OK,Oklahoma City,N,,,False,1610612760,Thunder,Oklahoma City,OKC,thunder,0,0,0,0,1610612755,76ers,Philadelphia,PHI,sixers,0,0,0,0,natl,tv,1000664.0,Prime Video,Amazon,,,https://www.amazon.com/gp/video/tournament/amzn1.dv.icid.cf75b42a-68cd-4a1c-993a-a0b3f0575c5f?jic=20%7CCgZTcG9ydHMSA2FsbA%3D%3D&ref_=atv_hm_spo_c_7a7vxF_4_6,-1.0,4.0,,,,,,,,,,,,,,,,,,,,,,,,natl,radio,1001098,SiriusXM,SiriusXM,,,https://www.siriusxm.com/sports/nba,-1,,,,,,,,,,,,,,,,,,,,,,,,,,,,,,,,,,,,,,,,,,,,,,,,,,,,,,,,,,,,,,,,,,,,
00,2026-27,02/13/2027 00:00:00,0022600813,20270213/SASORL,1,7:00 pm ET,5,2027-02-13T00:00:00Z,1900-01-01T19:00:00Z,2027-02-13T19:00:00Z,2027-02-13T05:00:00Z,1900-01-01T00:00:00Z,2027-02-14T00:00:00Z,2027-02-13T18:00:00Z,2027-02-13T19:00:00Z,Sat,2,17,Week 17,false,,,,,Kia Center,FL,Orlando,N,,,False,1610612753,Magic,Orlando,ORL,magic,0,0,0,0,1610612759,Spurs,San Antonio,SAS,spurs,0,0,0,0,,,,,,,,,,,,,,,,,,,,,,,,,,,,,,,,,,natl,radio,1001098,SiriusXM,SiriusXM,,,https://www.siriusxm.com/sports/nba,-1,,,,,,,,,,,,,,,,,,,,,,,,,,,,,,,,,,,,,,,,,,,,,,,,,,,,,,,,,,,,,,,,,,,,
00,2026-27,02/13/2027 00:00:00,0022600814,20270213/MILWAS,1,7:00 pm ET,6,2027-02-13T00:00:00Z,1900-01-01T19:00:00Z,2027-02-13T19:00:00Z,2027-02-13T05:00:00Z,1900-01-01T00:00:00Z,2027-02-14T00:00:00Z,2027-02-13T18:00:00Z,2027-02-13T19:00:00Z,Sat,2,17,Week 17,false,,,,,Capital One Arena,DC,Washington,N,,,False,1610612764,Wizards,Washington,WAS,wizards,0,0,0,0,1610612749,Bucks,Milwaukee,MIL,bucks,0,0,0,0,,,,,,,,,,,,,,,,,,,,,,,,,,,,,,,,,,natl,radio,1001098,SiriusXM,SiriusXM,,,https://www.siriusxm.com/sports/nba,-1,,,,,,,,,,,,,,,,,,,,,,,,,,,,,,,,,,,,,,,,,,,,,,,,,,,,,,,,,,,,,,,,,,,,
00,2026-27,02/13/2027 00:00:00,0022600815,20270213/GSWNYK,1,8:30 pm ET,7,2027-02-13T00:00:00Z,1900-01-01T20:30:00Z,2027-02-13T20:30:00Z,2027-02-13T05:00:00Z,1900-01-01T01:30:00Z,2027-02-14T01:30:00Z,2027-02-13T17:30:00Z,2027-02-13T20:30:00Z,Sat,2,17,Week 17,false,,,,,Madison Square Garden,NY,New York,N,,,False,1610612752,Knicks,New York,NYK,knicks,0,0,0,0,1610612744,Warriors,Golden State,GSW,warriors,0,0,0,0,natl,tv,1.0,ABC,ABC,,,,-1.0,1.0,,,,,,,,,,,,,,,,,,,,,,,,natl,radio,3,ESPN Radio,ESPNR,,,,-1,,,natl,radio,1001098.0,SiriusXM,SiriusXM,,,https://www.siriusxm.com/sports/nba,-1.0,,,,,,,,,,,,,,,,,,,,,,,,,,,,,,,,,,,,,,,,,,,,,,,,,,,,,,,,,
00,2026-27,02/14/2027 00:00:00,0022600816,20270214/SACATL,1,1:00 pm ET,1,2027-02-14T00:00:00Z,1900-01-01T13:00:00Z,2027-02-14T13:00:00Z,2027-02-14T05:00:00Z,1900-01-01T18:00:00Z,2027-02-14T18:00:00Z,2027-02-14T10:00:00Z,2027-02-14T13:00:00Z,Sun,2,17,Week 17,false,,,,,State Farm Arena,GA,Atlanta,N,,,False,1610612737,Hawks,Atlanta,ATL,hawks,0,0,0,0,1610612758,Kings,Sacramento,SAC,kings,0,0,0,0,,,,,,,,,,,,,,,,,,,,,,,,,,,,,,,,,,natl,radio,1001098,SiriusXM,SiriusXM,,,https://www.siriusxm.com/sports/nba,-1,,,,,,,,,,,,,,,,,,,,,,,,,,,,,,,,,,,,,,,,,,,,,,,away,tv,1027.0,NBCSCA,NBCSCA,,,,1610612758.0,,,,,,,,,,,,,
00,2026-27,02/14/2027 00:00:00,0022600817,20270214/TORBOS,1,1:00 pm ET,2,2027-02-14T00:00:00Z,1900-01-01T13:00:00Z,2027-02-14T13:00:00Z,2027-02-14T05:00:00Z,1900-01-01T18:00:00Z,2027-02-14T18:00:00Z,2027-02-14T13:00:00Z,2027-02-14T13:00:00Z,Sun,2,17,Week 17,false,,,,,TD Garden,MA,Boston,N,,,False,1610612738,Celtics,Boston,BOS,celtics,0,0,0,0,1610612761,Raptors,Toronto,TOR,raptors,0,0,0,0,,,,,,,,,,,,,,,,,,,,,,,,,,,,,,,,,,natl,radio,1001098,SiriusXM,SiriusXM,,,https://www.siriusxm.com/sports/nba,-1,,,,,,,,,,,,,,home,tv,1658.0,NBC SPORTS BOSTON,NBCSB,,,,1610612738.0,,,,,,,,,,,,,,,,,,,,,,,,,,,,,,,,,,,,,,,,,,,,,,
00,2026-27,02/14/2027 00:00:00,0022600818,20270214/PHXCLE,1,1:00 pm ET,3,2027-02-14T00:00:00Z,1900-01-01T13:00:00Z,2027-02-14T13:00:00Z,2027-02-14T05:00:00Z,1900-01-01T18:00:00Z,2027-02-14T18:00:00Z,2027-02-14T11:00:00Z,2027-02-14T13:00:00Z,Sun,2,17,Week 17,false,,,,,Rocket Arena,OH,Cleveland,N,,,False,1610612739,Cavaliers,Cleveland,CLE,cavaliers,0,0,0,0,1610612756,Suns,Phoenix,PHX,suns,0,0,0,0,,,,,,,,,,,,,,,,,,,,,,,,,,,,,,,,,,natl,radio,1001098,SiriusXM,SiriusXM,,,https://www.siriusxm.com/sports/nba,-1,,,,,,,,,,,,,,,,,,,,,,,,,,,,,,,,,,,,,,,,,,,,,,,,,,,,,,,,,,,,,,,,,,,,
00,2026-27,02/14/2027 00:00:00,0022600819,20270214/BKNMIA,1,1:00 pm ET,4,2027-02-14T00:00:00Z,1900-01-01T13:00:00Z,2027-02-14T13:00:00Z,2027-02-14T05:00:00Z,1900-01-01T18:00:00Z,2027-02-14T18:00:00Z,2027-02-14T13:00:00Z,2027-02-14T13:00:00Z,Sun,2,17,Week 17,false,,,,,Kaseya Center,FL,Miami,N,,,False,1610612748,Heat,Miami,MIA,heat,0,0,0,0,1610612751,Nets,Brooklyn,BKN,nets,0,0,0,0,,,,,,,,,,,,,,,,,,,,,,,,,,,,,,,,,,natl,radio,1001098,SiriusXM,SiriusXM,,,https://www.siriusxm.com/sports/nba,-1,,,,,,,,,,,,,,home,tv,1001720.0,WPLG Local 10,WPLG,,,https://local10plusplatinum.maz.tv/open?deeplink=local10platinum://item/3776211-3882966?item=44d4cc7fbb9f4bd72cf272489b39eadf-3742525-3848761,1610612748.0,,,,,,,,,,,,,,home,radio,1001523.0,FM 104.3 WQAM / S: WAQI 710,WQAM-FM/WAQI,,,,1610612748.0,,,away,tv,175.0,DAZN (YES),YES,,,,1610612751.0,,,,,,,,,,,,,
00,2026-27,02/14/2027 00:00:00,0022600820,20270214/DENHOU,1,2:00 pm ET,5,2027-02-14T00:00:00Z,1900-01-01T14:00:00Z,2027-02-14T14:00:00Z,2027-02-14T05:00:00Z,1900-01-01T19:00:00Z,2027-02-14T19:00:00Z,2027-02-14T12:00:00Z,2027-02-14T13:00:00Z,Sun,2,17,Week 17,false,,,,,Toyota Center,TX,Houston,N,,,False,1610612745,Rockets,Houston,HOU,rockets,0,0,0,0,1610612743,Nuggets,Denver,DEN,nuggets,0,0,0,0,natl,tv,7.0,NBA TV,NBA TV,Watch with League Pass or your TV subscription,,,-1.0,,,,,,,,,,,,,,,,,,,,,,,,,natl,radio,1001098,SiriusXM,SiriusXM,,,https://www.siriusxm.com/sports/nba,-1,,,,,,,,,,,,,,,,,,,,,,,,,,,,,,,,,,,,,,,,,,,,,,,,,,,,,,,,,,,,,,,,,,,,
00,2026-27,02/14/2027 00:00:00,0022600821,20270214/LACNOP,1,2:00 pm ET,6,2027-02-14T00:00:00Z,1900-01-01T14:00:00Z,2027-02-14T14:00:00Z,2027-02-14T05:00:00Z,1900-01-01T19:00:00Z,2027-02-14T19:00:00Z,2027-02-14T11:00:00Z,2027-02-14T13:00:00Z,Sun,2,17,Week 17,false,,,,,Smoothie King Center,LA,New Orleans,N,,,False,1610612740,Pelicans,New Orleans,NOP,pelicans,0,0,0,0,1610612746,Clippers,LA,LAC,clippers,0,0,0,0,,,,,,,,,,,,,,,,,,,,,,,,,,,,,,,,,,natl,radio,1001098,SiriusXM,SiriusXM,,,https://www.siriusxm.com/sports/nba,-1,,,,,,,,,,,,,,,,,,,,,,,,,,,,,,,,,,,,,,,,,,,,,,,,,,,,,,,,,,,,,,,,,,,,
00,2026-27,02/14/2027 00:00:00,0022600822,20270214/CHIPOR,1,3:30 pm ET,7,2027-02-14T00:00:00Z,1900-01-01T15:30:00Z,2027-02-14T15:30:00Z,2027-02-14T05:00:00Z,1900-01-01T20:30:00Z,2027-02-14T20:30:00Z,2027-02-14T14:30:00Z,2027-02-14T12:30:00Z,Sun,2,17,Week 17,false,,,,,Moda Center,OR,Portland,N,,,False,1610612757,Trail Blazers,Portland,POR,blazers,0,0,0,0,1610612741,Bulls,Chicago,CHI,bulls,0,0,0,0,,,,,,,,,,,,,,,,,,,,,,,,,,,,,,,,,,natl,radio,1001098,SiriusXM,SiriusXM,,,https://www.siriusxm.com/sports/nba,-1,,,,,,,,,,,,,,home,tv,1001196.0,KUNP,KUNP,,,,1610612757.0,,,,,,,,,,,,,,home,radio,1472.0,Rip City Radio 620,KPOJ,,,,1610612757.0,,,,,,,,,,,,,,,,,,,,,,,,
00,2026-27,02/15/2027 00:00:00,0022600081,20270215/MINCHA,1,12:00 pm ET,1,2027-02-15T00:00:00Z,1900-01-01T12:00:00Z,2027-02-15T12:00:00Z,2027-02-15T05:00:00Z,1900-01-01T17:00:00Z,2027-02-15T17:00:00Z,2027-02-15T11:00:00Z,2027-02-15T12:00:00Z,Mon,2,18,Week 18,false,,,,,Spectrum Center,NC,Charlotte,N,,,False,1610612766,Hornets,Charlotte,CHA,hornets,0,0,0,0,1610612750,Timberwolves,Minnesota,MIN,timberwolves,0,0,0,0,natl,tv,1001452.0,NBC,NBC,,,,-1.0,5.0,National,natl,tv,1001453.0,Peacock,Peacock,,,https://www.peacocktv.com/sports/nba?cid=2508sptnbaexterndinapplk26427&utm_campaign=2508sptnba&utm_source=nba_nba_nba&utm_medium=ernd_inapplk_acq_inapbnr&utm_term=nbafans&utm_content=nbaapplinks,-1.0,3.0,,,,,,,,,,,,,natl,radio,1001098,SiriusXM,SiriusXM,,,https://www.siriusxm.com/sports/nba,-1,,,,,,,,,,,,,,,,,,,,,,,,,,,,,,,,,,,,,,,,,,,,,,,,,,,,,,,,,,,,,,,,,,,,
00,2026-27,02/15/2027 00:00:00,0022600082,20270215/PHIDAL,1,2:30 pm ET,2,2027-02-15T00:00:00Z,1900-01-01T14:30:00Z,2027-02-15T14:30:00Z,2027-02-15T05:00:00Z,1900-01-01T19:30:00Z,2027-02-15T19:30:00Z,2027-02-15T14:30:00Z,2027-02-15T13:30:00Z,Mon,2,18,Week 18,false,,,,,American Airlines Center,TX,Dallas,N,,,False,1610612742,Mavericks,Dallas,DAL,mavericks,0,0,0,0,1610612755,76ers,Philadelphia,PHI,sixers,0,0,0,0,natl,tv,1001452.0,NBC,NBC,,,,-1.0,5.0,National,natl,tv,1001453.0,Peacock,Peacock,,,https://www.peacocktv.com/sports/nba?cid=2508sptnbaexterndinapplk26427&utm_campaign=2508sptnba&utm_source=nba_nba_nba&utm_medium=ernd_inapplk_acq_inapbnr&utm_term=nbafans&utm_content=nbaapplinks,-1.0,3.0,,,,,,,,,,,,,natl,radio,1001098,SiriusXM,SiriusXM,,,https://www.siriusxm.com/sports/nba,-1,,,,,,,,,,,,,,,,,,,,,,,,,,,,,,,,,,,,,,,,,,,,,,,,,,,,,,,,,,,,,,,,,,,,
00,2026-27,02/15/2027 00:00:00,0022600083,20270215/SASMIA,1,5:00 pm ET,3,2027-02-15T00:00:00Z,1900-01-01T17:00:00Z,2027-02-15T17:00:00Z,2027-02-15T05:00:00Z,1900-01-01T22:00:00Z,2027-02-15T22:00:00Z,2027-02-15T16:00:00Z,2027-02-15T17:00:00Z,Mon,2,18,Week 18,false,,,,,Kaseya Center,FL,Miami,N,,,False,1610612748,Heat,Miami,MIA,heat,0,0,0,0,1610612759,Spurs,San Antonio,SAS,spurs,0,0,0,0,natl,tv,1001452.0,NBC,NBC,,,,-1.0,5.0,National,natl,tv,1001453.0,Peacock,Peacock,,,https://www.peacocktv.com/sports/nba?cid=2508sptnbaexterndinapplk26427&utm_campaign=2508sptnba&utm_source=nba_nba_nba&utm_medium=ernd_inapplk_acq_inapbnr&utm_term=nbafans&utm_content=nbaapplinks,-1.0,3.0,,,,,,,,,,,,,natl,radio,1001098,SiriusXM,SiriusXM,,,https://www.siriusxm.com/sports/nba,-1,,,,,,,,,,,,,,,,,,,,,,,,,,,,,,,,,,,,home,radio,1001523.0,FM 104.3 WQAM / S: WAQI 710,WQAM-FM/WAQI,,,,1610612748.0,,,,,,,,,,,,,,,,,,,,,,,,
00,2026-27,02/15/2027 00:00:00,0022600084,20270215/INDGSW,1,7:30 pm ET,5,2027-02-15T00:00:00Z,1900-01-01T19:30:00Z,2027-02-15T19:30:00Z,2027-02-15T05:00:00Z,1900-01-01T00:30:00Z,2027-02-16T00:30:00Z,2027-02-15T19:30:00Z,2027-02-15T16:30:00Z,Mon,2,18,Week 18,false,,,,,Chase Center,CA,San Francisco,N,,,False,1610612744,Warriors,Golden State,GSW,warriors,0,0,0,0,1610612754,Pacers,Indiana,IND,pacers,0,0,0,0,natl,tv,1001453.0,Peacock,Peacock,,,https://www.peacocktv.com/sports/nba?cid=2508sptnbaexterndinapplk26427&utm_campaign=2508sptnba&utm_source=nba_nba_nba&utm_medium=ernd_inapplk_acq_inapbnr&utm_term=nbafans&utm_content=nbaapplinks,-1.0,3.0,,natl,tv,1001488.0,NBC Sports Network,NBCSN,,,,-1.0,7.0,National,,,,,,,,,,,,natl,radio,1001098,SiriusXM,SiriusXM,,,https://www.siriusxm.com/sports/nba,-1,,,,,,,,,,,,,,home,tv,1097.0,NBCSBA,NBCSBA,,,,1610612744.0,,,,,,,,,,,,,,,,,,,,,,,,,,,,,,,,,,,,,,,,,,,,,,
00,2026-27,02/15/2027 00:00:00,0022600823,20270215/PHXWAS,1,7:00 pm ET,4,2027-02-15T00:00:00Z,1900-01-01T19:00:00Z,2027-02-15T19:00:00Z,2027-02-15T05:00:00Z,1900-01-01T00:00:00Z,2027-02-16T00:00:00Z,2027-02-15T17:00:00Z,2027-02-15T19:00:00Z,Mon,2,18,Week 18,false,,,,,Capital One Arena,DC,Washington,N,,,False,1610612764,Wizards,Washington,WAS,wizards,0,0,0,0,1610612756,Suns,Phoenix,PHX,suns,0,0,0,0,,,,,,,,,,,,,,,,,,,,,,,,,,,,,,,,,,natl,radio,1001098,SiriusXM,SiriusXM,,,https://www.siriusxm.com/sports/nba,-1,,,,,,,,,,,,,,,,,,,,,,,,,,,,,,,,,,,,,,,,,,,,,,,,,,,,,,,,,,,,,,,,,,,,
00,2026-27,02/15/2027 00:00:00,0022600824,20270215/NYKMEM,1,8:00 pm ET,6,2027-02-15T00:00:00Z,1900-01-01T20:00:00Z,2027-02-15T20:00:00Z,2027-02-15T05:00:00Z,1900-01-01T01:00:00Z,2027-02-16T01:00:00Z,2027-02-15T20:00:00Z,2027-02-15T19:00:00Z,Mon,2,18,Week 18,false,,,,,FedExForum,TN,Memphis,N,,,False,1610612763,Grizzlies,Memphis,MEM,grizzlies,0,0,0,0,1610612752,Knicks,New York,NYK,knicks,0,0,0,0,,,,,,,,,,,,,,,,,,,,,,,,,,,,,,,,,,natl,radio,1001098,SiriusXM,SiriusXM,,,https://www.siriusxm.com/sports/nba,-1,,,,,,,,,,,,,,,,,,,,,,,,,,,,,,,,,,,,,,,,,,,,,,,,,,,,,,,,,,,,,,,,,,,,
00,2026-27,02/15/2027 00:00:00,0022600825,20270215/ORLOKC,1,8:00 pm ET,7,2027-02-15T00:00:00Z,1900-01-01T20:00:00Z,2027-02-15T20:00:00Z,2027-02-15T05:00:00Z,1900-01-01T01:00:00Z,2027-02-16T01:00:00Z,2027-02-15T20:00:00Z,2027-02-15T19:00:00Z,Mon,2,18,Week 18,false,,,,,Paycom Center,OK,Oklahoma City,N,,,False,1610612760,Thunder,Oklahoma City,OKC,thunder,0,0,0,0,1610612753,Magic,Orlando,ORL,magic,0,0,0,0,,,,,,,,,,,,,,,,,,,,,,,,,,,,,,,,,,natl,radio,1001098,SiriusXM,SiriusXM,,,https://www.siriusxm.com/sports/nba,-1,,,,,,,,,,,,,,,,,,,,,,,,,,,,,,,,,,,,,,,,,,,,,,,,,,,,,,,,,,,,,,,,,,,,
00,2026-27,02/15/2027 00:00:00,0022600826,20270215/DETUTA,1,9:00 pm ET,8,2027-02-15T00:00:00Z,1900-01-01T21:00:00Z,2027-02-15T21:00:00Z,2027-02-15T05:00:00Z,1900-01-01T02:00:00Z,2027-02-16T02:00:00Z,2027-02-15T21:00:00Z,2027-02-15T19:00:00Z,Mon,2,18,Week 18,false,,,,,Delta Center,UT,Salt Lake City,N,,,False,1610612762,Jazz,Utah,UTA,jazz,0,0,0,0,1610612765,Pistons,Detroit,DET,pistons,0,0,0,0,,,,,,,,,,,,,,,,,,,,,,,,,,,,,,,,,,natl,radio,1001098,SiriusXM,SiriusXM,,,https://www.siriusxm.com/sports/nba,-1,,,,,,,,,,,,,,,,,,,,,,,,,,,,,,,,,,,,,,,,,,,,,,,,,,,,,,,,,,,,,,,,,,,,
00,2026-27,02/16/2027 00:00:00,0022600827,20270216/MILCLE,1,7:00 pm ET,1,2027-02-16T00:00:00Z,1900-01-01T19:00:00Z,2027-02-16T19:00:00Z,2027-02-16T05:00:00Z,1900-01-01T00:00:00Z,2027-02-17T00:00:00Z,2027-02-16T18:00:00Z,2027-02-16T19:00:00Z,Tue,2,18,Week 18,false,,,,,Rocket Arena,OH,Cleveland,N,,,False,1610612739,Cavaliers,Cleveland,CLE,cavaliers,0,0,0,0,1610612749,Bucks,Milwaukee,MIL,bucks,0,0,0,0,,,,,,,,,,,,,,,,,,,,,,,,,,,,,,,,,,natl,radio,1001098,SiriusXM,SiriusXM,,,https://www.siriusxm.com/sports/nba,-1,,,,,,,,,,,,,,,,,,,,,,,,,,,,,,,,,,,,,,,,,,,,,,,,,,,,,,,,,,,,,,,,,,,,
00,2026-27,02/16/2027 00:00:00,0022600828,20270216/TORATL,1,8:00 pm ET,2,2027-02-16T00:00:00Z,1900-01-01T20:00:00Z,2027-02-16T20:00:00Z,2027-02-16T05:00:00Z,1900-01-01T01:00:00Z,2027-02-17T01:00:00Z,2027-02-16T20:00:00Z,2027-02-16T20:00:00Z,Tue,2,18,Week 18,false,,,,,State Farm Arena,GA,Atlanta,N,,,False,1610612737,Hawks,Atlanta,ATL,hawks,0,0,0,0,1610612761,Raptors,Toronto,TOR,raptors,0,0,0,0,natl,tv,1001452.0,NBC,NBC,,,,-1.0,5.0,East,natl,tv,1001453.0,Peacock,Peacock,,,https://www.peacocktv.com/sports/nba?cid=2508sptnbaexterndinapplk26427&utm_campaign=2508sptnba&utm_source=nba_nba_nba&utm_medium=ernd_inapplk_acq_inapbnr&utm_term=nbafans&utm_content=nbaapplinks,-1.0,3.0,,,,,,,,,,,,,natl,radio,1001098,SiriusXM,SiriusXM,,,https://www.siriusxm.com/sports/nba,-1,,,,,,,,,,,,,,,,,,,,,,,,,,,,,,,,,,,,,,,,,,,,,,,,,,,,,,,,,,,,,,,,,,,,
00,2026-27,02/16/2027 00:00:00,0022600829,20270216/CHILAL,1,10:00 pm ET,3,2027-02-16T00:00:00Z,1900-01-01T22:00:00Z,2027-02-16T22:00:00Z,2027-02-16T05:00:00Z,1900-01-01T03:00:00Z,2027-02-17T03:00:00Z,2027-02-16T21:00:00Z,2027-02-16T19:00:00Z,Tue,2,18,Week 18,false,,,,,Crypto.com Arena,CA,Los Angeles,N,,,False,1610612747,Lakers,Los Angeles,LAL,lakers,0,0,0,0,1610612741,Bulls,Chicago,CHI,bulls,0,0,0,0,,,,,,,,,,,,,,,,,,,,,,,,,,,,,,,,,,natl,radio,1001098,SiriusXM,SiriusXM,,,https://www.siriusxm.com/sports/nba,-1,,,,,,,,,,,,,,home,tv,1651.0,Spectrum SportsNet,SPECSN,,,,1610612747.0,,,,,,,,,,,,,,home,radio,1001605.0,ESPN LA 710/980 KFWB,KSPN/KFWB,,,,1610612747.0,,,,,,,,,,,,,,,,,,,,,,,,
00,2026-27,02/16/2027 00:00:00,0022600830,20270216/NOPPOR,1,10:00 pm ET,4,2027-02-16T00:00:00Z,1900-01-01T22:00:00Z,2027-02-16T22:00:00Z,2027-02-16T05:00:00Z,1900-01-01T03:00:00Z,2027-02-17T03:00:00Z,2027-02-16T21:00:00Z,2027-02-16T19:00:00Z,Tue,2,18,Week 18,false,,,,,Moda Center,OR,Portland,N,,,False,1610612757,Trail Blazers,Portland,POR,blazers,0,0,0,0,1610612740,Pelicans,New Orleans,NOP,pelicans,0,0,0,0,,,,,,,,,,,,,,,,,,,,,,,,,,,,,,,,,,natl,radio,1001098,SiriusXM,SiriusXM,,,https://www.siriusxm.com/sports/nba,-1,,,,,,,,,,,,,,home,tv,1001196.0,KUNP,KUNP,,,,1610612757.0,,,,,,,,,,,,,,home,radio,1472.0,Rip City Radio 620,KPOJ,,,,1610612757.0,,,,,,,,,,,,,,,,,,,,,,,,
00,2026-27,02/16/2027 00:00:00,0022600831,20270216/HOULAC,1,11:00 pm ET,5,2027-02-16T00:00:00Z,1900-01-01T23:00:00Z,2027-02-16T23:00:00Z,2027-02-16T05:00:00Z,1900-01-01T04:00:00Z,2027-02-17T04:00:00Z,2027-02-16T22:00:00Z,2027-02-16T20:00:00Z,Tue,2,18,Week 18,false,,,,,Intuit Dome,CA,Inglewood,N,,,False,1610612746,Clippers,LA,LAC,clippers,0,0,0,0,1610612745,Rockets,Houston,HOU,rockets,0,0,0,0,natl,tv,1001452.0,NBC,NBC,,,,-1.0,5.0,West,natl,tv,1001453.0,Peacock,Peacock,,,https://www.peacocktv.com/sports/nba?cid=2508sptnbaexterndinapplk26427&utm_campaign=2508sptnba&utm_source=nba_nba_nba&utm_medium=ernd_inapplk_acq_inapbnr&utm_term=nbafans&utm_content=nbaapplinks,-1.0,3.0,,,,,,,,,,,,,natl,radio,1001098,SiriusXM,SiriusXM,,,https://www.siriusxm.com/sports/nba,-1,,,,,,,,,,,,,,,,,,,,,,,,,,,,,,,,,,,,,,,,,,,,,,,,,,,,,,,,,,,,,,,,,,,,
00,2026-27,02/17/2027 00:00:00,0022600832,20270217/TORCHA,1,7:00 pm ET,1,2027-02-17T00:00:00Z,1900-01-01T19:00:00Z,2027-02-17T19:00:00Z,2027-02-17T05:00:00Z,1900-01-01T00:00:00Z,2027-02-18T00:00:00Z,2027-02-17T19:00:00Z,2027-02-17T19:00:00Z,Wed,2,18,Week 18,false,,,,,Spectrum Center,NC,Charlotte,N,,,False,1610612766,Hornets,Charlotte,CHA,hornets,0,0,0,0,1610612761,Raptors,Toronto,TOR,raptors,0,0,0,0,,,,,,,,,,,,,,,,,,,,,,,,,,,,,,,,,,natl,radio,1001098,SiriusXM,SiriusXM,,,https://www.siriusxm.com/sports/nba,-1,,,,,,,,,,,,,,,,,,,,,,,,,,,,,,,,,,,,,,,,,,,,,,,,,,,,,,,,,,,,,,,,,,,,
00,2026-27,02/17/2027 00:00:00,0022600833,20270217/MILCLE,1,7:00 pm ET,2,2027-02-17T00:00:00Z,1900-01-01T19:00:00Z,2027-02-17T19:00:00Z,2027-02-17T05:00:00Z,1900-01-01T00:00:00Z,2027-02-18T00:00:00Z,2027-02-17T18:00:00Z,2027-02-17T19:00:00Z,Wed,2,18,Week 18,false,,,,,Rocket Arena,OH,Cleveland,N,,,False,1610612739,Cavaliers,Cleveland,CLE,cavaliers,0,0,0,0,1610612749,Bucks,Milwaukee,MIL,bucks,0,0,0,0,,,,,,,,,,,,,,,,,,,,,,,,,,,,,,,,,,natl,radio,1001098,SiriusXM,SiriusXM,,,https://www.siriusxm.com/sports/nba,-1,,,,,,,,,,,,,,,,,,,,,,,,,,,,,,,,,,,,,,,,,,,,,,,,,,,,,,,,,,,,,,,,,,,,
00,2026-27,02/17/2027 00:00:00,0022600834,20270217/NYKDET,1,7:00 pm ET,3,2027-02-17T00:00:00Z,1900-01-01T19:00:00Z,2027-02-17T19:00:00Z,2027-02-17T05:00:00Z,1900-01-01T00:00:00Z,2027-02-18T00:00:00Z,2027-02-17T19:00:00Z,2027-02-17T19:00:00Z,Wed,2,18,Week 18,false,,,,,Little Caesars Arena,MI,Detroit,N,,,False,1610612765,Pistons,Detroit,DET,pistons,0,0,0,0,1610612752,Knicks,New York,NYK,knicks,0,0,0,0,natl,tv,2.0,ESPN,ESPN,,,https://www.espn.com/watch/catalog/7b3729c9-7f69-308a-bf8a-ee15a6aba154/nba#bucketId=29446&sourceCollection=Featured_Sports_,-1.0,2.0,,,,,,,,,,,,,,,,,,,,,,,,natl,radio,1001098,SiriusXM,SiriusXM,,,https://www.siriusxm.com/sports/nba,-1,,,,,,,,,,,,,,,,,,,,,,,,,,,,,,,,,,,,,,,,,,,,,,,,,,,,,,,,,,,,,,,,,,,,
00,2026-27,02/17/2027 00:00:00,0022600835,20270217/DALORL,1,7:00 pm ET,4,2027-02-17T00:00:00Z,1900-01-01T19:00:00Z,2027-02-17T19:00:00Z,2027-02-17T05:00:00Z,1900-01-01T00:00:00Z,2027-02-18T00:00:00Z,2027-02-17T18:00:00Z,2027-02-17T19:00:00Z,Wed,2,18,Week 18,false,,,,,Kia Center,FL,Orlando,N,,,False,1610612753,Magic,Orlando,ORL,magic,0,0,0,0,1610612742,Mavericks,Dallas,DAL,mavericks,0,0,0,0,,,,,,,,,,,,,,,,,,,,,,,,,,,,,,,,,,natl,radio,1001098,SiriusXM,SiriusXM,,,https://www.siriusxm.com/sports/nba,-1,,,,,,,,,,,,,,,,,,,,,,,,,,,,,,,,,,,,,,,,,,,,,,,,,,,,,,,,,,,,,,,,,,,,
00,2026-27,02/17/2027 00:00:00,0022600836,20270217/PHXPHI,1,7:00 pm ET,5,2027-02-17T00:00:00Z,1900-01-01T19:00:00Z,2027-02-17T19:00:00Z,2027-02-17T05:00:00Z,1900-01-01T00:00:00Z,2027-02-18T00:00:00Z,2027-02-17T17:00:00Z,2027-02-17T19:00:00Z,Wed,2,18,Week 18,false,,,,,Xfinity Mobile Arena,PA,Philadelphia,N,,,False,1610612755,76ers,Philadelphia,PHI,sixers,0,0,0,0,1610612756,Suns,Phoenix,PHX,suns,0,0,0,0,,,,,,,,,,,,,,,,,,,,,,,,,,,,,,,,,,natl,radio,1001098,SiriusXM,SiriusXM,,,https://www.siriusxm.com/sports/nba,-1,,,,,,,,,,,,,,,,,,,,,,,,,,,,,,,,,,,,,,,,,,,,,,,,,,,,,,,,,,,,,,,,,,,,
00,2026-27,02/17/2027 00:00:00,0022600837,20270217/MIAWAS,1,7:00 pm ET,6,2027-02-17T00:00:00Z,1900-01-01T19:00:00Z,2027-02-17T19:00:00Z,2027-02-17T05:00:00Z,1900-01-01T00:00:00Z,2027-02-18T00:00:00Z,2027-02-17T19:00:00Z,2027-02-17T19:00:00Z,Wed,2,18,Week 18,false,,,,,Capital One Arena,DC,Washington,N,,,False,1610612764,Wizards,Washington,WAS,wizards,0,0,0,0,1610612748,Heat,Miami,MIA,heat,0,0,0,0,,,,,,,,,,,,,,,,,,,,,,,,,,,,,,,,,,natl,radio,1001098,SiriusXM,SiriusXM,,,https://www.siriusxm.com/sports/nba,-1,,,,,,,,,,,,,,,,,,,,,,,,,,,,,,,,,,,,,,,,,,,,,,,away,tv,1001720.0,WPLG Local 10,WPLG,,,https://local10plusplatinum.maz.tv/open?deeplink=local10platinum://item/3776211-3882966?item=44d4cc7fbb9f4bd72cf272489b39eadf-3742525-3848761,1610612748.0,,,away,radio,1001523.0,FM 104.3 WQAM / S: WAQI 710,WQAM-FM/WAQI,,,,1610612748.0,,
00,2026-27,02/17/2027 00:00:00,0022600838,20270217/ATLBKN,1,7:30 pm ET,7,2027-02-17T00:00:00Z,1900-01-01T19:30:00Z,2027-02-17T19:30:00Z,2027-02-17T05:00:00Z,1900-01-01T00:30:00Z,2027-02-18T00:30:00Z,2027-02-17T19:30:00Z,2027-02-17T19:30:00Z,Wed,2,18,Week 18,false,,,,,Barclays Center,NY,Brooklyn,N,,,False,1610612751,Nets,Brooklyn,BKN,nets,0,0,0,0,1610612737,Hawks,Atlanta,ATL,hawks,0,0,0,0,,,,,,,,,,,,,,,,,,,,,,,,,,,,,,,,,,natl,radio,1001098,SiriusXM,SiriusXM,,,https://www.siriusxm.com/sports/nba,-1,,,,,,,,,,,,,,home,tv,175.0,DAZN (YES),YES,,,,1610612751.0,,,,,,,,,,,,,,,,,,,,,,,,,,,,,,,,,,,,,,,,,,,,,,
00,2026-27,02/17/2027 00:00:00,0022600839,20270217/SASMEM,1,8:00 pm ET,8,2027-02-17T00:00:00Z,1900-01-01T20:00:00Z,2027-02-17T20:00:00Z,2027-02-17T05:00:00Z,1900-01-01T01:00:00Z,2027-02-18T01:00:00Z,2027-02-17T19:00:00Z,2027-02-17T19:00:00Z,Wed,2,18,Week 18,false,,,,,FedExForum,TN,Memphis,N,,,False,1610612763,Grizzlies,Memphis,MEM,grizzlies,0,0,0,0,1610612759,Spurs,San Antonio,SAS,spurs,0,0,0,0,,,,,,,,,,,,,,,,,,,,,,,,,,,,,,,,,,natl,radio,1001098,SiriusXM,SiriusXM,,,https://www.siriusxm.com/sports/nba,-1,,,,,,,,,,,,,,,,,,,,,,,,,,,,,,,,,,,,,,,,,,,,,,,,,,,,,,,,,,,,,,,,,,,,
00,2026-27,02/17/2027 00:00:00,0022600840,20270217/UTADEN,1,9:00 pm ET,9,2027-02-17T00:00:00Z,1900-01-01T21:00:00Z,2027-02-17T21:00:00Z,2027-02-17T05:00:00Z,1900-01-01T02:00:00Z,2027-02-18T02:00:00Z,2027-02-17T19:00:00Z,2027-02-17T19:00:00Z,Wed,2,18,Week 18,false,,,,,Ball Arena,CO,Denver,N,,,False,1610612743,Nuggets,Denver,DEN,nuggets,0,0,0,0,1610612762,Jazz,Utah,UTA,jazz,0,0,0,0,,,,,,,,,,,,,,,,,,,,,,,,,,,,,,,,,,natl,radio,1001098,SiriusXM,SiriusXM,,,https://www.siriusxm.com/sports/nba,-1,,,,,,,,,,,,,,,,,,,,,,,,,,,,,,,,,,,,,,,,,,,,,,,,,,,,,,,,,,,,,,,,,,,,
00,2026-27,02/17/2027 00:00:00,0022600841,20270217/BOSOKC,1,9:30 pm ET,10,2027-02-17T00:00:00Z,1900-01-01T21:30:00Z,2027-02-17T21:30:00Z,2027-02-17T05:00:00Z,1900-01-01T02:30:00Z,2027-02-18T02:30:00Z,2027-02-17T21:30:00Z,2027-02-17T20:30:00Z,Wed,2,18,Week 18,false,,,,,Paycom Center,OK,Oklahoma City,N,,,False,1610612760,Thunder,Oklahoma City,OKC,thunder,0,0,0,0,1610612738,Celtics,Boston,BOS,celtics,0,0,0,0,natl,tv,2.0,ESPN,ESPN,,,https://www.espn.com/watch/catalog/7b3729c9-7f69-308a-bf8a-ee15a6aba154/nba#bucketId=29446&sourceCollection=Featured_Sports_,-1.0,2.0,,,,,,,,,,,,,,,,,,,,,,,,natl,radio,1001098,SiriusXM,SiriusXM,,,https://www.siriusxm.com/sports/nba,-1,,,,,,,,,,,,,,,,,,,,,,,,,,,,,,,,,,,,,,,,,,,,,,,,,,,,,,,,,,,,,,,,,,,,
00,2026-27,02/17/2027 00:00:00,0022600842,20270217/NOPGSW,1,10:00 pm ET,11,2027-02-17T00:00:00Z,1900-01-01T22:00:00Z,2027-02-17T22:00:00Z,2027-02-17T05:00:00Z,1900-01-01T03:00:00Z,2027-02-18T03:00:00Z,2027-02-17T21:00:00Z,2027-02-17T19:00:00Z,Wed,2,18,Week 18,false,,,,,Chase Center,CA,San Francisco,N,,,False,1610612744,Warriors,Golden State,GSW,warriors,0,0,0,0,1610612740,Pelicans,New Orleans,NOP,pelicans,0,0,0,0,,,,,,,,,,,,,,,,,,,,,,,,,,,,,,,,,,natl,radio,1001098,SiriusXM,SiriusXM,,,https://www.siriusxm.com/sports/nba,-1,,,,,,,,,,,,,,home,tv,1097.0,NBCSBA,NBCSBA,,,,1610612744.0,,,,,,,,,,,,,,,,,,,,,,,,,,,,,,,,,,,,,,,,,,,,,,
00,2026-27,02/17/2027 00:00:00,0022600843,20270217/INDSAC,1,10:00 pm ET,12,2027-02-17T00:00:00Z,1900-01-01T22:00:00Z,2027-02-17T22:00:00Z,2027-02-17T05:00:00Z,1900-01-01T03:00:00Z,2027-02-18T03:00:00Z,2027-02-17T22:00:00Z,2027-02-17T19:00:00Z,Wed,2,18,Week 18,false,,,,,Golden 1 Center,CA,Sacramento,N,,,False,1610612758,Kings,Sacramento,SAC,kings,0,0,0,0,1610612754,Pacers,Indiana,IND,pacers,0,0,0,0,,,,,,,,,,,,,,,,,,,,,,,,,,,,,,,,,,natl,radio,1001098,SiriusXM,SiriusXM,,,https://www.siriusxm.com/sports/nba,-1,,,,,,,,,,,,,,home,tv,1027.0,NBCSCA,NBCSCA,,,,1610612758.0,,,,,,,,,,,,,,,,,,,,,,,,,,,,,,,,,,,,,,,,,,,,,,
00,2026-27,02/17/2027 00:00:00,0022600844,20270217/CHILAC,1,10:30 pm ET,13,2027-02-17T00:00:00Z,1900-01-01T22:30:00Z,2027-02-17T22:30:00Z,2027-02-17T05:00:00Z,1900-01-01T03:30:00Z,2027-02-18T03:30:00Z,2027-02-17T21:30:00Z,2027-02-17T19:30:00Z,Wed,2,18,Week 18,false,,,,,Intuit Dome,CA,Inglewood,N,,,False,1610612746,Clippers,LA,LAC,clippers,0,0,0,0,1610612741,Bulls,Chicago,CHI,bulls,0,0,0,0,,,,,,,,,,,,,,,,,,,,,,,,,,,,,,,,,,natl,radio,1001098,SiriusXM,SiriusXM,,,https://www.siriusxm.com/sports/nba,-1,,,,,,,,,,,,,,,,,,,,,,,,,,,,,,,,,,,,,,,,,,,,,,,,,,,,,,,,,,,,,,,,,,,,
00,2026-27,02/18/2027 00:00:00,0022600845,20270218/SASMIN,1,7:30 pm ET,1,2027-02-18T00:00:00Z,1900-01-01T19:30:00Z,2027-02-18T19:30:00Z,2027-02-18T05:00:00Z,1900-01-01T00:30:00Z,2027-02-19T00:30:00Z,2027-02-18T18:30:00Z,2027-02-18T18:30:00Z,Thu,2,18,Week 18,false,,,,,Target Center,MN,Minneapolis,N,,,False,1610612750,Timberwolves,Minnesota,MIN,timberwolves,0,0,0,0,1610612759,Spurs,San Antonio,SAS,spurs,0,0,0,0,natl,tv,1000664.0,Prime Video,Amazon,,,https://www.amazon.com/gp/video/tournament/amzn1.dv.icid.cf75b42a-68cd-4a1c-993a-a0b3f0575c5f?jic=20%7CCgZTcG9ydHMSA2FsbA%3D%3D&ref_=atv_hm_spo_c_7a7vxF_4_6,-1.0,4.0,,,,,,,,,,,,,,,,,,,,,,,,natl,radio,1001098,SiriusXM,SiriusXM,,,https://www.siriusxm.com/sports/nba,-1,,,,,,,,,,,,,,,,,,,,,,,,,,,,,,,,,,,,,,,,,,,,,,,,,,,,,,,,,,,,,,,,,,,,
00,2026-27,02/18/2027 00:00:00,0022600846,20270218/BOSMEM,1,8:00 pm ET,2,2027-02-18T00:00:00Z,1900-01-01T20:00:00Z,2027-02-18T20:00:00Z,2027-02-18T05:00:00Z,1900-01-01T01:00:00Z,2027-02-19T01:00:00Z,2027-02-18T20:00:00Z,2027-02-18T19:00:00Z,Thu,2,18,Week 18,false,,,,,FedExForum,TN,Memphis,N,,,False,1610612763,Grizzlies,Memphis,MEM,grizzlies,0,0,0,0,1610612738,Celtics,Boston,BOS,celtics,0,0,0,0,,,,,,,,,,,,,,,,,,,,,,,,,,,,,,,,,,natl,radio,1001098,SiriusXM,SiriusXM,,,https://www.siriusxm.com/sports/nba,-1,,,,,,,,,,,,,,,,,,,,,,,,,,,,,,,,,,,,,,,,,,,,,,,away,tv,1658.0,NBC SPORTS BOSTON,NBCSB,,,,1610612738.0,,,,,,,,,,,,,
00,2026-27,02/18/2027 00:00:00,0022600847,20270218/HOULAL,1,10:00 pm ET,3,2027-02-18T00:00:00Z,1900-01-01T22:00:00Z,2027-02-18T22:00:00Z,2027-02-18T05:00:00Z,1900-01-01T03:00:00Z,2027-02-19T03:00:00Z,2027-02-18T21:00:00Z,2027-02-18T19:00:00Z,Thu,2,18,Week 18,false,,,,,Crypto.com Arena,CA,Los Angeles,N,,,False,1610612747,Lakers,Los Angeles,LAL,lakers,0,0,0,0,1610612745,Rockets,Houston,HOU,rockets,0,0,0,0,natl,tv,1000664.0,Prime Video,Amazon,,,https://www.amazon.com/gp/video/tournament/amzn1.dv.icid.cf75b42a-68cd-4a1c-993a-a0b3f0575c5f?jic=20%7CCgZTcG9ydHMSA2FsbA%3D%3D&ref_=atv_hm_spo_c_7a7vxF_4_6,-1.0,4.0,,,,,,,,,,,,,,,,,,,,,,,,natl,radio,1001098,SiriusXM,SiriusXM,,,https://www.siriusxm.com/sports/nba,-1,,,,,,,,,,,,,,home,tv,1651.0,Spectrum SportsNet,SPECSN,,,,1610612747.0,,,,,,,,,,,,,,home,radio,1001605.0,ESPN LA 710/980 KFWB,KSPN/KFWB,,,,1610612747.0,,,,,,,,,,,,,,,,,,,,,,,,
00,2026-27,02/18/2027 00:00:00,0022600848,20270218/INDPOR,1,10:00 pm ET,4,2027-02-18T00:00:00Z,1900-01-01T22:00:00Z,2027-02-18T22:00:00Z,2027-02-18T05:00:00Z,1900-01-01T03:00:00Z,2027-02-19T03:00:00Z,2027-02-18T22:00:00Z,2027-02-18T19:00:00Z,Thu,2,18,Week 18,false,,,,,Moda Center,OR,Portland,N,,,False,1610612757,Trail Blazers,Portland,POR,blazers,0,0,0,0,1610612754,Pacers,Indiana,IND,pacers,0,0,0,0,,,,,,,,,,,,,,,,,,,,,,,,,,,,,,,,,,natl,radio,1001098,SiriusXM,SiriusXM,,,https://www.siriusxm.com/sports/nba,-1,,,,,,,,,,,,,,home,tv,1001196.0,KUNP,KUNP,,,,1610612757.0,,,,,,,,,,,,,,home,radio,1472.0,Rip City Radio 620,KPOJ,,,,1610612757.0,,,,,,,,,,,,,,,,,,,,,,,,
00,2026-27,02/25/2027 00:00:00,0022600849,20270225/SACCLE,1,7:00 pm ET,1,2027-02-25T00:00:00Z,1900-01-01T19:00:00Z,2027-02-25T19:00:00Z,2027-02-25T05:00:00Z,1900-01-01T00:00:00Z,2027-02-26T00:00:00Z,2027-02-25T16:00:00Z,2027-02-25T19:00:00Z,Thu,2,19,Week 19,false,,,,,Rocket Arena,OH,Cleveland,N,,,False,1610612739,Cavaliers,Cleveland,CLE,cavaliers,0,0,0,0,1610612758,Kings,Sacramento,SAC,kings,0,0,0,0,,,,,,,,,,,,,,,,,,,,,,,,,,,,,,,,,,natl,radio,1001098,SiriusXM,SiriusXM,,,https://www.siriusxm.com/sports/nba,-1,,,,,,,,,,,,,,,,,,,,,,,,,,,,,,,,,,,,,,,,,,,,,,,away,tv,1027.0,NBCSCA,NBCSCA,,,,1610612758.0,,,,,,,,,,,,,
00,2026-27,02/25/2027 00:00:00,0022600850,20270225/MIADET,1,7:00 pm ET,2,2027-02-25T00:00:00Z,1900-01-01T19:00:00Z,2027-02-25T19:00:00Z,2027-02-25T05:00:00Z,1900-01-01T00:00:00Z,2027-02-26T00:00:00Z,2027-02-25T19:00:00Z,2027-02-25T19:00:00Z,Thu,2,19,Week 19,false,,,,,Little Caesars Arena,MI,Detroit,N,,,False,1610612765,Pistons,Detroit,DET,pistons,0,0,0,0,1610612748,Heat,Miami,MIA,heat,0,0,0,0,,,,,,,,,,,,,,,,,,,,,,,,,,,,,,,,,,natl,radio,1001098,SiriusXM,SiriusXM,,,https://www.siriusxm.com/sports/nba,-1,,,,,,,,,,,,,,,,,,,,,,,,,,,,,,,,,,,,,,,,,,,,,,,away,tv,1001720.0,WPLG Local 10,WPLG,,,https://local10plusplatinum.maz.tv/open?deeplink=local10platinum://item/3776211-3882966?item=44d4cc7fbb9f4bd72cf272489b39eadf-3742525-3848761,1610612748.0,,,away,radio,1001523.0,FM 104.3 WQAM / S: WAQI 710,WQAM-FM/WAQI,,,,1610612748.0,,
00,2026-27,02/25/2027 00:00:00,0022600851,20270225/CHAORL,1,7:00 pm ET,3,2027-02-25T00:00:00Z,1900-01-01T19:00:00Z,2027-02-25T19:00:00Z,2027-02-25T05:00:00Z,1900-01-01T00:00:00Z,2027-02-26T00:00:00Z,2027-02-25T19:00:00Z,2027-02-25T19:00:00Z,Thu,2,19,Week 19,false,,,,,Kia Center,FL,Orlando,N,,,False,1610612753,Magic,Orlando,ORL,magic,0,0,0,0,1610612766,Hornets,Charlotte,CHA,hornets,0,0,0,0,,,,,,,,,,,,,,,,,,,,,,,,,,,,,,,,,,natl,radio,1001098,SiriusXM,SiriusXM,,,https://www.siriusxm.com/sports/nba,-1,,,,,,,,,,,,,,,,,,,,,,,,,,,,,,,,,,,,,,,,,,,,,,,,,,,,,,,,,,,,,,,,,,,,
00,2026-27,02/25/2027 00:00:00,0022600852,20270225/PHIBKN,1,7:30 pm ET,4,2027-02-25T00:00:00Z,1900-01-01T19:30:00Z,2027-02-25T19:30:00Z,2027-02-25T05:00:00Z,1900-01-01T00:30:00Z,2027-02-26T00:30:00Z,2027-02-25T19:30:00Z,2027-02-25T19:30:00Z,Thu,2,19,Week 19,false,,,,,Barclays Center,NY,Brooklyn,N,,,False,1610612751,Nets,Brooklyn,BKN,nets,0,0,0,0,1610612755,76ers,Philadelphia,PHI,sixers,0,0,0,0,,,,,,,,,,,,,,,,,,,,,,,,,,,,,,,,,,natl,radio,1001098,SiriusXM,SiriusXM,,,https://www.siriusxm.com/sports/nba,-1,,,,,,,,,,,,,,home,tv,175.0,DAZN (YES),YES,,,,1610612751.0,,,,,,,,,,,,,,,,,,,,,,,,,,,,,,,,,,,,,,,,,,,,,,
00,2026-27,02/25/2027 00:00:00,0022600853,20270225/OKCNYK,1,7:30 pm ET,5,2027-02-25T00:00:00Z,1900-01-01T19:30:00Z,2027-02-25T19:30:00Z,2027-02-25T05:00:00Z,1900-01-01T00:30:00Z,2027-02-26T00:30:00Z,2027-02-25T18:30:00Z,2027-02-25T19:30:00Z,Thu,2,19,Week 19,false,,,,,Madison Square Garden,NY,New York,N,,,False,1610612752,Knicks,New York,NYK,knicks,0,0,0,0,1610612760,Thunder,Oklahoma City,OKC,thunder,0,0,0,0,natl,tv,1000664.0,Prime Video,Amazon,,,https://www.amazon.com/gp/video/tournament/amzn1.dv.icid.cf75b42a-68cd-4a1c-993a-a0b3f0575c5f?jic=20%7CCgZTcG9ydHMSA2FsbA%3D%3D&ref_=atv_hm_spo_c_7a7vxF_4_6,-1.0,4.0,,,,,,,,,,,,,,,,,,,,,,,,natl,radio,1001098,SiriusXM,SiriusXM,,,https://www.siriusxm.com/sports/nba,-1,,,,,,,,,,,,,,,,,,,,,,,,,,,,,,,,,,,,,,,,,,,,,,,,,,,,,,,,,,,,,,,,,,,,
00,2026-27,02/25/2027 00:00:00,0022600854,20270225/ATLCHI,1,8:00 pm ET,6,2027-02-25T00:00:00Z,1900-01-01T20:00:00Z,2027-02-25T20:00:00Z,2027-02-25T05:00:00Z,1900-01-01T01:00:00Z,2027-02-26T01:00:00Z,2027-02-25T20:00:00Z,2027-02-25T19:00:00Z,Thu,2,19,Week 19,false,,,,,United Center,IL,Chicago,N,,,False,1610612741,Bulls,Chicago,CHI,bulls,0,0,0,0,1610612737,Hawks,Atlanta,ATL,hawks,0,0,0,0,,,,,,,,,,,,,,,,,,,,,,,,,,,,,,,,,,natl,radio,1001098,SiriusXM,SiriusXM,,,https://www.siriusxm.com/sports/nba,-1,,,,,,,,,,,,,,,,,,,,,,,,,,,,,,,,,,,,,,,,,,,,,,,,,,,,,,,,,,,,,,,,,,,,
00,2026-27,02/25/2027 00:00:00,0022600855,20270225/WASMIL,1,8:00 pm ET,7,2027-02-25T00:00:00Z,1900-01-01T20:00:00Z,2027-02-25T20:00:00Z,2027-02-25T05:00:00Z,1900-01-01T01:00:00Z,2027-02-26T01:00:00Z,2027-02-25T20:00:00Z,2027-02-25T19:00:00Z,Thu,2,19,Week 19,false,,,,,Fiserv Forum,WI,Milwaukee,N,,,False,1610612749,Bucks,Milwaukee,MIL,bucks,0,0,0,0,1610612764,Wizards,Washington,WAS,wizards,0,0,0,0,,,,,,,,,,,,,,,,,,,,,,,,,,,,,,,,,,natl,radio,1001098,SiriusXM,SiriusXM,,,https://www.siriusxm.com/sports/nba,-1,,,,,,,,,,,,,,,,,,,,,,,,,,,,,,,,,,,,,,,,,,,,,,,,,,,,,,,,,,,,,,,,,,,,
00,2026-27,02/25/2027 00:00:00,0022600856,20270225/PHXNOP,1,8:00 pm ET,8,2027-02-25T00:00:00Z,1900-01-01T20:00:00Z,2027-02-25T20:00:00Z,2027-02-25T05:00:00Z,1900-01-01T01:00:00Z,2027-02-26T01:00:00Z,2027-02-25T18:00:00Z,2027-02-25T19:00:00Z,Thu,2,19,Week 19,false,,,,,Smoothie King Center,LA,New Orleans,N,,,False,1610612740,Pelicans,New Orleans,NOP,pelicans,0,0,0,0,1610612756,Suns,Phoenix,PHX,suns,0,0,0,0,,,,,,,,,,,,,,,,,,,,,,,,,,,,,,,,,,natl,radio,1001098,SiriusXM,SiriusXM,,,https://www.siriusxm.com/sports/nba,-1,,,,,,,,,,,,,,,,,,,,,,,,,,,,,,,,,,,,,,,,,,,,,,,,,,,,,,,,,,,,,,,,,,,,
00,2026-27,02/25/2027 00:00:00,0022600857,20270225/DALGSW,1,10:00 pm ET,9,2027-02-25T00:00:00Z,1900-01-01T22:00:00Z,2027-02-25T22:00:00Z,2027-02-25T05:00:00Z,1900-01-01T03:00:00Z,2027-02-26T03:00:00Z,2027-02-25T21:00:00Z,2027-02-25T19:00:00Z,Thu,2,19,Week 19,false,,,,,Chase Center,CA,San Francisco,N,,,False,1610612744,Warriors,Golden State,GSW,warriors,0,0,0,0,1610612742,Mavericks,Dallas,DAL,mavericks,0,0,0,0,natl,tv,1000664.0,Prime Video,Amazon,,,https://www.amazon.com/gp/video/tournament/amzn1.dv.icid.cf75b42a-68cd-4a1c-993a-a0b3f0575c5f?jic=20%7CCgZTcG9ydHMSA2FsbA%3D%3D&ref_=atv_hm_spo_c_7a7vxF_4_6,-1.0,4.0,,,,,,,,,,,,,,,,,,,,,,,,natl,radio,1001098,SiriusXM,SiriusXM,,,https://www.siriusxm.com/sports/nba,-1,,,,,,,,,,,,,,,,,,,,,,,,,,,,,,,,,,,,,,,,,,,,,,,,,,,,,,,,,,,,,,,,,,,,
00,2026-27,02/25/2027 00:00:00,0022600858,20270225/UTALAC,1,10:30 pm ET,10,2027-02-25T00:00:00Z,1900-01-01T22:30:00Z,2027-02-25T22:30:00Z,2027-02-25T05:00:00Z,1900-01-01T03:30:00Z,2027-02-26T03:30:00Z,2027-02-25T20:30:00Z,2027-02-25T19:30:00Z,Thu,2,19,Week 19,false,,,,,Intuit Dome,CA,Inglewood,N,,,False,1610612746,Clippers,LA,LAC,clippers,0,0,0,0,1610612762,Jazz,Utah,UTA,jazz,0,0,0,0,,,,,,,,,,,,,,,,,,,,,,,,,,,,,,,,,,natl,radio,1001098,SiriusXM,SiriusXM,,,https://www.siriusxm.com/sports/nba,-1,,,,,,,,,,,,,,,,,,,,,,,,,,,,,,,,,,,,,,,,,,,,,,,,,,,,,,,,,,,,,,,,,,,,
00,2026-27,02/26/2027 00:00:00,0022600859,20270226/CLEBOS,1,7:30 pm ET,1,2027-02-26T00:00:00Z,1900-01-01T19:30:00Z,2027-02-26T19:30:00Z,2027-02-26T05:00:00Z,1900-01-01T00:30:00Z,2027-02-27T00:30:00Z,2027-02-26T19:30:00Z,2027-02-26T19:30:00Z,Fri,2,19,Week 19,false,,,,,TD Garden,MA,Boston,N,,,False,1610612738,Celtics,Boston,BOS,celtics,0,0,0,0,1610612739,Cavaliers,Cleveland,CLE,cavaliers,0,0,0,0,natl,tv,2.0,ESPN,ESPN,,,https://www.espn.com/watch/catalog/7b3729c9-7f69-308a-bf8a-ee15a6aba154/nba#bucketId=29446&sourceCollection=Featured_Sports_,-1.0,2.0,,,,,,,,,,,,,,,,,,,,,,,,natl,radio,1001098,SiriusXM,SiriusXM,,,https://www.siriusxm.com/sports/nba,-1,,,,,,,,,,,,,,home,tv,1658.0,NBC SPORTS BOSTON,NBCSB,,,,1610612738.0,,,,,,,,,,,,,,,,,,,,,,,,,,,,,,,,,,,,,,,,,,,,,,
00,2026-27,02/26/2027 00:00:00,0022600860,20270226/ATLTOR,1,7:30 pm ET,2,2027-02-26T00:00:00Z,1900-01-01T19:30:00Z,2027-02-26T19:30:00Z,2027-02-26T05:00:00Z,1900-01-01T00:30:00Z,2027-02-27T00:30:00Z,2027-02-26T19:30:00Z,2027-02-26T19:30:00Z,Fri,2,19,Week 19,false,,,,,Scotiabank Arena,ON,Toronto,N,,,False,1610612761,Raptors,Toronto,TOR,raptors,0,0,0,0,1610612737,Hawks,Atlanta,ATL,hawks,0,0,0,0,,,,,,,,,,,,,,,,,,,,,,,,,,,,,,,,,,natl,radio,1001098,SiriusXM,SiriusXM,,,https://www.siriusxm.com/sports/nba,-1,,,,,,,,,,,,,,,,,,,,,,,,,,,,,,,,,,,,,,,,,,,,,,,,,,,,,,,,,,,,,,,,,,,,
00,2026-27,02/26/2027 00:00:00,0022600861,20270226/INDMIN,1,8:00 pm ET,3,2027-02-26T00:00:00Z,1900-01-01T20:00:00Z,2027-02-26T20:00:00Z,2027-02-26T05:00:00Z,1900-01-01T01:00:00Z,2027-02-27T01:00:00Z,2027-02-26T20:00:00Z,2027-02-26T19:00:00Z,Fri,2,19,Week 19,false,,,,,Target Center,MN,Minneapolis,N,,,False,1610612750,Timberwolves,Minnesota,MIN,timberwolves,0,0,0,0,1610612754,Pacers,Indiana,IND,pacers,0,0,0,0,,,,,,,,,,,,,,,,,,,,,,,,,,,,,,,,,,natl,radio,1001098,SiriusXM,SiriusXM,,,https://www.siriusxm.com/sports/nba,-1,,,,,,,,,,,,,,,,,,,,,,,,,,,,,,,,,,,,,,,,,,,,,,,,,,,,,,,,,,,,,,,,,,,,
00,2026-27,02/26/2027 00:00:00,0022600862,20270226/MEMSAS,1,8:00 pm ET,4,2027-02-26T00:00:00Z,1900-01-01T20:00:00Z,2027-02-26T20:00:00Z,2027-02-26T05:00:00Z,1900-01-01T01:00:00Z,2027-02-27T01:00:00Z,2027-02-26T19:00:00Z,2027-02-26T19:00:00Z,Fri,2,19,Week 19,false,,,,,Moody Center,TX,Austin,N,,,False,1610612759,Spurs,San Antonio,SAS,spurs,0,0,0,0,1610612763,Grizzlies,Memphis,MEM,grizzlies,0,0,0,0,,,,,,,,,,,,,,,,,,,,,,,,,,,,,,,,,,natl,radio,1001098,SiriusXM,SiriusXM,,,https://www.siriusxm.com/sports/nba,-1,,,,,,,,,,,,,,,,,,,,,,,,,,,,,,,,,,,,,,,,,,,,,,,,,,,,,,,,,,,,,,,,,,,,
00,2026-27,02/26/2027 00:00:00,0022600863,20270226/CHAHOU,1,8:30 pm ET,5,2027-02-26T00:00:00Z,1900-01-01T20:30:00Z,2027-02-26T20:30:00Z,2027-02-26T05:00:00Z,1900-01-01T01:30:00Z,2027-02-27T01:30:00Z,2027-02-26T20:30:00Z,2027-02-26T19:30:00Z,Fri,2,19,Week 19,false,,,,,Toyota Center,TX,Houston,N,,,False,1610612745,Rockets,Houston,HOU,rockets,0,0,0,0,1610612766,Hornets,Charlotte,CHA,hornets,0,0,0,0,,,,,,,,,,,,,,,,,,,,,,,,,,,,,,,,,,natl,radio,1001098,SiriusXM,SiriusXM,,,https://www.siriusxm.com/sports/nba,-1,,,,,,,,,,,,,,,,,,,,,,,,,,,,,,,,,,,,,,,,,,,,,,,,,,,,,,,,,,,,,,,,,,,,
00,2026-27,02/26/2027 00:00:00,0022600864,20270226/LALDEN,1,10:00 pm ET,6,2027-02-26T00:00:00Z,1900-01-01T22:00:00Z,2027-02-26T22:00:00Z,2027-02-26T05:00:00Z,1900-01-01T03:00:00Z,2027-02-27T03:00:00Z,2027-02-26T19:00:00Z,2027-02-26T20:00:00Z,Fri,2,19,Week 19,false,,,,,Ball Arena,CO,Denver,N,,,False,1610612743,Nuggets,Denver,DEN,nuggets,0,0,0,0,1610612747,Lakers,Los Angeles,LAL,lakers,0,0,0,0,natl,tv,2.0,ESPN,ESPN,,,https://www.espn.com/watch/catalog/7b3729c9-7f69-308a-bf8a-ee15a6aba154/nba#bucketId=29446&sourceCollection=Featured_Sports_,-1.0,2.0,,,,,,,,,,,,,,,,,,,,,,,,natl,radio,1001098,SiriusXM,SiriusXM,,,https://www.siriusxm.com/sports/nba,-1,,,,,,,,,,,,,,,,,,,,,,,,,,,,,,,,,,,,,,,,,,,,,,,away,tv,1651.0,Spectrum SportsNet,SPECSN,,,,1610612747.0,,,away,radio,1001605.0,ESPN LA 710/980 KFWB,KSPN/KFWB,,,,1610612747.0,,
00,2026-27,02/26/2027 00:00:00,0022600865,20270226/DALPOR,1,10:00 pm ET,7,2027-02-26T00:00:00Z,1900-01-01T22:00:00Z,2027-02-26T22:00:00Z,2027-02-26T05:00:00Z,1900-01-01T03:00:00Z,2027-02-27T03:00:00Z,2027-02-26T21:00:00Z,2027-02-26T19:00:00Z,Fri,2,19,Week 19,false,,,,,Moda Center,OR,Portland,N,,,False,1610612757,Trail Blazers,Portland,POR,blazers,0,0,0,0,1610612742,Mavericks,Dallas,DAL,mavericks,0,0,0,0,,,,,,,,,,,,,,,,,,,,,,,,,,,,,,,,,,natl,radio,1001098,SiriusXM,SiriusXM,,,https://www.siriusxm.com/sports/nba,-1,,,,,,,,,,,,,,home,tv,1001196.0,KUNP,KUNP,,,,1610612757.0,,,,,,,,,,,,,,home,radio,1472.0,Rip City Radio 620,KPOJ,,,,1610612757.0,,,,,,,,,,,,,,,,,,,,,,,,
00,2026-27,02/27/2027 00:00:00,0022600866,20270227/WASUTA,1,3:00 pm ET,1,2027-02-27T00:00:00Z,1900-01-01T15:00:00Z,2027-02-27T15:00:00Z,2027-02-27T05:00:00Z,1900-01-01T20:00:00Z,2027-02-27T20:00:00Z,2027-02-27T15:00:00Z,2027-02-27T13:00:00Z,Sat,2,19,Week 19,false,,,,,Delta Center,UT,Salt Lake City,N,,,False,1610612762,Jazz,Utah,UTA,jazz,0,0,0,0,1610612764,Wizards,Washington,WAS,wizards,0,0,0,0,natl,tv,1000664.0,Prime Video,Amazon,,,https://www.amazon.com/gp/video/tournament/amzn1.dv.icid.cf75b42a-68cd-4a1c-993a-a0b3f0575c5f?jic=20%7CCgZTcG9ydHMSA2FsbA%3D%3D&ref_=atv_hm_spo_c_7a7vxF_4_6,-1.0,4.0,,,,,,,,,,,,,,,,,,,,,,,,natl,radio,1001098,SiriusXM,SiriusXM,,,https://www.siriusxm.com/sports/nba,-1,,,,,,,,,,,,,,,,,,,,,,,,,,,,,,,,,,,,,,,,,,,,,,,,,,,,,,,,,,,,,,,,,,,,
00,2026-27,02/27/2027 00:00:00,0022600867,20270227/OKCDET,1,5:30 pm ET,2,2027-02-27T00:00:00Z,1900-01-01T17:30:00Z,2027-02-27T17:30:00Z,2027-02-27T05:00:00Z,1900-01-01T22:30:00Z,2027-02-27T22:30:00Z,2027-02-27T16:30:00Z,2027-02-27T17:30:00Z,Sat,2,19,Week 19,false,,,,,Little Caesars Arena,MI,Detroit,N,,,False,1610612765,Pistons,Detroit,DET,pistons,0,0,0,0,1610612760,Thunder,Oklahoma City,OKC,thunder,0,0,0,0,natl,tv,1000664.0,Prime Video,Amazon,,,https://www.amazon.com/gp/video/tournament/amzn1.dv.icid.cf75b42a-68cd-4a1c-993a-a0b3f0575c5f?jic=20%7CCgZTcG9ydHMSA2FsbA%3D%3D&ref_=atv_hm_spo_c_7a7vxF_4_6,-1.0,4.0,,,,,,,,,,,,,,,,,,,,,,,,natl,radio,1001098,SiriusXM,SiriusXM,,,https://www.siriusxm.com/sports/nba,-1,,,,,,,,,,,,,,,,,,,,,,,,,,,,,,,,,,,,,,,,,,,,,,,,,,,,,,,,,,,,,,,,,,,,
00,2026-27,02/27/2027 00:00:00,0022600868,20270227/BKNCHI,1,8:00 pm ET,3,2027-02-27T00:00:00Z,1900-01-01T20:00:00Z,2027-02-27T20:00:00Z,2027-02-27T05:00:00Z,1900-01-01T01:00:00Z,2027-02-28T01:00:00Z,2027-02-27T20:00:00Z,2027-02-27T19:00:00Z,Sat,2,19,Week 19,false,,,,,United Center,IL,Chicago,N,,,False,1610612741,Bulls,Chicago,CHI,bulls,0,0,0,0,1610612751,Nets,Brooklyn,BKN,nets,0,0,0,0,,,,,,,,,,,,,,,,,,,,,,,,,,,,,,,,,,natl,radio,1001098,SiriusXM,SiriusXM,,,https://www.siriusxm.com/sports/nba,-1,,,,,,,,,,,,,,,,,,,,,,,,,,,,,,,,,,,,,,,,,,,,,,,away,tv,175.0,DAZN (YES),YES,,,,1610612751.0,,,,,,,,,,,,,
00,2026-27,02/27/2027 00:00:00,0022600869,20270227/SACMEM,1,8:00 pm ET,4,2027-02-27T00:00:00Z,1900-01-01T20:00:00Z,2027-02-27T20:00:00Z,2027-02-27T05:00:00Z,1900-01-01T01:00:00Z,2027-02-28T01:00:00Z,2027-02-27T17:00:00Z,2027-02-27T19:00:00Z,Sat,2,19,Week 19,false,,,,,FedExForum,TN,Memphis,N,,,False,1610612763,Grizzlies,Memphis,MEM,grizzlies,0,0,0,0,1610612758,Kings,Sacramento,SAC,kings,0,0,0,0,,,,,,,,,,,,,,,,,,,,,,,,,,,,,,,,,,natl,radio,1001098,SiriusXM,SiriusXM,,,https://www.siriusxm.com/sports/nba,-1,,,,,,,,,,,,,,,,,,,,,,,,,,,,,,,,,,,,,,,,,,,,,,,away,tv,1027.0,NBCSCA,NBCSCA,,,,1610612758.0,,,,,,,,,,,,,
00,2026-27,02/27/2027 00:00:00,0022600870,20270227/PHINYK,1,8:30 pm ET,5,2027-02-27T00:00:00Z,1900-01-01T20:30:00Z,2027-02-27T20:30:00Z,2027-02-27T05:00:00Z,1900-01-01T01:30:00Z,2027-02-28T01:30:00Z,2027-02-27T20:30:00Z,2027-02-27T20:30:00Z,Sat,2,19,Week 19,false,,,,,Madison Square Garden,NY,New York,N,,,False,1610612752,Knicks,New York,NYK,knicks,0,0,0,0,1610612755,76ers,Philadelphia,PHI,sixers,0,0,0,0,natl,tv,1.0,ABC,ABC,,,,-1.0,1.0,,,,,,,,,,,,,,,,,,,,,,,,natl,radio,3,ESPN Radio,ESPNR,,,,-1,,,natl,radio,1001098.0,SiriusXM,SiriusXM,,,https://www.siriusxm.com/sports/nba,-1.0,,,,,,,,,,,,,,,,,,,,,,,,,,,,,,,,,,,,,,,,,,,,,,,,,,,,,,,,,
00,2026-27,02/27/2027 00:00:00,0022600871,20270227/NOPPHX,1,9:00 pm ET,6,2027-02-27T00:00:00Z,1900-01-01T21:00:00Z,2027-02-27T21:00:00Z,2027-02-27T05:00:00Z,1900-01-01T02:00:00Z,2027-02-28T02:00:00Z,2027-02-27T20:00:00Z,2027-02-27T19:00:00Z,Sat,2,19,Week 19,false,,,,,Mortgage Matchup Center,AZ,Phoenix,N,,,False,1610612756,Suns,Phoenix,PHX,suns,0,0,0,0,1610612740,Pelicans,New Orleans,NOP,pelicans,0,0,0,0,,,,,,,,,,,,,,,,,,,,,,,,,,,,,,,,,,natl,radio,1001098,SiriusXM,SiriusXM,,,https://www.siriusxm.com/sports/nba,-1,,,,,,,,,,,,,,,,,,,,,,,,,,,,,,,,,,,,,,,,,,,,,,,,,,,,,,,,,,,,,,,,,,,,
00,2026-27,02/28/2027 00:00:00,0022600872,20270228/DENSAS,1,1:00 pm ET,1,2027-02-28T00:00:00Z,1900-01-01T13:00:00Z,2027-02-28T13:00:00Z,2027-02-28T05:00:00Z,1900-01-01T18:00:00Z,2027-02-28T18:00:00Z,2027-02-28T11:00:00Z,2027-02-28T12:00:00Z,Sun,2,19,Week 19,false,,,,,Moody Center,TX,Austin,N,,,False,1610612759,Spurs,San Antonio,SAS,spurs,0,0,0,0,1610612743,Nuggets,Denver,DEN,nuggets,0,0,0,0,natl,tv,1.0,ABC,ABC,,,,-1.0,1.0,,,,,,,,,,,,,,,,,,,,,,,,natl,radio,1001098,SiriusXM,SiriusXM,,,https://www.siriusxm.com/sports/nba,-1,,,,,,,,,,,,,,,,,,,,,,,,,,,,,,,,,,,,,,,,,,,,,,,,,,,,,,,,,,,,,,,,,,,,
00,2026-27,02/28/2027 00:00:00,0022600873,20270228/LALDAL,1,3:30 pm ET,2,2027-02-28T00:00:00Z,1900-01-01T15:30:00Z,2027-02-28T15:30:00Z,2027-02-28T05:00:00Z,1900-01-01T20:30:00Z,2027-02-28T20:30:00Z,2027-02-28T12:30:00Z,2027-02-28T14:30:00Z,Sun,2,19,Week 19,false,,,,,American Airlines Center,TX,Dallas,N,,,False,1610612742,Mavericks,Dallas,DAL,mavericks,0,0,0,0,1610612747,Lakers,Los Angeles,LAL,lakers,0,0,0,0,natl,tv,1.0,ABC,ABC,,,,-1.0,1.0,,,,,,,,,,,,,,,,,,,,,,,,natl,radio,3,ESPN Radio,ESPNR,,,,-1,,,natl,radio,1001098.0,SiriusXM,SiriusXM,,,https://www.siriusxm.com/sports/nba,-1.0,,,,,,,,,,,,,,,,,,,,,,,,,,,,,,,,,,,,,,,,,,,,,,,away,radio,1001605.0,ESPN LA 710/980 KFWB,KSPN/KFWB,,,,1610612747.0,,
00,2026-27,02/28/2027 00:00:00,0022600874,20270228/TORIND,1,4:00 pm ET,3,2027-02-28T00:00:00Z,1900-01-01T16:00:00Z,2027-02-28T16:00:00Z,2027-02-28T05:00:00Z,1900-01-01T21:00:00Z,2027-02-28T21:00:00Z,2027-02-28T16:00:00Z,2027-02-28T16:00:00Z,Sun,2,19,Week 19,false,,,,,Gainbridge Fieldhouse,IN,Indianapolis,N,,,False,1610612754,Pacers,Indiana,IND,pacers,0,0,0,0,1610612761,Raptors,Toronto,TOR,raptors,0,0,0,0,,,,,,,,,,,,,,,,,,,,,,,,,,,,,,,,,,natl,radio,1001098,SiriusXM,SiriusXM,,,https://www.siriusxm.com/sports/nba,-1,,,,,,,,,,,,,,,,,,,,,,,,,,,,,,,,,,,,,,,,,,,,,,,,,,,,,,,,,,,,,,,,,,,,
00,2026-27,02/28/2027 00:00:00,0022600875,20270228/ATLORL,1,4:30 pm ET,4,2027-02-28T00:00:00Z,1900-01-01T16:30:00Z,2027-02-28T16:30:00Z,2027-02-28T05:00:00Z,1900-01-01T21:30:00Z,2027-02-28T21:30:00Z,2027-02-28T16:30:00Z,2027-02-28T16:30:00Z,Sun,2,19,Week 19,false,,,,,Kia Center,FL,Orlando,N,,,False,1610612753,Magic,Orlando,ORL,magic,0,0,0,0,1610612737,Hawks,Atlanta,ATL,hawks,0,0,0,0,,,,,,,,,,,,,,,,,,,,,,,,,,,,,,,,,,natl,radio,1001098,SiriusXM,SiriusXM,,,https://www.siriusxm.com/sports/nba,-1,,,,,,,,,,,,,,,,,,,,,,,,,,,,,,,,,,,,,,,,,,,,,,,,,,,,,,,,,,,,,,,,,,,,
00,2026-27,02/28/2027 00:00:00,0022600876,20270228/SACCHA,1,7:00 pm ET,5,2027-02-28T00:00:00Z,1900-01-01T19:00:00Z,2027-02-28T19:00:00Z,2027-02-28T05:00:00Z,1900-01-01T00:00:00Z,2027-03-01T00:00:00Z,2027-02-28T16:00:00Z,2027-02-28T19:00:00Z,Sun,2,19,Week 19,false,,,,,Spectrum Center,NC,Charlotte,N,,,False,1610612766,Hornets,Charlotte,CHA,hornets,0,0,0,0,1610612758,Kings,Sacramento,SAC,kings,0,0,0,0,,,,,,,,,,,,,,,,,,,,,,,,,,,,,,,,,,natl,radio,1001098,SiriusXM,SiriusXM,,,https://www.siriusxm.com/sports/nba,-1,,,,,,,,,,,,,,,,,,,,,,,,,,,,,,,,,,,,,,,,,,,,,,,away,tv,1027.0,NBCSCA,NBCSCA,,,,1610612758.0,,,,,,,,,,,,,
00,2026-27,02/28/2027 00:00:00,0022600877,20270228/BOSMIN,1,7:00 pm ET,6,2027-02-28T00:00:00Z,1900-01-01T19:00:00Z,2027-02-28T19:00:00Z,2027-02-28T05:00:00Z,1900-01-01T00:00:00Z,2027-03-01T00:00:00Z,2027-02-28T19:00:00Z,2027-02-28T18:00:00Z,Sun,2,19,Week 19,false,,,,,Target Center,MN,Minneapolis,N,,,False,1610612750,Timberwolves,Minnesota,MIN,timberwolves,0,0,0,0,1610612738,Celtics,Boston,BOS,celtics,0,0,0,0,natl,tv,1001452.0,NBC,NBC,,,,-1.0,5.0,National,natl,tv,1001453.0,Peacock,Peacock,,,https://www.peacocktv.com/sports/nba?cid=2508sptnbaexterndinapplk26427&utm_campaign=2508sptnba&utm_source=nba_nba_nba&utm_medium=ernd_inapplk_acq_inapbnr&utm_term=nbafans&utm_content=nbaapplinks,-1.0,3.0,,,,,,,,,,,,,natl,radio,1001098,SiriusXM,SiriusXM,,,https://www.siriusxm.com/sports/nba,-1,,,,,,,,,,,,,,,,,,,,,,,,,,,,,,,,,,,,,,,,,,,,,,,,,,,,,,,,,,,,,,,,,,,,
00,2026-27,02/28/2027 00:00:00,0022600878,20270228/MILNYK,1,7:30 pm ET,7,2027-02-28T00:00:00Z,1900-01-01T19:30:00Z,2027-02-28T19:30:00Z,2027-02-28T05:00:00Z,1900-01-01T00:30:00Z,2027-03-01T00:30:00Z,2027-02-28T18:30:00Z,2027-02-28T19:30:00Z,Sun,2,19,Week 19,false,,,,,Madison Square Garden,NY,New York,N,,,False,1610612752,Knicks,New York,NYK,knicks,0,0,0,0,1610612749,Bucks,Milwaukee,MIL,bucks,0,0,0,0,,,,,,,,,,,,,,,,,,,,,,,,,,,,,,,,,,natl,radio,1001098,SiriusXM,SiriusXM,,,https://www.siriusxm.com/sports/nba,-1,,,,,,,,,,,,,,,,,,,,,,,,,,,,,,,,,,,,,,,,,,,,,,,,,,,,,,,,,,,,,,,,,,,,
00,2026-27,02/28/2027 00:00:00,0022600879,20270228/MIAHOU,1,9:30 pm ET,8,2027-02-28T00:00:00Z,1900-01-01T21:30:00Z,2027-02-28T21:30:00Z,2027-02-28T05:00:00Z,1900-01-01T02:30:00Z,2027-03-01T02:30:00Z,2027-02-28T21:30:00Z,2027-02-28T20:30:00Z,Sun,2,19,Week 19,false,,,,,Toyota Center,TX,Houston,N,,,False,1610612745,Rockets,Houston,HOU,rockets,0,0,0,0,1610612748,Heat,Miami,MIA,heat,0,0,0,0,natl,tv,147.0,Telemundo,Telemundo,,,,-1.0,10.0,,natl,tv,1001452.0,NBC,NBC,,,,-1.0,5.0,National,natl,tv,1001453.0,Peacock,Peacock,,,https://www.peacocktv.com/sports/nba?cid=2508sptnbaexterndinapplk26427&utm_campaign=2508sptnba&utm_source=nba_nba_nba&utm_medium=ernd_inapplk_acq_inapbnr&utm_term=nbafans&utm_content=nbaapplinks,-1.0,3.0,,natl,radio,1001098,SiriusXM,SiriusXM,,,https://www.siriusxm.com/sports/nba,-1,,,,,,,,,,,,,,,,,,,,,,,,,,,,,,,,,,,,,,,,,,,,,,,,,,,,,,,,,,away,radio,1001523.0,FM 104.3 WQAM / S: WAQI 710,WQAM-FM/WAQI,,,,1610612748.0,,
00,2026-27,02/28/2027 00:00:00,0022600880,20270228/PORLAC,1,10:30 pm ET,9,2027-02-28T00:00:00Z,1900-01-01T22:30:00Z,2027-02-28T22:30:00Z,2027-02-28T05:00:00Z,1900-01-01T03:30:00Z,2027-03-01T03:30:00Z,2027-02-28T19:30:00Z,2027-02-28T19:30:00Z,Sun,2,19,Week 19,false,,,,,Intuit Dome,CA,Inglewood,N,,,False,1610612746,Clippers,LA,LAC,clippers,0,0,0,0,1610612757,Trail Blazers,Portland,POR,blazers,0,0,0,0,,,,,,,,,,,,,,,,,,,,,,,,,,,,,,,,,,natl,radio,1001098,SiriusXM,SiriusXM,,,https://www.siriusxm.com/sports/nba,-1,,,,,,,,,,,,,,,,,,,,,,,,,,,,,,,,,,,,,,,,,,,,,,,away,tv,1001196.0,KUNP,KUNP,,,,1610612757.0,,,away,radio,1472.0,Rip City Radio 620,KPOJ,,,,1610612757.0,,
00,2026-27,03/01/2027 00:00:00,0022600881,20270301/PHICLE,1,7:00 pm ET,1,2027-03-01T00:00:00Z,1900-01-01T19:00:00Z,2027-03-01T19:00:00Z,2027-03-01T05:00:00Z,1900-01-01T00:00:00Z,2027-03-02T00:00:00Z,2027-03-01T19:00:00Z,2027-03-01T19:00:00Z,Mon,3,20,Week 20,false,,,,,Rocket Arena,OH,Cleveland,N,,,False,1610612739,Cavaliers,Cleveland,CLE,cavaliers,0,0,0,0,1610612755,76ers,Philadelphia,PHI,sixers,0,0,0,0,natl,tv,1001453.0,Peacock,Peacock,,,https://www.peacocktv.com/sports/nba?cid=2508sptnbaexterndinapplk26427&utm_campaign=2508sptnba&utm_source=nba_nba_nba&utm_medium=ernd_inapplk_acq_inapbnr&utm_term=nbafans&utm_content=nbaapplinks,-1.0,3.0,,natl,tv,1001488.0,NBC Sports Network,NBCSN,,,,-1.0,7.0,National,,,,,,,,,,,,natl,radio,1001098,SiriusXM,SiriusXM,,,https://www.siriusxm.com/sports/nba,-1,,,,,,,,,,,,,,,,,,,,,,,,,,,,,,,,,,,,,,,,,,,,,,,,,,,,,,,,,,,,,,,,,,,,
00,2026-27,03/01/2027 00:00:00,0022600882,20270301/CHIDET,1,7:00 pm ET,2,2027-03-01T00:00:00Z,1900-01-01T19:00:00Z,2027-03-01T19:00:00Z,2027-03-01T05:00:00Z,1900-01-01T00:00:00Z,2027-03-02T00:00:00Z,2027-03-01T18:00:00Z,2027-03-01T19:00:00Z,Mon,3,20,Week 20,false,,,,,Little Caesars Arena,MI,Detroit,N,,,False,1610612765,Pistons,Detroit,DET,pistons,0,0,0,0,1610612741,Bulls,Chicago,CHI,bulls,0,0,0,0,,,,,,,,,,,,,,,,,,,,,,,,,,,,,,,,,,natl,radio,1001098,SiriusXM,SiriusXM,,,https://www.siriusxm.com/sports/nba,-1,,,,,,,,,,,,,,,,,,,,,,,,,,,,,,,,,,,,,,,,,,,,,,,,,,,,,,,,,,,,,,,,,,,,
00,2026-27,03/01/2027 00:00:00,0022600883,20270301/UTANOP,1,8:00 pm ET,3,2027-03-01T00:00:00Z,1900-01-01T20:00:00Z,2027-03-01T20:00:00Z,2027-03-01T05:00:00Z,1900-01-01T01:00:00Z,2027-03-02T01:00:00Z,2027-03-01T18:00:00Z,2027-03-01T19:00:00Z,Mon,3,20,Week 20,false,,,,,Smoothie King Center,LA,New Orleans,N,,,False,1610612740,Pelicans,New Orleans,NOP,pelicans,0,0,0,0,1610612762,Jazz,Utah,UTA,jazz,0,0,0,0,,,,,,,,,,,,,,,,,,,,,,,,,,,,,,,,,,natl,radio,1001098,SiriusXM,SiriusXM,,,https://www.siriusxm.com/sports/nba,-1,,,,,,,,,,,,,,,,,,,,,,,,,,,,,,,,,,,,,,,,,,,,,,,,,,,,,,,,,,,,,,,,,,,,
00,2026-27,03/01/2027 00:00:00,0022600884,20270301/GSWHOU,1,8:30 pm ET,4,2027-03-01T00:00:00Z,1900-01-01T20:30:00Z,2027-03-01T20:30:00Z,2027-03-01T05:00:00Z,1900-01-01T01:30:00Z,2027-03-02T01:30:00Z,2027-03-01T17:30:00Z,2027-03-01T19:30:00Z,Mon,3,20,Week 20,false,,,,,Toyota Center,TX,Houston,N,,,False,1610612745,Rockets,Houston,HOU,rockets,0,0,0,0,1610612744,Warriors,Golden State,GSW,warriors,0,0,0,0,,,,,,,,,,,,,,,,,,,,,,,,,,,,,,,,,,natl,radio,1001098,SiriusXM,SiriusXM,,,https://www.siriusxm.com/sports/nba,-1,,,,,,,,,,,,,,,,,,,,,,,,,,,,,,,,,,,,,,,,,,,,,,,away,tv,1097.0,NBCSBA,NBCSBA,,,,1610612744.0,,,,,,,,,,,,,
00,2026-27,03/01/2027 00:00:00,0022600885,20270301/BKNDEN,1,9:00 pm ET,5,2027-03-01T00:00:00Z,1900-01-01T21:00:00Z,2027-03-01T21:00:00Z,2027-03-01T05:00:00Z,1900-01-01T02:00:00Z,2027-03-02T02:00:00Z,2027-03-01T21:00:00Z,2027-03-01T19:00:00Z,Mon,3,20,Week 20,false,,,,,Ball Arena,CO,Denver,N,,,False,1610612743,Nuggets,Denver,DEN,nuggets,0,0,0,0,1610612751,Nets,Brooklyn,BKN,nets,0,0,0,0,,,,,,,,,,,,,,,,,,,,,,,,,,,,,,,,,,natl,radio,1001098,SiriusXM,SiriusXM,,,https://www.siriusxm.com/sports/nba,-1,,,,,,,,,,,,,,,,,,,,,,,,,,,,,,,,,,,,,,,,,,,,,,,away,tv,175.0,DAZN (YES),YES,,,,1610612751.0,,,,,,,,,,,,,
00,2026-27,03/01/2027 00:00:00,0022600886,20270301/WASPHX,1,9:30 pm ET,6,2027-03-01T00:00:00Z,1900-01-01T21:30:00Z,2027-03-01T21:30:00Z,2027-03-01T05:00:00Z,1900-01-01T02:30:00Z,2027-03-02T02:30:00Z,2027-03-01T21:30:00Z,2027-03-01T19:30:00Z,Mon,3,20,Week 20,false,,,,,Mortgage Matchup Center,AZ,Phoenix,N,,,False,1610612756,Suns,Phoenix,PHX,suns,0,0,0,0,1610612764,Wizards,Washington,WAS,wizards,0,0,0,0,natl,tv,1001453.0,Peacock,Peacock,,,https://www.peacocktv.com/sports/nba?cid=2508sptnbaexterndinapplk26427&utm_campaign=2508sptnba&utm_source=nba_nba_nba&utm_medium=ernd_inapplk_acq_inapbnr&utm_term=nbafans&utm_content=nbaapplinks,-1.0,3.0,,natl,tv,1001488.0,NBC Sports Network,NBCSN,,,,-1.0,7.0,National,,,,,,,,,,,,natl,radio,1001098,SiriusXM,SiriusXM,,,https://www.siriusxm.com/sports/nba,-1,,,,,,,,,,,,,,,,,,,,,,,,,,,,,,,,,,,,,,,,,,,,,,,,,,,,,,,,,,,,,,,,,,,,
00,2026-27,03/02/2027 00:00:00,0022600887,20270302/BOSIND,1,7:00 pm ET,1,2027-03-02T00:00:00Z,1900-01-01T19:00:00Z,2027-03-02T19:00:00Z,2027-03-02T05:00:00Z,1900-01-01T00:00:00Z,2027-03-03T00:00:00Z,2027-03-02T19:00:00Z,2027-03-02T19:00:00Z,Tue,3,20,Week 20,false,,,,,Gainbridge Fieldhouse,IN,Indianapolis,N,,,False,1610612754,Pacers,Indiana,IND,pacers,0,0,0,0,1610612738,Celtics,Boston,BOS,celtics,0,0,0,0,,,,,,,,,,,,,,,,,,,,,,,,,,,,,,,,,,natl,radio,1001098,SiriusXM,SiriusXM,,,https://www.siriusxm.com/sports/nba,-1,,,,,,,,,,,,,,,,,,,,,,,,,,,,,,,,,,,,,,,,,,,,,,,away,tv,1658.0,NBC SPORTS BOSTON,NBCSB,,,,1610612738.0,,,,,,,,,,,,,
00,2026-27,03/02/2027 00:00:00,0022600888,20270302/LALORL,1,7:00 pm ET,2,2027-03-02T00:00:00Z,1900-01-01T19:00:00Z,2027-03-02T19:00:00Z,2027-03-02T05:00:00Z,1900-01-01T00:00:00Z,2027-03-03T00:00:00Z,2027-03-02T16:00:00Z,2027-03-02T19:00:00Z,Tue,3,20,Week 20,false,,,,,Kia Center,FL,Orlando,N,,,False,1610612753,Magic,Orlando,ORL,magic,0,0,0,0,1610612747,Lakers,Los Angeles,LAL,lakers,0,0,0,0,,,,,,,,,,,,,,,,,,,,,,,,,,,,,,,,,,natl,radio,1001098,SiriusXM,SiriusXM,,,https://www.siriusxm.com/sports/nba,-1,,,,,,,,,,,,,,,,,,,,,,,,,,,,,,,,,,,,,,,,,,,,,,,away,tv,1651.0,Spectrum SportsNet,SPECSN,,,,1610612747.0,,,away,radio,1001605.0,ESPN LA 710/980 KFWB,KSPN/KFWB,,,,1610612747.0,,
00,2026-27,03/02/2027 00:00:00,0022600889,20270302/TORMIA,1,7:30 pm ET,3,2027-03-02T00:00:00Z,1900-01-01T19:30:00Z,2027-03-02T19:30:00Z,2027-03-02T05:00:00Z,1900-01-01T00:30:00Z,2027-03-03T00:30:00Z,2027-03-02T19:30:00Z,2027-03-02T19:30:00Z,Tue,3,20,Week 20,false,,,,,Kaseya Center,FL,Miami,N,,,False,1610612748,Heat,Miami,MIA,heat,0,0,0,0,1610612761,Raptors,Toronto,TOR,raptors,0,0,0,0,,,,,,,,,,,,,,,,,,,,,,,,,,,,,,,,,,natl,radio,1001098,SiriusXM,SiriusXM,,,https://www.siriusxm.com/sports/nba,-1,,,,,,,,,,,,,,home,tv,1001720.0,WPLG Local 10,WPLG,,,https://local10plusplatinum.maz.tv/open?deeplink=local10platinum://item/3776211-3882966?item=44d4cc7fbb9f4bd72cf272489b39eadf-3742525-3848761,1610612748.0,,,,,,,,,,,,,,home,radio,1001523.0,FM 104.3 WQAM / S: WAQI 710,WQAM-FM/WAQI,,,,1610612748.0,,,,,,,,,,,,,,,,,,,,,,,,
00,2026-27,03/02/2027 00:00:00,0022600890,20270302/MEMNYK,1,7:30 pm ET,4,2027-03-02T00:00:00Z,1900-01-01T19:30:00Z,2027-03-02T19:30:00Z,2027-03-02T05:00:00Z,1900-01-01T00:30:00Z,2027-03-03T00:30:00Z,2027-03-02T18:30:00Z,2027-03-02T19:30:00Z,Tue,3,20,Week 20,false,,,,,Madison Square Garden,NY,New York,N,,,False,1610612752,Knicks,New York,NYK,knicks,0,0,0,0,1610612763,Grizzlies,Memphis,MEM,grizzlies,0,0,0,0,,,,,,,,,,,,,,,,,,,,,,,,,,,,,,,,,,natl,radio,1001098,SiriusXM,SiriusXM,,,https://www.siriusxm.com/sports/nba,-1,,,,,,,,,,,,,,,,,,,,,,,,,,,,,,,,,,,,,,,,,,,,,,,,,,,,,,,,,,,,,,,,,,,,
00,2026-27,03/02/2027 00:00:00,0022600891,20270302/GSWDAL,1,8:00 pm ET,5,2027-03-02T00:00:00Z,1900-01-01T20:00:00Z,2027-03-02T20:00:00Z,2027-03-02T05:00:00Z,1900-01-01T01:00:00Z,2027-03-03T01:00:00Z,2027-03-02T17:00:00Z,2027-03-02T19:00:00Z,Tue,3,20,Week 20,false,,,,,American Airlines Center,TX,Dallas,N,,,False,1610612742,Mavericks,Dallas,DAL,mavericks,0,0,0,0,1610612744,Warriors,Golden State,GSW,warriors,0,0,0,0,,,,,,,,,,,,,,,,,,,,,,,,,,,,,,,,,,natl,radio,1001098,SiriusXM,SiriusXM,,,https://www.siriusxm.com/sports/nba,-1,,,,,,,,,,,,,,,,,,,,,,,,,,,,,,,,,,,,,,,,,,,,,,,away,tv,1097.0,NBCSBA,NBCSBA,,,,1610612744.0,,,,,,,,,,,,,
00,2026-27,03/02/2027 00:00:00,0022600892,20270302/DETMIL,1,8:00 pm ET,6,2027-03-02T00:00:00Z,1900-01-01T20:00:00Z,2027-03-02T20:00:00Z,2027-03-02T05:00:00Z,1900-01-01T01:00:00Z,2027-03-03T01:00:00Z,2027-03-02T20:00:00Z,2027-03-02T19:00:00Z,Tue,3,20,Week 20,false,,,,,Fiserv Forum,WI,Milwaukee,N,,,False,1610612749,Bucks,Milwaukee,MIL,bucks,0,0,0,0,1610612765,Pistons,Detroit,DET,pistons,0,0,0,0,,,,,,,,,,,,,,,,,,,,,,,,,,,,,,,,,,natl,radio,1001098,SiriusXM,SiriusXM,,,https://www.siriusxm.com/sports/nba,-1,,,,,,,,,,,,,,,,,,,,,,,,,,,,,,,,,,,,,,,,,,,,,,,,,,,,,,,,,,,,,,,,,,,,
00,2026-27,03/02/2027 00:00:00,0022600893,20270302/MINOKC,1,8:00 pm ET,7,2027-03-02T00:00:00Z,1900-01-01T20:00:00Z,2027-03-02T20:00:00Z,2027-03-02T05:00:00Z,1900-01-01T01:00:00Z,2027-03-03T01:00:00Z,2027-03-02T19:00:00Z,2027-03-02T19:00:00Z,Tue,3,20,Week 20,false,,,,,Paycom Center,OK,Oklahoma City,N,,,False,1610612760,Thunder,Oklahoma City,OKC,thunder,0,0,0,0,1610612750,Timberwolves,Minnesota,MIN,timberwolves,0,0,0,0,natl,tv,1001452.0,NBC,NBC,,,,-1.0,5.0,East,natl,tv,1001453.0,Peacock,Peacock,,,https://www.peacocktv.com/sports/nba?cid=2508sptnbaexterndinapplk26427&utm_campaign=2508sptnba&utm_source=nba_nba_nba&utm_medium=ernd_inapplk_acq_inapbnr&utm_term=nbafans&utm_content=nbaapplinks,-1.0,3.0,,,,,,,,,,,,,natl,radio,1001098,SiriusXM,SiriusXM,,,https://www.siriusxm.com/sports/nba,-1,,,,,,,,,,,,,,,,,,,,,,,,,,,,,,,,,,,,,,,,,,,,,,,,,,,,,,,,,,,,,,,,,,,,
00,2026-27,03/02/2027 00:00:00,0022600894,20270302/WASSAC,1,10:00 pm ET,8,2027-03-02T00:00:00Z,1900-01-01T22:00:00Z,2027-03-02T22:00:00Z,2027-03-02T05:00:00Z,1900-01-01T03:00:00Z,2027-03-03T03:00:00Z,2027-03-02T22:00:00Z,2027-03-02T19:00:00Z,Tue,3,20,Week 20,false,,,,,Golden 1 Center,CA,Sacramento,N,,,False,1610612758,Kings,Sacramento,SAC,kings,0,0,0,0,1610612764,Wizards,Washington,WAS,wizards,0,0,0,0,,,,,,,,,,,,,,,,,,,,,,,,,,,,,,,,,,natl,radio,1001098,SiriusXM,SiriusXM,,,https://www.siriusxm.com/sports/nba,-1,,,,,,,,,,,,,,home,tv,1027.0,NBCSCA,NBCSCA,,,,1610612758.0,,,,,,,,,,,,,,,,,,,,,,,,,,,,,,,,,,,,,,,,,,,,,,
00,2026-27,03/02/2027 00:00:00,0022600895,20270302/LACPOR,1,11:00 pm ET,9,2027-03-02T00:00:00Z,1900-01-01T23:00:00Z,2027-03-02T23:00:00Z,2027-03-02T05:00:00Z,1900-01-01T04:00:00Z,2027-03-03T04:00:00Z,2027-03-02T20:00:00Z,2027-03-02T20:00:00Z,Tue,3,20,Week 20,false,,,,,Moda Center,OR,Portland,N,,,False,1610612757,Trail Blazers,Portland,POR,blazers,0,0,0,0,1610612746,Clippers,LA,LAC,clippers,0,0,0,0,natl,tv,1001452.0,NBC,NBC,,,,-1.0,5.0,West,natl,tv,1001453.0,Peacock,Peacock,,,https://www.peacocktv.com/sports/nba?cid=2508sptnbaexterndinapplk26427&utm_campaign=2508sptnba&utm_source=nba_nba_nba&utm_medium=ernd_inapplk_acq_inapbnr&utm_term=nbafans&utm_content=nbaapplinks,-1.0,3.0,,,,,,,,,,,,,natl,radio,1001098,SiriusXM,SiriusXM,,,https://www.siriusxm.com/sports/nba,-1,,,,,,,,,,,,,,home,tv,1001196.0,KUNP,KUNP,,,,1610612757.0,,,,,,,,,,,,,,home,radio,1472.0,Rip City Radio 620,KPOJ,,,,1610612757.0,,,,,,,,,,,,,,,,,,,,,,,,
00,2026-27,03/03/2027 00:00:00,0022600896,20270303/CHIATL,1,7:00 pm ET,1,2027-03-03T00:00:00Z,1900-01-01T19:00:00Z,2027-03-03T19:00:00Z,2027-03-03T05:00:00Z,1900-01-01T00:00:00Z,2027-03-04T00:00:00Z,2027-03-03T18:00:00Z,2027-03-03T19:00:00Z,Wed,3,20,Week 20,false,,,,,State Farm Arena,GA,Atlanta,N,,,False,1610612737,Hawks,Atlanta,ATL,hawks,0,0,0,0,1610612741,Bulls,Chicago,CHI,bulls,0,0,0,0,,,,,,,,,,,,,,,,,,,,,,,,,,,,,,,,,,natl,radio,1001098,SiriusXM,SiriusXM,,,https://www.siriusxm.com/sports/nba,-1,,,,,,,,,,,,,,,,,,,,,,,,,,,,,,,,,,,,,,,,,,,,,,,,,,,,,,,,,,,,,,,,,,,,
00,2026-27,03/03/2027 00:00:00,0022600897,20270303/CHAPHI,1,7:00 pm ET,2,2027-03-03T00:00:00Z,1900-01-01T19:00:00Z,2027-03-03T19:00:00Z,2027-03-03T05:00:00Z,1900-01-01T00:00:00Z,2027-03-04T00:00:00Z,2027-03-03T19:00:00Z,2027-03-03T19:00:00Z,Wed,3,20,Week 20,false,,,,,Xfinity Mobile Arena,PA,Philadelphia,N,,,False,1610612755,76ers,Philadelphia,PHI,sixers,0,0,0,0,1610612766,Hornets,Charlotte,CHA,hornets,0,0,0,0,,,,,,,,,,,,,,,,,,,,,,,,,,,,,,,,,,natl,radio,1001098,SiriusXM,SiriusXM,,,https://www.siriusxm.com/sports/nba,-1,,,,,,,,,,,,,,,,,,,,,,,,,,,,,,,,,,,,,,,,,,,,,,,,,,,,,,,,,,,,,,,,,,,,
00,2026-27,03/03/2027 00:00:00,0022600898,20270303/TORMIA,1,7:30 pm ET,3,2027-03-03T00:00:00Z,1900-01-01T19:30:00Z,2027-03-03T19:30:00Z,2027-03-03T05:00:00Z,1900-01-01T00:30:00Z,2027-03-04T00:30:00Z,2027-03-03T19:30:00Z,2027-03-03T19:30:00Z,Wed,3,20,Week 20,false,,,,,Kaseya Center,FL,Miami,N,,,False,1610612748,Heat,Miami,MIA,heat,0,0,0,0,1610612761,Raptors,Toronto,TOR,raptors,0,0,0,0,natl,tv,2.0,ESPN,ESPN,,,https://www.espn.com/watch/catalog/7b3729c9-7f69-308a-bf8a-ee15a6aba154/nba#bucketId=29446&sourceCollection=Featured_Sports_,-1.0,2.0,,,,,,,,,,,,,,,,,,,,,,,,natl,radio,1001098,SiriusXM,SiriusXM,,,https://www.siriusxm.com/sports/nba,-1,,,,,,,,,,,,,,home,tv,1001720.0,WPLG Local 10,WPLG,,,https://local10plusplatinum.maz.tv/open?deeplink=local10platinum://item/3776211-3882966?item=44d4cc7fbb9f4bd72cf272489b39eadf-3742525-3848761,1610612748.0,,,,,,,,,,,,,,home,radio,1001523.0,FM 104.3 WQAM / S: WAQI 710,WQAM-FM/WAQI,,,,1610612748.0,,,,,,,,,,,,,,,,,,,,,,,,
00,2026-27,03/03/2027 00:00:00,0022600899,20270303/UTAMIL,1,8:00 pm ET,4,2027-03-03T00:00:00Z,1900-01-01T20:00:00Z,2027-03-03T20:00:00Z,2027-03-03T05:00:00Z,1900-01-01T01:00:00Z,2027-03-04T01:00:00Z,2027-03-03T18:00:00Z,2027-03-03T19:00:00Z,Wed,3,20,Week 20,false,,,,,Fiserv Forum,WI,Milwaukee,N,,,False,1610612749,Bucks,Milwaukee,MIL,bucks,0,0,0,0,1610612762,Jazz,Utah,UTA,jazz,0,0,0,0,,,,,,,,,,,,,,,,,,,,,,,,,,,,,,,,,,natl,radio,1001098,SiriusXM,SiriusXM,,,https://www.siriusxm.com/sports/nba,-1,,,,,,,,,,,,,,,,,,,,,,,,,,,,,,,,,,,,,,,,,,,,,,,,,,,,,,,,,,,,,,,,,,,,
00,2026-27,03/03/2027 00:00:00,0022600900,20270303/NOPHOU,1,8:30 pm ET,5,2027-03-03T00:00:00Z,1900-01-01T20:30:00Z,2027-03-03T20:30:00Z,2027-03-03T05:00:00Z,1900-01-01T01:30:00Z,2027-03-04T01:30:00Z,2027-03-03T19:30:00Z,2027-03-03T19:30:00Z,Wed,3,20,Week 20,false,,,,,Toyota Center,TX,Houston,N,,,False,1610612745,Rockets,Houston,HOU,rockets,0,0,0,0,1610612740,Pelicans,New Orleans,NOP,pelicans,0,0,0,0,,,,,,,,,,,,,,,,,,,,,,,,,,,,,,,,,,natl,radio,1001098,SiriusXM,SiriusXM,,,https://www.siriusxm.com/sports/nba,-1,,,,,,,,,,,,,,,,,,,,,,,,,,,,,,,,,,,,,,,,,,,,,,,,,,,,,,,,,,,,,,,,,,,,
00,2026-27,03/03/2027 00:00:00,0022600901,20270303/BKNPHX,1,9:00 pm ET,6,2027-03-03T00:00:00Z,1900-01-01T21:00:00Z,2027-03-03T21:00:00Z,2027-03-03T05:00:00Z,1900-01-01T02:00:00Z,2027-03-04T02:00:00Z,2027-03-03T21:00:00Z,2027-03-03T19:00:00Z,Wed,3,20,Week 20,false,,,,,Mortgage Matchup Center,AZ,Phoenix,N,,,False,1610612756,Suns,Phoenix,PHX,suns,0,0,0,0,1610612751,Nets,Brooklyn,BKN,nets,0,0,0,0,,,,,,,,,,,,,,,,,,,,,,,,,,,,,,,,,,natl,radio,1001098,SiriusXM,SiriusXM,,,https://www.siriusxm.com/sports/nba,-1,,,,,,,,,,,,,,,,,,,,,,,,,,,,,,,,,,,,,,,,,,,,,,,away,tv,175.0,DAZN (YES),YES,,,,1610612751.0,,,,,,,,,,,,,
00,2026-27,03/03/2027 00:00:00,0022600902,20270303/SASDEN,1,10:00 pm ET,7,2027-03-03T00:00:00Z,1900-01-01T22:00:00Z,2027-03-03T22:00:00Z,2027-03-03T05:00:00Z,1900-01-01T03:00:00Z,2027-03-04T03:00:00Z,2027-03-03T21:00:00Z,2027-03-03T20:00:00Z,Wed,3,20,Week 20,false,,,,,Ball Arena,CO,Denver,N,,,False,1610612743,Nuggets,Denver,DEN,nuggets,0,0,0,0,1610612759,Spurs,San Antonio,SAS,spurs,0,0,0,0,natl,tv,2.0,ESPN,ESPN,,,https://www.espn.com/watch/catalog/7b3729c9-7f69-308a-bf8a-ee15a6aba154/nba#bucketId=29446&sourceCollection=Featured_Sports_,-1.0,2.0,,,,,,,,,,,,,,,,,,,,,,,,natl,radio,1001098,SiriusXM,SiriusXM,,,https://www.siriusxm.com/sports/nba,-1,,,,,,,,,,,,,,,,,,,,,,,,,,,,,,,,,,,,,,,,,,,,,,,,,,,,,,,,,,,,,,,,,,,,
00,2026-27,03/04/2027 00:00:00,0022600903,20270304/PORCLE,1,7:00 pm ET,1,2027-03-04T00:00:00Z,1900-01-01T19:00:00Z,2027-03-04T19:00:00Z,2027-03-04T05:00:00Z,1900-01-01T00:00:00Z,2027-03-05T00:00:00Z,2027-03-04T16:00:00Z,2027-03-04T19:00:00Z,Thu,3,20,Week 20,false,,,,,Rocket Arena,OH,Cleveland,N,,,False,1610612739,Cavaliers,Cleveland,CLE,cavaliers,0,0,0,0,1610612757,Trail Blazers,Portland,POR,blazers,0,0,0,0,,,,,,,,,,,,,,,,,,,,,,,,,,,,,,,,,,natl,radio,1001098,SiriusXM,SiriusXM,,,https://www.siriusxm.com/sports/nba,-1,,,,,,,,,,,,,,,,,,,,,,,,,,,,,,,,,,,,,,,,,,,,,,,away,tv,1001196.0,KUNP,KUNP,,,,1610612757.0,,,away,radio,1472.0,Rip City Radio 620,KPOJ,,,,1610612757.0,,
00,2026-27,03/04/2027 00:00:00,0022600904,20270304/INDORL,1,7:00 pm ET,2,2027-03-04T00:00:00Z,1900-01-01T19:00:00Z,2027-03-04T19:00:00Z,2027-03-04T05:00:00Z,1900-01-01T00:00:00Z,2027-03-05T00:00:00Z,2027-03-04T19:00:00Z,2027-03-04T19:00:00Z,Thu,3,20,Week 20,false,,,,,Kia Center,FL,Orlando,N,,,False,1610612753,Magic,Orlando,ORL,magic,0,0,0,0,1610612754,Pacers,Indiana,IND,pacers,0,0,0,0,,,,,,,,,,,,,,,,,,,,,,,,,,,,,,,,,,natl,radio,1001098,SiriusXM,SiriusXM,,,https://www.siriusxm.com/sports/nba,-1,,,,,,,,,,,,,,,,,,,,,,,,,,,,,,,,,,,,,,,,,,,,,,,,,,,,,,,,,,,,,,,,,,,,
00,2026-27,03/04/2027 00:00:00,0022600905,20270304/LALPHI,1,7:00 pm ET,3,2027-03-04T00:00:00Z,1900-01-01T19:00:00Z,2027-03-04T19:00:00Z,2027-03-04T05:00:00Z,1900-01-01T00:00:00Z,2027-03-05T00:00:00Z,2027-03-04T16:00:00Z,2027-03-04T19:00:00Z,Thu,3,20,Week 20,false,,,,,Xfinity Mobile Arena,PA,Philadelphia,N,,,False,1610612755,76ers,Philadelphia,PHI,sixers,0,0,0,0,1610612747,Lakers,Los Angeles,LAL,lakers,0,0,0,0,natl,tv,1000664.0,Prime Video,Amazon,,,https://www.amazon.com/gp/video/tournament/amzn1.dv.icid.cf75b42a-68cd-4a1c-993a-a0b3f0575c5f?jic=20%7CCgZTcG9ydHMSA2FsbA%3D%3D&ref_=atv_hm_spo_c_7a7vxF_4_6,-1.0,4.0,,,,,,,,,,,,,,,,,,,,,,,,natl,radio,1001098,SiriusXM,SiriusXM,,,https://www.siriusxm.com/sports/nba,-1,,,,,,,,,,,,,,,,,,,,,,,,,,,,,,,,,,,,,,,,,,,,,,,away,tv,1651.0,Spectrum SportsNet,SPECSN,,,,1610612747.0,,,away,radio,1001605.0,ESPN LA 710/980 KFWB,KSPN/KFWB,,,,1610612747.0,,
00,2026-27,03/04/2027 00:00:00,0022600906,20270304/MEMATL,1,7:30 pm ET,4,2027-03-04T00:00:00Z,1900-01-01T19:30:00Z,2027-03-04T19:30:00Z,2027-03-04T05:00:00Z,1900-01-01T00:30:00Z,2027-03-05T00:30:00Z,2027-03-04T18:30:00Z,2027-03-04T19:30:00Z,Thu,3,20,Week 20,false,,,,,State Farm Arena,GA,Atlanta,N,,,False,1610612737,Hawks,Atlanta,ATL,hawks,0,0,0,0,1610612763,Grizzlies,Memphis,MEM,grizzlies,0,0,0,0,,,,,,,,,,,,,,,,,,,,,,,,,,,,,,,,,,natl,radio,1001098,SiriusXM,SiriusXM,,,https://www.siriusxm.com/sports/nba,-1,,,,,,,,,,,,,,,,,,,,,,,,,,,,,,,,,,,,,,,,,,,,,,,,,,,,,,,,,,,,,,,,,,,,
00,2026-27,03/04/2027 00:00:00,0022600907,20270304/NYKDAL,1,9:30 pm ET,5,2027-03-04T00:00:00Z,1900-01-01T21:30:00Z,2027-03-04T21:30:00Z,2027-03-04T05:00:00Z,1900-01-01T02:30:00Z,2027-03-05T02:30:00Z,2027-03-04T21:30:00Z,2027-03-04T20:30:00Z,Thu,3,20,Week 20,false,,,,,American Airlines Center,TX,Dallas,N,,,False,1610612742,Mavericks,Dallas,DAL,mavericks,0,0,0,0,1610612752,Knicks,New York,NYK,knicks,0,0,0,0,natl,tv,1000664.0,Prime Video,Amazon,,,https://www.amazon.com/gp/video/tournament/amzn1.dv.icid.cf75b42a-68cd-4a1c-993a-a0b3f0575c5f?jic=20%7CCgZTcG9ydHMSA2FsbA%3D%3D&ref_=atv_hm_spo_c_7a7vxF_4_6,-1.0,4.0,,,,,,,,,,,,,,,,,,,,,,,,natl,radio,1001098,SiriusXM,SiriusXM,,,https://www.siriusxm.com/sports/nba,-1,,,,,,,,,,,,,,,,,,,,,,,,,,,,,,,,,,,,,,,,,,,,,,,,,,,,,,,,,,,,,,,,,,,,
00,2026-27,03/04/2027 00:00:00,0022600908,20270304/WASGSW,1,10:00 pm ET,6,2027-03-04T00:00:00Z,1900-01-01T22:00:00Z,2027-03-04T22:00:00Z,2027-03-04T05:00:00Z,1900-01-01T03:00:00Z,2027-03-05T03:00:00Z,2027-03-04T22:00:00Z,2027-03-04T19:00:00Z,Thu,3,20,Week 20,false,,,,,Chase Center,CA,San Francisco,N,,,False,1610612744,Warriors,Golden State,GSW,warriors,0,0,0,0,1610612764,Wizards,Washington,WAS,wizards,0,0,0,0,,,,,,,,,,,,,,,,,,,,,,,,,,,,,,,,,,natl,radio,1001098,SiriusXM,SiriusXM,,,https://www.siriusxm.com/sports/nba,-1,,,,,,,,,,,,,,home,tv,1097.0,NBCSBA,NBCSBA,,,,1610612744.0,,,,,,,,,,,,,,,,,,,,,,,,,,,,,,,,,,,,,,,,,,,,,,
00,2026-27,03/04/2027 00:00:00,0022600909,20270304/OKCSAC,1,10:00 pm ET,7,2027-03-04T00:00:00Z,1900-01-01T22:00:00Z,2027-03-04T22:00:00Z,2027-03-04T05:00:00Z,1900-01-01T03:00:00Z,2027-03-05T03:00:00Z,2027-03-04T21:00:00Z,2027-03-04T19:00:00Z,Thu,3,20,Week 20,false,,,,,Golden 1 Center,CA,Sacramento,N,,,False,1610612758,Kings,Sacramento,SAC,kings,0,0,0,0,1610612760,Thunder,Oklahoma City,OKC,thunder,0,0,0,0,,,,,,,,,,,,,,,,,,,,,,,,,,,,,,,,,,natl,radio,1001098,SiriusXM,SiriusXM,,,https://www.siriusxm.com/sports/nba,-1,,,,,,,,,,,,,,home,tv,1027.0,NBCSCA,NBCSCA,,,,1610612758.0,,,,,,,,,,,,,,,,,,,,,,,,,,,,,,,,,,,,,,,,,,,,,,
00,2026-27,03/04/2027 00:00:00,0022600910,20270304/BKNLAC,1,10:30 pm ET,8,2027-03-04T00:00:00Z,1900-01-01T22:30:00Z,2027-03-04T22:30:00Z,2027-03-04T05:00:00Z,1900-01-01T03:30:00Z,2027-03-05T03:30:00Z,2027-03-04T22:30:00Z,2027-03-04T19:30:00Z,Thu,3,20,Week 20,false,,,,,Intuit Dome,CA,Inglewood,N,,,False,1610612746,Clippers,LA,LAC,clippers,0,0,0,0,1610612751,Nets,Brooklyn,BKN,nets,0,0,0,0,,,,,,,,,,,,,,,,,,,,,,,,,,,,,,,,,,natl,radio,1001098,SiriusXM,SiriusXM,,,https://www.siriusxm.com/sports/nba,-1,,,,,,,,,,,,,,,,,,,,,,,,,,,,,,,,,,,,,,,,,,,,,,,away,tv,175.0,DAZN (YES),YES,,,,1610612751.0,,,,,,,,,,,,,
00,2026-27,03/05/2027 00:00:00,0022600911,20270305/BOSDET,1,7:00 pm ET,1,2027-03-05T00:00:00Z,1900-01-01T19:00:00Z,2027-03-05T19:00:00Z,2027-03-05T05:00:00Z,1900-01-01T00:00:00Z,2027-03-06T00:00:00Z,2027-03-05T19:00:00Z,2027-03-05T19:00:00Z,Fri,3,20,Week 20,false,,,,,Little Caesars Arena,MI,Detroit,N,,,False,1610612765,Pistons,Detroit,DET,pistons,0,0,0,0,1610612738,Celtics,Boston,BOS,celtics,0,0,0,0,natl,tv,2.0,ESPN,ESPN,,,https://www.espn.com/watch/catalog/7b3729c9-7f69-308a-bf8a-ee15a6aba154/nba#bucketId=29446&sourceCollection=Featured_Sports_,-1.0,2.0,,,,,,,,,,,,,,,,,,,,,,,,natl,radio,1001098,SiriusXM,SiriusXM,,,https://www.siriusxm.com/sports/nba,-1,,,,,,,,,,,,,,,,,,,,,,,,,,,,,,,,,,,,,,,,,,,,,,,away,tv,1658.0,NBC SPORTS BOSTON,NBCSB,,,,1610612738.0,,,,,,,,,,,,,
00,2026-27,03/05/2027 00:00:00,0022600912,20270305/UTAORL,1,7:00 pm ET,2,2027-03-05T00:00:00Z,1900-01-01T19:00:00Z,2027-03-05T19:00:00Z,2027-03-05T05:00:00Z,1900-01-01T00:00:00Z,2027-03-06T00:00:00Z,2027-03-05T17:00:00Z,2027-03-05T19:00:00Z,Fri,3,20,Week 20,false,,,,,Kia Center,FL,Orlando,N,,,False,1610612753,Magic,Orlando,ORL,magic,0,0,0,0,1610612762,Jazz,Utah,UTA,jazz,0,0,0,0,,,,,,,,,,,,,,,,,,,,,,,,,,,,,,,,,,natl,radio,1001098,SiriusXM,SiriusXM,,,https://www.siriusxm.com/sports/nba,-1,,,,,,,,,,,,,,,,,,,,,,,,,,,,,,,,,,,,,,,,,,,,,,,,,,,,,,,,,,,,,,,,,,,,
00,2026-27,03/05/2027 00:00:00,0022600913,20270305/PORTOR,1,7:30 pm ET,3,2027-03-05T00:00:00Z,1900-01-01T19:30:00Z,2027-03-05T19:30:00Z,2027-03-05T05:00:00Z,1900-01-01T00:30:00Z,2027-03-06T00:30:00Z,2027-03-05T16:30:00Z,2027-03-05T19:30:00Z,Fri,3,20,Week 20,false,,,,,Scotiabank Arena,ON,Toronto,N,,,False,1610612761,Raptors,Toronto,TOR,raptors,0,0,0,0,1610612757,Trail Blazers,Portland,POR,blazers,0,0,0,0,,,,,,,,,,,,,,,,,,,,,,,,,,,,,,,,,,natl,radio,1001098,SiriusXM,SiriusXM,,,https://www.siriusxm.com/sports/nba,-1,,,,,,,,,,,,,,,,,,,,,,,,,,,,,,,,,,,,,,,,,,,,,,,away,tv,1001196.0,KUNP,KUNP,,,,1610612757.0,,,away,radio,1472.0,Rip City Radio 620,KPOJ,,,,1610612757.0,,
00,2026-27,03/05/2027 00:00:00,0022600914,20270305/MILNOP,1,8:00 pm ET,4,2027-03-05T00:00:00Z,1900-01-01T20:00:00Z,2027-03-05T20:00:00Z,2027-03-05T05:00:00Z,1900-01-01T01:00:00Z,2027-03-06T01:00:00Z,2027-03-05T19:00:00Z,2027-03-05T19:00:00Z,Fri,3,20,Week 20,false,,,,,Smoothie King Center,LA,New Orleans,N,,,False,1610612740,Pelicans,New Orleans,NOP,pelicans,0,0,0,0,1610612749,Bucks,Milwaukee,MIL,bucks,0,0,0,0,,,,,,,,,,,,,,,,,,,,,,,,,,,,,,,,,,natl,radio,1001098,SiriusXM,SiriusXM,,,https://www.siriusxm.com/sports/nba,-1,,,,,,,,,,,,,,,,,,,,,,,,,,,,,,,,,,,,,,,,,,,,,,,,,,,,,,,,,,,,,,,,,,,,
00,2026-27,03/05/2027 00:00:00,0022600915,20270305/MINPHX,1,9:00 pm ET,5,2027-03-05T00:00:00Z,1900-01-01T21:00:00Z,2027-03-05T21:00:00Z,2027-03-05T05:00:00Z,1900-01-01T02:00:00Z,2027-03-06T02:00:00Z,2027-03-05T20:00:00Z,2027-03-05T19:00:00Z,Fri,3,20,Week 20,false,,,,,Mortgage Matchup Center,AZ,Phoenix,N,,,False,1610612756,Suns,Phoenix,PHX,suns,0,0,0,0,1610612750,Timberwolves,Minnesota,MIN,timberwolves,0,0,0,0,,,,,,,,,,,,,,,,,,,,,,,,,,,,,,,,,,natl,radio,1001098,SiriusXM,SiriusXM,,,https://www.siriusxm.com/sports/nba,-1,,,,,,,,,,,,,,,,,,,,,,,,,,,,,,,,,,,,,,,,,,,,,,,,,,,,,,,,,,,,,,,,,,,,
00,2026-27,03/05/2027 00:00:00,0022600916,20270305/SASHOU,1,9:30 pm ET,6,2027-03-05T00:00:00Z,1900-01-01T21:30:00Z,2027-03-05T21:30:00Z,2027-03-05T05:00:00Z,1900-01-01T02:30:00Z,2027-03-06T02:30:00Z,2027-03-05T20:30:00Z,2027-03-05T20:30:00Z,Fri,3,20,Week 20,false,,,,,Toyota Center,TX,Houston,N,,,False,1610612745,Rockets,Houston,HOU,rockets,0,0,0,0,1610612759,Spurs,San Antonio,SAS,spurs,0,0,0,0,natl,tv,2.0,ESPN,ESPN,,,https://www.espn.com/watch/catalog/7b3729c9-7f69-308a-bf8a-ee15a6aba154/nba#bucketId=29446&sourceCollection=Featured_Sports_,-1.0,2.0,,,,,,,,,,,,,,,,,,,,,,,,natl,radio,1001098,SiriusXM,SiriusXM,,,https://www.siriusxm.com/sports/nba,-1,,,,,,,,,,,,,,,,,,,,,,,,,,,,,,,,,,,,,,,,,,,,,,,,,,,,,,,,,,,,,,,,,,,,
00,2026-27,03/06/2027 00:00:00,0022600917,20270306/INDMIA,1,3:00 pm ET,1,2027-03-06T00:00:00Z,1900-01-01T15:00:00Z,2027-03-06T15:00:00Z,2027-03-06T05:00:00Z,1900-01-01T20:00:00Z,2027-03-06T20:00:00Z,2027-03-06T15:00:00Z,2027-03-06T15:00:00Z,Sat,3,20,Week 20,false,,,,,Kaseya Center,FL,Miami,N,,,False,1610612748,Heat,Miami,MIA,heat,0,0,0,0,1610612754,Pacers,Indiana,IND,pacers,0,0,0,0,natl,tv,1000664.0,Prime Video,Amazon,,,https://www.amazon.com/gp/video/tournament/amzn1.dv.icid.cf75b42a-68cd-4a1c-993a-a0b3f0575c5f?jic=20%7CCgZTcG9ydHMSA2FsbA%3D%3D&ref_=atv_hm_spo_c_7a7vxF_4_6,-1.0,4.0,,,,,,,,,,,,,,,,,,,,,,,,natl,radio,1001098,SiriusXM,SiriusXM,,,https://www.siriusxm.com/sports/nba,-1,,,,,,,,,,,,,,home,tv,1001720.0,WPLG Local 10,WPLG,,,https://local10plusplatinum.maz.tv/open?deeplink=local10platinum://item/3776211-3882966?item=44d4cc7fbb9f4bd72cf272489b39eadf-3742525-3848761,1610612748.0,,,,,,,,,,,,,,home,radio,1001523.0,FM 104.3 WQAM / S: WAQI 710,WQAM-FM/WAQI,,,,1610612748.0,,,,,,,,,,,,,,,,,,,,,,,,
00,2026-27,03/06/2027 00:00:00,0022600918,20270306/CHACHI,1,5:00 pm ET,2,2027-03-06T00:00:00Z,1900-01-01T17:00:00Z,2027-03-06T17:00:00Z,2027-03-06T05:00:00Z,1900-01-01T22:00:00Z,2027-03-06T22:00:00Z,2027-03-06T17:00:00Z,2027-03-06T16:00:00Z,Sat,3,20,Week 20,false,,,,,United Center,IL,Chicago,N,,,False,1610612741,Bulls,Chicago,CHI,bulls,0,0,0,0,1610612766,Hornets,Charlotte,CHA,hornets,0,0,0,0,,,,,,,,,,,,,,,,,,,,,,,,,,,,,,,,,,natl,radio,1001098,SiriusXM,SiriusXM,,,https://www.siriusxm.com/sports/nba,-1,,,,,,,,,,,,,,,,,,,,,,,,,,,,,,,,,,,,,,,,,,,,,,,,,,,,,,,,,,,,,,,,,,,,
00,2026-27,03/06/2027 00:00:00,0022600919,20270306/ATLCLE,1,5:30 pm ET,3,2027-03-06T00:00:00Z,1900-01-01T17:30:00Z,2027-03-06T17:30:00Z,2027-03-06T05:00:00Z,1900-01-01T22:30:00Z,2027-03-06T22:30:00Z,2027-03-06T17:30:00Z,2027-03-06T17:30:00Z,Sat,3,20,Week 20,false,,,,,Rocket Arena,OH,Cleveland,N,,,False,1610612739,Cavaliers,Cleveland,CLE,cavaliers,0,0,0,0,1610612737,Hawks,Atlanta,ATL,hawks,0,0,0,0,natl,tv,1000664.0,Prime Video,Amazon,,,https://www.amazon.com/gp/video/tournament/amzn1.dv.icid.cf75b42a-68cd-4a1c-993a-a0b3f0575c5f?jic=20%7CCgZTcG9ydHMSA2FsbA%3D%3D&ref_=atv_hm_spo_c_7a7vxF_4_6,-1.0,4.0,,,,,,,,,,,,,,,,,,,,,,,,natl,radio,1001098,SiriusXM,SiriusXM,,,https://www.siriusxm.com/sports/nba,-1,,,,,,,,,,,,,,,,,,,,,,,,,,,,,,,,,,,,,,,,,,,,,,,,,,,,,,,,,,,,,,,,,,,,
00,2026-27,03/06/2027 00:00:00,0022600920,20270306/UTAWAS,1,7:00 pm ET,4,2027-03-06T00:00:00Z,1900-01-01T19:00:00Z,2027-03-06T19:00:00Z,2027-03-06T05:00:00Z,1900-01-01T00:00:00Z,2027-03-07T00:00:00Z,2027-03-06T17:00:00Z,2027-03-06T19:00:00Z,Sat,3,20,Week 20,false,,,,,Capital One Arena,DC,Washington,N,,,False,1610612764,Wizards,Washington,WAS,wizards,0,0,0,0,1610612762,Jazz,Utah,UTA,jazz,0,0,0,0,,,,,,,,,,,,,,,,,,,,,,,,,,,,,,,,,,natl,radio,1001098,SiriusXM,SiriusXM,,,https://www.siriusxm.com/sports/nba,-1,,,,,,,,,,,,,,,,,,,,,,,,,,,,,,,,,,,,,,,,,,,,,,,,,,,,,,,,,,,,,,,,,,,,
00,2026-27,03/06/2027 00:00:00,0022600921,20270306/NOPMEM,1,8:00 pm ET,5,2027-03-06T00:00:00Z,1900-01-01T20:00:00Z,2027-03-06T20:00:00Z,2027-03-06T05:00:00Z,1900-01-01T01:00:00Z,2027-03-07T01:00:00Z,2027-03-06T19:00:00Z,2027-03-06T19:00:00Z,Sat,3,20,Week 20,false,,,,,FedExForum,TN,Memphis,N,,,False,1610612763,Grizzlies,Memphis,MEM,grizzlies,0,0,0,0,1610612740,Pelicans,New Orleans,NOP,pelicans,0,0,0,0,,,,,,,,,,,,,,,,,,,,,,,,,,,,,,,,,,natl,radio,1001098,SiriusXM,SiriusXM,,,https://www.siriusxm.com/sports/nba,-1,,,,,,,,,,,,,,,,,,,,,,,,,,,,,,,,,,,,,,,,,,,,,,,,,,,,,,,,,,,,,,,,,,,,
00,2026-27,03/06/2027 00:00:00,0022600922,20270306/OKCLAL,1,8:30 pm ET,6,2027-03-06T00:00:00Z,1900-01-01T20:30:00Z,2027-03-06T20:30:00Z,2027-03-06T05:00:00Z,1900-01-01T01:30:00Z,2027-03-07T01:30:00Z,2027-03-06T19:30:00Z,2027-03-06T17:30:00Z,Sat,3,20,Week 20,false,,,,,Crypto.com Arena,CA,Los Angeles,N,,,False,1610612747,Lakers,Los Angeles,LAL,lakers,0,0,0,0,1610612760,Thunder,Oklahoma City,OKC,thunder,0,0,0,0,natl,tv,1.0,ABC,ABC,,,,-1.0,1.0,,,,,,,,,,,,,,,,,,,,,,,,natl,radio,3,ESPN Radio,ESPNR,,,,-1,,,natl,radio,1001098.0,SiriusXM,SiriusXM,,,https://www.siriusxm.com/sports/nba,-1.0,,,,,,,,,,,,,,,,,,,,,,,,,home,radio,1001605.0,ESPN LA 710/980 KFWB,KSPN/KFWB,,,,1610612747.0,,,,,,,,,,,,,,,,,,,,,,,,
00,2026-27,03/06/2027 00:00:00,0022600923,20270306/LACSAC,1,10:00 pm ET,7,2027-03-06T00:00:00Z,1900-01-01T22:00:00Z,2027-03-06T22:00:00Z,2027-03-06T05:00:00Z,1900-01-01T03:00:00Z,2027-03-07T03:00:00Z,2027-03-06T19:00:00Z,2027-03-06T19:00:00Z,Sat,3,20,Week 20,false,,,,,Golden 1 Center,CA,Sacramento,N,,,False,1610612758,Kings,Sacramento,SAC,kings,0,0,0,0,1610612746,Clippers,LA,LAC,clippers,0,0,0,0,,,,,,,,,,,,,,,,,,,,,,,,,,,,,,,,,,natl,radio,1001098,SiriusXM,SiriusXM,,,https://www.siriusxm.com/sports/nba,-1,,,,,,,,,,,,,,home,tv,1027.0,NBCSCA,NBCSCA,,,,1610612758.0,,,,,,,,,,,,,,,,,,,,,,,,,,,,,,,,,,,,,,,,,,,,,,
00,2026-27,03/07/2027 00:00:00,0022600924,20270307/PHIBOS,1,1:00 pm ET,1,2027-03-07T00:00:00Z,1900-01-01T13:00:00Z,2027-03-07T13:00:00Z,2027-03-07T05:00:00Z,1900-01-01T18:00:00Z,2027-03-07T18:00:00Z,2027-03-07T13:00:00Z,2027-03-07T13:00:00Z,Sun,3,20,Week 20,false,,,,,TD Garden,MA,Boston,N,,,False,1610612738,Celtics,Boston,BOS,celtics,0,0,0,0,1610612755,76ers,Philadelphia,PHI,sixers,0,0,0,0,natl,tv,1.0,ABC,ABC,,,,-1.0,1.0,,,,,,,,,,,,,,,,,,,,,,,,natl,radio,1001098,SiriusXM,SiriusXM,,,https://www.siriusxm.com/sports/nba,-1,,,,,,,,,,,,,,,,,,,,,,,,,,,,,,,,,,,,,,,,,,,,,,,,,,,,,,,,,,,,,,,,,,,,
00,2026-27,03/07/2027 00:00:00,0022600925,20270307/MINDEN,1,3:30 pm ET,2,2027-03-07T00:00:00Z,1900-01-01T15:30:00Z,2027-03-07T15:30:00Z,2027-03-07T05:00:00Z,1900-01-01T20:30:00Z,2027-03-07T20:30:00Z,2027-03-07T14:30:00Z,2027-03-07T13:30:00Z,Sun,3,20,Week 20,false,,,,,Ball Arena,CO,Denver,N,,,False,1610612743,Nuggets,Denver,DEN,nuggets,0,0,0,0,1610612750,Timberwolves,Minnesota,MIN,timberwolves,0,0,0,0,natl,tv,1.0,ABC,ABC,,,,-1.0,1.0,,,,,,,,,,,,,,,,,,,,,,,,natl,radio,3,ESPN Radio,ESPNR,,,,-1,,,natl,radio,1001098.0,SiriusXM,SiriusXM,,,https://www.siriusxm.com/sports/nba,-1.0,,,,,,,,,,,,,,,,,,,,,,,,,,,,,,,,,,,,,,,,,,,,,,,,,,,,,,,,,
00,2026-27,03/07/2027 00:00:00,0022600926,20270307/PORCHI,1,5:00 pm ET,3,2027-03-07T00:00:00Z,1900-01-01T17:00:00Z,2027-03-07T17:00:00Z,2027-03-07T05:00:00Z,1900-01-01T22:00:00Z,2027-03-07T22:00:00Z,2027-03-07T14:00:00Z,2027-03-07T16:00:00Z,Sun,3,20,Week 20,false,,,,,United Center,IL,Chicago,N,,,False,1610612741,Bulls,Chicago,CHI,bulls,0,0,0,0,1610612757,Trail Blazers,Portland,POR,blazers,0,0,0,0,,,,,,,,,,,,,,,,,,,,,,,,,,,,,,,,,,natl,radio,1001098,SiriusXM,SiriusXM,,,https://www.siriusxm.com/sports/nba,-1,,,,,,,,,,,,,,,,,,,,,,,,,,,,,,,,,,,,,,,,,,,,,,,away,tv,1001196.0,KUNP,KUNP,,,,1610612757.0,,,away,radio,1472.0,Rip City Radio 620,KPOJ,,,,1610612757.0,,
00,2026-27,03/07/2027 00:00:00,0022600927,20270307/NYKSAS,1,7:30 pm ET,4,2027-03-07T00:00:00Z,1900-01-01T19:30:00Z,2027-03-07T19:30:00Z,2027-03-07T05:00:00Z,1900-01-01T00:30:00Z,2027-03-08T00:30:00Z,2027-03-07T19:30:00Z,2027-03-07T18:30:00Z,Sun,3,20,Week 20,false,,,,,Frost Bank Center,TX,San Antonio,N,,,False,1610612759,Spurs,San Antonio,SAS,spurs,0,0,0,0,1610612752,Knicks,New York,NYK,knicks,0,0,0,0,natl,tv,147.0,Telemundo,Telemundo,,,,-1.0,10.0,,natl,tv,1001452.0,NBC,NBC,,,,-1.0,5.0,National,natl,tv,1001453.0,Peacock,Peacock,,,https://www.peacocktv.com/sports/nba?cid=2508sptnbaexterndinapplk26427&utm_campaign=2508sptnba&utm_source=nba_nba_nba&utm_medium=ernd_inapplk_acq_inapbnr&utm_term=nbafans&utm_content=nbaapplinks,-1.0,3.0,,natl,radio,1001098,SiriusXM,SiriusXM,,,https://www.siriusxm.com/sports/nba,-1,,,,,,,,,,,,,,,,,,,,,,,,,,,,,,,,,,,,,,,,,,,,,,,,,,,,,,,,,,,,,,,,,,,,
00,2026-27,03/07/2027 00:00:00,0022600928,20270307/HOUGSW,1,10:00 pm ET,5,2027-03-07T00:00:00Z,1900-01-01T22:00:00Z,2027-03-07T22:00:00Z,2027-03-07T05:00:00Z,1900-01-01T03:00:00Z,2027-03-08T03:00:00Z,2027-03-07T21:00:00Z,2027-03-07T19:00:00Z,Sun,3,20,Week 20,false,,,,,Chase Center,CA,San Francisco,N,,,False,1610612744,Warriors,Golden State,GSW,warriors,0,0,0,0,1610612745,Rockets,Houston,HOU,rockets,0,0,0,0,natl,tv,1001452.0,NBC,NBC,,,,-1.0,5.0,National,natl,tv,1001453.0,Peacock,Peacock,,,https://www.peacocktv.com/sports/nba?cid=2508sptnbaexterndinapplk26427&utm_campaign=2508sptnba&utm_source=nba_nba_nba&utm_medium=ernd_inapplk_acq_inapbnr&utm_term=nbafans&utm_content=nbaapplinks,-1.0,3.0,,,,,,,,,,,,,natl,radio,1001098,SiriusXM,SiriusXM,,,https://www.siriusxm.com/sports/nba,-1,,,,,,,,,,,,,,,,,,,,,,,,,,,,,,,,,,,,,,,,,,,,,,,,,,,,,,,,,,,,,,,,,,,,
00,2026-27,03/07/2027 00:00:00,0022600929,20270307/BKNLAL,1,10:30 pm ET,6,2027-03-07T00:00:00Z,1900-01-01T22:30:00Z,2027-03-07T22:30:00Z,2027-03-07T05:00:00Z,1900-01-01T03:30:00Z,2027-03-08T03:30:00Z,2027-03-07T22:30:00Z,2027-03-07T19:30:00Z,Sun,3,20,Week 20,false,,,,,Crypto.com Arena,CA,Los Angeles,N,,,False,1610612747,Lakers,Los Angeles,LAL,lakers,0,0,0,0,1610612751,Nets,Brooklyn,BKN,nets,0,0,0,0,,,,,,,,,,,,,,,,,,,,,,,,,,,,,,,,,,natl,radio,1001098,SiriusXM,SiriusXM,,,https://www.siriusxm.com/sports/nba,-1,,,,,,,,,,,,,,home,tv,1651.0,Spectrum SportsNet,SPECSN,,,,1610612747.0,,,,,,,,,,,,,,home,radio,1001605.0,ESPN LA 710/980 KFWB,KSPN/KFWB,,,,1610612747.0,,,away,tv,175.0,DAZN (YES),YES,,,,1610612751.0,,,,,,,,,,,,,
00,2026-27,03/08/2027 00:00:00,0022600930,20270308/CHAIND,1,7:00 pm ET,1,2027-03-08T00:00:00Z,1900-01-01T19:00:00Z,2027-03-08T19:00:00Z,2027-03-08T05:00:00Z,1900-01-01T00:00:00Z,2027-03-09T00:00:00Z,2027-03-08T19:00:00Z,2027-03-08T19:00:00Z,Mon,3,21,Week 21,false,,,,,Gainbridge Fieldhouse,IN,Indianapolis,N,,,False,1610612754,Pacers,Indiana,IND,pacers,0,0,0,0,1610612766,Hornets,Charlotte,CHA,hornets,0,0,0,0,natl,tv,1001453.0,Peacock,Peacock,,,https://www.peacocktv.com/sports/nba?cid=2508sptnbaexterndinapplk26427&utm_campaign=2508sptnba&utm_source=nba_nba_nba&utm_medium=ernd_inapplk_acq_inapbnr&utm_term=nbafans&utm_content=nbaapplinks,-1.0,3.0,,natl,tv,1001488.0,NBC Sports Network,NBCSN,,,,-1.0,7.0,National,,,,,,,,,,,,natl,radio,1001098,SiriusXM,SiriusXM,,,https://www.siriusxm.com/sports/nba,-1,,,,,,,,,,,,,,,,,,,,,,,,,,,,,,,,,,,,,,,,,,,,,,,,,,,,,,,,,,,,,,,,,,,,
00,2026-27,03/08/2027 00:00:00,0022600931,20270308/UTAPHI,1,7:00 pm ET,2,2027-03-08T00:00:00Z,1900-01-01T19:00:00Z,2027-03-08T19:00:00Z,2027-03-08T05:00:00Z,1900-01-01T00:00:00Z,2027-03-09T00:00:00Z,2027-03-08T17:00:00Z,2027-03-08T19:00:00Z,Mon,3,21,Week 21,false,,,,,Xfinity Mobile Arena,PA,Philadelphia,N,,,False,1610612755,76ers,Philadelphia,PHI,sixers,0,0,0,0,1610612762,Jazz,Utah,UTA,jazz,0,0,0,0,,,,,,,,,,,,,,,,,,,,,,,,,,,,,,,,,,natl,radio,1001098,SiriusXM,SiriusXM,,,https://www.siriusxm.com/sports/nba,-1,,,,,,,,,,,,,,,,,,,,,,,,,,,,,,,,,,,,,,,,,,,,,,,,,,,,,,,,,,,,,,,,,,,,
00,2026-27,03/08/2027 00:00:00,0022600932,20270308/PHXMIA,1,7:30 pm ET,3,2027-03-08T00:00:00Z,1900-01-01T19:30:00Z,2027-03-08T19:30:00Z,2027-03-08T05:00:00Z,1900-01-01T00:30:00Z,2027-03-09T00:30:00Z,2027-03-08T17:30:00Z,2027-03-08T19:30:00Z,Mon,3,21,Week 21,false,,,,,Kaseya Center,FL,Miami,N,,,False,1610612748,Heat,Miami,MIA,heat,0,0,0,0,1610612756,Suns,Phoenix,PHX,suns,0,0,0,0,,,,,,,,,,,,,,,,,,,,,,,,,,,,,,,,,,natl,radio,1001098,SiriusXM,SiriusXM,,,https://www.siriusxm.com/sports/nba,-1,,,,,,,,,,,,,,home,tv,1001720.0,WPLG Local 10,WPLG,,,https://local10plusplatinum.maz.tv/open?deeplink=local10platinum://item/3776211-3882966?item=44d4cc7fbb9f4bd72cf272489b39eadf-3742525-3848761,1610612748.0,,,,,,,,,,,,,,home,radio,1001523.0,FM 104.3 WQAM / S: WAQI 710,WQAM-FM/WAQI,,,,1610612748.0,,,,,,,,,,,,,,,,,,,,,,,,
00,2026-27,03/08/2027 00:00:00,0022600933,20270308/ATLMEM,1,8:00 pm ET,4,2027-03-08T00:00:00Z,1900-01-01T20:00:00Z,2027-03-08T20:00:00Z,2027-03-08T05:00:00Z,1900-01-01T01:00:00Z,2027-03-09T01:00:00Z,2027-03-08T20:00:00Z,2027-03-08T19:00:00Z,Mon,3,21,Week 21,false,,,,,FedExForum,TN,Memphis,N,,,False,1610612763,Grizzlies,Memphis,MEM,grizzlies,0,0,0,0,1610612737,Hawks,Atlanta,ATL,hawks,0,0,0,0,,,,,,,,,,,,,,,,,,,,,,,,,,,,,,,,,,natl,radio,1001098,SiriusXM,SiriusXM,,,https://www.siriusxm.com/sports/nba,-1,,,,,,,,,,,,,,,,,,,,,,,,,,,,,,,,,,,,,,,,,,,,,,,,,,,,,,,,,,,,,,,,,,,,
00,2026-27,03/08/2027 00:00:00,0022600934,20270308/NOPMIN,1,8:00 pm ET,5,2027-03-08T00:00:00Z,1900-01-01T20:00:00Z,2027-03-08T20:00:00Z,2027-03-08T05:00:00Z,1900-01-01T01:00:00Z,2027-03-09T01:00:00Z,2027-03-08T19:00:00Z,2027-03-08T19:00:00Z,Mon,3,21,Week 21,false,,,,,Target Center,MN,Minneapolis,N,,,False,1610612750,Timberwolves,Minnesota,MIN,timberwolves,0,0,0,0,1610612740,Pelicans,New Orleans,NOP,pelicans,0,0,0,0,,,,,,,,,,,,,,,,,,,,,,,,,,,,,,,,,,natl,radio,1001098,SiriusXM,SiriusXM,,,https://www.siriusxm.com/sports/nba,-1,,,,,,,,,,,,,,,,,,,,,,,,,,,,,,,,,,,,,,,,,,,,,,,,,,,,,,,,,,,,,,,,,,,,
00,2026-27,03/08/2027 00:00:00,0022600935,20270308/DALOKC,1,9:30 pm ET,6,2027-03-08T00:00:00Z,1900-01-01T21:30:00Z,2027-03-08T21:30:00Z,2027-03-08T05:00:00Z,1900-01-01T02:30:00Z,2027-03-09T02:30:00Z,2027-03-08T20:30:00Z,2027-03-08T20:30:00Z,Mon,3,21,Week 21,false,,,,,Paycom Center,OK,Oklahoma City,N,,,False,1610612760,Thunder,Oklahoma City,OKC,thunder,0,0,0,0,1610612742,Mavericks,Dallas,DAL,mavericks,0,0,0,0,natl,tv,1001453.0,Peacock,Peacock,,,https://www.peacocktv.com/sports/nba?cid=2508sptnbaexterndinapplk26427&utm_campaign=2508sptnba&utm_source=nba_nba_nba&utm_medium=ernd_inapplk_acq_inapbnr&utm_term=nbafans&utm_content=nbaapplinks,-1.0,3.0,,natl,tv,1001488.0,NBC Sports Network,NBCSN,,,,-1.0,7.0,National,,,,,,,,,,,,natl,radio,1001098,SiriusXM,SiriusXM,,,https://www.siriusxm.com/sports/nba,-1,,,,,,,,,,,,,,,,,,,,,,,,,,,,,,,,,,,,,,,,,,,,,,,,,,,,,,,,,,,,,,,,,,,,
00,2026-27,03/08/2027 00:00:00,0022600936,20270308/DENSAC,1,10:00 pm ET,7,2027-03-08T00:00:00Z,1900-01-01T22:00:00Z,2027-03-08T22:00:00Z,2027-03-08T05:00:00Z,1900-01-01T03:00:00Z,2027-03-09T03:00:00Z,2027-03-08T20:00:00Z,2027-03-08T19:00:00Z,Mon,3,21,Week 21,false,,,,,Golden 1 Center,CA,Sacramento,N,,,False,1610612758,Kings,Sacramento,SAC,kings,0,0,0,0,1610612743,Nuggets,Denver,DEN,nuggets,0,0,0,0,,,,,,,,,,,,,,,,,,,,,,,,,,,,,,,,,,natl,radio,1001098,SiriusXM,SiriusXM,,,https://www.siriusxm.com/sports/nba,-1,,,,,,,,,,,,,,home,tv,1027.0,NBCSCA,NBCSCA,,,,1610612758.0,,,,,,,,,,,,,,,,,,,,,,,,,,,,,,,,,,,,,,,,,,,,,,
00,2026-27,03/08/2027 00:00:00,0022600937,20270308/HOULAC,1,10:30 pm ET,8,2027-03-08T00:00:00Z,1900-01-01T22:30:00Z,2027-03-08T22:30:00Z,2027-03-08T05:00:00Z,1900-01-01T03:30:00Z,2027-03-09T03:30:00Z,2027-03-08T21:30:00Z,2027-03-08T19:30:00Z,Mon,3,21,Week 21,false,,,,,Intuit Dome,CA,Inglewood,N,,,False,1610612746,Clippers,LA,LAC,clippers,0,0,0,0,1610612745,Rockets,Houston,HOU,rockets,0,0,0,0,,,,,,,,,,,,,,,,,,,,,,,,,,,,,,,,,,natl,radio,1001098,SiriusXM,SiriusXM,,,https://www.siriusxm.com/sports/nba,-1,,,,,,,,,,,,,,,,,,,,,,,,,,,,,,,,,,,,,,,,,,,,,,,,,,,,,,,,,,,,,,,,,,,,
00,2026-27,03/09/2027 00:00:00,0022600938,20270309/PHXORL,1,7:00 pm ET,1,2027-03-09T00:00:00Z,1900-01-01T19:00:00Z,2027-03-09T19:00:00Z,2027-03-09T05:00:00Z,1900-01-01T00:00:00Z,2027-03-10T00:00:00Z,2027-03-09T17:00:00Z,2027-03-09T19:00:00Z,Tue,3,21,Week 21,false,,,,,Kia Center,FL,Orlando,N,,,False,1610612753,Magic,Orlando,ORL,magic,0,0,0,0,1610612756,Suns,Phoenix,PHX,suns,0,0,0,0,,,,,,,,,,,,,,,,,,,,,,,,,,,,,,,,,,natl,radio,1001098,SiriusXM,SiriusXM,,,https://www.siriusxm.com/sports/nba,-1,,,,,,,,,,,,,,,,,,,,,,,,,,,,,,,,,,,,,,,,,,,,,,,,,,,,,,,,,,,,,,,,,,,,
00,2026-27,03/09/2027 00:00:00,0022600939,20270309/MILBKN,1,7:30 pm ET,2,2027-03-09T00:00:00Z,1900-01-01T19:30:00Z,2027-03-09T19:30:00Z,2027-03-09T05:00:00Z,1900-01-01T00:30:00Z,2027-03-10T00:30:00Z,2027-03-09T18:30:00Z,2027-03-09T19:30:00Z,Tue,3,21,Week 21,false,,,,,Barclays Center,NY,Brooklyn,N,,,False,1610612751,Nets,Brooklyn,BKN,nets,0,0,0,0,1610612749,Bucks,Milwaukee,MIL,bucks,0,0,0,0,,,,,,,,,,,,,,,,,,,,,,,,,,,,,,,,,,natl,radio,1001098,SiriusXM,SiriusXM,,,https://www.siriusxm.com/sports/nba,-1,,,,,,,,,,,,,,home,tv,175.0,DAZN (YES),YES,,,,1610612751.0,,,,,,,,,,,,,,,,,,,,,,,,,,,,,,,,,,,,,,,,,,,,,,
00,2026-27,03/09/2027 00:00:00,0022600940,20270309/CLEDET,1,8:00 pm ET,3,2027-03-09T00:00:00Z,1900-01-01T20:00:00Z,2027-03-09T20:00:00Z,2027-03-09T05:00:00Z,1900-01-01T01:00:00Z,2027-03-10T01:00:00Z,2027-03-09T20:00:00Z,2027-03-09T20:00:00Z,Tue,3,21,Week 21,false,,,,,Little Caesars Arena,MI,Detroit,N,,,False,1610612765,Pistons,Detroit,DET,pistons,0,0,0,0,1610612739,Cavaliers,Cleveland,CLE,cavaliers,0,0,0,0,natl,tv,1001452.0,NBC,NBC,,,,-1.0,5.0,East,natl,tv,1001453.0,Peacock,Peacock,,,https://www.peacocktv.com/sports/nba?cid=2508sptnbaexterndinapplk26427&utm_campaign=2508sptnba&utm_source=nba_nba_nba&utm_medium=ernd_inapplk_acq_inapbnr&utm_term=nbafans&utm_content=nbaapplinks,-1.0,3.0,,,,,,,,,,,,,natl,radio,1001098,SiriusXM,SiriusXM,,,https://www.siriusxm.com/sports/nba,-1,,,,,,,,,,,,,,,,,,,,,,,,,,,,,,,,,,,,,,,,,,,,,,,,,,,,,,,,,,,,,,,,,,,,
00,2026-27,03/09/2027 00:00:00,0022600941,20270309/BOSCHI,1,8:00 pm ET,4,2027-03-09T00:00:00Z,1900-01-01T20:00:00Z,2027-03-09T20:00:00Z,2027-03-09T05:00:00Z,1900-01-01T01:00:00Z,2027-03-10T01:00:00Z,2027-03-09T20:00:00Z,2027-03-09T19:00:00Z,Tue,3,21,Week 21,false,,,,,United Center,IL,Chicago,N,,,False,1610612741,Bulls,Chicago,CHI,bulls,0,0,0,0,1610612738,Celtics,Boston,BOS,celtics,0,0,0,0,,,,,,,,,,,,,,,,,,,,,,,,,,,,,,,,,,natl,radio,1001098,SiriusXM,SiriusXM,,,https://www.siriusxm.com/sports/nba,-1,,,,,,,,,,,,,,,,,,,,,,,,,,,,,,,,,,,,,,,,,,,,,,,away,tv,1658.0,NBC SPORTS BOSTON,NBCSB,,,,1610612738.0,,,,,,,,,,,,,
00,2026-27,03/09/2027 00:00:00,0022600942,20270309/MEMDAL,1,8:00 pm ET,5,2027-03-09T00:00:00Z,1900-01-01T20:00:00Z,2027-03-09T20:00:00Z,2027-03-09T05:00:00Z,1900-01-01T01:00:00Z,2027-03-10T01:00:00Z,2027-03-09T19:00:00Z,2027-03-09T19:00:00Z,Tue,3,21,Week 21,false,,,,,American Airlines Center,TX,Dallas,N,,,False,1610612742,Mavericks,Dallas,DAL,mavericks,0,0,0,0,1610612763,Grizzlies,Memphis,MEM,grizzlies,0,0,0,0,,,,,,,,,,,,,,,,,,,,,,,,,,,,,,,,,,natl,radio,1001098,SiriusXM,SiriusXM,,,https://www.siriusxm.com/sports/nba,-1,,,,,,,,,,,,,,,,,,,,,,,,,,,,,,,,,,,,,,,,,,,,,,,,,,,,,,,,,,,,,,,,,,,,
00,2026-27,03/09/2027 00:00:00,0022600943,20270309/WASSAS,1,8:00 pm ET,6,2027-03-09T00:00:00Z,1900-01-01T20:00:00Z,2027-03-09T20:00:00Z,2027-03-09T05:00:00Z,1900-01-01T01:00:00Z,2027-03-10T01:00:00Z,2027-03-09T20:00:00Z,2027-03-09T19:00:00Z,Tue,3,21,Week 21,false,,,,,Frost Bank Center,TX,San Antonio,N,,,False,1610612759,Spurs,San Antonio,SAS,spurs,0,0,0,0,1610612764,Wizards,Washington,WAS,wizards,0,0,0,0,,,,,,,,,,,,,,,,,,,,,,,,,,,,,,,,,,natl,radio,1001098,SiriusXM,SiriusXM,,,https://www.siriusxm.com/sports/nba,-1,,,,,,,,,,,,,,,,,,,,,,,,,,,,,,,,,,,,,,,,,,,,,,,,,,,,,,,,,,,,,,,,,,,,
00,2026-27,03/09/2027 00:00:00,0022600944,20270309/PORGSW,1,11:00 pm ET,7,2027-03-09T00:00:00Z,1900-01-01T23:00:00Z,2027-03-09T23:00:00Z,2027-03-09T05:00:00Z,1900-01-01T04:00:00Z,2027-03-10T04:00:00Z,2027-03-09T20:00:00Z,2027-03-09T20:00:00Z,Tue,3,21,Week 21,false,,,,,Chase Center,CA,San Francisco,N,,,False,1610612744,Warriors,Golden State,GSW,warriors,0,0,0,0,1610612757,Trail Blazers,Portland,POR,blazers,0,0,0,0,natl,tv,1001452.0,NBC,NBC,,,,-1.0,5.0,West,natl,tv,1001453.0,Peacock,Peacock,,,https://www.peacocktv.com/sports/nba?cid=2508sptnbaexterndinapplk26427&utm_campaign=2508sptnba&utm_source=nba_nba_nba&utm_medium=ernd_inapplk_acq_inapbnr&utm_term=nbafans&utm_content=nbaapplinks,-1.0,3.0,,,,,,,,,,,,,natl,radio,1001098,SiriusXM,SiriusXM,,,https://www.siriusxm.com/sports/nba,-1,,,,,,,,,,,,,,home,tv,1097.0,NBCSBA,NBCSBA,,,,1610612744.0,,,,,,,,,,,,,,,,,,,,,,,,,,,,,,,,,,,,away,radio,1472.0,Rip City Radio 620,KPOJ,,,,1610612757.0,,
00,2026-27,03/10/2027 00:00:00,0022600945,20270310/NOPCHA,1,7:00 pm ET,1,2027-03-10T00:00:00Z,1900-01-01T19:00:00Z,2027-03-10T19:00:00Z,2027-03-10T05:00:00Z,1900-01-01T00:00:00Z,2027-03-11T00:00:00Z,2027-03-10T18:00:00Z,2027-03-10T19:00:00Z,Wed,3,21,Week 21,false,,,,,Spectrum Center,NC,Charlotte,N,,,False,1610612766,Hornets,Charlotte,CHA,hornets,0,0,0,0,1610612740,Pelicans,New Orleans,NOP,pelicans,0,0,0,0,,,,,,,,,,,,,,,,,,,,,,,,,,,,,,,,,,natl,radio,1001098,SiriusXM,SiriusXM,,,https://www.siriusxm.com/sports/nba,-1,,,,,,,,,,,,,,,,,,,,,,,,,,,,,,,,,,,,,,,,,,,,,,,,,,,,,,,,,,,,,,,,,,,,
00,2026-27,03/10/2027 00:00:00,0022600946,20270310/ORLMIA,1,7:00 pm ET,2,2027-03-10T00:00:00Z,1900-01-01T19:00:00Z,2027-03-10T19:00:00Z,2027-03-10T05:00:00Z,1900-01-01T00:00:00Z,2027-03-11T00:00:00Z,2027-03-10T19:00:00Z,2027-03-10T19:00:00Z,Wed,3,21,Week 21,false,,,,,Kaseya Center,FL,Miami,N,,,False,1610612748,Heat,Miami,MIA,heat,0,0,0,0,1610612753,Magic,Orlando,ORL,magic,0,0,0,0,natl,tv,2.0,ESPN,ESPN,,,https://www.espn.com/watch/catalog/7b3729c9-7f69-308a-bf8a-ee15a6aba154/nba#bucketId=29446&sourceCollection=Featured_Sports_,-1.0,2.0,,,,,,,,,,,,,,,,,,,,,,,,natl,radio,1001098,SiriusXM,SiriusXM,,,https://www.siriusxm.com/sports/nba,-1,,,,,,,,,,,,,,home,tv,1001720.0,WPLG Local 10,WPLG,,,https://local10plusplatinum.maz.tv/open?deeplink=local10platinum://item/3776211-3882966?item=44d4cc7fbb9f4bd72cf272489b39eadf-3742525-3848761,1610612748.0,,,,,,,,,,,,,,home,radio,1001523.0,FM 104.3 WQAM / S: WAQI 710,WQAM-FM/WAQI,,,,1610612748.0,,,,,,,,,,,,,,,,,,,,,,,,
00,2026-27,03/10/2027 00:00:00,0022600947,20270310/OKCTOR,1,7:30 pm ET,3,2027-03-10T00:00:00Z,1900-01-01T19:30:00Z,2027-03-10T19:30:00Z,2027-03-10T05:00:00Z,1900-01-01T00:30:00Z,2027-03-11T00:30:00Z,2027-03-10T18:30:00Z,2027-03-10T19:30:00Z,Wed,3,21,Week 21,false,,,,,Scotiabank Arena,ON,Toronto,N,,,False,1610612761,Raptors,Toronto,TOR,raptors,0,0,0,0,1610612760,Thunder,Oklahoma City,OKC,thunder,0,0,0,0,,,,,,,,,,,,,,,,,,,,,,,,,,,,,,,,,,natl,radio,1001098,SiriusXM,SiriusXM,,,https://www.siriusxm.com/sports/nba,-1,,,,,,,,,,,,,,,,,,,,,,,,,,,,,,,,,,,,,,,,,,,,,,,,,,,,,,,,,,,,,,,,,,,,
00,2026-27,03/10/2027 00:00:00,0022600948,20270310/HOUUTA,1,9:00 pm ET,4,2027-03-10T00:00:00Z,1900-01-01T21:00:00Z,2027-03-10T21:00:00Z,2027-03-10T05:00:00Z,1900-01-01T02:00:00Z,2027-03-11T02:00:00Z,2027-03-10T20:00:00Z,2027-03-10T19:00:00Z,Wed,3,21,Week 21,false,,,,,Delta Center,UT,Salt Lake City,N,,,False,1610612762,Jazz,Utah,UTA,jazz,0,0,0,0,1610612745,Rockets,Houston,HOU,rockets,0,0,0,0,,,,,,,,,,,,,,,,,,,,,,,,,,,,,,,,,,natl,radio,1001098,SiriusXM,SiriusXM,,,https://www.siriusxm.com/sports/nba,-1,,,,,,,,,,,,,,,,,,,,,,,,,,,,,,,,,,,,,,,,,,,,,,,,,,,,,,,,,,,,,,,,,,,,
00,2026-27,03/10/2027 00:00:00,0022600949,20270310/ATLMIN,1,9:30 pm ET,5,2027-03-10T00:00:00Z,1900-01-01T21:30:00Z,2027-03-10T21:30:00Z,2027-03-10T05:00:00Z,1900-01-01T02:30:00Z,2027-03-11T02:30:00Z,2027-03-10T21:30:00Z,2027-03-10T20:30:00Z,Wed,3,21,Week 21,false,,,,,Target Center,MN,Minneapolis,N,,,False,1610612750,Timberwolves,Minnesota,MIN,timberwolves,0,0,0,0,1610612737,Hawks,Atlanta,ATL,hawks,0,0,0,0,natl,tv,2.0,ESPN,ESPN,,,https://www.espn.com/watch/catalog/7b3729c9-7f69-308a-bf8a-ee15a6aba154/nba#bucketId=29446&sourceCollection=Featured_Sports_,-1.0,2.0,,,,,,,,,,,,,,,,,,,,,,,,natl,radio,1001098,SiriusXM,SiriusXM,,,https://www.siriusxm.com/sports/nba,-1,,,,,,,,,,,,,,,,,,,,,,,,,,,,,,,,,,,,,,,,,,,,,,,,,,,,,,,,,,,,,,,,,,,,
00,2026-27,03/10/2027 00:00:00,0022600950,20270310/DENPOR,1,10:00 pm ET,6,2027-03-10T00:00:00Z,1900-01-01T22:00:00Z,2027-03-10T22:00:00Z,2027-03-10T05:00:00Z,1900-01-01T03:00:00Z,2027-03-11T03:00:00Z,2027-03-10T20:00:00Z,2027-03-10T19:00:00Z,Wed,3,21,Week 21,false,,,,,Moda Center,OR,Portland,N,,,False,1610612757,Trail Blazers,Portland,POR,blazers,0,0,0,0,1610612743,Nuggets,Denver,DEN,nuggets,0,0,0,0,,,,,,,,,,,,,,,,,,,,,,,,,,,,,,,,,,natl,radio,1001098,SiriusXM,SiriusXM,,,https://www.siriusxm.com/sports/nba,-1,,,,,,,,,,,,,,home,tv,1001196.0,KUNP,KUNP,,,,1610612757.0,,,,,,,,,,,,,,home,radio,1472.0,Rip City Radio 620,KPOJ,,,,1610612757.0,,,,,,,,,,,,,,,,,,,,,,,,
00,2026-27,03/10/2027 00:00:00,0022600951,20270310/GSWSAC,1,10:00 pm ET,7,2027-03-10T00:00:00Z,1900-01-01T22:00:00Z,2027-03-10T22:00:00Z,2027-03-10T05:00:00Z,1900-01-01T03:00:00Z,2027-03-11T03:00:00Z,2027-03-10T19:00:00Z,2027-03-10T19:00:00Z,Wed,3,21,Week 21,false,,,,,Golden 1 Center,CA,Sacramento,N,,,False,1610612758,Kings,Sacramento,SAC,kings,0,0,0,0,1610612744,Warriors,Golden State,GSW,warriors,0,0,0,0,,,,,,,,,,,,,,,,,,,,,,,,,,,,,,,,,,natl,radio,1001098,SiriusXM,SiriusXM,,,https://www.siriusxm.com/sports/nba,-1,,,,,,,,,,,,,,home,tv,1027.0,NBCSCA,NBCSCA,,,,1610612758.0,,,,,,,,,,,,,,,,,,,,,,,,,away,tv,1097.0,NBCSBA,NBCSBA,,,,1610612744.0,,,,,,,,,,,,,
00,2026-27,03/10/2027 00:00:00,0022600952,20270310/NYKLAC,1,10:30 pm ET,8,2027-03-10T00:00:00Z,1900-01-01T22:30:00Z,2027-03-10T22:30:00Z,2027-03-10T05:00:00Z,1900-01-01T03:30:00Z,2027-03-11T03:30:00Z,2027-03-10T22:30:00Z,2027-03-10T19:30:00Z,Wed,3,21,Week 21,false,,,,,Intuit Dome,CA,Inglewood,N,,,False,1610612746,Clippers,LA,LAC,clippers,0,0,0,0,1610612752,Knicks,New York,NYK,knicks,0,0,0,0,,,,,,,,,,,,,,,,,,,,,,,,,,,,,,,,,,natl,radio,1001098,SiriusXM,SiriusXM,,,https://www.siriusxm.com/sports/nba,-1,,,,,,,,,,,,,,,,,,,,,,,,,,,,,,,,,,,,,,,,,,,,,,,,,,,,,,,,,,,,,,,,,,,,
00,2026-27,03/11/2027 00:00:00,0022600953,20270311/INDCHA,1,7:00 pm ET,1,2027-03-11T00:00:00Z,1900-01-01T19:00:00Z,2027-03-11T19:00:00Z,2027-03-11T05:00:00Z,1900-01-01T00:00:00Z,2027-03-12T00:00:00Z,2027-03-11T19:00:00Z,2027-03-11T19:00:00Z,Thu,3,21,Week 21,false,,,,,Spectrum Center,NC,Charlotte,N,,,False,1610612766,Hornets,Charlotte,CHA,hornets,0,0,0,0,1610612754,Pacers,Indiana,IND,pacers,0,0,0,0,,,,,,,,,,,,,,,,,,,,,,,,,,,,,,,,,,natl,radio,1001098,SiriusXM,SiriusXM,,,https://www.siriusxm.com/sports/nba,-1,,,,,,,,,,,,,,,,,,,,,,,,,,,,,,,,,,,,,,,,,,,,,,,,,,,,,,,,,,,,,,,,,,,,
00,2026-27,03/11/2027 00:00:00,0022600954,20270311/MILDET,1,7:00 pm ET,2,2027-03-11T00:00:00Z,1900-01-01T19:00:00Z,2027-03-11T19:00:00Z,2027-03-11T05:00:00Z,1900-01-01T00:00:00Z,2027-03-12T00:00:00Z,2027-03-11T18:00:00Z,2027-03-11T19:00:00Z,Thu,3,21,Week 21,false,,,,,Little Caesars Arena,MI,Detroit,N,,,False,1610612765,Pistons,Detroit,DET,pistons,0,0,0,0,1610612749,Bucks,Milwaukee,MIL,bucks,0,0,0,0,,,,,,,,,,,,,,,,,,,,,,,,,,,,,,,,,,natl,radio,1001098,SiriusXM,SiriusXM,,,https://www.siriusxm.com/sports/nba,-1,,,,,,,,,,,,,,,,,,,,,,,,,,,,,,,,,,,,,,,,,,,,,,,,,,,,,,,,,,,,,,,,,,,,
00,2026-27,03/11/2027 00:00:00,0022600955,20270311/MEMBOS,1,7:30 pm ET,3,2027-03-11T00:00:00Z,1900-01-01T19:30:00Z,2027-03-11T19:30:00Z,2027-03-11T05:00:00Z,1900-01-01T00:30:00Z,2027-03-12T00:30:00Z,2027-03-11T18:30:00Z,2027-03-11T19:30:00Z,Thu,3,21,Week 21,false,,,,,TD Garden,MA,Boston,N,,,False,1610612738,Celtics,Boston,BOS,celtics,0,0,0,0,1610612763,Grizzlies,Memphis,MEM,grizzlies,0,0,0,0,,,,,,,,,,,,,,,,,,,,,,,,,,,,,,,,,,natl,radio,1001098,SiriusXM,SiriusXM,,,https://www.siriusxm.com/sports/nba,-1,,,,,,,,,,,,,,home,tv,1658.0,NBC SPORTS BOSTON,NBCSB,,,,1610612738.0,,,,,,,,,,,,,,,,,,,,,,,,,,,,,,,,,,,,,,,,,,,,,,
00,2026-27,03/11/2027 00:00:00,0022600956,20270311/PHISAS,1,7:30 pm ET,4,2027-03-11T00:00:00Z,1900-01-01T19:30:00Z,2027-03-11T19:30:00Z,2027-03-11T05:00:00Z,1900-01-01T00:30:00Z,2027-03-12T00:30:00Z,2027-03-11T19:30:00Z,2027-03-11T18:30:00Z,Thu,3,21,Week 21,false,,,,,Frost Bank Center,TX,San Antonio,N,,,False,1610612759,Spurs,San Antonio,SAS,spurs,0,0,0,0,1610612755,76ers,Philadelphia,PHI,sixers,0,0,0,0,natl,tv,1000664.0,Prime Video,Amazon,,,https://www.amazon.com/gp/video/tournament/amzn1.dv.icid.cf75b42a-68cd-4a1c-993a-a0b3f0575c5f?jic=20%7CCgZTcG9ydHMSA2FsbA%3D%3D&ref_=atv_hm_spo_c_7a7vxF_4_6,-1.0,4.0,,,,,,,,,,,,,,,,,,,,,,,,natl,radio,1001098,SiriusXM,SiriusXM,,,https://www.siriusxm.com/sports/nba,-1,,,,,,,,,,,,,,,,,,,,,,,,,,,,,,,,,,,,,,,,,,,,,,,,,,,,,,,,,,,,,,,,,,,,
00,2026-27,03/11/2027 00:00:00,0022600957,20270311/BKNATL,1,8:00 pm ET,5,2027-03-11T00:00:00Z,1900-01-01T20:00:00Z,2027-03-11T20:00:00Z,2027-03-11T05:00:00Z,1900-01-01T01:00:00Z,2027-03-12T01:00:00Z,2027-03-11T20:00:00Z,2027-03-11T20:00:00Z,Thu,3,21,Week 21,false,,,,,State Farm Arena,GA,Atlanta,N,,,False,1610612737,Hawks,Atlanta,ATL,hawks,0,0,0,0,1610612751,Nets,Brooklyn,BKN,nets,0,0,0,0,,,,,,,,,,,,,,,,,,,,,,,,,,,,,,,,,,natl,radio,1001098,SiriusXM,SiriusXM,,,https://www.siriusxm.com/sports/nba,-1,,,,,,,,,,,,,,,,,,,,,,,,,,,,,,,,,,,,,,,,,,,,,,,away,tv,175.0,DAZN (YES),YES,,,,1610612751.0,,,,,,,,,,,,,
00,2026-27,03/11/2027 00:00:00,0022600958,20270311/PHXCHI,1,8:00 pm ET,6,2027-03-11T00:00:00Z,1900-01-01T20:00:00Z,2027-03-11T20:00:00Z,2027-03-11T05:00:00Z,1900-01-01T01:00:00Z,2027-03-12T01:00:00Z,2027-03-11T18:00:00Z,2027-03-11T19:00:00Z,Thu,3,21,Week 21,false,,,,,United Center,IL,Chicago,N,,,False,1610612741,Bulls,Chicago,CHI,bulls,0,0,0,0,1610612756,Suns,Phoenix,PHX,suns,0,0,0,0,,,,,,,,,,,,,,,,,,,,,,,,,,,,,,,,,,natl,radio,1001098,SiriusXM,SiriusXM,,,https://www.siriusxm.com/sports/nba,-1,,,,,,,,,,,,,,,,,,,,,,,,,,,,,,,,,,,,,,,,,,,,,,,,,,,,,,,,,,,,,,,,,,,,
00,2026-27,03/11/2027 00:00:00,0022600959,20270311/WASDAL,1,8:00 pm ET,7,2027-03-11T00:00:00Z,1900-01-01T20:00:00Z,2027-03-11T20:00:00Z,2027-03-11T05:00:00Z,1900-01-01T01:00:00Z,2027-03-12T01:00:00Z,2027-03-11T20:00:00Z,2027-03-11T19:00:00Z,Thu,3,21,Week 21,false,,,,,American Airlines Center,TX,Dallas,N,,,False,1610612742,Mavericks,Dallas,DAL,mavericks,0,0,0,0,1610612764,Wizards,Washington,WAS,wizards,0,0,0,0,,,,,,,,,,,,,,,,,,,,,,,,,,,,,,,,,,natl,radio,1001098,SiriusXM,SiriusXM,,,https://www.siriusxm.com/sports/nba,-1,,,,,,,,,,,,,,,,,,,,,,,,,,,,,,,,,,,,,,,,,,,,,,,,,,,,,,,,,,,,,,,,,,,,
00,2026-27,03/11/2027 00:00:00,0022600960,20270311/NYKLAL,1,10:00 pm ET,8,2027-03-11T00:00:00Z,1900-01-01T22:00:00Z,2027-03-11T22:00:00Z,2027-03-11T05:00:00Z,1900-01-01T03:00:00Z,2027-03-12T03:00:00Z,2027-03-11T22:00:00Z,2027-03-11T19:00:00Z,Thu,3,21,Week 21,false,,,,,Crypto.com Arena,CA,Los Angeles,N,,,False,1610612747,Lakers,Los Angeles,LAL,lakers,0,0,0,0,1610612752,Knicks,New York,NYK,knicks,0,0,0,0,natl,tv,1000664.0,Prime Video,Amazon,,,https://www.amazon.com/gp/video/tournament/amzn1.dv.icid.cf75b42a-68cd-4a1c-993a-a0b3f0575c5f?jic=20%7CCgZTcG9ydHMSA2FsbA%3D%3D&ref_=atv_hm_spo_c_7a7vxF_4_6,-1.0,4.0,,,,,,,,,,,,,,,,,,,,,,,,natl,radio,1001098,SiriusXM,SiriusXM,,,https://www.siriusxm.com/sports/nba,-1,,,,,,,,,,,,,,,,,,,,,,,,,,,,,,,,,,,,home,radio,1001605.0,ESPN LA 710/980 KFWB,KSPN/KFWB,,,,1610612747.0,,,,,,,,,,,,,,,,,,,,,,,,
00,2026-27,03/11/2027 00:00:00,0022600961,20270311/CLELAC,1,10:30 pm ET,9,2027-03-11T00:00:00Z,1900-01-01T22:30:00Z,2027-03-11T22:30:00Z,2027-03-11T05:00:00Z,1900-01-01T03:30:00Z,2027-03-12T03:30:00Z,2027-03-11T22:30:00Z,2027-03-11T19:30:00Z,Thu,3,21,Week 21,false,,,,,Intuit Dome,CA,Inglewood,N,,,False,1610612746,Clippers,LA,LAC,clippers,0,0,0,0,1610612739,Cavaliers,Cleveland,CLE,cavaliers,0,0,0,0,,,,,,,,,,,,,,,,,,,,,,,,,,,,,,,,,,natl,radio,1001098,SiriusXM,SiriusXM,,,https://www.siriusxm.com/sports/nba,-1,,,,,,,,,,,,,,,,,,,,,,,,,,,,,,,,,,,,,,,,,,,,,,,,,,,,,,,,,,,,,,,,,,,,
00,2026-27,03/12/2027 00:00:00,0022600962,20270312/OKCBOS,1,7:30 pm ET,1,2027-03-12T00:00:00Z,1900-01-01T19:30:00Z,2027-03-12T19:30:00Z,2027-03-12T05:00:00Z,1900-01-01T00:30:00Z,2027-03-13T00:30:00Z,2027-03-12T18:30:00Z,2027-03-12T19:30:00Z,Fri,3,21,Week 21,false,,,,,TD Garden,MA,Boston,N,,,False,1610612738,Celtics,Boston,BOS,celtics,0,0,0,0,1610612760,Thunder,Oklahoma City,OKC,thunder,0,0,0,0,natl,tv,1000664.0,Prime Video,Amazon,,,https://www.amazon.com/gp/video/tournament/amzn1.dv.icid.cf75b42a-68cd-4a1c-993a-a0b3f0575c5f?jic=20%7CCgZTcG9ydHMSA2FsbA%3D%3D&ref_=atv_hm_spo_c_7a7vxF_4_6,-1.0,4.0,,,,,,,,,,,,,,,,,,,,,,,,natl,radio,1001098,SiriusXM,SiriusXM,,,https://www.siriusxm.com/sports/nba,-1,,,,,,,,,,,,,,,,,,,,,,,,,,,,,,,,,,,,,,,,,,,,,,,,,,,,,,,,,,,,,,,,,,,,
00,2026-27,03/12/2027 00:00:00,0022600963,20270312/MIAMIL,1,8:00 pm ET,2,2027-03-12T00:00:00Z,1900-01-01T20:00:00Z,2027-03-12T20:00:00Z,2027-03-12T05:00:00Z,1900-01-01T01:00:00Z,2027-03-13T01:00:00Z,2027-03-12T20:00:00Z,2027-03-12T19:00:00Z,Fri,3,21,Week 21,false,,,,,Fiserv Forum,WI,Milwaukee,N,,,False,1610612749,Bucks,Milwaukee,MIL,bucks,0,0,0,0,1610612748,Heat,Miami,MIA,heat,0,0,0,0,,,,,,,,,,,,,,,,,,,,,,,,,,,,,,,,,,natl,radio,1001098,SiriusXM,SiriusXM,,,https://www.siriusxm.com/sports/nba,-1,,,,,,,,,,,,,,,,,,,,,,,,,,,,,,,,,,,,,,,,,,,,,,,away,tv,1001720.0,WPLG Local 10,WPLG,,,https://local10plusplatinum.maz.tv/open?deeplink=local10platinum://item/3776211-3882966?item=44d4cc7fbb9f4bd72cf272489b39eadf-3742525-3848761,1610612748.0,,,away,radio,1001523.0,FM 104.3 WQAM / S: WAQI 710,WQAM-FM/WAQI,,,,1610612748.0,,
00,2026-27,03/12/2027 00:00:00,0022600964,20270312/TORNOP,1,8:00 pm ET,3,2027-03-12T00:00:00Z,1900-01-01T20:00:00Z,2027-03-12T20:00:00Z,2027-03-12T05:00:00Z,1900-01-01T01:00:00Z,2027-03-13T01:00:00Z,2027-03-12T20:00:00Z,2027-03-12T19:00:00Z,Fri,3,21,Week 21,false,,,,,Smoothie King Center,LA,New Orleans,N,,,False,1610612740,Pelicans,New Orleans,NOP,pelicans,0,0,0,0,1610612761,Raptors,Toronto,TOR,raptors,0,0,0,0,,,,,,,,,,,,,,,,,,,,,,,,,,,,,,,,,,natl,radio,1001098,SiriusXM,SiriusXM,,,https://www.siriusxm.com/sports/nba,-1,,,,,,,,,,,,,,,,,,,,,,,,,,,,,,,,,,,,,,,,,,,,,,,,,,,,,,,,,,,,,,,,,,,,
00,2026-27,03/12/2027 00:00:00,0022600965,20270312/SACUTA,1,9:30 pm ET,4,2027-03-12T00:00:00Z,1900-01-01T21:30:00Z,2027-03-12T21:30:00Z,2027-03-12T05:00:00Z,1900-01-01T02:30:00Z,2027-03-13T02:30:00Z,2027-03-12T18:30:00Z,2027-03-12T19:30:00Z,Fri,3,21,Week 21,false,,,,,Delta Center,UT,Salt Lake City,N,,,False,1610612762,Jazz,Utah,UTA,jazz,0,0,0,0,1610612758,Kings,Sacramento,SAC,kings,0,0,0,0,,,,,,,,,,,,,,,,,,,,,,,,,,,,,,,,,,natl,radio,1001098,SiriusXM,SiriusXM,,,https://www.siriusxm.com/sports/nba,-1,,,,,,,,,,,,,,,,,,,,,,,,,,,,,,,,,,,,,,,,,,,,,,,away,tv,1027.0,NBCSCA,NBCSCA,,,,1610612758.0,,,,,,,,,,,,,
00,2026-27,03/12/2027 00:00:00,0022600966,20270312/GSWDEN,1,10:00 pm ET,5,2027-03-12T00:00:00Z,1900-01-01T22:00:00Z,2027-03-12T22:00:00Z,2027-03-12T05:00:00Z,1900-01-01T03:00:00Z,2027-03-13T03:00:00Z,2027-03-12T19:00:00Z,2027-03-12T20:00:00Z,Fri,3,21,Week 21,false,,,,,Ball Arena,CO,Denver,N,,,False,1610612743,Nuggets,Denver,DEN,nuggets,0,0,0,0,1610612744,Warriors,Golden State,GSW,warriors,0,0,0,0,natl,tv,1000664.0,Prime Video,Amazon,,,https://www.amazon.com/gp/video/tournament/amzn1.dv.icid.cf75b42a-68cd-4a1c-993a-a0b3f0575c5f?jic=20%7CCgZTcG9ydHMSA2FsbA%3D%3D&ref_=atv_hm_spo_c_7a7vxF_4_6,-1.0,4.0,,,,,,,,,,,,,,,,,,,,,,,,natl,radio,1001098,SiriusXM,SiriusXM,,,https://www.siriusxm.com/sports/nba,-1,,,,,,,,,,,,,,,,,,,,,,,,,,,,,,,,,,,,,,,,,,,,,,,away,tv,1097.0,NBCSBA,NBCSBA,,,,1610612744.0,,,,,,,,,,,,,
00,2026-27,03/12/2027 00:00:00,0022600967,20270312/CLELAL,1,10:00 pm ET,6,2027-03-12T00:00:00Z,1900-01-01T22:00:00Z,2027-03-12T22:00:00Z,2027-03-12T05:00:00Z,1900-01-01T03:00:00Z,2027-03-13T03:00:00Z,2027-03-12T22:00:00Z,2027-03-12T19:00:00Z,Fri,3,21,Week 21,false,,,,,Crypto.com Arena,CA,Los Angeles,N,,,False,1610612747,Lakers,Los Angeles,LAL,lakers,0,0,0,0,1610612739,Cavaliers,Cleveland,CLE,cavaliers,0,0,0,0,,,,,,,,,,,,,,,,,,,,,,,,,,,,,,,,,,natl,radio,1001098,SiriusXM,SiriusXM,,,https://www.siriusxm.com/sports/nba,-1,,,,,,,,,,,,,,home,tv,1651.0,Spectrum SportsNet,SPECSN,,,,1610612747.0,,,,,,,,,,,,,,home,radio,1001605.0,ESPN LA 710/980 KFWB,KSPN/KFWB,,,,1610612747.0,,,,,,,,,,,,,,,,,,,,,,,,
00,2026-27,03/13/2027 00:00:00,0022600968,20270313/ORLATL,1,3:00 pm ET,1,2027-03-13T00:00:00Z,1900-01-01T15:00:00Z,2027-03-13T15:00:00Z,2027-03-13T05:00:00Z,1900-01-01T20:00:00Z,2027-03-13T20:00:00Z,2027-03-13T15:00:00Z,2027-03-13T15:00:00Z,Sat,3,21,Week 21,false,,,,,State Farm Arena,GA,Atlanta,N,,,False,1610612737,Hawks,Atlanta,ATL,hawks,0,0,0,0,1610612753,Magic,Orlando,ORL,magic,0,0,0,0,natl,tv,1000664.0,Prime Video,Amazon,,,https://www.amazon.com/gp/video/tournament/amzn1.dv.icid.cf75b42a-68cd-4a1c-993a-a0b3f0575c5f?jic=20%7CCgZTcG9ydHMSA2FsbA%3D%3D&ref_=atv_hm_spo_c_7a7vxF_4_6,-1.0,4.0,,,,,,,,,,,,,,,,,,,,,,,,natl,radio,1001098,SiriusXM,SiriusXM,,,https://www.siriusxm.com/sports/nba,-1,,,,,,,,,,,,,,,,,,,,,,,,,,,,,,,,,,,,,,,,,,,,,,,,,,,,,,,,,,,,,,,,,,,,
00,2026-27,03/13/2027 00:00:00,0022600969,20270313/BKNDET,1,3:00 pm ET,2,2027-03-13T00:00:00Z,1900-01-01T15:00:00Z,2027-03-13T15:00:00Z,2027-03-13T05:00:00Z,1900-01-01T20:00:00Z,2027-03-13T20:00:00Z,2027-03-13T15:00:00Z,2027-03-13T15:00:00Z,Sat,3,21,Week 21,false,,,,,Little Caesars Arena,MI,Detroit,N,,,False,1610612765,Pistons,Detroit,DET,pistons,0,0,0,0,1610612751,Nets,Brooklyn,BKN,nets,0,0,0,0,,,,,,,,,,,,,,,,,,,,,,,,,,,,,,,,,,natl,radio,1001098,SiriusXM,SiriusXM,,,https://www.siriusxm.com/sports/nba,-1,,,,,,,,,,,,,,,,,,,,,,,,,,,,,,,,,,,,,,,,,,,,,,,away,tv,175.0,DAZN (YES),YES,,,,1610612751.0,,,,,,,,,,,,,
00,2026-27,03/13/2027 00:00:00,0022600970,20270313/INDHOU,1,5:30 pm ET,3,2027-03-13T00:00:00Z,1900-01-01T17:30:00Z,2027-03-13T17:30:00Z,2027-03-13T05:00:00Z,1900-01-01T22:30:00Z,2027-03-13T22:30:00Z,2027-03-13T17:30:00Z,2027-03-13T16:30:00Z,Sat,3,21,Week 21,false,,,,,Toyota Center,TX,Houston,N,,,False,1610612745,Rockets,Houston,HOU,rockets,0,0,0,0,1610612754,Pacers,Indiana,IND,pacers,0,0,0,0,natl,tv,1000664.0,Prime Video,Amazon,,,https://www.amazon.com/gp/video/tournament/amzn1.dv.icid.cf75b42a-68cd-4a1c-993a-a0b3f0575c5f?jic=20%7CCgZTcG9ydHMSA2FsbA%3D%3D&ref_=atv_hm_spo_c_7a7vxF_4_6,-1.0,4.0,,,,,,,,,,,,,,,,,,,,,,,,natl,radio,1001098,SiriusXM,SiriusXM,,,https://www.siriusxm.com/sports/nba,-1,,,,,,,,,,,,,,,,,,,,,,,,,,,,,,,,,,,,,,,,,,,,,,,,,,,,,,,,,,,,,,,,,,,,
00,2026-27,03/13/2027 00:00:00,0022600971,20270313/PHXCHA,1,6:00 pm ET,4,2027-03-13T00:00:00Z,1900-01-01T18:00:00Z,2027-03-13T18:00:00Z,2027-03-13T05:00:00Z,1900-01-01T23:00:00Z,2027-03-13T23:00:00Z,2027-03-13T16:00:00Z,2027-03-13T18:00:00Z,Sat,3,21,Week 21,false,,,,,Spectrum Center,NC,Charlotte,N,,,False,1610612766,Hornets,Charlotte,CHA,hornets,0,0,0,0,1610612756,Suns,Phoenix,PHX,suns,0,0,0,0,,,,,,,,,,,,,,,,,,,,,,,,,,,,,,,,,,natl,radio,1001098,SiriusXM,SiriusXM,,,https://www.siriusxm.com/sports/nba,-1,,,,,,,,,,,,,,,,,,,,,,,,,,,,,,,,,,,,,,,,,,,,,,,,,,,,,,,,,,,,,,,,,,,,
00,2026-27,03/13/2027 00:00:00,0022600972,20270313/MEMCHI,1,8:00 pm ET,5,2027-03-13T00:00:00Z,1900-01-01T20:00:00Z,2027-03-13T20:00:00Z,2027-03-13T05:00:00Z,1900-01-01T01:00:00Z,2027-03-14T01:00:00Z,2027-03-13T19:00:00Z,2027-03-13T19:00:00Z,Sat,3,21,Week 21,false,,,,,United Center,IL,Chicago,N,,,False,1610612741,Bulls,Chicago,CHI,bulls,0,0,0,0,1610612763,Grizzlies,Memphis,MEM,grizzlies,0,0,0,0,,,,,,,,,,,,,,,,,,,,,,,,,,,,,,,,,,natl,radio,1001098,SiriusXM,SiriusXM,,,https://www.siriusxm.com/sports/nba,-1,,,,,,,,,,,,,,,,,,,,,,,,,,,,,,,,,,,,,,,,,,,,,,,,,,,,,,,,,,,,,,,,,,,,
00,2026-27,03/13/2027 00:00:00,0022600973,20270313/NOPDAL,1,8:00 pm ET,6,2027-03-13T00:00:00Z,1900-01-01T20:00:00Z,2027-03-13T20:00:00Z,2027-03-13T05:00:00Z,1900-01-01T01:00:00Z,2027-03-14T01:00:00Z,2027-03-13T19:00:00Z,2027-03-13T19:00:00Z,Sat,3,21,Week 21,false,,,,,American Airlines Center,TX,Dallas,N,,,False,1610612742,Mavericks,Dallas,DAL,mavericks,0,0,0,0,1610612740,Pelicans,New Orleans,NOP,pelicans,0,0,0,0,,,,,,,,,,,,,,,,,,,,,,,,,,,,,,,,,,natl,radio,1001098,SiriusXM,SiriusXM,,,https://www.siriusxm.com/sports/nba,-1,,,,,,,,,,,,,,,,,,,,,,,,,,,,,,,,,,,,,,,,,,,,,,,,,,,,,,,,,,,,,,,,,,,,
00,2026-27,03/13/2027 00:00:00,0022600974,20270313/PHIMIN,1,8:30 pm ET,7,2027-03-13T00:00:00Z,1900-01-01T20:30:00Z,2027-03-13T20:30:00Z,2027-03-13T05:00:00Z,1900-01-01T01:30:00Z,2027-03-14T01:30:00Z,2027-03-13T20:30:00Z,2027-03-13T19:30:00Z,Sat,3,21,Week 21,false,,,,,Target Center,MN,Minneapolis,N,,,False,1610612750,Timberwolves,Minnesota,MIN,timberwolves,0,0,0,0,1610612755,76ers,Philadelphia,PHI,sixers,0,0,0,0,natl,tv,1.0,ABC,ABC,,,,-1.0,1.0,,,,,,,,,,,,,,,,,,,,,,,,natl,radio,1001098,SiriusXM,SiriusXM,,,https://www.siriusxm.com/sports/nba,-1,,,,,,,,,,,,,,,,,,,,,,,,,,,,,,,,,,,,,,,,,,,,,,,,,,,,,,,,,,,,,,,,,,,,
00,2026-27,03/13/2027 00:00:00,0022600975,20270313/LACPOR,1,10:30 pm ET,8,2027-03-13T00:00:00Z,1900-01-01T22:30:00Z,2027-03-13T22:30:00Z,2027-03-13T05:00:00Z,1900-01-01T03:30:00Z,2027-03-14T03:30:00Z,2027-03-13T19:30:00Z,2027-03-13T19:30:00Z,Sat,3,21,Week 21,false,,,,,Moda Center,OR,Portland,N,,,False,1610612757,Trail Blazers,Portland,POR,blazers,0,0,0,0,1610612746,Clippers,LA,LAC,clippers,0,0,0,0,natl,tv,2.0,ESPN,ESPN,,,https://www.espn.com/watch/catalog/7b3729c9-7f69-308a-bf8a-ee15a6aba154/nba#bucketId=29446&sourceCollection=Featured_Sports_,-1.0,2.0,,,,,,,,,,,,,,,,,,,,,,,,natl,radio,1001098,SiriusXM,SiriusXM,,,https://www.siriusxm.com/sports/nba,-1,,,,,,,,,,,,,,home,tv,1001196.0,KUNP,KUNP,,,,1610612757.0,,,,,,,,,,,,,,home,radio,1472.0,Rip City Radio 620,KPOJ,,,,1610612757.0,,,,,,,,,,,,,,,,,,,,,,,,
00,2026-27,03/14/2027 00:00:00,0022600976,20270314/BOSNYK,1,12:00 pm ET,1,2027-03-14T00:00:00Z,1900-01-01T12:00:00Z,2027-03-14T12:00:00Z,2027-03-14T05:00:00Z,1900-01-01T16:00:00Z,2027-03-14T16:00:00Z,2027-03-14T12:00:00Z,2027-03-14T12:00:00Z,Sun,3,21,Week 21,false,,,,,Madison Square Garden,NY,New York,N,,,False,1610612752,Knicks,New York,NYK,knicks,0,0,0,0,1610612738,Celtics,Boston,BOS,celtics,0,0,0,0,natl,tv,1.0,ABC,ABC,,,,-1.0,1.0,,,,,,,,,,,,,,,,,,,,,,,,natl,radio,1001098,SiriusXM,SiriusXM,,,https://www.siriusxm.com/sports/nba,-1,,,,,,,,,,,,,,,,,,,,,,,,,,,,,,,,,,,,,,,,,,,,,,,,,,,,,,,,,,,,,,,,,,,,
00,2026-27,03/14/2027 00:00:00,0022600977,20270314/SASOKC,1,2:30 pm ET,2,2027-03-14T00:00:00Z,1900-01-01T14:30:00Z,2027-03-14T14:30:00Z,2027-03-14T05:00:00Z,1900-01-01T18:30:00Z,2027-03-14T18:30:00Z,2027-03-14T13:30:00Z,2027-03-14T13:30:00Z,Sun,3,21,Week 21,false,,,,,Paycom Center,OK,Oklahoma City,N,,,False,1610612760,Thunder,Oklahoma City,OKC,thunder,0,0,0,0,1610612759,Spurs,San Antonio,SAS,spurs,0,0,0,0,natl,tv,1.0,ABC,ABC,,,,-1.0,1.0,,,,,,,,,,,,,,,,,,,,,,,,natl,radio,3,ESPN Radio,ESPNR,,,,-1,,,natl,radio,1001098.0,SiriusXM,SiriusXM,,,https://www.siriusxm.com/sports/nba,-1.0,,,,,,,,,,,,,,,,,,,,,,,,,,,,,,,,,,,,,,,,,,,,,,,,,,,,,,,,,
00,2026-27,03/14/2027 00:00:00,0022600978,20270314/DETTOR,1,5:00 pm ET,3,2027-03-14T00:00:00Z,1900-01-01T17:00:00Z,2027-03-14T17:00:00Z,2027-03-14T05:00:00Z,1900-01-01T21:00:00Z,2027-03-14T21:00:00Z,2027-03-14T17:00:00Z,2027-03-14T17:00:00Z,Sun,3,21,Week 21,false,,,,,Scotiabank Arena,ON,Toronto,N,,,False,1610612761,Raptors,Toronto,TOR,raptors,0,0,0,0,1610612765,Pistons,Detroit,DET,pistons,0,0,0,0,natl,tv,7.0,NBA TV,NBA TV,Watch with League Pass or your TV subscription,,,-1.0,,,,,,,,,,,,,,,,,,,,,,,,,natl,radio,1001098,SiriusXM,SiriusXM,,,https://www.siriusxm.com/sports/nba,-1,,,,,,,,,,,,,,,,,,,,,,,,,,,,,,,,,,,,,,,,,,,,,,,,,,,,,,,,,,,,,,,,,,,,
00,2026-27,03/14/2027 00:00:00,0022600979,20270314/CLESAC,1,6:00 pm ET,4,2027-03-14T00:00:00Z,1900-01-01T18:00:00Z,2027-03-14T18:00:00Z,2027-03-14T05:00:00Z,1900-01-01T22:00:00Z,2027-03-14T22:00:00Z,2027-03-14T18:00:00Z,2027-03-14T15:00:00Z,Sun,3,21,Week 21,false,,,,,Golden 1 Center,CA,Sacramento,N,,,False,1610612758,Kings,Sacramento,SAC,kings,0,0,0,0,1610612739,Cavaliers,Cleveland,CLE,cavaliers,0,0,0,0,,,,,,,,,,,,,,,,,,,,,,,,,,,,,,,,,,natl,radio,1001098,SiriusXM,SiriusXM,,,https://www.siriusxm.com/sports/nba,-1,,,,,,,,,,,,,,home,tv,1027.0,NBCSCA,NBCSCA,,,,1610612758.0,,,,,,,,,,,,,,,,,,,,,,,,,,,,,,,,,,,,,,,,,,,,,,
00,2026-27,03/14/2027 00:00:00,0022600980,20270314/MIADEN,1,7:30 pm ET,5,2027-03-14T00:00:00Z,1900-01-01T19:30:00Z,2027-03-14T19:30:00Z,2027-03-14T05:00:00Z,1900-01-01T23:30:00Z,2027-03-14T23:30:00Z,2027-03-14T19:30:00Z,2027-03-14T17:30:00Z,Sun,3,21,Week 21,false,,,,,Ball Arena,CO,Denver,N,,,False,1610612743,Nuggets,Denver,DEN,nuggets,0,0,0,0,1610612748,Heat,Miami,MIA,heat,0,0,0,0,natl,tv,1001452.0,NBC,NBC,,,,-1.0,5.0,National,natl,tv,1001453.0,Peacock,Peacock,,,https://www.peacocktv.com/sports/nba?cid=2508sptnbaexterndinapplk26427&utm_campaign=2508sptnba&utm_source=nba_nba_nba&utm_medium=ernd_inapplk_acq_inapbnr&utm_term=nbafans&utm_content=nbaapplinks,-1.0,3.0,,,,,,,,,,,,,natl,radio,1001098,SiriusXM,SiriusXM,,,https://www.siriusxm.com/sports/nba,-1,,,,,,,,,,,,,,,,,,,,,,,,,,,,,,,,,,,,,,,,,,,,,,,,,,,,,,,,,,away,radio,1001523.0,FM 104.3 WQAM / S: WAQI 710,WQAM-FM/WAQI,,,,1610612748.0,,
00,2026-27,03/14/2027 00:00:00,0022600981,20270314/WASMIN,1,8:00 pm ET,6,2027-03-14T00:00:00Z,1900-01-01T20:00:00Z,2027-03-14T20:00:00Z,2027-03-14T05:00:00Z,1900-01-01T00:00:00Z,2027-03-15T00:00:00Z,2027-03-14T20:00:00Z,2027-03-14T19:00:00Z,Sun,3,21,Week 21,false,,,,,Target Center,MN,Minneapolis,N,,,False,1610612750,Timberwolves,Minnesota,MIN,timberwolves,0,0,0,0,1610612764,Wizards,Washington,WAS,wizards,0,0,0,0,,,,,,,,,,,,,,,,,,,,,,,,,,,,,,,,,,natl,radio,1001098,SiriusXM,SiriusXM,,,https://www.siriusxm.com/sports/nba,-1,,,,,,,,,,,,,,,,,,,,,,,,,,,,,,,,,,,,,,,,,,,,,,,,,,,,,,,,,,,,,,,,,,,,
00,2026-27,03/14/2027 00:00:00,0022600982,20270314/GSWLAL,1,10:00 pm ET,7,2027-03-14T00:00:00Z,1900-01-01T22:00:00Z,2027-03-14T22:00:00Z,2027-03-14T05:00:00Z,1900-01-01T02:00:00Z,2027-03-15T02:00:00Z,2027-03-14T19:00:00Z,2027-03-14T19:00:00Z,Sun,3,21,Week 21,false,,,,,Crypto.com Arena,CA,Los Angeles,N,,,False,1610612747,Lakers,Los Angeles,LAL,lakers,0,0,0,0,1610612744,Warriors,Golden State,GSW,warriors,0,0,0,0,natl,tv,147.0,Telemundo,Telemundo,,,,-1.0,10.0,,natl,tv,1001452.0,NBC,NBC,,,,-1.0,5.0,National,natl,tv,1001453.0,Peacock,Peacock,,,https://www.peacocktv.com/sports/nba?cid=2508sptnbaexterndinapplk26427&utm_campaign=2508sptnba&utm_source=nba_nba_nba&utm_medium=ernd_inapplk_acq_inapbnr&utm_term=nbafans&utm_content=nbaapplinks,-1.0,3.0,,natl,radio,1001098,SiriusXM,SiriusXM,,,https://www.siriusxm.com/sports/nba,-1,,,,,,,,,,,,,,,,,,,,,,,,,,,,,,,,,,,,home,radio,1001605.0,ESPN LA 710/980 KFWB,KSPN/KFWB,,,,1610612747.0,,,,,,,,,,,,,,,,,,,,,,,,
00,2026-27,03/15/2027 00:00:00,0022600983,20270315/TORPHI,1,7:00 pm ET,1,2027-03-15T00:00:00Z,1900-01-01T19:00:00Z,2027-03-15T19:00:00Z,2027-03-15T04:00:00Z,1900-01-01T23:00:00Z,2027-03-15T23:00:00Z,2027-03-15T19:00:00Z,2027-03-15T19:00:00Z,Mon,3,22,Week 22,false,,,,,Xfinity Mobile Arena,PA,Philadelphia,N,,,False,1610612755,76ers,Philadelphia,PHI,sixers,0,0,0,0,1610612761,Raptors,Toronto,TOR,raptors,0,0,0,0,natl,tv,1001453.0,Peacock,Peacock,,,https://www.peacocktv.com/sports/nba?cid=2508sptnbaexterndinapplk26427&utm_campaign=2508sptnba&utm_source=nba_nba_nba&utm_medium=ernd_inapplk_acq_inapbnr&utm_term=nbafans&utm_content=nbaapplinks,-1.0,3.0,,natl,tv,1001488.0,NBC Sports Network,NBCSN,,,,-1.0,7.0,National,,,,,,,,,,,,natl,radio,1001098,SiriusXM,SiriusXM,,,https://www.siriusxm.com/sports/nba,-1,,,,,,,,,,,,,,,,,,,,,,,,,,,,,,,,,,,,,,,,,,,,,,,,,,,,,,,,,,,,,,,,,,,,
00,2026-27,03/15/2027 00:00:00,0022600984,20270315/INDBKN,1,7:30 pm ET,2,2027-03-15T00:00:00Z,1900-01-01T19:30:00Z,2027-03-15T19:30:00Z,2027-03-15T04:00:00Z,1900-01-01T23:30:00Z,2027-03-15T23:30:00Z,2027-03-15T19:30:00Z,2027-03-15T19:30:00Z,Mon,3,22,Week 22,false,,,,,Barclays Center,NY,Brooklyn,N,,,False,1610612751,Nets,Brooklyn,BKN,nets,0,0,0,0,1610612754,Pacers,Indiana,IND,pacers,0,0,0,0,,,,,,,,,,,,,,,,,,,,,,,,,,,,,,,,,,natl,radio,1001098,SiriusXM,SiriusXM,,,https://www.siriusxm.com/sports/nba,-1,,,,,,,,,,,,,,home,tv,175.0,DAZN (YES),YES,,,,1610612751.0,,,,,,,,,,,,,,,,,,,,,,,,,,,,,,,,,,,,,,,,,,,,,,
00,2026-27,03/15/2027 00:00:00,0022600985,20270315/ORLCHI,1,8:00 pm ET,3,2027-03-15T00:00:00Z,1900-01-01T20:00:00Z,2027-03-15T20:00:00Z,2027-03-15T04:00:00Z,1900-01-01T00:00:00Z,2027-03-16T00:00:00Z,2027-03-15T20:00:00Z,2027-03-15T19:00:00Z,Mon,3,22,Week 22,false,,,,,United Center,IL,Chicago,N,,,False,1610612741,Bulls,Chicago,CHI,bulls,0,0,0,0,1610612753,Magic,Orlando,ORL,magic,0,0,0,0,,,,,,,,,,,,,,,,,,,,,,,,,,,,,,,,,,natl,radio,1001098,SiriusXM,SiriusXM,,,https://www.siriusxm.com/sports/nba,-1,,,,,,,,,,,,,,,,,,,,,,,,,,,,,,,,,,,,,,,,,,,,,,,,,,,,,,,,,,,,,,,,,,,,
00,2026-27,03/15/2027 00:00:00,0022600986,20270315/PHXMEM,1,8:00 pm ET,4,2027-03-15T00:00:00Z,1900-01-01T20:00:00Z,2027-03-15T20:00:00Z,2027-03-15T04:00:00Z,1900-01-01T00:00:00Z,2027-03-16T00:00:00Z,2027-03-15T17:00:00Z,2027-03-15T19:00:00Z,Mon,3,22,Week 22,false,,,,,FedExForum,TN,Memphis,N,,,False,1610612763,Grizzlies,Memphis,MEM,grizzlies,0,0,0,0,1610612756,Suns,Phoenix,PHX,suns,0,0,0,0,,,,,,,,,,,,,,,,,,,,,,,,,,,,,,,,,,natl,radio,1001098,SiriusXM,SiriusXM,,,https://www.siriusxm.com/sports/nba,-1,,,,,,,,,,,,,,,,,,,,,,,,,,,,,,,,,,,,,,,,,,,,,,,,,,,,,,,,,,,,,,,,,,,,
00,2026-27,03/15/2027 00:00:00,0022600987,20270315/ATLDAL,1,9:30 pm ET,5,2027-03-15T00:00:00Z,1900-01-01T21:30:00Z,2027-03-15T21:30:00Z,2027-03-15T04:00:00Z,1900-01-01T01:30:00Z,2027-03-16T01:30:00Z,2027-03-15T21:30:00Z,2027-03-15T20:30:00Z,Mon,3,22,Week 22,false,,,,,American Airlines Center,TX,Dallas,N,,,False,1610612742,Mavericks,Dallas,DAL,mavericks,0,0,0,0,1610612737,Hawks,Atlanta,ATL,hawks,0,0,0,0,natl,tv,1001453.0,Peacock,Peacock,,,https://www.peacocktv.com/sports/nba?cid=2508sptnbaexterndinapplk26427&utm_campaign=2508sptnba&utm_source=nba_nba_nba&utm_medium=ernd_inapplk_acq_inapbnr&utm_term=nbafans&utm_content=nbaapplinks,-1.0,3.0,,natl,tv,1001488.0,NBC Sports Network,NBCSN,,,,-1.0,7.0,National,,,,,,,,,,,,natl,radio,1001098,SiriusXM,SiriusXM,,,https://www.siriusxm.com/sports/nba,-1,,,,,,,,,,,,,,,,,,,,,,,,,,,,,,,,,,,,,,,,,,,,,,,,,,,,,,,,,,,,,,,,,,,,
00,2026-27,03/16/2027 00:00:00,0022600988,20270316/NYKWAS,1,7:00 pm ET,1,2027-03-16T00:00:00Z,1900-01-01T19:00:00Z,2027-03-16T19:00:00Z,2027-03-16T04:00:00Z,1900-01-01T23:00:00Z,2027-03-16T23:00:00Z,2027-03-16T19:00:00Z,2027-03-16T19:00:00Z,Tue,3,22,Week 22,false,,,,,Capital One Arena,DC,Washington,N,,,False,1610612764,Wizards,Washington,WAS,wizards,0,0,0,0,1610612752,Knicks,New York,NYK,knicks,0,0,0,0,,,,,,,,,,,,,,,,,,,,,,,,,,,,,,,,,,natl,radio,1001098,SiriusXM,SiriusXM,,,https://www.siriusxm.com/sports/nba,-1,,,,,,,,,,,,,,,,,,,,,,,,,,,,,,,,,,,,,,,,,,,,,,,,,,,,,,,,,,,,,,,,,,,,
00,2026-27,03/16/2027 00:00:00,0022600989,20270316/SACBOS,1,7:30 pm ET,2,2027-03-16T00:00:00Z,1900-01-01T19:30:00Z,2027-03-16T19:30:00Z,2027-03-16T04:00:00Z,1900-01-01T23:30:00Z,2027-03-16T23:30:00Z,2027-03-16T16:30:00Z,2027-03-16T19:30:00Z,Tue,3,22,Week 22,false,,,,,TD Garden,MA,Boston,N,,,False,1610612738,Celtics,Boston,BOS,celtics,0,0,0,0,1610612758,Kings,Sacramento,SAC,kings,0,0,0,0,,,,,,,,,,,,,,,,,,,,,,,,,,,,,,,,,,natl,radio,1001098,SiriusXM,SiriusXM,,,https://www.siriusxm.com/sports/nba,-1,,,,,,,,,,,,,,home,tv,1658.0,NBC SPORTS BOSTON,NBCSB,,,,1610612738.0,,,,,,,,,,,,,,,,,,,,,,,,,away,tv,1027.0,NBCSCA,NBCSCA,,,,1610612758.0,,,,,,,,,,,,,
00,2026-27,03/16/2027 00:00:00,0022600990,20270316/DETIND,1,8:00 pm ET,3,2027-03-16T00:00:00Z,1900-01-01T20:00:00Z,2027-03-16T20:00:00Z,2027-03-16T04:00:00Z,1900-01-01T00:00:00Z,2027-03-17T00:00:00Z,2027-03-16T20:00:00Z,2027-03-16T20:00:00Z,Tue,3,22,Week 22,false,,,,,Gainbridge Fieldhouse,IN,Indianapolis,N,,,False,1610612754,Pacers,Indiana,IND,pacers,0,0,0,0,1610612765,Pistons,Detroit,DET,pistons,0,0,0,0,natl,tv,1001452.0,NBC,NBC,,,,-1.0,5.0,East,natl,tv,1001453.0,Peacock,Peacock,,,https://www.peacocktv.com/sports/nba?cid=2508sptnbaexterndinapplk26427&utm_campaign=2508sptnba&utm_source=nba_nba_nba&utm_medium=ernd_inapplk_acq_inapbnr&utm_term=nbafans&utm_content=nbaapplinks,-1.0,3.0,,,,,,,,,,,,,natl,radio,3,ESPN Radio,ESPNR,,,,-1,,,natl,radio,1001098.0,SiriusXM,SiriusXM,,,https://www.siriusxm.com/sports/nba,-1.0,,,,,,,,,,,,,,,,,,,,,,,,,,,,,,,,,,,,,,,,,,,,,,,,,,,,,,,,,
00,2026-27,03/16/2027 00:00:00,0022600991,20270316/ORLMIL,1,8:00 pm ET,4,2027-03-16T00:00:00Z,1900-01-01T20:00:00Z,2027-03-16T20:00:00Z,2027-03-16T04:00:00Z,1900-01-01T00:00:00Z,2027-03-17T00:00:00Z,2027-03-16T20:00:00Z,2027-03-16T19:00:00Z,Tue,3,22,Week 22,false,,,,,Fiserv Forum,WI,Milwaukee,N,,,False,1610612749,Bucks,Milwaukee,MIL,bucks,0,0,0,0,1610612753,Magic,Orlando,ORL,magic,0,0,0,0,,,,,,,,,,,,,,,,,,,,,,,,,,,,,,,,,,natl,radio,1001098,SiriusXM,SiriusXM,,,https://www.siriusxm.com/sports/nba,-1,,,,,,,,,,,,,,,,,,,,,,,,,,,,,,,,,,,,,,,,,,,,,,,,,,,,,,,,,,,,,,,,,,,,
00,2026-27,03/16/2027 00:00:00,0022600992,20270316/MINNOP,1,8:00 pm ET,5,2027-03-16T00:00:00Z,1900-01-01T20:00:00Z,2027-03-16T20:00:00Z,2027-03-16T04:00:00Z,1900-01-01T00:00:00Z,2027-03-17T00:00:00Z,2027-03-16T19:00:00Z,2027-03-16T19:00:00Z,Tue,3,22,Week 22,false,,,,,Smoothie King Center,LA,New Orleans,N,,,False,1610612740,Pelicans,New Orleans,NOP,pelicans,0,0,0,0,1610612750,Timberwolves,Minnesota,MIN,timberwolves,0,0,0,0,,,,,,,,,,,,,,,,,,,,,,,,,,,,,,,,,,natl,radio,1001098,SiriusXM,SiriusXM,,,https://www.siriusxm.com/sports/nba,-1,,,,,,,,,,,,,,,,,,,,,,,,,,,,,,,,,,,,,,,,,,,,,,,,,,,,,,,,,,,,,,,,,,,,
00,2026-27,03/16/2027 00:00:00,0022600993,20270316/CHAOKC,1,8:00 pm ET,6,2027-03-16T00:00:00Z,1900-01-01T20:00:00Z,2027-03-16T20:00:00Z,2027-03-16T04:00:00Z,1900-01-01T00:00:00Z,2027-03-17T00:00:00Z,2027-03-16T20:00:00Z,2027-03-16T19:00:00Z,Tue,3,22,Week 22,false,,,,,Paycom Center,OK,Oklahoma City,N,,,False,1610612760,Thunder,Oklahoma City,OKC,thunder,0,0,0,0,1610612766,Hornets,Charlotte,CHA,hornets,0,0,0,0,,,,,,,,,,,,,,,,,,,,,,,,,,,,,,,,,,natl,radio,1001098,SiriusXM,SiriusXM,,,https://www.siriusxm.com/sports/nba,-1,,,,,,,,,,,,,,,,,,,,,,,,,,,,,,,,,,,,,,,,,,,,,,,,,,,,,,,,,,,,,,,,,,,,
00,2026-27,03/16/2027 00:00:00,0022600994,20270316/SASHOU,1,8:30 pm ET,7,2027-03-16T00:00:00Z,1900-01-01T20:30:00Z,2027-03-16T20:30:00Z,2027-03-16T04:00:00Z,1900-01-01T00:30:00Z,2027-03-17T00:30:00Z,2027-03-16T19:30:00Z,2027-03-16T19:30:00Z,Tue,3,22,Week 22,false,,,,,Toyota Center,TX,Houston,N,,,False,1610612745,Rockets,Houston,HOU,rockets,0,0,0,0,1610612759,Spurs,San Antonio,SAS,spurs,0,0,0,0,,,,,,,,,,,,,,,,,,,,,,,,,,,,,,,,,,natl,radio,1001098,SiriusXM,SiriusXM,,,https://www.siriusxm.com/sports/nba,-1,,,,,,,,,,,,,,,,,,,,,,,,,,,,,,,,,,,,,,,,,,,,,,,,,,,,,,,,,,,,,,,,,,,,
00,2026-27,03/16/2027 00:00:00,0022600995,20270316/CLEGSW,1,10:00 pm ET,8,2027-03-16T00:00:00Z,1900-01-01T22:00:00Z,2027-03-16T22:00:00Z,2027-03-16T04:00:00Z,1900-01-01T02:00:00Z,2027-03-17T02:00:00Z,2027-03-16T22:00:00Z,2027-03-16T19:00:00Z,Tue,3,22,Week 22,false,,,,,Chase Center,CA,San Francisco,N,,,False,1610612744,Warriors,Golden State,GSW,warriors,0,0,0,0,1610612739,Cavaliers,Cleveland,CLE,cavaliers,0,0,0,0,,,,,,,,,,,,,,,,,,,,,,,,,,,,,,,,,,natl,radio,1001098,SiriusXM,SiriusXM,,,https://www.siriusxm.com/sports/nba,-1,,,,,,,,,,,,,,home,tv,1097.0,NBCSBA,NBCSBA,,,,1610612744.0,,,,,,,,,,,,,,,,,,,,,,,,,,,,,,,,,,,,,,,,,,,,,,
00,2026-27,03/16/2027 00:00:00,0022600996,20270316/LALPOR,1,10:00 pm ET,9,2027-03-16T00:00:00Z,1900-01-01T22:00:00Z,2027-03-16T22:00:00Z,2027-03-16T04:00:00Z,1900-01-01T02:00:00Z,2027-03-17T02:00:00Z,2027-03-16T19:00:00Z,2027-03-16T19:00:00Z,Tue,3,22,Week 22,false,,,,,Moda Center,OR,Portland,N,,,False,1610612757,Trail Blazers,Portland,POR,blazers,0,0,0,0,1610612747,Lakers,Los Angeles,LAL,lakers,0,0,0,0,,,,,,,,,,,,,,,,,,,,,,,,,,,,,,,,,,natl,radio,1001098,SiriusXM,SiriusXM,,,https://www.siriusxm.com/sports/nba,-1,,,,,,,,,,,,,,home,tv,1001196.0,KUNP,KUNP,,,,1610612757.0,,,,,,,,,,,,,,home,radio,1472.0,Rip City Radio 620,KPOJ,,,,1610612757.0,,,away,tv,1651.0,Spectrum SportsNet,SPECSN,,,,1610612747.0,,,away,radio,1001605.0,ESPN LA 710/980 KFWB,KSPN/KFWB,,,,1610612747.0,,
00,2026-27,03/16/2027 00:00:00,0022600997,20270316/DENLAC,1,11:00 pm ET,10,2027-03-16T00:00:00Z,1900-01-01T23:00:00Z,2027-03-16T23:00:00Z,2027-03-16T04:00:00Z,1900-01-01T03:00:00Z,2027-03-17T03:00:00Z,2027-03-16T21:00:00Z,2027-03-16T20:00:00Z,Tue,3,22,Week 22,false,,,,,Intuit Dome,CA,Inglewood,N,,,False,1610612746,Clippers,LA,LAC,clippers,0,0,0,0,1610612743,Nuggets,Denver,DEN,nuggets,0,0,0,0,natl,tv,1001452.0,NBC,NBC,,,,-1.0,5.0,West,natl,tv,1001453.0,Peacock,Peacock,,,https://www.peacocktv.com/sports/nba?cid=2508sptnbaexterndinapplk26427&utm_campaign=2508sptnba&utm_source=nba_nba_nba&utm_medium=ernd_inapplk_acq_inapbnr&utm_term=nbafans&utm_content=nbaapplinks,-1.0,3.0,,,,,,,,,,,,,natl,radio,1001098,SiriusXM,SiriusXM,,,https://www.siriusxm.com/sports/nba,-1,,,,,,,,,,,,,,,,,,,,,,,,,,,,,,,,,,,,,,,,,,,,,,,,,,,,,,,,,,,,,,,,,,,,
00,2026-27,03/17/2027 00:00:00,0022600998,20270317/CHIPHI,1,7:00 pm ET,1,2027-03-17T00:00:00Z,1900-01-01T19:00:00Z,2027-03-17T19:00:00Z,2027-03-17T04:00:00Z,1900-01-01T23:00:00Z,2027-03-17T23:00:00Z,2027-03-17T18:00:00Z,2027-03-17T19:00:00Z,Wed,3,22,Week 22,false,,,,,Xfinity Mobile Arena,PA,Philadelphia,N,,,False,1610612755,76ers,Philadelphia,PHI,sixers,0,0,0,0,1610612741,Bulls,Chicago,CHI,bulls,0,0,0,0,,,,,,,,,,,,,,,,,,,,,,,,,,,,,,,,,,natl,radio,1001098,SiriusXM,SiriusXM,,,https://www.siriusxm.com/sports/nba,-1,,,,,,,,,,,,,,,,,,,,,,,,,,,,,,,,,,,,,,,,,,,,,,,,,,,,,,,,,,,,,,,,,,,,
00,2026-27,03/17/2027 00:00:00,0022600999,20270317/SACNYK,1,7:30 pm ET,2,2027-03-17T00:00:00Z,1900-01-01T19:30:00Z,2027-03-17T19:30:00Z,2027-03-17T04:00:00Z,1900-01-01T23:30:00Z,2027-03-17T23:30:00Z,2027-03-17T16:30:00Z,2027-03-17T19:30:00Z,Wed,3,22,Week 22,false,,,,,Madison Square Garden,NY,New York,N,,,False,1610612752,Knicks,New York,NYK,knicks,0,0,0,0,1610612758,Kings,Sacramento,SAC,kings,0,0,0,0,,,,,,,,,,,,,,,,,,,,,,,,,,,,,,,,,,natl,radio,1001098,SiriusXM,SiriusXM,,,https://www.siriusxm.com/sports/nba,-1,,,,,,,,,,,,,,,,,,,,,,,,,,,,,,,,,,,,,,,,,,,,,,,away,tv,1027.0,NBCSCA,NBCSCA,,,,1610612758.0,,,,,,,,,,,,,
00,2026-27,03/17/2027 00:00:00,0022601000,20270317/DALOKC,1,7:30 pm ET,3,2027-03-17T00:00:00Z,1900-01-01T19:30:00Z,2027-03-17T19:30:00Z,2027-03-17T04:00:00Z,1900-01-01T23:30:00Z,2027-03-17T23:30:00Z,2027-03-17T18:30:00Z,2027-03-17T18:30:00Z,Wed,3,22,Week 22,false,,,,,Paycom Center,OK,Oklahoma City,N,,,False,1610612760,Thunder,Oklahoma City,OKC,thunder,0,0,0,0,1610612742,Mavericks,Dallas,DAL,mavericks,0,0,0,0,natl,tv,2.0,ESPN,ESPN,,,https://www.espn.com/watch/catalog/7b3729c9-7f69-308a-bf8a-ee15a6aba154/nba#bucketId=29446&sourceCollection=Featured_Sports_,-1.0,2.0,,,,,,,,,,,,,,,,,,,,,,,,natl,radio,3,ESPN Radio,ESPNR,,,,-1,,,natl,radio,1001098.0,SiriusXM,SiriusXM,,,https://www.siriusxm.com/sports/nba,-1.0,,,,,,,,,,,,,,,,,,,,,,,,,,,,,,,,,,,,,,,,,,,,,,,,,,,,,,,,,
00,2026-27,03/17/2027 00:00:00,0022601001,20270317/BKNHOU,1,8:30 pm ET,4,2027-03-17T00:00:00Z,1900-01-01T20:30:00Z,2027-03-17T20:30:00Z,2027-03-17T04:00:00Z,1900-01-01T00:30:00Z,2027-03-18T00:30:00Z,2027-03-17T20:30:00Z,2027-03-17T19:30:00Z,Wed,3,22,Week 22,false,,,,,Toyota Center,TX,Houston,N,,,False,1610612745,Rockets,Houston,HOU,rockets,0,0,0,0,1610612751,Nets,Brooklyn,BKN,nets,0,0,0,0,,,,,,,,,,,,,,,,,,,,,,,,,,,,,,,,,,natl,radio,1001098,SiriusXM,SiriusXM,,,https://www.siriusxm.com/sports/nba,-1,,,,,,,,,,,,,,,,,,,,,,,,,,,,,,,,,,,,,,,,,,,,,,,away,tv,175.0,DAZN (YES),YES,,,,1610612751.0,,,,,,,,,,,,,
00,2026-27,03/17/2027 00:00:00,0022601002,20270317/ATLUTA,1,9:00 pm ET,5,2027-03-17T00:00:00Z,1900-01-01T21:00:00Z,2027-03-17T21:00:00Z,2027-03-17T04:00:00Z,1900-01-01T01:00:00Z,2027-03-18T01:00:00Z,2027-03-17T21:00:00Z,2027-03-17T19:00:00Z,Wed,3,22,Week 22,false,,,,,Delta Center,UT,Salt Lake City,N,,,False,1610612762,Jazz,Utah,UTA,jazz,0,0,0,0,1610612737,Hawks,Atlanta,ATL,hawks,0,0,0,0,,,,,,,,,,,,,,,,,,,,,,,,,,,,,,,,,,natl,radio,1001098,SiriusXM,SiriusXM,,,https://www.siriusxm.com/sports/nba,-1,,,,,,,,,,,,,,,,,,,,,,,,,,,,,,,,,,,,,,,,,,,,,,,,,,,,,,,,,,,,,,,,,,,,
00,2026-27,03/17/2027 00:00:00,0022601003,20270317/MEMGSW,1,10:00 pm ET,6,2027-03-17T00:00:00Z,1900-01-01T22:00:00Z,2027-03-17T22:00:00Z,2027-03-17T04:00:00Z,1900-01-01T02:00:00Z,2027-03-18T02:00:00Z,2027-03-17T21:00:00Z,2027-03-17T19:00:00Z,Wed,3,22,Week 22,false,,,,,Chase Center,CA,San Francisco,N,,,False,1610612744,Warriors,Golden State,GSW,warriors,0,0,0,0,1610612763,Grizzlies,Memphis,MEM,grizzlies,0,0,0,0,,,,,,,,,,,,,,,,,,,,,,,,,,,,,,,,,,natl,radio,1001098,SiriusXM,SiriusXM,,,https://www.siriusxm.com/sports/nba,-1,,,,,,,,,,,,,,home,tv,1097.0,NBCSBA,NBCSBA,,,,1610612744.0,,,,,,,,,,,,,,,,,,,,,,,,,,,,,,,,,,,,,,,,,,,,,,
00,2026-27,03/17/2027 00:00:00,0022601004,20270317/PHXLAL,1,10:00 pm ET,7,2027-03-17T00:00:00Z,1900-01-01T22:00:00Z,2027-03-17T22:00:00Z,2027-03-17T04:00:00Z,1900-01-01T02:00:00Z,2027-03-18T02:00:00Z,2027-03-17T19:00:00Z,2027-03-17T19:00:00Z,Wed,3,22,Week 22,false,,,,,Crypto.com Arena,CA,Los Angeles,N,,,False,1610612747,Lakers,Los Angeles,LAL,lakers,0,0,0,0,1610612756,Suns,Phoenix,PHX,suns,0,0,0,0,natl,tv,2.0,ESPN,ESPN,,,https://www.espn.com/watch/catalog/7b3729c9-7f69-308a-bf8a-ee15a6aba154/nba#bucketId=29446&sourceCollection=Featured_Sports_,-1.0,2.0,,,,,,,,,,,,,,,,,,,,,,,,natl,radio,1001098,SiriusXM,SiriusXM,,,https://www.siriusxm.com/sports/nba,-1,,,,,,,,,,,,,,home,tv,1651.0,Spectrum SportsNet,SPECSN,,,,1610612747.0,,,,,,,,,,,,,,home,radio,1001605.0,ESPN LA 710/980 KFWB,KSPN/KFWB,,,,1610612747.0,,,,,,,,,,,,,,,,,,,,,,,,
00,2026-27,03/17/2027 00:00:00,0022601005,20270317/MIAPOR,1,10:00 pm ET,8,2027-03-17T00:00:00Z,1900-01-01T22:00:00Z,2027-03-17T22:00:00Z,2027-03-17T04:00:00Z,1900-01-01T02:00:00Z,2027-03-18T02:00:00Z,2027-03-17T22:00:00Z,2027-03-17T19:00:00Z,Wed,3,22,Week 22,false,,,,,Moda Center,OR,Portland,N,,,False,1610612757,Trail Blazers,Portland,POR,blazers,0,0,0,0,1610612748,Heat,Miami,MIA,heat,0,0,0,0,,,,,,,,,,,,,,,,,,,,,,,,,,,,,,,,,,natl,radio,1001098,SiriusXM,SiriusXM,,,https://www.siriusxm.com/sports/nba,-1,,,,,,,,,,,,,,home,tv,1001196.0,KUNP,KUNP,,,,1610612757.0,,,,,,,,,,,,,,home,radio,1472.0,Rip City Radio 620,KPOJ,,,,1610612757.0,,,away,tv,1001720.0,WPLG Local 10,WPLG,,,https://local10plusplatinum.maz.tv/open?deeplink=local10platinum://item/3776211-3882966?item=44d4cc7fbb9f4bd72cf272489b39eadf-3742525-3848761,1610612748.0,,,away,radio,1001523.0,FM 104.3 WQAM / S: WAQI 710,WQAM-FM/WAQI,,,,1610612748.0,,
00,2026-27,03/18/2027 00:00:00,0022601006,20270318/TORIND,1,7:00 pm ET,1,2027-03-18T00:00:00Z,1900-01-01T19:00:00Z,2027-03-18T19:00:00Z,2027-03-18T04:00:00Z,1900-01-01T23:00:00Z,2027-03-18T23:00:00Z,2027-03-18T19:00:00Z,2027-03-18T19:00:00Z,Thu,3,22,Week 22,false,,,,,Gainbridge Fieldhouse,IN,Indianapolis,N,,,False,1610612754,Pacers,Indiana,IND,pacers,0,0,0,0,1610612761,Raptors,Toronto,TOR,raptors,0,0,0,0,,,,,,,,,,,,,,,,,,,,,,,,,,,,,,,,,,natl,radio,1001098,SiriusXM,SiriusXM,,,https://www.siriusxm.com/sports/nba,-1,,,,,,,,,,,,,,,,,,,,,,,,,,,,,,,,,,,,,,,,,,,,,,,,,,,,,,,,,,,,,,,,,,,,
00,2026-27,03/18/2027 00:00:00,0022601007,20270318/PHIWAS,1,7:00 pm ET,2,2027-03-18T00:00:00Z,1900-01-01T19:00:00Z,2027-03-18T19:00:00Z,2027-03-18T04:00:00Z,1900-01-01T23:00:00Z,2027-03-18T23:00:00Z,2027-03-18T19:00:00Z,2027-03-18T19:00:00Z,Thu,3,22,Week 22,false,,,,,Capital One Arena,DC,Washington,N,,,False,1610612764,Wizards,Washington,WAS,wizards,0,0,0,0,1610612755,76ers,Philadelphia,PHI,sixers,0,0,0,0,natl,tv,7.0,NBA TV,NBA TV,Watch with League Pass or your TV subscription,,,-1.0,,,,,,,,,,,,,,,,,,,,,,,,,natl,radio,1001098,SiriusXM,SiriusXM,,,https://www.siriusxm.com/sports/nba,-1,,,,,,,,,,,,,,,,,,,,,,,,,,,,,,,,,,,,,,,,,,,,,,,,,,,,,,,,,,,,,,,,,,,,
00,2026-27,03/18/2027 00:00:00,0022601008,20270318/ORLBOS,1,7:30 pm ET,3,2027-03-18T00:00:00Z,1900-01-01T19:30:00Z,2027-03-18T19:30:00Z,2027-03-18T04:00:00Z,1900-01-01T23:30:00Z,2027-03-18T23:30:00Z,2027-03-18T19:30:00Z,2027-03-18T19:30:00Z,Thu,3,22,Week 22,false,,,,,TD Garden,MA,Boston,N,,,False,1610612738,Celtics,Boston,BOS,celtics,0,0,0,0,1610612753,Magic,Orlando,ORL,magic,0,0,0,0,,,,,,,,,,,,,,,,,,,,,,,,,,,,,,,,,,natl,radio,1001098,SiriusXM,SiriusXM,,,https://www.siriusxm.com/sports/nba,-1,,,,,,,,,,,,,,home,tv,1658.0,NBC SPORTS BOSTON,NBCSB,,,,1610612738.0,,,,,,,,,,,,,,,,,,,,,,,,,,,,,,,,,,,,,,,,,,,,,,
00,2026-27,03/18/2027 00:00:00,0022601009,20270318/DETMIL,1,8:00 pm ET,4,2027-03-18T00:00:00Z,1900-01-01T20:00:00Z,2027-03-18T20:00:00Z,2027-03-18T04:00:00Z,1900-01-01T00:00:00Z,2027-03-19T00:00:00Z,2027-03-18T20:00:00Z,2027-03-18T19:00:00Z,Thu,3,22,Week 22,false,,,,,Fiserv Forum,WI,Milwaukee,N,,,False,1610612749,Bucks,Milwaukee,MIL,bucks,0,0,0,0,1610612765,Pistons,Detroit,DET,pistons,0,0,0,0,,,,,,,,,,,,,,,,,,,,,,,,,,,,,,,,,,natl,radio,1001098,SiriusXM,SiriusXM,,,https://www.siriusxm.com/sports/nba,-1,,,,,,,,,,,,,,,,,,,,,,,,,,,,,,,,,,,,,,,,,,,,,,,,,,,,,,,,,,,,,,,,,,,,
00,2026-27,03/18/2027 00:00:00,0022601010,20270318/CHANOP,1,8:00 pm ET,5,2027-03-18T00:00:00Z,1900-01-01T20:00:00Z,2027-03-18T20:00:00Z,2027-03-18T04:00:00Z,1900-01-01T00:00:00Z,2027-03-19T00:00:00Z,2027-03-18T20:00:00Z,2027-03-18T19:00:00Z,Thu,3,22,Week 22,false,,,,,Smoothie King Center,LA,New Orleans,N,,,False,1610612740,Pelicans,New Orleans,NOP,pelicans,0,0,0,0,1610612766,Hornets,Charlotte,CHA,hornets,0,0,0,0,,,,,,,,,,,,,,,,,,,,,,,,,,,,,,,,,,natl,radio,1001098,SiriusXM,SiriusXM,,,https://www.siriusxm.com/sports/nba,-1,,,,,,,,,,,,,,,,,,,,,,,,,,,,,,,,,,,,,,,,,,,,,,,,,,,,,,,,,,,,,,,,,,,,
00,2026-27,03/18/2027 00:00:00,0022601011,20270318/BKNSAS,1,8:00 pm ET,6,2027-03-18T00:00:00Z,1900-01-01T20:00:00Z,2027-03-18T20:00:00Z,2027-03-18T04:00:00Z,1900-01-01T00:00:00Z,2027-03-19T00:00:00Z,2027-03-18T20:00:00Z,2027-03-18T19:00:00Z,Thu,3,22,Week 22,false,,,,,Frost Bank Center,TX,San Antonio,N,,,False,1610612759,Spurs,San Antonio,SAS,spurs,0,0,0,0,1610612751,Nets,Brooklyn,BKN,nets,0,0,0,0,,,,,,,,,,,,,,,,,,,,,,,,,,,,,,,,,,natl,radio,1001098,SiriusXM,SiriusXM,,,https://www.siriusxm.com/sports/nba,-1,,,,,,,,,,,,,,,,,,,,,,,,,,,,,,,,,,,,,,,,,,,,,,,away,tv,175.0,DAZN (YES),YES,,,,1610612751.0,,,,,,,,,,,,,
00,2026-27,03/18/2027 00:00:00,0022601012,20270318/CLEDEN,1,9:00 pm ET,7,2027-03-18T00:00:00Z,1900-01-01T21:00:00Z,2027-03-18T21:00:00Z,2027-03-18T04:00:00Z,1900-01-01T01:00:00Z,2027-03-19T01:00:00Z,2027-03-18T21:00:00Z,2027-03-18T19:00:00Z,Thu,3,22,Week 22,false,,,,,Ball Arena,CO,Denver,N,,,False,1610612743,Nuggets,Denver,DEN,nuggets,0,0,0,0,1610612739,Cavaliers,Cleveland,CLE,cavaliers,0,0,0,0,,,,,,,,,,,,,,,,,,,,,,,,,,,,,,,,,,natl,radio,1001098,SiriusXM,SiriusXM,,,https://www.siriusxm.com/sports/nba,-1,,,,,,,,,,,,,,,,,,,,,,,,,,,,,,,,,,,,,,,,,,,,,,,,,,,,,,,,,,,,,,,,,,,,
00,2026-27,03/18/2027 00:00:00,0022601013,20270318/MINUTA,1,9:00 pm ET,8,2027-03-18T00:00:00Z,1900-01-01T21:00:00Z,2027-03-18T21:00:00Z,2027-03-18T04:00:00Z,1900-01-01T01:00:00Z,2027-03-19T01:00:00Z,2027-03-18T20:00:00Z,2027-03-18T19:00:00Z,Thu,3,22,Week 22,false,,,,,Delta Center,UT,Salt Lake City,N,,,False,1610612762,Jazz,Utah,UTA,jazz,0,0,0,0,1610612750,Timberwolves,Minnesota,MIN,timberwolves,0,0,0,0,,,,,,,,,,,,,,,,,,,,,,,,,,,,,,,,,,natl,radio,1001098,SiriusXM,SiriusXM,,,https://www.siriusxm.com/sports/nba,-1,,,,,,,,,,,,,,,,,,,,,,,,,,,,,,,,,,,,,,,,,,,,,,,,,,,,,,,,,,,,,,,,,,,,
00,2026-27,03/18/2027 00:00:00,0022601014,20270318/MEMLAC,1,10:30 pm ET,9,2027-03-18T00:00:00Z,1900-01-01T22:30:00Z,2027-03-18T22:30:00Z,2027-03-18T04:00:00Z,1900-01-01T02:30:00Z,2027-03-19T02:30:00Z,2027-03-18T21:30:00Z,2027-03-18T19:30:00Z,Thu,3,22,Week 22,false,,,,,Intuit Dome,CA,Inglewood,N,,,False,1610612746,Clippers,LA,LAC,clippers,0,0,0,0,1610612763,Grizzlies,Memphis,MEM,grizzlies,0,0,0,0,,,,,,,,,,,,,,,,,,,,,,,,,,,,,,,,,,natl,radio,1001098,SiriusXM,SiriusXM,,,https://www.siriusxm.com/sports/nba,-1,,,,,,,,,,,,,,,,,,,,,,,,,,,,,,,,,,,,,,,,,,,,,,,,,,,,,,,,,,,,,,,,,,,,
00,2026-27,03/19/2027 00:00:00,0022601015,20270319/SACTOR,1,7:30 pm ET,1,2027-03-19T00:00:00Z,1900-01-01T19:30:00Z,2027-03-19T19:30:00Z,2027-03-19T04:00:00Z,1900-01-01T23:30:00Z,2027-03-19T23:30:00Z,2027-03-19T16:30:00Z,2027-03-19T19:30:00Z,Fri,3,22,Week 22,false,,,,,Scotiabank Arena,ON,Toronto,N,,,False,1610612761,Raptors,Toronto,TOR,raptors,0,0,0,0,1610612758,Kings,Sacramento,SAC,kings,0,0,0,0,,,,,,,,,,,,,,,,,,,,,,,,,,,,,,,,,,natl,radio,1001098,SiriusXM,SiriusXM,,,https://www.siriusxm.com/sports/nba,-1,,,,,,,,,,,,,,,,,,,,,,,,,,,,,,,,,,,,,,,,,,,,,,,away,tv,1027.0,NBCSCA,NBCSCA,,,,1610612758.0,,,,,,,,,,,,,
00,2026-27,03/19/2027 00:00:00,0022601016,20270319/HOUNOP,1,8:00 pm ET,2,2027-03-19T00:00:00Z,1900-01-01T20:00:00Z,2027-03-19T20:00:00Z,2027-03-19T04:00:00Z,1900-01-01T00:00:00Z,2027-03-20T00:00:00Z,2027-03-19T19:00:00Z,2027-03-19T19:00:00Z,Fri,3,22,Week 22,false,,,,,Smoothie King Center,LA,New Orleans,N,,,False,1610612740,Pelicans,New Orleans,NOP,pelicans,0,0,0,0,1610612745,Rockets,Houston,HOU,rockets,0,0,0,0,,,,,,,,,,,,,,,,,,,,,,,,,,,,,,,,,,natl,radio,1001098,SiriusXM,SiriusXM,,,https://www.siriusxm.com/sports/nba,-1,,,,,,,,,,,,,,,,,,,,,,,,,,,,,,,,,,,,,,,,,,,,,,,,,,,,,,,,,,,,,,,,,,,,
00,2026-27,03/19/2027 00:00:00,0022601017,20270319/DALSAS,1,8:00 pm ET,3,2027-03-19T00:00:00Z,1900-01-01T20:00:00Z,2027-03-19T20:00:00Z,2027-03-19T04:00:00Z,1900-01-01T00:00:00Z,2027-03-20T00:00:00Z,2027-03-19T19:00:00Z,2027-03-19T19:00:00Z,Fri,3,22,Week 22,false,,,,,Frost Bank Center,TX,San Antonio,N,,,False,1610612759,Spurs,San Antonio,SAS,spurs,0,0,0,0,1610612742,Mavericks,Dallas,DAL,mavericks,0,0,0,0,natl,tv,7.0,NBA TV,NBA TV,Watch with League Pass or your TV subscription,,,-1.0,,,,,,,,,,,,,,,,,,,,,,,,,natl,radio,1001098,SiriusXM,SiriusXM,,,https://www.siriusxm.com/sports/nba,-1,,,,,,,,,,,,,,,,,,,,,,,,,,,,,,,,,,,,,,,,,,,,,,,,,,,,,,,,,,,,,,,,,,,,
00,2026-27,03/19/2027 00:00:00,0022601018,20270319/PORGSW,1,10:00 pm ET,4,2027-03-19T00:00:00Z,1900-01-01T22:00:00Z,2027-03-19T22:00:00Z,2027-03-19T04:00:00Z,1900-01-01T02:00:00Z,2027-03-20T02:00:00Z,2027-03-19T19:00:00Z,2027-03-19T19:00:00Z,Fri,3,22,Week 22,false,,,,,Chase Center,CA,San Francisco,N,,,False,1610612744,Warriors,Golden State,GSW,warriors,0,0,0,0,1610612757,Trail Blazers,Portland,POR,blazers,0,0,0,0,,,,,,,,,,,,,,,,,,,,,,,,,,,,,,,,,,natl,radio,1001098,SiriusXM,SiriusXM,,,https://www.siriusxm.com/sports/nba,-1,,,,,,,,,,,,,,home,tv,1097.0,NBCSBA,NBCSBA,,,,1610612744.0,,,,,,,,,,,,,,,,,,,,,,,,,away,tv,1001196.0,KUNP,KUNP,,,,1610612757.0,,,away,radio,1472.0,Rip City Radio 620,KPOJ,,,,1610612757.0,,
00,2026-27,03/19/2027 00:00:00,0022601019,20270319/ATLLAL,1,10:00 pm ET,5,2027-03-19T00:00:00Z,1900-01-01T22:00:00Z,2027-03-19T22:00:00Z,2027-03-19T04:00:00Z,1900-01-01T02:00:00Z,2027-03-20T02:00:00Z,2027-03-19T22:00:00Z,2027-03-19T19:00:00Z,Fri,3,22,Week 22,false,,,,,Crypto.com Arena,CA,Los Angeles,N,,,False,1610612747,Lakers,Los Angeles,LAL,lakers,0,0,0,0,1610612737,Hawks,Atlanta,ATL,hawks,0,0,0,0,,,,,,,,,,,,,,,,,,,,,,,,,,,,,,,,,,natl,radio,1001098,SiriusXM,SiriusXM,,,https://www.siriusxm.com/sports/nba,-1,,,,,,,,,,,,,,home,tv,1651.0,Spectrum SportsNet,SPECSN,,,,1610612747.0,,,,,,,,,,,,,,home,radio,1001605.0,ESPN LA 710/980 KFWB,KSPN/KFWB,,,,1610612747.0,,,,,,,,,,,,,,,,,,,,,,,,
00,2026-27,03/19/2027 00:00:00,0022601020,20270319/MIAPHX,1,10:30 pm ET,6,2027-03-19T00:00:00Z,1900-01-01T22:30:00Z,2027-03-19T22:30:00Z,2027-03-19T04:00:00Z,1900-01-01T02:30:00Z,2027-03-20T02:30:00Z,2027-03-19T22:30:00Z,2027-03-19T19:30:00Z,Fri,3,22,Week 22,false,,,,,Mortgage Matchup Center,AZ,Phoenix,N,,,False,1610612756,Suns,Phoenix,PHX,suns,0,0,0,0,1610612748,Heat,Miami,MIA,heat,0,0,0,0,natl,tv,7.0,NBA TV,NBA TV,Watch with League Pass or your TV subscription,,,-1.0,,,,,,,,,,,,,,,,,,,,,,,,,natl,radio,1001098,SiriusXM,SiriusXM,,,https://www.siriusxm.com/sports/nba,-1,,,,,,,,,,,,,,,,,,,,,,,,,,,,,,,,,,,,,,,,,,,,,,,away,tv,1001720.0,WPLG Local 10,WPLG,,,https://local10plusplatinum.maz.tv/open?deeplink=local10platinum://item/3776211-3882966?item=44d4cc7fbb9f4bd72cf272489b39eadf-3742525-3848761,1610612748.0,,,away,radio,1001523.0,FM 104.3 WQAM / S: WAQI 710,WQAM-FM/WAQI,,,,1610612748.0,,
00,2026-27,03/20/2027 00:00:00,0022601021,20270320/WASNYK,1,1:00 pm ET,1,2027-03-20T00:00:00Z,1900-01-01T13:00:00Z,2027-03-20T13:00:00Z,2027-03-20T04:00:00Z,1900-01-01T17:00:00Z,2027-03-20T17:00:00Z,2027-03-20T13:00:00Z,2027-03-20T13:00:00Z,Sat,3,22,Week 22,false,,,,,Madison Square Garden,NY,New York,N,,,False,1610612752,Knicks,New York,NYK,knicks,0,0,0,0,1610612764,Wizards,Washington,WAS,wizards,0,0,0,0,,,,,,,,,,,,,,,,,,,,,,,,,,,,,,,,,,natl,radio,1001098,SiriusXM,SiriusXM,,,https://www.siriusxm.com/sports/nba,-1,,,,,,,,,,,,,,,,,,,,,,,,,,,,,,,,,,,,,,,,,,,,,,,,,,,,,,,,,,,,,,,,,,,,
00,2026-27,03/20/2027 00:00:00,0022601022,20270320/DENORL,1,7:00 pm ET,2,2027-03-20T00:00:00Z,1900-01-01T19:00:00Z,2027-03-20T19:00:00Z,2027-03-20T04:00:00Z,1900-01-01T23:00:00Z,2027-03-20T23:00:00Z,2027-03-20T17:00:00Z,2027-03-20T19:00:00Z,Sat,3,22,Week 22,false,,,,,Kia Center,FL,Orlando,N,,,False,1610612753,Magic,Orlando,ORL,magic,0,0,0,0,1610612743,Nuggets,Denver,DEN,nuggets,0,0,0,0,,,,,,,,,,,,,,,,,,,,,,,,,,,,,,,,,,natl,radio,1001098,SiriusXM,SiriusXM,,,https://www.siriusxm.com/sports/nba,-1,,,,,,,,,,,,,,,,,,,,,,,,,,,,,,,,,,,,,,,,,,,,,,,,,,,,,,,,,,,,,,,,,,,,
00,2026-27,03/20/2027 00:00:00,0022601023,20270320/CHICLE,1,7:30 pm ET,3,2027-03-20T00:00:00Z,1900-01-01T19:30:00Z,2027-03-20T19:30:00Z,2027-03-20T04:00:00Z,1900-01-01T23:30:00Z,2027-03-20T23:30:00Z,2027-03-20T18:30:00Z,2027-03-20T19:30:00Z,Sat,3,22,Week 22,false,,,,,Rocket Arena,OH,Cleveland,N,,,False,1610612739,Cavaliers,Cleveland,CLE,cavaliers,0,0,0,0,1610612741,Bulls,Chicago,CHI,bulls,0,0,0,0,,,,,,,,,,,,,,,,,,,,,,,,,,,,,,,,,,natl,radio,1001098,SiriusXM,SiriusXM,,,https://www.siriusxm.com/sports/nba,-1,,,,,,,,,,,,,,,,,,,,,,,,,,,,,,,,,,,,,,,,,,,,,,,,,,,,,,,,,,,,,,,,,,,,
00,2026-27,03/20/2027 00:00:00,0022601024,20270320/CHADET,1,8:00 pm ET,4,2027-03-20T00:00:00Z,1900-01-01T20:00:00Z,2027-03-20T20:00:00Z,2027-03-20T04:00:00Z,1900-01-01T00:00:00Z,2027-03-21T00:00:00Z,2027-03-20T20:00:00Z,2027-03-20T20:00:00Z,Sat,3,22,Week 22,false,,,,,Little Caesars Arena,MI,Detroit,N,,,False,1610612765,Pistons,Detroit,DET,pistons,0,0,0,0,1610612766,Hornets,Charlotte,CHA,hornets,0,0,0,0,,,,,,,,,,,,,,,,,,,,,,,,,,,,,,,,,,natl,radio,1001098,SiriusXM,SiriusXM,,,https://www.siriusxm.com/sports/nba,-1,,,,,,,,,,,,,,,,,,,,,,,,,,,,,,,,,,,,,,,,,,,,,,,,,,,,,,,,,,,,,,,,,,,,
00,2026-27,03/20/2027 00:00:00,0022601025,20270320/OKCMEM,1,8:00 pm ET,5,2027-03-20T00:00:00Z,1900-01-01T20:00:00Z,2027-03-20T20:00:00Z,2027-03-20T04:00:00Z,1900-01-01T00:00:00Z,2027-03-21T00:00:00Z,2027-03-20T19:00:00Z,2027-03-20T19:00:00Z,Sat,3,22,Week 22,false,,,,,FedExForum,TN,Memphis,N,,,False,1610612763,Grizzlies,Memphis,MEM,grizzlies,0,0,0,0,1610612760,Thunder,Oklahoma City,OKC,thunder,0,0,0,0,natl,tv,7.0,NBA TV,NBA TV,Watch with League Pass or your TV subscription,,,-1.0,,,,,,,,,,,,,,,,,,,,,,,,,natl,radio,1001098,SiriusXM,SiriusXM,,,https://www.siriusxm.com/sports/nba,-1,,,,,,,,,,,,,,,,,,,,,,,,,,,,,,,,,,,,,,,,,,,,,,,,,,,,,,,,,,,,,,,,,,,,
00,2026-27,03/20/2027 00:00:00,0022601026,20270320/INDMIL,1,8:00 pm ET,6,2027-03-20T00:00:00Z,1900-01-01T20:00:00Z,2027-03-20T20:00:00Z,2027-03-20T04:00:00Z,1900-01-01T00:00:00Z,2027-03-21T00:00:00Z,2027-03-20T20:00:00Z,2027-03-20T19:00:00Z,Sat,3,22,Week 22,false,,,,,Fiserv Forum,WI,Milwaukee,N,,,False,1610612749,Bucks,Milwaukee,MIL,bucks,0,0,0,0,1610612754,Pacers,Indiana,IND,pacers,0,0,0,0,,,,,,,,,,,,,,,,,,,,,,,,,,,,,,,,,,natl,radio,1001098,SiriusXM,SiriusXM,,,https://www.siriusxm.com/sports/nba,-1,,,,,,,,,,,,,,,,,,,,,,,,,,,,,,,,,,,,,,,,,,,,,,,,,,,,,,,,,,,,,,,,,,,,
00,2026-27,03/20/2027 00:00:00,0022601027,20270320/ATLLAC,1,10:30 pm ET,7,2027-03-20T00:00:00Z,1900-01-01T22:30:00Z,2027-03-20T22:30:00Z,2027-03-20T04:00:00Z,1900-01-01T02:30:00Z,2027-03-21T02:30:00Z,2027-03-20T22:30:00Z,2027-03-20T19:30:00Z,Sat,3,22,Week 22,false,,,,,Intuit Dome,CA,Inglewood,N,,,False,1610612746,Clippers,LA,LAC,clippers,0,0,0,0,1610612737,Hawks,Atlanta,ATL,hawks,0,0,0,0,,,,,,,,,,,,,,,,,,,,,,,,,,,,,,,,,,natl,radio,1001098,SiriusXM,SiriusXM,,,https://www.siriusxm.com/sports/nba,-1,,,,,,,,,,,,,,,,,,,,,,,,,,,,,,,,,,,,,,,,,,,,,,,,,,,,,,,,,,,,,,,,,,,,
00,2026-27,03/21/2027 00:00:00,0022601028,20270321/NOPBOS,1,3:00 pm ET,1,2027-03-21T00:00:00Z,1900-01-01T15:00:00Z,2027-03-21T15:00:00Z,2027-03-21T04:00:00Z,1900-01-01T19:00:00Z,2027-03-21T19:00:00Z,2027-03-21T14:00:00Z,2027-03-21T15:00:00Z,Sun,3,22,Week 22,false,,,,,TD Garden,MA,Boston,N,,,False,1610612738,Celtics,Boston,BOS,celtics,0,0,0,0,1610612740,Pelicans,New Orleans,NOP,pelicans,0,0,0,0,,,,,,,,,,,,,,,,,,,,,,,,,,,,,,,,,,natl,radio,1001098,SiriusXM,SiriusXM,,,https://www.siriusxm.com/sports/nba,-1,,,,,,,,,,,,,,home,tv,1658.0,NBC SPORTS BOSTON,NBCSB,,,,1610612738.0,,,,,,,,,,,,,,,,,,,,,,,,,,,,,,,,,,,,,,,,,,,,,,
00,2026-27,03/21/2027 00:00:00,0022601029,20270321/SACBKN,1,3:00 pm ET,2,2027-03-21T00:00:00Z,1900-01-01T15:00:00Z,2027-03-21T15:00:00Z,2027-03-21T04:00:00Z,1900-01-01T19:00:00Z,2027-03-21T19:00:00Z,2027-03-21T12:00:00Z,2027-03-21T15:00:00Z,Sun,3,22,Week 22,false,,,,,Barclays Center,NY,Brooklyn,N,,,False,1610612751,Nets,Brooklyn,BKN,nets,0,0,0,0,1610612758,Kings,Sacramento,SAC,kings,0,0,0,0,natl,tv,7.0,NBA TV,NBA TV,Watch with League Pass or your TV subscription,,,-1.0,,,,,,,,,,,,,,,,,,,,,,,,,natl,radio,1001098,SiriusXM,SiriusXM,,,https://www.siriusxm.com/sports/nba,-1,,,,,,,,,,,,,,home,tv,175.0,DAZN (YES),YES,,,,1610612751.0,,,,,,,,,,,,,,,,,,,,,,,,,away,tv,1027.0,NBCSCA,NBCSCA,,,,1610612758.0,,,,,,,,,,,,,
00,2026-27,03/21/2027 00:00:00,0022601030,20270321/TORUTA,1,5:00 pm ET,3,2027-03-21T00:00:00Z,1900-01-01T17:00:00Z,2027-03-21T17:00:00Z,2027-03-21T04:00:00Z,1900-01-01T21:00:00Z,2027-03-21T21:00:00Z,2027-03-21T17:00:00Z,2027-03-21T15:00:00Z,Sun,3,22,Week 22,false,,,,,Delta Center,UT,Salt Lake City,N,,,False,1610612762,Jazz,Utah,UTA,jazz,0,0,0,0,1610612761,Raptors,Toronto,TOR,raptors,0,0,0,0,,,,,,,,,,,,,,,,,,,,,,,,,,,,,,,,,,natl,radio,1001098,SiriusXM,SiriusXM,,,https://www.siriusxm.com/sports/nba,-1,,,,,,,,,,,,,,,,,,,,,,,,,,,,,,,,,,,,,,,,,,,,,,,,,,,,,,,,,,,,,,,,,,,,
00,2026-27,03/21/2027 00:00:00,0022601031,20270321/PORPHX,1,5:00 pm ET,4,2027-03-21T00:00:00Z,1900-01-01T17:00:00Z,2027-03-21T17:00:00Z,2027-03-21T04:00:00Z,1900-01-01T21:00:00Z,2027-03-21T21:00:00Z,2027-03-21T14:00:00Z,2027-03-21T14:00:00Z,Sun,3,22,Week 22,false,,,,,Mortgage Matchup Center,AZ,Phoenix,N,,,False,1610612756,Suns,Phoenix,PHX,suns,0,0,0,0,1610612757,Trail Blazers,Portland,POR,blazers,0,0,0,0,,,,,,,,,,,,,,,,,,,,,,,,,,,,,,,,,,natl,radio,1001098,SiriusXM,SiriusXM,,,https://www.siriusxm.com/sports/nba,-1,,,,,,,,,,,,,,,,,,,,,,,,,,,,,,,,,,,,,,,,,,,,,,,away,tv,1001196.0,KUNP,KUNP,,,,1610612757.0,,,away,radio,1472.0,Rip City Radio 620,KPOJ,,,,1610612757.0,,
00,2026-27,03/21/2027 00:00:00,0022601032,20270321/DENMIA,1,6:00 pm ET,5,2027-03-21T00:00:00Z,1900-01-01T18:00:00Z,2027-03-21T18:00:00Z,2027-03-21T04:00:00Z,1900-01-01T22:00:00Z,2027-03-21T22:00:00Z,2027-03-21T16:00:00Z,2027-03-21T18:00:00Z,Sun,3,22,Week 22,false,,,,,Kaseya Center,FL,Miami,N,,,False,1610612748,Heat,Miami,MIA,heat,0,0,0,0,1610612743,Nuggets,Denver,DEN,nuggets,0,0,0,0,,,,,,,,,,,,,,,,,,,,,,,,,,,,,,,,,,natl,radio,1001098,SiriusXM,SiriusXM,,,https://www.siriusxm.com/sports/nba,-1,,,,,,,,,,,,,,home,tv,1001720.0,WPLG Local 10,WPLG,,,https://local10plusplatinum.maz.tv/open?deeplink=local10platinum://item/3776211-3882966?item=44d4cc7fbb9f4bd72cf272489b39eadf-3742525-3848761,1610612748.0,,,,,,,,,,,,,,home,radio,1001523.0,FM 104.3 WQAM / S: WAQI 710,WQAM-FM/WAQI,,,,1610612748.0,,,,,,,,,,,,,,,,,,,,,,,,
00,2026-27,03/21/2027 00:00:00,0022601033,20270321/SASPHI,1,7:30 pm ET,6,2027-03-21T00:00:00Z,1900-01-01T19:30:00Z,2027-03-21T19:30:00Z,2027-03-21T04:00:00Z,1900-01-01T23:30:00Z,2027-03-21T23:30:00Z,2027-03-21T18:30:00Z,2027-03-21T19:30:00Z,Sun,3,22,Week 22,false,,,,,Xfinity Mobile Arena,PA,Philadelphia,N,,,False,1610612755,76ers,Philadelphia,PHI,sixers,0,0,0,0,1610612759,Spurs,San Antonio,SAS,spurs,0,0,0,0,natl,tv,147.0,Telemundo,Telemundo,,,,-1.0,10.0,,natl,tv,1001452.0,NBC,NBC,,,,-1.0,5.0,National,natl,tv,1001453.0,Peacock,Peacock,,,https://www.peacocktv.com/sports/nba?cid=2508sptnbaexterndinapplk26427&utm_campaign=2508sptnba&utm_source=nba_nba_nba&utm_medium=ernd_inapplk_acq_inapbnr&utm_term=nbafans&utm_content=nbaapplinks,-1.0,3.0,,natl,radio,1001098,SiriusXM,SiriusXM,,,https://www.siriusxm.com/sports/nba,-1,,,,,,,,,,,,,,,,,,,,,,,,,,,,,,,,,,,,,,,,,,,,,,,,,,,,,,,,,,,,,,,,,,,,
00,2026-27,03/21/2027 00:00:00,0022601034,20270321/DALLAL,1,10:00 pm ET,7,2027-03-21T00:00:00Z,1900-01-01T22:00:00Z,2027-03-21T22:00:00Z,2027-03-21T04:00:00Z,1900-01-01T02:00:00Z,2027-03-22T02:00:00Z,2027-03-21T21:00:00Z,2027-03-21T19:00:00Z,Sun,3,22,Week 22,false,,,,,Crypto.com Arena,CA,Los Angeles,N,,,False,1610612747,Lakers,Los Angeles,LAL,lakers,0,0,0,0,1610612742,Mavericks,Dallas,DAL,mavericks,0,0,0,0,natl,tv,1001452.0,NBC,NBC,,,,-1.0,5.0,National,natl,tv,1001453.0,Peacock,Peacock,,,https://www.peacocktv.com/sports/nba?cid=2508sptnbaexterndinapplk26427&utm_campaign=2508sptnba&utm_source=nba_nba_nba&utm_medium=ernd_inapplk_acq_inapbnr&utm_term=nbafans&utm_content=nbaapplinks,-1.0,3.0,,,,,,,,,,,,,natl,radio,1001098,SiriusXM,SiriusXM,,,https://www.siriusxm.com/sports/nba,-1,,,,,,,,,,,,,,,,,,,,,,,,,,,,,,,,,,,,home,radio,1001605.0,ESPN LA 710/980 KFWB,KSPN/KFWB,,,,1610612747.0,,,,,,,,,,,,,,,,,,,,,,,,
00,2026-27,03/22/2027 00:00:00,0022601035,20270322/HOUCLE,1,7:00 pm ET,1,2027-03-22T00:00:00Z,1900-01-01T19:00:00Z,2027-03-22T19:00:00Z,2027-03-22T04:00:00Z,1900-01-01T23:00:00Z,2027-03-22T23:00:00Z,2027-03-22T18:00:00Z,2027-03-22T19:00:00Z,Mon,3,23,Week 23,false,,,,,Rocket Arena,OH,Cleveland,N,,,False,1610612739,Cavaliers,Cleveland,CLE,cavaliers,0,0,0,0,1610612745,Rockets,Houston,HOU,rockets,0,0,0,0,,,,,,,,,,,,,,,,,,,,,,,,,,,,,,,,,,natl,radio,1001098,SiriusXM,SiriusXM,,,https://www.siriusxm.com/sports/nba,-1,,,,,,,,,,,,,,,,,,,,,,,,,,,,,,,,,,,,,,,,,,,,,,,,,,,,,,,,,,,,,,,,,,,,
00,2026-27,03/22/2027 00:00:00,0022601036,20270322/INDORL,1,7:00 pm ET,2,2027-03-22T00:00:00Z,1900-01-01T19:00:00Z,2027-03-22T19:00:00Z,2027-03-22T04:00:00Z,1900-01-01T23:00:00Z,2027-03-22T23:00:00Z,2027-03-22T19:00:00Z,2027-03-22T19:00:00Z,Mon,3,23,Week 23,false,,,,,Kia Center,FL,Orlando,N,,,False,1610612753,Magic,Orlando,ORL,magic,0,0,0,0,1610612754,Pacers,Indiana,IND,pacers,0,0,0,0,natl,tv,1001453.0,Peacock,Peacock,,,https://www.peacocktv.com/sports/nba?cid=2508sptnbaexterndinapplk26427&utm_campaign=2508sptnba&utm_source=nba_nba_nba&utm_medium=ernd_inapplk_acq_inapbnr&utm_term=nbafans&utm_content=nbaapplinks,-1.0,3.0,,natl,tv,1001488.0,NBC Sports Network,NBCSN,,,,-1.0,7.0,National,,,,,,,,,,,,natl,radio,1001098,SiriusXM,SiriusXM,,,https://www.siriusxm.com/sports/nba,-1,,,,,,,,,,,,,,,,,,,,,,,,,,,,,,,,,,,,,,,,,,,,,,,,,,,,,,,,,,,,,,,,,,,,
00,2026-27,03/22/2027 00:00:00,0022601037,20270322/SACCHI,1,8:00 pm ET,3,2027-03-22T00:00:00Z,1900-01-01T20:00:00Z,2027-03-22T20:00:00Z,2027-03-22T04:00:00Z,1900-01-01T00:00:00Z,2027-03-23T00:00:00Z,2027-03-22T17:00:00Z,2027-03-22T19:00:00Z,Mon,3,23,Week 23,false,,,,,United Center,IL,Chicago,N,,,False,1610612741,Bulls,Chicago,CHI,bulls,0,0,0,0,1610612758,Kings,Sacramento,SAC,kings,0,0,0,0,,,,,,,,,,,,,,,,,,,,,,,,,,,,,,,,,,natl,radio,1001098,SiriusXM,SiriusXM,,,https://www.siriusxm.com/sports/nba,-1,,,,,,,,,,,,,,,,,,,,,,,,,,,,,,,,,,,,,,,,,,,,,,,away,tv,1027.0,NBCSCA,NBCSCA,,,,1610612758.0,,,,,,,,,,,,,
00,2026-27,03/22/2027 00:00:00,0022601038,20270322/CHAMEM,1,8:00 pm ET,4,2027-03-22T00:00:00Z,1900-01-01T20:00:00Z,2027-03-22T20:00:00Z,2027-03-22T04:00:00Z,1900-01-01T00:00:00Z,2027-03-23T00:00:00Z,2027-03-22T20:00:00Z,2027-03-22T19:00:00Z,Mon,3,23,Week 23,false,,,,,FedExForum,TN,Memphis,N,,,False,1610612763,Grizzlies,Memphis,MEM,grizzlies,0,0,0,0,1610612766,Hornets,Charlotte,CHA,hornets,0,0,0,0,,,,,,,,,,,,,,,,,,,,,,,,,,,,,,,,,,natl,radio,1001098,SiriusXM,SiriusXM,,,https://www.siriusxm.com/sports/nba,-1,,,,,,,,,,,,,,,,,,,,,,,,,,,,,,,,,,,,,,,,,,,,,,,,,,,,,,,,,,,,,,,,,,,,
00,2026-27,03/22/2027 00:00:00,0022601039,20270322/WASMIL,1,8:00 pm ET,5,2027-03-22T00:00:00Z,1900-01-01T20:00:00Z,2027-03-22T20:00:00Z,2027-03-22T04:00:00Z,1900-01-01T00:00:00Z,2027-03-23T00:00:00Z,2027-03-22T20:00:00Z,2027-03-22T19:00:00Z,Mon,3,23,Week 23,false,,,,,Fiserv Forum,WI,Milwaukee,N,,,False,1610612749,Bucks,Milwaukee,MIL,bucks,0,0,0,0,1610612764,Wizards,Washington,WAS,wizards,0,0,0,0,,,,,,,,,,,,,,,,,,,,,,,,,,,,,,,,,,natl,radio,1001098,SiriusXM,SiriusXM,,,https://www.siriusxm.com/sports/nba,-1,,,,,,,,,,,,,,,,,,,,,,,,,,,,,,,,,,,,,,,,,,,,,,,,,,,,,,,,,,,,,,,,,,,,
00,2026-27,03/22/2027 00:00:00,0022601040,20270322/DETMIN,1,9:30 pm ET,6,2027-03-22T00:00:00Z,1900-01-01T21:30:00Z,2027-03-22T21:30:00Z,2027-03-22T04:00:00Z,1900-01-01T01:30:00Z,2027-03-23T01:30:00Z,2027-03-22T21:30:00Z,2027-03-22T20:30:00Z,Mon,3,23,Week 23,false,,,,,Target Center,MN,Minneapolis,N,,,False,1610612750,Timberwolves,Minnesota,MIN,timberwolves,0,0,0,0,1610612765,Pistons,Detroit,DET,pistons,0,0,0,0,natl,tv,1001453.0,Peacock,Peacock,,,https://www.peacocktv.com/sports/nba?cid=2508sptnbaexterndinapplk26427&utm_campaign=2508sptnba&utm_source=nba_nba_nba&utm_medium=ernd_inapplk_acq_inapbnr&utm_term=nbafans&utm_content=nbaapplinks,-1.0,3.0,,natl,tv,1001488.0,NBC Sports Network,NBCSN,,,,-1.0,7.0,National,,,,,,,,,,,,natl,radio,1001098,SiriusXM,SiriusXM,,,https://www.siriusxm.com/sports/nba,-1,,,,,,,,,,,,,,,,,,,,,,,,,,,,,,,,,,,,,,,,,,,,,,,,,,,,,,,,,,,,,,,,,,,,
00,2026-27,03/22/2027 00:00:00,0022601041,20270322/ATLGSW,1,10:00 pm ET,7,2027-03-22T00:00:00Z,1900-01-01T22:00:00Z,2027-03-22T22:00:00Z,2027-03-22T04:00:00Z,1900-01-01T02:00:00Z,2027-03-23T02:00:00Z,2027-03-22T22:00:00Z,2027-03-22T19:00:00Z,Mon,3,23,Week 23,false,,,,,Chase Center,CA,San Francisco,N,,,False,1610612744,Warriors,Golden State,GSW,warriors,0,0,0,0,1610612737,Hawks,Atlanta,ATL,hawks,0,0,0,0,,,,,,,,,,,,,,,,,,,,,,,,,,,,,,,,,,natl,radio,1001098,SiriusXM,SiriusXM,,,https://www.siriusxm.com/sports/nba,-1,,,,,,,,,,,,,,home,tv,1097.0,NBCSBA,NBCSBA,,,,1610612744.0,,,,,,,,,,,,,,,,,,,,,,,,,,,,,,,,,,,,,,,,,,,,,,
00,2026-27,03/22/2027 00:00:00,0022601042,20270322/DALLAC,1,10:30 pm ET,8,2027-03-22T00:00:00Z,1900-01-01T22:30:00Z,2027-03-22T22:30:00Z,2027-03-22T04:00:00Z,1900-01-01T02:30:00Z,2027-03-23T02:30:00Z,2027-03-22T21:30:00Z,2027-03-22T19:30:00Z,Mon,3,23,Week 23,false,,,,,Intuit Dome,CA,Inglewood,N,,,False,1610612746,Clippers,LA,LAC,clippers,0,0,0,0,1610612742,Mavericks,Dallas,DAL,mavericks,0,0,0,0,,,,,,,,,,,,,,,,,,,,,,,,,,,,,,,,,,natl,radio,1001098,SiriusXM,SiriusXM,,,https://www.siriusxm.com/sports/nba,-1,,,,,,,,,,,,,,,,,,,,,,,,,,,,,,,,,,,,,,,,,,,,,,,,,,,,,,,,,,,,,,,,,,,,
00,2026-27,03/23/2027 00:00:00,0022601043,20270323/BOSBKN,1,7:30 pm ET,1,2027-03-23T00:00:00Z,1900-01-01T19:30:00Z,2027-03-23T19:30:00Z,2027-03-23T04:00:00Z,1900-01-01T23:30:00Z,2027-03-23T23:30:00Z,2027-03-23T19:30:00Z,2027-03-23T19:30:00Z,Tue,3,23,Week 23,false,,,,,Barclays Center,NY,Brooklyn,N,,,False,1610612751,Nets,Brooklyn,BKN,nets,0,0,0,0,1610612738,Celtics,Boston,BOS,celtics,0,0,0,0,,,,,,,,,,,,,,,,,,,,,,,,,,,,,,,,,,natl,radio,1001098,SiriusXM,SiriusXM,,,https://www.siriusxm.com/sports/nba,-1,,,,,,,,,,,,,,home,tv,175.0,DAZN (YES),YES,,,,1610612751.0,,,,,,,,,,,,,,,,,,,,,,,,,away,tv,1658.0,NBC SPORTS BOSTON,NBCSB,,,,1610612738.0,,,,,,,,,,,,,
00,2026-27,03/23/2027 00:00:00,0022601044,20270323/NOPNYK,1,7:30 pm ET,2,2027-03-23T00:00:00Z,1900-01-01T19:30:00Z,2027-03-23T19:30:00Z,2027-03-23T04:00:00Z,1900-01-01T23:30:00Z,2027-03-23T23:30:00Z,2027-03-23T18:30:00Z,2027-03-23T19:30:00Z,Tue,3,23,Week 23,false,,,,,Madison Square Garden,NY,New York,N,,,False,1610612752,Knicks,New York,NYK,knicks,0,0,0,0,1610612740,Pelicans,New Orleans,NOP,pelicans,0,0,0,0,,,,,,,,,,,,,,,,,,,,,,,,,,,,,,,,,,natl,radio,1001098,SiriusXM,SiriusXM,,,https://www.siriusxm.com/sports/nba,-1,,,,,,,,,,,,,,,,,,,,,,,,,,,,,,,,,,,,,,,,,,,,,,,,,,,,,,,,,,,,,,,,,,,,
00,2026-27,03/23/2027 00:00:00,0022601045,20270323/LALMIA,1,8:00 pm ET,3,2027-03-23T00:00:00Z,1900-01-01T20:00:00Z,2027-03-23T20:00:00Z,2027-03-23T04:00:00Z,1900-01-01T00:00:00Z,2027-03-24T00:00:00Z,2027-03-23T17:00:00Z,2027-03-23T20:00:00Z,Tue,3,23,Week 23,false,,,,,Kaseya Center,FL,Miami,N,,,False,1610612748,Heat,Miami,MIA,heat,0,0,0,0,1610612747,Lakers,Los Angeles,LAL,lakers,0,0,0,0,natl,tv,1001452.0,NBC,NBC,,,,-1.0,5.0,East,natl,tv,1001453.0,Peacock,Peacock,,,https://www.peacocktv.com/sports/nba?cid=2508sptnbaexterndinapplk26427&utm_campaign=2508sptnba&utm_source=nba_nba_nba&utm_medium=ernd_inapplk_acq_inapbnr&utm_term=nbafans&utm_content=nbaapplinks,-1.0,3.0,,,,,,,,,,,,,natl,radio,3,ESPN Radio,ESPNR,,,,-1,,,natl,radio,1001098.0,SiriusXM,SiriusXM,,,https://www.siriusxm.com/sports/nba,-1.0,,,home,tv,1001720.0,WPLG Local 10,WPLG,,,https://local10plusplatinum.maz.tv/open?deeplink=local10platinum://item/3776211-3882966?item=44d4cc7fbb9f4bd72cf272489b39eadf-3742525-3848761,1610612748.0,,,,,,,,,,,,,,home,radio,1001523.0,FM 104.3 WQAM / S: WAQI 710,WQAM-FM/WAQI,,,,1610612748.0,,,away,tv,1651.0,Spectrum SportsNet,SPECSN,,,,1610612747.0,,,away,radio,1001605.0,ESPN LA 710/980 KFWB,KSPN/KFWB,,,,1610612747.0,,
00,2026-27,03/23/2027 00:00:00,0022601046,20270323/PHIUTA,1,9:00 pm ET,4,2027-03-23T00:00:00Z,1900-01-01T21:00:00Z,2027-03-23T21:00:00Z,2027-03-23T04:00:00Z,1900-01-01T01:00:00Z,2027-03-24T01:00:00Z,2027-03-23T21:00:00Z,2027-03-23T19:00:00Z,Tue,3,23,Week 23,false,,,,,Delta Center,UT,Salt Lake City,N,,,False,1610612762,Jazz,Utah,UTA,jazz,0,0,0,0,1610612755,76ers,Philadelphia,PHI,sixers,0,0,0,0,,,,,,,,,,,,,,,,,,,,,,,,,,,,,,,,,,natl,radio,1001098,SiriusXM,SiriusXM,,,https://www.siriusxm.com/sports/nba,-1,,,,,,,,,,,,,,,,,,,,,,,,,,,,,,,,,,,,,,,,,,,,,,,,,,,,,,,,,,,,,,,,,,,,
00,2026-27,03/23/2027 00:00:00,0022601047,20270323/TORPOR,1,10:00 pm ET,5,2027-03-23T00:00:00Z,1900-01-01T22:00:00Z,2027-03-23T22:00:00Z,2027-03-23T04:00:00Z,1900-01-01T02:00:00Z,2027-03-24T02:00:00Z,2027-03-23T22:00:00Z,2027-03-23T19:00:00Z,Tue,3,23,Week 23,false,,,,,Moda Center,OR,Portland,N,,,False,1610612757,Trail Blazers,Portland,POR,blazers,0,0,0,0,1610612761,Raptors,Toronto,TOR,raptors,0,0,0,0,,,,,,,,,,,,,,,,,,,,,,,,,,,,,,,,,,natl,radio,1001098,SiriusXM,SiriusXM,,,https://www.siriusxm.com/sports/nba,-1,,,,,,,,,,,,,,home,tv,1001196.0,KUNP,KUNP,,,,1610612757.0,,,,,,,,,,,,,,home,radio,1472.0,Rip City Radio 620,KPOJ,,,,1610612757.0,,,,,,,,,,,,,,,,,,,,,,,,
00,2026-27,03/23/2027 00:00:00,0022601048,20270323/OKCPHX,1,11:00 pm ET,6,2027-03-23T00:00:00Z,1900-01-01T23:00:00Z,2027-03-23T23:00:00Z,2027-03-23T04:00:00Z,1900-01-01T03:00:00Z,2027-03-24T03:00:00Z,2027-03-23T22:00:00Z,2027-03-23T20:00:00Z,Tue,3,23,Week 23,false,,,,,Mortgage Matchup Center,AZ,Phoenix,N,,,False,1610612756,Suns,Phoenix,PHX,suns,0,0,0,0,1610612760,Thunder,Oklahoma City,OKC,thunder,0,0,0,0,natl,tv,1001452.0,NBC,NBC,,,,-1.0,5.0,West,natl,tv,1001453.0,Peacock,Peacock,,,https://www.peacocktv.com/sports/nba?cid=2508sptnbaexterndinapplk26427&utm_campaign=2508sptnba&utm_source=nba_nba_nba&utm_medium=ernd_inapplk_acq_inapbnr&utm_term=nbafans&utm_content=nbaapplinks,-1.0,3.0,,,,,,,,,,,,,natl,radio,1001098,SiriusXM,SiriusXM,,,https://www.siriusxm.com/sports/nba,-1,,,,,,,,,,,,,,,,,,,,,,,,,,,,,,,,,,,,,,,,,,,,,,,,,,,,,,,,,,,,,,,,,,,,
00,2026-27,03/24/2027 00:00:00,0022601049,20270324/DETCHA,1,7:00 pm ET,1,2027-03-24T00:00:00Z,1900-01-01T19:00:00Z,2027-03-24T19:00:00Z,2027-03-24T04:00:00Z,1900-01-01T23:00:00Z,2027-03-24T23:00:00Z,2027-03-24T19:00:00Z,2027-03-24T19:00:00Z,Wed,3,23,Week 23,false,,,,,Spectrum Center,NC,Charlotte,N,,,False,1610612766,Hornets,Charlotte,CHA,hornets,0,0,0,0,1610612765,Pistons,Detroit,DET,pistons,0,0,0,0,,,,,,,,,,,,,,,,,,,,,,,,,,,,,,,,,,natl,radio,1001098,SiriusXM,SiriusXM,,,https://www.siriusxm.com/sports/nba,-1,,,,,,,,,,,,,,,,,,,,,,,,,,,,,,,,,,,,,,,,,,,,,,,,,,,,,,,,,,,,,,,,,,,,
00,2026-27,03/24/2027 00:00:00,0022601050,20270324/MEMIND,1,7:00 pm ET,2,2027-03-24T00:00:00Z,1900-01-01T19:00:00Z,2027-03-24T19:00:00Z,2027-03-24T04:00:00Z,1900-01-01T23:00:00Z,2027-03-24T23:00:00Z,2027-03-24T18:00:00Z,2027-03-24T19:00:00Z,Wed,3,23,Week 23,false,,,,,Gainbridge Fieldhouse,IN,Indianapolis,N,,,False,1610612754,Pacers,Indiana,IND,pacers,0,0,0,0,1610612763,Grizzlies,Memphis,MEM,grizzlies,0,0,0,0,,,,,,,,,,,,,,,,,,,,,,,,,,,,,,,,,,natl,radio,1001098,SiriusXM,SiriusXM,,,https://www.siriusxm.com/sports/nba,-1,,,,,,,,,,,,,,,,,,,,,,,,,,,,,,,,,,,,,,,,,,,,,,,,,,,,,,,,,,,,,,,,,,,,
00,2026-27,03/24/2027 00:00:00,0022601051,20270324/DENWAS,1,7:00 pm ET,3,2027-03-24T00:00:00Z,1900-01-01T19:00:00Z,2027-03-24T19:00:00Z,2027-03-24T04:00:00Z,1900-01-01T23:00:00Z,2027-03-24T23:00:00Z,2027-03-24T17:00:00Z,2027-03-24T19:00:00Z,Wed,3,23,Week 23,false,,,,,Capital One Arena,DC,Washington,N,,,False,1610612764,Wizards,Washington,WAS,wizards,0,0,0,0,1610612743,Nuggets,Denver,DEN,nuggets,0,0,0,0,,,,,,,,,,,,,,,,,,,,,,,,,,,,,,,,,,natl,radio,1001098,SiriusXM,SiriusXM,,,https://www.siriusxm.com/sports/nba,-1,,,,,,,,,,,,,,,,,,,,,,,,,,,,,,,,,,,,,,,,,,,,,,,,,,,,,,,,,,,,,,,,,,,,
00,2026-27,03/24/2027 00:00:00,0022601052,20270324/SASBOS,1,7:30 pm ET,4,2027-03-24T00:00:00Z,1900-01-01T19:30:00Z,2027-03-24T19:30:00Z,2027-03-24T04:00:00Z,1900-01-01T23:30:00Z,2027-03-24T23:30:00Z,2027-03-24T18:30:00Z,2027-03-24T19:30:00Z,Wed,3,23,Week 23,false,,,,,TD Garden,MA,Boston,N,,,False,1610612738,Celtics,Boston,BOS,celtics,0,0,0,0,1610612759,Spurs,San Antonio,SAS,spurs,0,0,0,0,natl,tv,2.0,ESPN,ESPN,,,https://www.espn.com/watch/catalog/7b3729c9-7f69-308a-bf8a-ee15a6aba154/nba#bucketId=29446&sourceCollection=Featured_Sports_,-1.0,2.0,,,,,,,,,,,,,,,,,,,,,,,,natl,radio,3,ESPN Radio,ESPNR,,,,-1,,,natl,radio,1001098.0,SiriusXM,SiriusXM,,,https://www.siriusxm.com/sports/nba,-1.0,,,home,tv,1658.0,NBC SPORTS BOSTON,NBCSB,,,,1610612738.0,,,,,,,,,,,,,,,,,,,,,,,,,,,,,,,,,,,,,,,,,,,,,,
00,2026-27,03/24/2027 00:00:00,0022601053,20270324/HOUNYK,1,7:30 pm ET,5,2027-03-24T00:00:00Z,1900-01-01T19:30:00Z,2027-03-24T19:30:00Z,2027-03-24T04:00:00Z,1900-01-01T23:30:00Z,2027-03-24T23:30:00Z,2027-03-24T18:30:00Z,2027-03-24T19:30:00Z,Wed,3,23,Week 23,false,,,,,Madison Square Garden,NY,New York,N,,,False,1610612752,Knicks,New York,NYK,knicks,0,0,0,0,1610612745,Rockets,Houston,HOU,rockets,0,0,0,0,,,,,,,,,,,,,,,,,,,,,,,,,,,,,,,,,,natl,radio,1001098,SiriusXM,SiriusXM,,,https://www.siriusxm.com/sports/nba,-1,,,,,,,,,,,,,,,,,,,,,,,,,,,,,,,,,,,,,,,,,,,,,,,,,,,,,,,,,,,,,,,,,,,,
00,2026-27,03/24/2027 00:00:00,0022601054,20270324/ORLCHI,1,8:00 pm ET,6,2027-03-24T00:00:00Z,1900-01-01T20:00:00Z,2027-03-24T20:00:00Z,2027-03-24T04:00:00Z,1900-01-01T00:00:00Z,2027-03-25T00:00:00Z,2027-03-24T20:00:00Z,2027-03-24T19:00:00Z,Wed,3,23,Week 23,false,,,,,United Center,IL,Chicago,N,,,False,1610612741,Bulls,Chicago,CHI,bulls,0,0,0,0,1610612753,Magic,Orlando,ORL,magic,0,0,0,0,,,,,,,,,,,,,,,,,,,,,,,,,,,,,,,,,,natl,radio,1001098,SiriusXM,SiriusXM,,,https://www.siriusxm.com/sports/nba,-1,,,,,,,,,,,,,,,,,,,,,,,,,,,,,,,,,,,,,,,,,,,,,,,,,,,,,,,,,,,,,,,,,,,,
00,2026-27,03/24/2027 00:00:00,0022601055,20270324/DALMIN,1,8:00 pm ET,7,2027-03-24T00:00:00Z,1900-01-01T20:00:00Z,2027-03-24T20:00:00Z,2027-03-24T04:00:00Z,1900-01-01T00:00:00Z,2027-03-25T00:00:00Z,2027-03-24T19:00:00Z,2027-03-24T19:00:00Z,Wed,3,23,Week 23,false,,,,,Target Center,MN,Minneapolis,N,,,False,1610612750,Timberwolves,Minnesota,MIN,timberwolves,0,0,0,0,1610612742,Mavericks,Dallas,DAL,mavericks,0,0,0,0,,,,,,,,,,,,,,,,,,,,,,,,,,,,,,,,,,natl,radio,1001098,SiriusXM,SiriusXM,,,https://www.siriusxm.com/sports/nba,-1,,,,,,,,,,,,,,,,,,,,,,,,,,,,,,,,,,,,,,,,,,,,,,,,,,,,,,,,,,,,,,,,,,,,
00,2026-27,03/24/2027 00:00:00,0022601056,20270324/PHIGSW,1,10:00 pm ET,8,2027-03-24T00:00:00Z,1900-01-01T22:00:00Z,2027-03-24T22:00:00Z,2027-03-24T04:00:00Z,1900-01-01T02:00:00Z,2027-03-25T02:00:00Z,2027-03-24T22:00:00Z,2027-03-24T19:00:00Z,Wed,3,23,Week 23,false,,,,,Chase Center,CA,San Francisco,N,,,False,1610612744,Warriors,Golden State,GSW,warriors,0,0,0,0,1610612755,76ers,Philadelphia,PHI,sixers,0,0,0,0,natl,tv,2.0,ESPN,ESPN,,,https://www.espn.com/watch/catalog/7b3729c9-7f69-308a-bf8a-ee15a6aba154/nba#bucketId=29446&sourceCollection=Featured_Sports_,-1.0,2.0,,,,,,,,,,,,,,,,,,,,,,,,natl,radio,1001098,SiriusXM,SiriusXM,,,https://www.siriusxm.com/sports/nba,-1,,,,,,,,,,,,,,,,,,,,,,,,,,,,,,,,,,,,,,,,,,,,,,,,,,,,,,,,,,,,,,,,,,,,
00,2026-27,03/24/2027 00:00:00,0022601057,20270324/OKCPHX,1,10:00 pm ET,9,2027-03-24T00:00:00Z,1900-01-01T22:00:00Z,2027-03-24T22:00:00Z,2027-03-24T04:00:00Z,1900-01-01T02:00:00Z,2027-03-25T02:00:00Z,2027-03-24T21:00:00Z,2027-03-24T19:00:00Z,Wed,3,23,Week 23,false,,,,,Mortgage Matchup Center,AZ,Phoenix,N,,,False,1610612756,Suns,Phoenix,PHX,suns,0,0,0,0,1610612760,Thunder,Oklahoma City,OKC,thunder,0,0,0,0,,,,,,,,,,,,,,,,,,,,,,,,,,,,,,,,,,natl,radio,1001098,SiriusXM,SiriusXM,,,https://www.siriusxm.com/sports/nba,-1,,,,,,,,,,,,,,,,,,,,,,,,,,,,,,,,,,,,,,,,,,,,,,,,,,,,,,,,,,,,,,,,,,,,
00,2026-27,03/24/2027 00:00:00,0022601058,20270324/ATLSAC,1,10:00 pm ET,10,2027-03-24T00:00:00Z,1900-01-01T22:00:00Z,2027-03-24T22:00:00Z,2027-03-24T04:00:00Z,1900-01-01T02:00:00Z,2027-03-25T02:00:00Z,2027-03-24T22:00:00Z,2027-03-24T19:00:00Z,Wed,3,23,Week 23,false,,,,,Golden 1 Center,CA,Sacramento,N,,,False,1610612758,Kings,Sacramento,SAC,kings,0,0,0,0,1610612737,Hawks,Atlanta,ATL,hawks,0,0,0,0,,,,,,,,,,,,,,,,,,,,,,,,,,,,,,,,,,natl,radio,1001098,SiriusXM,SiriusXM,,,https://www.siriusxm.com/sports/nba,-1,,,,,,,,,,,,,,home,tv,1027.0,NBCSCA,NBCSCA,,,,1610612758.0,,,,,,,,,,,,,,,,,,,,,,,,,,,,,,,,,,,,,,,,,,,,,,
00,2026-27,03/24/2027 00:00:00,0022601059,20270324/MILLAC,1,10:30 pm ET,11,2027-03-24T00:00:00Z,1900-01-01T22:30:00Z,2027-03-24T22:30:00Z,2027-03-24T04:00:00Z,1900-01-01T02:30:00Z,2027-03-25T02:30:00Z,2027-03-24T21:30:00Z,2027-03-24T19:30:00Z,Wed,3,23,Week 23,false,,,,,Intuit Dome,CA,Inglewood,N,,,False,1610612746,Clippers,LA,LAC,clippers,0,0,0,0,1610612749,Bucks,Milwaukee,MIL,bucks,0,0,0,0,,,,,,,,,,,,,,,,,,,,,,,,,,,,,,,,,,natl,radio,1001098,SiriusXM,SiriusXM,,,https://www.siriusxm.com/sports/nba,-1,,,,,,,,,,,,,,,,,,,,,,,,,,,,,,,,,,,,,,,,,,,,,,,,,,,,,,,,,,,,,,,,,,,,
00,2026-27,03/25/2027 00:00:00,0022601060,20270325/LALCLE,1,7:00 pm ET,1,2027-03-25T00:00:00Z,1900-01-01T19:00:00Z,2027-03-25T19:00:00Z,2027-03-25T04:00:00Z,1900-01-01T23:00:00Z,2027-03-25T23:00:00Z,2027-03-25T16:00:00Z,2027-03-25T19:00:00Z,Thu,3,23,Week 23,false,,,,,Rocket Arena,OH,Cleveland,N,,,False,1610612739,Cavaliers,Cleveland,CLE,cavaliers,0,0,0,0,1610612747,Lakers,Los Angeles,LAL,lakers,0,0,0,0,,,,,,,,,,,,,,,,,,,,,,,,,,,,,,,,,,natl,radio,1001098,SiriusXM,SiriusXM,,,https://www.siriusxm.com/sports/nba,-1,,,,,,,,,,,,,,,,,,,,,,,,,,,,,,,,,,,,,,,,,,,,,,,away,tv,1651.0,Spectrum SportsNet,SPECSN,,,,1610612747.0,,,away,radio,1001605.0,ESPN LA 710/980 KFWB,KSPN/KFWB,,,,1610612747.0,,
00,2026-27,03/25/2027 00:00:00,0022601061,20270325/HOUDET,1,7:00 pm ET,2,2027-03-25T00:00:00Z,1900-01-01T19:00:00Z,2027-03-25T19:00:00Z,2027-03-25T04:00:00Z,1900-01-01T23:00:00Z,2027-03-25T23:00:00Z,2027-03-25T18:00:00Z,2027-03-25T19:00:00Z,Thu,3,23,Week 23,false,,,,,Little Caesars Arena,MI,Detroit,N,,,False,1610612765,Pistons,Detroit,DET,pistons,0,0,0,0,1610612745,Rockets,Houston,HOU,rockets,0,0,0,0,,,,,,,,,,,,,,,,,,,,,,,,,,,,,,,,,,natl,radio,1001098,SiriusXM,SiriusXM,,,https://www.siriusxm.com/sports/nba,-1,,,,,,,,,,,,,,,,,,,,,,,,,,,,,,,,,,,,,,,,,,,,,,,,,,,,,,,,,,,,,,,,,,,,
00,2026-27,03/25/2027 00:00:00,0022601062,20270325/SASIND,1,7:00 pm ET,3,2027-03-25T00:00:00Z,1900-01-01T19:00:00Z,2027-03-25T19:00:00Z,2027-03-25T04:00:00Z,1900-01-01T23:00:00Z,2027-03-25T23:00:00Z,2027-03-25T18:00:00Z,2027-03-25T19:00:00Z,Thu,3,23,Week 23,false,,,,,Gainbridge Fieldhouse,IN,Indianapolis,N,,,False,1610612754,Pacers,Indiana,IND,pacers,0,0,0,0,1610612759,Spurs,San Antonio,SAS,spurs,0,0,0,0,,,,,,,,,,,,,,,,,,,,,,,,,,,,,,,,,,natl,radio,1001098,SiriusXM,SiriusXM,,,https://www.siriusxm.com/sports/nba,-1,,,,,,,,,,,,,,,,,,,,,,,,,,,,,,,,,,,,,,,,,,,,,,,,,,,,,,,,,,,,,,,,,,,,
00,2026-27,03/25/2027 00:00:00,0022601063,20270325/DENBKN,1,7:30 pm ET,4,2027-03-25T00:00:00Z,1900-01-01T19:30:00Z,2027-03-25T19:30:00Z,2027-03-25T04:00:00Z,1900-01-01T23:30:00Z,2027-03-25T23:30:00Z,2027-03-25T17:30:00Z,2027-03-25T19:30:00Z,Thu,3,23,Week 23,false,,,,,Barclays Center,NY,Brooklyn,N,,,False,1610612751,Nets,Brooklyn,BKN,nets,0,0,0,0,1610612743,Nuggets,Denver,DEN,nuggets,0,0,0,0,natl,tv,7.0,NBA TV,NBA TV,Watch with League Pass or your TV subscription,,,-1.0,,,,,,,,,,,,,,,,,,,,,,,,,natl,radio,1001098,SiriusXM,SiriusXM,,,https://www.siriusxm.com/sports/nba,-1,,,,,,,,,,,,,,home,tv,175.0,DAZN (YES),YES,,,,1610612751.0,,,,,,,,,,,,,,,,,,,,,,,,,,,,,,,,,,,,,,,,,,,,,,
00,2026-27,03/25/2027 00:00:00,0022601064,20270325/UTAMIA,1,7:30 pm ET,5,2027-03-25T00:00:00Z,1900-01-01T19:30:00Z,2027-03-25T19:30:00Z,2027-03-25T04:00:00Z,1900-01-01T23:30:00Z,2027-03-25T23:30:00Z,2027-03-25T17:30:00Z,2027-03-25T19:30:00Z,Thu,3,23,Week 23,false,,,,,Kaseya Center,FL,Miami,N,,,False,1610612748,Heat,Miami,MIA,heat,0,0,0,0,1610612762,Jazz,Utah,UTA,jazz,0,0,0,0,,,,,,,,,,,,,,,,,,,,,,,,,,,,,,,,,,natl,radio,1001098,SiriusXM,SiriusXM,,,https://www.siriusxm.com/sports/nba,-1,,,,,,,,,,,,,,home,tv,1001720.0,WPLG Local 10,WPLG,,,https://local10plusplatinum.maz.tv/open?deeplink=local10platinum://item/3776211-3882966?item=44d4cc7fbb9f4bd72cf272489b39eadf-3742525-3848761,1610612748.0,,,,,,,,,,,,,,home,radio,1001523.0,FM 104.3 WQAM / S: WAQI 710,WQAM-FM/WAQI,,,,1610612748.0,,,,,,,,,,,,,,,,,,,,,,,,
00,2026-27,03/25/2027 00:00:00,0022601065,20270325/CHIMEM,1,8:00 pm ET,6,2027-03-25T00:00:00Z,1900-01-01T20:00:00Z,2027-03-25T20:00:00Z,2027-03-25T04:00:00Z,1900-01-01T00:00:00Z,2027-03-26T00:00:00Z,2027-03-25T19:00:00Z,2027-03-25T19:00:00Z,Thu,3,23,Week 23,false,,,,,FedExForum,TN,Memphis,N,,,False,1610612763,Grizzlies,Memphis,MEM,grizzlies,0,0,0,0,1610612741,Bulls,Chicago,CHI,bulls,0,0,0,0,,,,,,,,,,,,,,,,,,,,,,,,,,,,,,,,,,natl,radio,1001098,SiriusXM,SiriusXM,,,https://www.siriusxm.com/sports/nba,-1,,,,,,,,,,,,,,,,,,,,,,,,,,,,,,,,,,,,,,,,,,,,,,,,,,,,,,,,,,,,,,,,,,,,
00,2026-27,03/25/2027 00:00:00,0022601066,20270325/TORGSW,1,10:00 pm ET,7,2027-03-25T00:00:00Z,1900-01-01T22:00:00Z,2027-03-25T22:00:00Z,2027-03-25T04:00:00Z,1900-01-01T02:00:00Z,2027-03-26T02:00:00Z,2027-03-25T22:00:00Z,2027-03-25T19:00:00Z,Thu,3,23,Week 23,false,,,,,Chase Center,CA,San Francisco,N,,,False,1610612744,Warriors,Golden State,GSW,warriors,0,0,0,0,1610612761,Raptors,Toronto,TOR,raptors,0,0,0,0,,,,,,,,,,,,,,,,,,,,,,,,,,,,,,,,,,natl,radio,1001098,SiriusXM,SiriusXM,,,https://www.siriusxm.com/sports/nba,-1,,,,,,,,,,,,,,home,tv,1097.0,NBCSBA,NBCSBA,,,,1610612744.0,,,,,,,,,,,,,,,,,,,,,,,,,,,,,,,,,,,,,,,,,,,,,,
00,2026-27,03/26/2027 00:00:00,0022601067,20270326/NYKCHA,1,7:00 pm ET,1,2027-03-26T00:00:00Z,1900-01-01T19:00:00Z,2027-03-26T19:00:00Z,2027-03-26T04:00:00Z,1900-01-01T23:00:00Z,2027-03-26T23:00:00Z,2027-03-26T19:00:00Z,2027-03-26T19:00:00Z,Fri,3,23,Week 23,false,,,,,Spectrum Center,NC,Charlotte,N,,,False,1610612766,Hornets,Charlotte,CHA,hornets,0,0,0,0,1610612752,Knicks,New York,NYK,knicks,0,0,0,0,natl,tv,7.0,NBA TV,NBA TV,Watch with League Pass or your TV subscription,,,-1.0,,,,,,,,,,,,,,,,,,,,,,,,,natl,radio,1001098,SiriusXM,SiriusXM,,,https://www.siriusxm.com/sports/nba,-1,,,,,,,,,,,,,,,,,,,,,,,,,,,,,,,,,,,,,,,,,,,,,,,,,,,,,,,,,,,,,,,,,,,,
00,2026-27,03/26/2027 00:00:00,0022601068,20270326/NOPDAL,1,8:00 pm ET,2,2027-03-26T00:00:00Z,1900-01-01T20:00:00Z,2027-03-26T20:00:00Z,2027-03-26T04:00:00Z,1900-01-01T00:00:00Z,2027-03-27T00:00:00Z,2027-03-26T19:00:00Z,2027-03-26T19:00:00Z,Fri,3,23,Week 23,false,,,,,American Airlines Center,TX,Dallas,N,,,False,1610612742,Mavericks,Dallas,DAL,mavericks,0,0,0,0,1610612740,Pelicans,New Orleans,NOP,pelicans,0,0,0,0,,,,,,,,,,,,,,,,,,,,,,,,,,,,,,,,,,natl,radio,1001098,SiriusXM,SiriusXM,,,https://www.siriusxm.com/sports/nba,-1,,,,,,,,,,,,,,,,,,,,,,,,,,,,,,,,,,,,,,,,,,,,,,,,,,,,,,,,,,,,,,,,,,,,
00,2026-27,03/26/2027 00:00:00,0022601069,20270326/ORLMIN,1,8:00 pm ET,3,2027-03-26T00:00:00Z,1900-01-01T20:00:00Z,2027-03-26T20:00:00Z,2027-03-26T04:00:00Z,1900-01-01T00:00:00Z,2027-03-27T00:00:00Z,2027-03-26T20:00:00Z,2027-03-26T19:00:00Z,Fri,3,23,Week 23,false,,,,,Target Center,MN,Minneapolis,N,,,False,1610612750,Timberwolves,Minnesota,MIN,timberwolves,0,0,0,0,1610612753,Magic,Orlando,ORL,magic,0,0,0,0,,,,,,,,,,,,,,,,,,,,,,,,,,,,,,,,,,natl,radio,1001098,SiriusXM,SiriusXM,,,https://www.siriusxm.com/sports/nba,-1,,,,,,,,,,,,,,,,,,,,,,,,,,,,,,,,,,,,,,,,,,,,,,,,,,,,,,,,,,,,,,,,,,,,
00,2026-27,03/26/2027 00:00:00,0022601070,20270326/LACOKC,1,8:00 pm ET,4,2027-03-26T00:00:00Z,1900-01-01T20:00:00Z,2027-03-26T20:00:00Z,2027-03-26T04:00:00Z,1900-01-01T00:00:00Z,2027-03-27T00:00:00Z,2027-03-26T17:00:00Z,2027-03-26T19:00:00Z,Fri,3,23,Week 23,false,,,,,Paycom Center,OK,Oklahoma City,N,,,False,1610612760,Thunder,Oklahoma City,OKC,thunder,0,0,0,0,1610612746,Clippers,LA,LAC,clippers,0,0,0,0,,,,,,,,,,,,,,,,,,,,,,,,,,,,,,,,,,natl,radio,1001098,SiriusXM,SiriusXM,,,https://www.siriusxm.com/sports/nba,-1,,,,,,,,,,,,,,,,,,,,,,,,,,,,,,,,,,,,,,,,,,,,,,,,,,,,,,,,,,,,,,,,,,,,
00,2026-27,03/26/2027 00:00:00,0022601071,20270326/MILPHX,1,10:00 pm ET,5,2027-03-26T00:00:00Z,1900-01-01T22:00:00Z,2027-03-26T22:00:00Z,2027-03-26T04:00:00Z,1900-01-01T02:00:00Z,2027-03-27T02:00:00Z,2027-03-26T21:00:00Z,2027-03-26T19:00:00Z,Fri,3,23,Week 23,false,,,,,Mortgage Matchup Center,AZ,Phoenix,N,,,False,1610612756,Suns,Phoenix,PHX,suns,0,0,0,0,1610612749,Bucks,Milwaukee,MIL,bucks,0,0,0,0,,,,,,,,,,,,,,,,,,,,,,,,,,,,,,,,,,natl,radio,1001098,SiriusXM,SiriusXM,,,https://www.siriusxm.com/sports/nba,-1,,,,,,,,,,,,,,,,,,,,,,,,,,,,,,,,,,,,,,,,,,,,,,,,,,,,,,,,,,,,,,,,,,,,
00,2026-27,03/26/2027 00:00:00,0022601072,20270326/PHIPOR,1,10:00 pm ET,6,2027-03-26T00:00:00Z,1900-01-01T22:00:00Z,2027-03-26T22:00:00Z,2027-03-26T04:00:00Z,1900-01-01T02:00:00Z,2027-03-27T02:00:00Z,2027-03-26T22:00:00Z,2027-03-26T19:00:00Z,Fri,3,23,Week 23,false,,,,,Moda Center,OR,Portland,N,,,False,1610612757,Trail Blazers,Portland,POR,blazers,0,0,0,0,1610612755,76ers,Philadelphia,PHI,sixers,0,0,0,0,natl,tv,7.0,NBA TV,NBA TV,Watch with League Pass or your TV subscription,,,-1.0,,,,,,,,,,,,,,,,,,,,,,,,,natl,radio,1001098,SiriusXM,SiriusXM,,,https://www.siriusxm.com/sports/nba,-1,,,,,,,,,,,,,,home,tv,1001196.0,KUNP,KUNP,,,,1610612757.0,,,,,,,,,,,,,,home,radio,1472.0,Rip City Radio 620,KPOJ,,,,1610612757.0,,,,,,,,,,,,,,,,,,,,,,,,
00,2026-27,03/27/2027 00:00:00,0022601073,20270327/SASDET,1,3:00 pm ET,1,2027-03-27T00:00:00Z,1900-01-01T15:00:00Z,2027-03-27T15:00:00Z,2027-03-27T04:00:00Z,1900-01-01T19:00:00Z,2027-03-27T19:00:00Z,2027-03-27T14:00:00Z,2027-03-27T15:00:00Z,Sat,3,23,Week 23,false,,,,,Little Caesars Arena,MI,Detroit,N,,,False,1610612765,Pistons,Detroit,DET,pistons,0,0,0,0,1610612759,Spurs,San Antonio,SAS,spurs,0,0,0,0,natl,tv,1000664.0,Prime Video,Amazon,,,https://www.amazon.com/gp/video/tournament/amzn1.dv.icid.cf75b42a-68cd-4a1c-993a-a0b3f0575c5f?jic=20%7CCgZTcG9ydHMSA2FsbA%3D%3D&ref_=atv_hm_spo_c_7a7vxF_4_6,-1.0,4.0,,,,,,,,,,,,,,,,,,,,,,,,natl,radio,1001098,SiriusXM,SiriusXM,,,https://www.siriusxm.com/sports/nba,-1,,,,,,,,,,,,,,,,,,,,,,,,,,,,,,,,,,,,,,,,,,,,,,,,,,,,,,,,,,,,,,,,,,,,
00,2026-27,03/27/2027 00:00:00,0022601074,20270327/UTAATL,1,7:00 pm ET,2,2027-03-27T00:00:00Z,1900-01-01T19:00:00Z,2027-03-27T19:00:00Z,2027-03-27T04:00:00Z,1900-01-01T23:00:00Z,2027-03-27T23:00:00Z,2027-03-27T17:00:00Z,2027-03-27T19:00:00Z,Sat,3,23,Week 23,false,,,,,State Farm Arena,GA,Atlanta,N,,,False,1610612737,Hawks,Atlanta,ATL,hawks,0,0,0,0,1610612762,Jazz,Utah,UTA,jazz,0,0,0,0,,,,,,,,,,,,,,,,,,,,,,,,,,,,,,,,,,natl,radio,1001098,SiriusXM,SiriusXM,,,https://www.siriusxm.com/sports/nba,-1,,,,,,,,,,,,,,,,,,,,,,,,,,,,,,,,,,,,,,,,,,,,,,,,,,,,,,,,,,,,,,,,,,,,
00,2026-27,03/27/2027 00:00:00,0022601075,20270327/GSWWAS,1,7:00 pm ET,3,2027-03-27T00:00:00Z,1900-01-01T19:00:00Z,2027-03-27T19:00:00Z,2027-03-27T04:00:00Z,1900-01-01T23:00:00Z,2027-03-27T23:00:00Z,2027-03-27T16:00:00Z,2027-03-27T19:00:00Z,Sat,3,23,Week 23,false,,,,,Capital One Arena,DC,Washington,N,,,False,1610612764,Wizards,Washington,WAS,wizards,0,0,0,0,1610612744,Warriors,Golden State,GSW,warriors,0,0,0,0,,,,,,,,,,,,,,,,,,,,,,,,,,,,,,,,,,natl,radio,1001098,SiriusXM,SiriusXM,,,https://www.siriusxm.com/sports/nba,-1,,,,,,,,,,,,,,,,,,,,,,,,,,,,,,,,,,,,,,,,,,,,,,,away,tv,1097.0,NBCSBA,NBCSBA,,,,1610612744.0,,,,,,,,,,,,,
00,2026-27,03/27/2027 00:00:00,0022601076,20270327/BOSMIA,1,8:00 pm ET,4,2027-03-27T00:00:00Z,1900-01-01T20:00:00Z,2027-03-27T20:00:00Z,2027-03-27T04:00:00Z,1900-01-01T00:00:00Z,2027-03-28T00:00:00Z,2027-03-27T20:00:00Z,2027-03-27T20:00:00Z,Sat,3,23,Week 23,false,,,,,Kaseya Center,FL,Miami,N,,,False,1610612748,Heat,Miami,MIA,heat,0,0,0,0,1610612738,Celtics,Boston,BOS,celtics,0,0,0,0,natl,tv,7.0,NBA TV,NBA TV,Watch with League Pass or your TV subscription,,,-1.0,,,,,,,,,,,,,,,,,,,,,,,,,natl,radio,1001098,SiriusXM,SiriusXM,,,https://www.siriusxm.com/sports/nba,-1,,,,,,,,,,,,,,home,tv,1001720.0,WPLG Local 10,WPLG,,,https://local10plusplatinum.maz.tv/open?deeplink=local10platinum://item/3776211-3882966?item=44d4cc7fbb9f4bd72cf272489b39eadf-3742525-3848761,1610612748.0,,,,,,,,,,,,,,home,radio,1001523.0,FM 104.3 WQAM / S: WAQI 710,WQAM-FM/WAQI,,,,1610612748.0,,,away,tv,1658.0,NBC SPORTS BOSTON,NBCSB,,,,1610612738.0,,,,,,,,,,,,,
00,2026-27,03/27/2027 00:00:00,0022601077,20270327/LACCHI,1,8:00 pm ET,5,2027-03-27T00:00:00Z,1900-01-01T20:00:00Z,2027-03-27T20:00:00Z,2027-03-27T04:00:00Z,1900-01-01T00:00:00Z,2027-03-28T00:00:00Z,2027-03-27T17:00:00Z,2027-03-27T19:00:00Z,Sat,3,23,Week 23,false,,,,,United Center,IL,Chicago,N,,,False,1610612741,Bulls,Chicago,CHI,bulls,0,0,0,0,1610612746,Clippers,LA,LAC,clippers,0,0,0,0,,,,,,,,,,,,,,,,,,,,,,,,,,,,,,,,,,natl,radio,1001098,SiriusXM,SiriusXM,,,https://www.siriusxm.com/sports/nba,-1,,,,,,,,,,,,,,,,,,,,,,,,,,,,,,,,,,,,,,,,,,,,,,,,,,,,,,,,,,,,,,,,,,,,
00,2026-27,03/27/2027 00:00:00,0022601078,20270327/MILPOR,1,10:00 pm ET,6,2027-03-27T00:00:00Z,1900-01-01T22:00:00Z,2027-03-27T22:00:00Z,2027-03-27T04:00:00Z,1900-01-01T02:00:00Z,2027-03-28T02:00:00Z,2027-03-27T21:00:00Z,2027-03-27T19:00:00Z,Sat,3,23,Week 23,false,,,,,Moda Center,OR,Portland,N,,,False,1610612757,Trail Blazers,Portland,POR,blazers,0,0,0,0,1610612749,Bucks,Milwaukee,MIL,bucks,0,0,0,0,,,,,,,,,,,,,,,,,,,,,,,,,,,,,,,,,,natl,radio,1001098,SiriusXM,SiriusXM,,,https://www.siriusxm.com/sports/nba,-1,,,,,,,,,,,,,,home,tv,1001196.0,KUNP,KUNP,,,,1610612757.0,,,,,,,,,,,,,,home,radio,1472.0,Rip City Radio 620,KPOJ,,,,1610612757.0,,,,,,,,,,,,,,,,,,,,,,,,
00,2026-27,03/27/2027 00:00:00,0022601079,20270327/TORSAC,1,10:00 pm ET,7,2027-03-27T00:00:00Z,1900-01-01T22:00:00Z,2027-03-27T22:00:00Z,2027-03-27T04:00:00Z,1900-01-01T02:00:00Z,2027-03-28T02:00:00Z,2027-03-27T22:00:00Z,2027-03-27T19:00:00Z,Sat,3,23,Week 23,false,,,,,Golden 1 Center,CA,Sacramento,N,,,False,1610612758,Kings,Sacramento,SAC,kings,0,0,0,0,1610612761,Raptors,Toronto,TOR,raptors,0,0,0,0,,,,,,,,,,,,,,,,,,,,,,,,,,,,,,,,,,natl,radio,1001098,SiriusXM,SiriusXM,,,https://www.siriusxm.com/sports/nba,-1,,,,,,,,,,,,,,home,tv,1027.0,NBCSCA,NBCSCA,,,,1610612758.0,,,,,,,,,,,,,,,,,,,,,,,,,,,,,,,,,,,,,,,,,,,,,,
00,2026-27,03/28/2027 00:00:00,0022601080,20270328/NYKORL,1,12:30 pm ET,1,2027-03-28T00:00:00Z,1900-01-01T12:30:00Z,2027-03-28T12:30:00Z,2027-03-28T04:00:00Z,1900-01-01T16:30:00Z,2027-03-28T16:30:00Z,2027-03-28T12:30:00Z,2027-03-28T12:30:00Z,Sun,3,23,Week 23,false,,,,,Kia Center,FL,Orlando,N,,,False,1610612753,Magic,Orlando,ORL,magic,0,0,0,0,1610612752,Knicks,New York,NYK,knicks,0,0,0,0,natl,tv,2.0,ESPN,ESPN,,,https://www.espn.com/watch/catalog/7b3729c9-7f69-308a-bf8a-ee15a6aba154/nba#bucketId=29446&sourceCollection=Featured_Sports_,-1.0,2.0,,,,,,,,,,,,,,,,,,,,,,,,natl,radio,1001098,SiriusXM,SiriusXM,,,https://www.siriusxm.com/sports/nba,-1,,,,,,,,,,,,,,,,,,,,,,,,,,,,,,,,,,,,,,,,,,,,,,,,,,,,,,,,,,,,,,,,,,,,
00,2026-27,03/28/2027 00:00:00,0022601081,20270328/MEMBKN,1,3:00 pm ET,2,2027-03-28T00:00:00Z,1900-01-01T15:00:00Z,2027-03-28T15:00:00Z,2027-03-28T04:00:00Z,1900-01-01T19:00:00Z,2027-03-28T19:00:00Z,2027-03-28T14:00:00Z,2027-03-28T15:00:00Z,Sun,3,23,Week 23,false,,,,,Barclays Center,NY,Brooklyn,N,,,False,1610612751,Nets,Brooklyn,BKN,nets,0,0,0,0,1610612763,Grizzlies,Memphis,MEM,grizzlies,0,0,0,0,,,,,,,,,,,,,,,,,,,,,,,,,,,,,,,,,,natl,radio,1001098,SiriusXM,SiriusXM,,,https://www.siriusxm.com/sports/nba,-1,,,,,,,,,,,,,,home,tv,175.0,DAZN (YES),YES,,,,1610612751.0,,,,,,,,,,,,,,,,,,,,,,,,,,,,,,,,,,,,,,,,,,,,,,
00,2026-27,03/28/2027 00:00:00,0022601082,20270328/LALHOU,1,3:00 pm ET,3,2027-03-28T00:00:00Z,1900-01-01T15:00:00Z,2027-03-28T15:00:00Z,2027-03-28T04:00:00Z,1900-01-01T19:00:00Z,2027-03-28T19:00:00Z,2027-03-28T12:00:00Z,2027-03-28T14:00:00Z,Sun,3,23,Week 23,false,,,,,Toyota Center,TX,Houston,N,,,False,1610612745,Rockets,Houston,HOU,rockets,0,0,0,0,1610612747,Lakers,Los Angeles,LAL,lakers,0,0,0,0,natl,tv,2.0,ESPN,ESPN,,,https://www.espn.com/watch/catalog/7b3729c9-7f69-308a-bf8a-ee15a6aba154/nba#bucketId=29446&sourceCollection=Featured_Sports_,-1.0,2.0,,,,,,,,,,,,,,,,,,,,,,,,natl,radio,1001098,SiriusXM,SiriusXM,,,https://www.siriusxm.com/sports/nba,-1,,,,,,,,,,,,,,,,,,,,,,,,,,,,,,,,,,,,,,,,,,,,,,,away,tv,1651.0,Spectrum SportsNet,SPECSN,,,,1610612747.0,,,away,radio,1001605.0,ESPN LA 710/980 KFWB,KSPN/KFWB,,,,1610612747.0,,
00,2026-27,03/28/2027 00:00:00,0022601083,20270328/UTACHA,1,6:00 pm ET,4,2027-03-28T00:00:00Z,1900-01-01T18:00:00Z,2027-03-28T18:00:00Z,2027-03-28T04:00:00Z,1900-01-01T22:00:00Z,2027-03-28T22:00:00Z,2027-03-28T16:00:00Z,2027-03-28T18:00:00Z,Sun,3,23,Week 23,false,,,,,Spectrum Center,NC,Charlotte,N,,,False,1610612766,Hornets,Charlotte,CHA,hornets,0,0,0,0,1610612762,Jazz,Utah,UTA,jazz,0,0,0,0,,,,,,,,,,,,,,,,,,,,,,,,,,,,,,,,,,natl,radio,1001098,SiriusXM,SiriusXM,,,https://www.siriusxm.com/sports/nba,-1,,,,,,,,,,,,,,,,,,,,,,,,,,,,,,,,,,,,,,,,,,,,,,,,,,,,,,,,,,,,,,,,,,,,
00,2026-27,03/28/2027 00:00:00,0022601084,20270328/DALWAS,1,6:00 pm ET,5,2027-03-28T00:00:00Z,1900-01-01T18:00:00Z,2027-03-28T18:00:00Z,2027-03-28T04:00:00Z,1900-01-01T22:00:00Z,2027-03-28T22:00:00Z,2027-03-28T17:00:00Z,2027-03-28T18:00:00Z,Sun,3,23,Week 23,false,,,,,Capital One Arena,DC,Washington,N,,,False,1610612764,Wizards,Washington,WAS,wizards,0,0,0,0,1610612742,Mavericks,Dallas,DAL,mavericks,0,0,0,0,,,,,,,,,,,,,,,,,,,,,,,,,,,,,,,,,,natl,radio,1001098,SiriusXM,SiriusXM,,,https://www.siriusxm.com/sports/nba,-1,,,,,,,,,,,,,,,,,,,,,,,,,,,,,,,,,,,,,,,,,,,,,,,,,,,,,,,,,,,,,,,,,,,,
00,2026-27,03/28/2027 00:00:00,0022601085,20270328/BOSNOP,1,7:00 pm ET,6,2027-03-28T00:00:00Z,1900-01-01T19:00:00Z,2027-03-28T19:00:00Z,2027-03-28T04:00:00Z,1900-01-01T23:00:00Z,2027-03-28T23:00:00Z,2027-03-28T19:00:00Z,2027-03-28T18:00:00Z,Sun,3,23,Week 23,false,,,,,Smoothie King Center,LA,New Orleans,N,,,False,1610612740,Pelicans,New Orleans,NOP,pelicans,0,0,0,0,1610612738,Celtics,Boston,BOS,celtics,0,0,0,0,,,,,,,,,,,,,,,,,,,,,,,,,,,,,,,,,,natl,radio,1001098,SiriusXM,SiriusXM,,,https://www.siriusxm.com/sports/nba,-1,,,,,,,,,,,,,,,,,,,,,,,,,,,,,,,,,,,,,,,,,,,,,,,away,tv,1658.0,NBC SPORTS BOSTON,NBCSB,,,,1610612738.0,,,,,,,,,,,,,
00,2026-27,03/28/2027 00:00:00,0022601086,20270328/OKCMIN,1,7:30 pm ET,7,2027-03-28T00:00:00Z,1900-01-01T19:30:00Z,2027-03-28T19:30:00Z,2027-03-28T04:00:00Z,1900-01-01T23:30:00Z,2027-03-28T23:30:00Z,2027-03-28T18:30:00Z,2027-03-28T18:30:00Z,Sun,3,23,Week 23,false,,,,,Target Center,MN,Minneapolis,N,,,False,1610612750,Timberwolves,Minnesota,MIN,timberwolves,0,0,0,0,1610612760,Thunder,Oklahoma City,OKC,thunder,0,0,0,0,natl,tv,1001452.0,NBC,NBC,,,,-1.0,5.0,National,natl,tv,1001453.0,Peacock,Peacock,,,https://www.peacocktv.com/sports/nba?cid=2508sptnbaexterndinapplk26427&utm_campaign=2508sptnba&utm_source=nba_nba_nba&utm_medium=ernd_inapplk_acq_inapbnr&utm_term=nbafans&utm_content=nbaapplinks,-1.0,3.0,,,,,,,,,,,,,natl,radio,1001098,SiriusXM,SiriusXM,,,https://www.siriusxm.com/sports/nba,-1,,,,,,,,,,,,,,,,,,,,,,,,,,,,,,,,,,,,,,,,,,,,,,,,,,,,,,,,,,,,,,,,,,,,
00,2026-27,03/28/2027 00:00:00,0022601087,20270328/TORPHX,1,9:00 pm ET,8,2027-03-28T00:00:00Z,1900-01-01T21:00:00Z,2027-03-28T21:00:00Z,2027-03-28T04:00:00Z,1900-01-01T01:00:00Z,2027-03-29T01:00:00Z,2027-03-28T21:00:00Z,2027-03-28T18:00:00Z,Sun,3,23,Week 23,false,,,,,Mortgage Matchup Center,AZ,Phoenix,N,,,False,1610612756,Suns,Phoenix,PHX,suns,0,0,0,0,1610612761,Raptors,Toronto,TOR,raptors,0,0,0,0,,,,,,,,,,,,,,,,,,,,,,,,,,,,,,,,,,natl,radio,1001098,SiriusXM,SiriusXM,,,https://www.siriusxm.com/sports/nba,-1,,,,,,,,,,,,,,,,,,,,,,,,,,,,,,,,,,,,,,,,,,,,,,,,,,,,,,,,,,,,,,,,,,,,
00,2026-27,03/28/2027 00:00:00,0022601088,20270328/PHIDEN,1,10:00 pm ET,9,2027-03-28T00:00:00Z,1900-01-01T22:00:00Z,2027-03-28T22:00:00Z,2027-03-28T04:00:00Z,1900-01-01T02:00:00Z,2027-03-29T02:00:00Z,2027-03-28T22:00:00Z,2027-03-28T20:00:00Z,Sun,3,23,Week 23,false,,,,,Ball Arena,CO,Denver,N,,,False,1610612743,Nuggets,Denver,DEN,nuggets,0,0,0,0,1610612755,76ers,Philadelphia,PHI,sixers,0,0,0,0,natl,tv,147.0,Telemundo,Telemundo,,,,-1.0,10.0,,natl,tv,1001452.0,NBC,NBC,,,,-1.0,5.0,National,natl,tv,1001453.0,Peacock,Peacock,,,https://www.peacocktv.com/sports/nba?cid=2508sptnbaexterndinapplk26427&utm_campaign=2508sptnba&utm_source=nba_nba_nba&utm_medium=ernd_inapplk_acq_inapbnr&utm_term=nbafans&utm_content=nbaapplinks,-1.0,3.0,,natl,radio,1001098,SiriusXM,SiriusXM,,,https://www.siriusxm.com/sports/nba,-1,,,,,,,,,,,,,,,,,,,,,,,,,,,,,,,,,,,,,,,,,,,,,,,,,,,,,,,,,,,,,,,,,,,,
00,2026-27,03/29/2027 00:00:00,0022601089,20270329/MINATL,1,7:00 pm ET,1,2027-03-29T00:00:00Z,1900-01-01T19:00:00Z,2027-03-29T19:00:00Z,2027-03-29T04:00:00Z,1900-01-01T23:00:00Z,2027-03-29T23:00:00Z,2027-03-29T18:00:00Z,2027-03-29T19:00:00Z,Mon,3,24,Week 24,false,,,,,State Farm Arena,GA,Atlanta,N,,,False,1610612737,Hawks,Atlanta,ATL,hawks,0,0,0,0,1610612750,Timberwolves,Minnesota,MIN,timberwolves,0,0,0,0,,,,,,,,,,,,,,,,,,,,,,,,,,,,,,,,,,natl,radio,1001098,SiriusXM,SiriusXM,,,https://www.siriusxm.com/sports/nba,-1,,,,,,,,,,,,,,,,,,,,,,,,,,,,,,,,,,,,,,,,,,,,,,,,,,,,,,,,,,,,,,,,,,,,
00,2026-27,03/29/2027 00:00:00,0022601090,20270329/MIACLE,1,7:00 pm ET,2,2027-03-29T00:00:00Z,1900-01-01T19:00:00Z,2027-03-29T19:00:00Z,2027-03-29T04:00:00Z,1900-01-01T23:00:00Z,2027-03-29T23:00:00Z,2027-03-29T19:00:00Z,2027-03-29T19:00:00Z,Mon,3,24,Week 24,false,,,,,Rocket Arena,OH,Cleveland,N,,,False,1610612739,Cavaliers,Cleveland,CLE,cavaliers,0,0,0,0,1610612748,Heat,Miami,MIA,heat,0,0,0,0,natl,tv,1001453.0,Peacock,Peacock,,,https://www.peacocktv.com/sports/nba?cid=2508sptnbaexterndinapplk26427&utm_campaign=2508sptnba&utm_source=nba_nba_nba&utm_medium=ernd_inapplk_acq_inapbnr&utm_term=nbafans&utm_content=nbaapplinks,-1.0,3.0,,natl,tv,1001488.0,NBC Sports Network,NBCSN,,,,-1.0,7.0,National,,,,,,,,,,,,natl,radio,1001098,SiriusXM,SiriusXM,,,https://www.siriusxm.com/sports/nba,-1,,,,,,,,,,,,,,,,,,,,,,,,,,,,,,,,,,,,,,,,,,,,,,,away,tv,1001720.0,WPLG Local 10,WPLG,,,https://local10plusplatinum.maz.tv/open?deeplink=local10platinum://item/3776211-3882966?item=44d4cc7fbb9f4bd72cf272489b39eadf-3742525-3848761,1610612748.0,,,away,radio,1001523.0,FM 104.3 WQAM / S: WAQI 710,WQAM-FM/WAQI,,,,1610612748.0,,
00,2026-27,03/29/2027 00:00:00,0022601091,20270329/LACDET,1,7:00 pm ET,3,2027-03-29T00:00:00Z,1900-01-01T19:00:00Z,2027-03-29T19:00:00Z,2027-03-29T04:00:00Z,1900-01-01T23:00:00Z,2027-03-29T23:00:00Z,2027-03-29T16:00:00Z,2027-03-29T19:00:00Z,Mon,3,24,Week 24,false,,,,,Little Caesars Arena,MI,Detroit,N,,,False,1610612765,Pistons,Detroit,DET,pistons,0,0,0,0,1610612746,Clippers,LA,LAC,clippers,0,0,0,0,,,,,,,,,,,,,,,,,,,,,,,,,,,,,,,,,,natl,radio,1001098,SiriusXM,SiriusXM,,,https://www.siriusxm.com/sports/nba,-1,,,,,,,,,,,,,,,,,,,,,,,,,,,,,,,,,,,,,,,,,,,,,,,,,,,,,,,,,,,,,,,,,,,,
00,2026-27,03/29/2027 00:00:00,0022601092,20270329/GSWBKN,1,7:30 pm ET,4,2027-03-29T00:00:00Z,1900-01-01T19:30:00Z,2027-03-29T19:30:00Z,2027-03-29T04:00:00Z,1900-01-01T23:30:00Z,2027-03-29T23:30:00Z,2027-03-29T16:30:00Z,2027-03-29T19:30:00Z,Mon,3,24,Week 24,false,,,,,Barclays Center,NY,Brooklyn,N,,,False,1610612751,Nets,Brooklyn,BKN,nets,0,0,0,0,1610612744,Warriors,Golden State,GSW,warriors,0,0,0,0,,,,,,,,,,,,,,,,,,,,,,,,,,,,,,,,,,natl,radio,1001098,SiriusXM,SiriusXM,,,https://www.siriusxm.com/sports/nba,-1,,,,,,,,,,,,,,home,tv,175.0,DAZN (YES),YES,,,,1610612751.0,,,,,,,,,,,,,,,,,,,,,,,,,away,tv,1097.0,NBCSBA,NBCSBA,,,,1610612744.0,,,,,,,,,,,,,
00,2026-27,03/29/2027 00:00:00,0022601093,20270329/INDCHI,1,8:00 pm ET,5,2027-03-29T00:00:00Z,1900-01-01T20:00:00Z,2027-03-29T20:00:00Z,2027-03-29T04:00:00Z,1900-01-01T00:00:00Z,2027-03-30T00:00:00Z,2027-03-29T20:00:00Z,2027-03-29T19:00:00Z,Mon,3,24,Week 24,false,,,,,United Center,IL,Chicago,N,,,False,1610612741,Bulls,Chicago,CHI,bulls,0,0,0,0,1610612754,Pacers,Indiana,IND,pacers,0,0,0,0,,,,,,,,,,,,,,,,,,,,,,,,,,,,,,,,,,natl,radio,1001098,SiriusXM,SiriusXM,,,https://www.siriusxm.com/sports/nba,-1,,,,,,,,,,,,,,,,,,,,,,,,,,,,,,,,,,,,,,,,,,,,,,,,,,,,,,,,,,,,,,,,,,,,
00,2026-27,03/29/2027 00:00:00,0022601094,20270329/DALMIL,1,8:00 pm ET,6,2027-03-29T00:00:00Z,1900-01-01T20:00:00Z,2027-03-29T20:00:00Z,2027-03-29T04:00:00Z,1900-01-01T00:00:00Z,2027-03-30T00:00:00Z,2027-03-29T19:00:00Z,2027-03-29T19:00:00Z,Mon,3,24,Week 24,false,,,,,Fiserv Forum,WI,Milwaukee,N,,,False,1610612749,Bucks,Milwaukee,MIL,bucks,0,0,0,0,1610612742,Mavericks,Dallas,DAL,mavericks,0,0,0,0,,,,,,,,,,,,,,,,,,,,,,,,,,,,,,,,,,natl,radio,1001098,SiriusXM,SiriusXM,,,https://www.siriusxm.com/sports/nba,-1,,,,,,,,,,,,,,,,,,,,,,,,,,,,,,,,,,,,,,,,,,,,,,,,,,,,,,,,,,,,,,,,,,,,
00,2026-27,03/29/2027 00:00:00,0022601095,20270329/PHXSAS,1,9:30 pm ET,7,2027-03-29T00:00:00Z,1900-01-01T21:30:00Z,2027-03-29T21:30:00Z,2027-03-29T04:00:00Z,1900-01-01T01:30:00Z,2027-03-30T01:30:00Z,2027-03-29T18:30:00Z,2027-03-29T20:30:00Z,Mon,3,24,Week 24,false,,,,,Frost Bank Center,TX,San Antonio,N,,,False,1610612759,Spurs,San Antonio,SAS,spurs,0,0,0,0,1610612756,Suns,Phoenix,PHX,suns,0,0,0,0,natl,tv,1001453.0,Peacock,Peacock,,,https://www.peacocktv.com/sports/nba?cid=2508sptnbaexterndinapplk26427&utm_campaign=2508sptnba&utm_source=nba_nba_nba&utm_medium=ernd_inapplk_acq_inapbnr&utm_term=nbafans&utm_content=nbaapplinks,-1.0,3.0,,natl,tv,1001488.0,NBC Sports Network,NBCSN,,,,-1.0,7.0,National,,,,,,,,,,,,natl,radio,1001098,SiriusXM,SiriusXM,,,https://www.siriusxm.com/sports/nba,-1,,,,,,,,,,,,,,,,,,,,,,,,,,,,,,,,,,,,,,,,,,,,,,,,,,,,,,,,,,,,,,,,,,,,
00,2026-27,03/29/2027 00:00:00,0022601096,20270329/DENSAC,1,10:00 pm ET,8,2027-03-29T00:00:00Z,1900-01-01T22:00:00Z,2027-03-29T22:00:00Z,2027-03-29T04:00:00Z,1900-01-01T02:00:00Z,2027-03-30T02:00:00Z,2027-03-29T20:00:00Z,2027-03-29T19:00:00Z,Mon,3,24,Week 24,false,,,,,Golden 1 Center,CA,Sacramento,N,,,False,1610612758,Kings,Sacramento,SAC,kings,0,0,0,0,1610612743,Nuggets,Denver,DEN,nuggets,0,0,0,0,,,,,,,,,,,,,,,,,,,,,,,,,,,,,,,,,,natl,radio,1001098,SiriusXM,SiriusXM,,,https://www.siriusxm.com/sports/nba,-1,,,,,,,,,,,,,,home,tv,1027.0,NBCSCA,NBCSCA,,,,1610612758.0,,,,,,,,,,,,,,,,,,,,,,,,,,,,,,,,,,,,,,,,,,,,,,
00,2026-27,03/30/2027 00:00:00,0022601097,20270330/MIACHA,1,7:00 pm ET,1,2027-03-30T00:00:00Z,1900-01-01T19:00:00Z,2027-03-30T19:00:00Z,2027-03-30T04:00:00Z,1900-01-01T23:00:00Z,2027-03-30T23:00:00Z,2027-03-30T19:00:00Z,2027-03-30T19:00:00Z,Tue,3,24,Week 24,false,,,,,Spectrum Center,NC,Charlotte,N,,,False,1610612766,Hornets,Charlotte,CHA,hornets,0,0,0,0,1610612748,Heat,Miami,MIA,heat,0,0,0,0,,,,,,,,,,,,,,,,,,,,,,,,,,,,,,,,,,natl,radio,1001098,SiriusXM,SiriusXM,,,https://www.siriusxm.com/sports/nba,-1,,,,,,,,,,,,,,,,,,,,,,,,,,,,,,,,,,,,,,,,,,,,,,,away,tv,1001720.0,WPLG Local 10,WPLG,,,https://local10plusplatinum.maz.tv/open?deeplink=local10platinum://item/3776211-3882966?item=44d4cc7fbb9f4bd72cf272489b39eadf-3742525-3848761,1610612748.0,,,away,radio,1001523.0,FM 104.3 WQAM / S: WAQI 710,WQAM-FM/WAQI,,,,1610612748.0,,
00,2026-27,03/30/2027 00:00:00,0022601098,20270330/BOSIND,1,8:00 pm ET,2,2027-03-30T00:00:00Z,1900-01-01T20:00:00Z,2027-03-30T20:00:00Z,2027-03-30T04:00:00Z,1900-01-01T00:00:00Z,2027-03-31T00:00:00Z,2027-03-30T20:00:00Z,2027-03-30T20:00:00Z,Tue,3,24,Week 24,false,,,,,Gainbridge Fieldhouse,IN,Indianapolis,N,,,False,1610612754,Pacers,Indiana,IND,pacers,0,0,0,0,1610612738,Celtics,Boston,BOS,celtics,0,0,0,0,,,,,,,,,,,,,,,,,,,,,,,,,,,,,,,,,,natl,radio,1001098,SiriusXM,SiriusXM,,,https://www.siriusxm.com/sports/nba,-1,,,,,,,,,,,,,,,,,,,,,,,,,,,,,,,,,,,,,,,,,,,,,,,away,tv,1658.0,NBC SPORTS BOSTON,NBCSB,,,,1610612738.0,,,,,,,,,,,,,
00,2026-27,03/30/2027 00:00:00,0022601099,20270330/NYKORL,1,8:00 pm ET,3,2027-03-30T00:00:00Z,1900-01-01T20:00:00Z,2027-03-30T20:00:00Z,2027-03-30T04:00:00Z,1900-01-01T00:00:00Z,2027-03-31T00:00:00Z,2027-03-30T20:00:00Z,2027-03-30T20:00:00Z,Tue,3,24,Week 24,false,,,,,Kia Center,FL,Orlando,N,,,False,1610612753,Magic,Orlando,ORL,magic,0,0,0,0,1610612752,Knicks,New York,NYK,knicks,0,0,0,0,natl,tv,1001452.0,NBC,NBC,,,,-1.0,5.0,East,natl,tv,1001453.0,Peacock,Peacock,,,https://www.peacocktv.com/sports/nba?cid=2508sptnbaexterndinapplk26427&utm_campaign=2508sptnba&utm_source=nba_nba_nba&utm_medium=ernd_inapplk_acq_inapbnr&utm_term=nbafans&utm_content=nbaapplinks,-1.0,3.0,,,,,,,,,,,,,natl,radio,1001098,SiriusXM,SiriusXM,,,https://www.siriusxm.com/sports/nba,-1,,,,,,,,,,,,,,,,,,,,,,,,,,,,,,,,,,,,,,,,,,,,,,,,,,,,,,,,,,,,,,,,,,,,
00,2026-27,03/30/2027 00:00:00,0022601100,20270330/LALMEM,1,8:00 pm ET,4,2027-03-30T00:00:00Z,1900-01-01T20:00:00Z,2027-03-30T20:00:00Z,2027-03-30T04:00:00Z,1900-01-01T00:00:00Z,2027-03-31T00:00:00Z,2027-03-30T17:00:00Z,2027-03-30T19:00:00Z,Tue,3,24,Week 24,false,,,,,FedExForum,TN,Memphis,N,,,False,1610612763,Grizzlies,Memphis,MEM,grizzlies,0,0,0,0,1610612747,Lakers,Los Angeles,LAL,lakers,0,0,0,0,,,,,,,,,,,,,,,,,,,,,,,,,,,,,,,,,,natl,radio,1001098,SiriusXM,SiriusXM,,,https://www.siriusxm.com/sports/nba,-1,,,,,,,,,,,,,,,,,,,,,,,,,,,,,,,,,,,,,,,,,,,,,,,away,tv,1651.0,Spectrum SportsNet,SPECSN,,,,1610612747.0,,,away,radio,1001605.0,ESPN LA 710/980 KFWB,KSPN/KFWB,,,,1610612747.0,,
00,2026-27,03/30/2027 00:00:00,0022601101,20270330/OKCUTA,1,9:00 pm ET,5,2027-03-30T00:00:00Z,1900-01-01T21:00:00Z,2027-03-30T21:00:00Z,2027-03-30T04:00:00Z,1900-01-01T01:00:00Z,2027-03-31T01:00:00Z,2027-03-30T20:00:00Z,2027-03-30T19:00:00Z,Tue,3,24,Week 24,false,,,,,Delta Center,UT,Salt Lake City,N,,,False,1610612762,Jazz,Utah,UTA,jazz,0,0,0,0,1610612760,Thunder,Oklahoma City,OKC,thunder,0,0,0,0,,,,,,,,,,,,,,,,,,,,,,,,,,,,,,,,,,natl,radio,1001098,SiriusXM,SiriusXM,,,https://www.siriusxm.com/sports/nba,-1,,,,,,,,,,,,,,,,,,,,,,,,,,,,,,,,,,,,,,,,,,,,,,,,,,,,,,,,,,,,,,,,,,,,
00,2026-27,03/30/2027 00:00:00,0022601102,20270330/HOUPOR,1,11:00 pm ET,6,2027-03-30T00:00:00Z,1900-01-01T23:00:00Z,2027-03-30T23:00:00Z,2027-03-30T04:00:00Z,1900-01-01T03:00:00Z,2027-03-31T03:00:00Z,2027-03-30T22:00:00Z,2027-03-30T20:00:00Z,Tue,3,24,Week 24,false,,,,,Moda Center,OR,Portland,N,,,False,1610612757,Trail Blazers,Portland,POR,blazers,0,0,0,0,1610612745,Rockets,Houston,HOU,rockets,0,0,0,0,natl,tv,1001452.0,NBC,NBC,,,,-1.0,5.0,West,natl,tv,1001453.0,Peacock,Peacock,,,https://www.peacocktv.com/sports/nba?cid=2508sptnbaexterndinapplk26427&utm_campaign=2508sptnba&utm_source=nba_nba_nba&utm_medium=ernd_inapplk_acq_inapbnr&utm_term=nbafans&utm_content=nbaapplinks,-1.0,3.0,,,,,,,,,,,,,natl,radio,1001098,SiriusXM,SiriusXM,,,https://www.siriusxm.com/sports/nba,-1,,,,,,,,,,,,,,home,tv,1001196.0,KUNP,KUNP,,,,1610612757.0,,,,,,,,,,,,,,home,radio,1472.0,Rip City Radio 620,KPOJ,,,,1610612757.0,,,,,,,,,,,,,,,,,,,,,,,,
00,2026-27,03/31/2027 00:00:00,0022601103,20270331/LACATL,1,7:00 pm ET,1,2027-03-31T00:00:00Z,1900-01-01T19:00:00Z,2027-03-31T19:00:00Z,2027-03-31T04:00:00Z,1900-01-01T23:00:00Z,2027-03-31T23:00:00Z,2027-03-31T16:00:00Z,2027-03-31T19:00:00Z,Wed,3,24,Week 24,false,,,,,State Farm Arena,GA,Atlanta,N,,,False,1610612737,Hawks,Atlanta,ATL,hawks,0,0,0,0,1610612746,Clippers,LA,LAC,clippers,0,0,0,0,,,,,,,,,,,,,,,,,,,,,,,,,,,,,,,,,,natl,radio,1001098,SiriusXM,SiriusXM,,,https://www.siriusxm.com/sports/nba,-1,,,,,,,,,,,,,,,,,,,,,,,,,,,,,,,,,,,,,,,,,,,,,,,,,,,,,,,,,,,,,,,,,,,,
00,2026-27,03/31/2027 00:00:00,0022601104,20270331/TORDET,1,7:00 pm ET,2,2027-03-31T00:00:00Z,1900-01-01T19:00:00Z,2027-03-31T19:00:00Z,2027-03-31T04:00:00Z,1900-01-01T23:00:00Z,2027-03-31T23:00:00Z,2027-03-31T19:00:00Z,2027-03-31T19:00:00Z,Wed,3,24,Week 24,false,,,,,Little Caesars Arena,MI,Detroit,N,,,False,1610612765,Pistons,Detroit,DET,pistons,0,0,0,0,1610612761,Raptors,Toronto,TOR,raptors,0,0,0,0,,,,,,,,,,,,,,,,,,,,,,,,,,,,,,,,,,natl,radio,1001098,SiriusXM,SiriusXM,,,https://www.siriusxm.com/sports/nba,-1,,,,,,,,,,,,,,,,,,,,,,,,,,,,,,,,,,,,,,,,,,,,,,,,,,,,,,,,,,,,,,,,,,,,
00,2026-27,03/31/2027 00:00:00,0022601105,20270331/GSWPHI,1,7:00 pm ET,3,2027-03-31T00:00:00Z,1900-01-01T19:00:00Z,2027-03-31T19:00:00Z,2027-03-31T04:00:00Z,1900-01-01T23:00:00Z,2027-03-31T23:00:00Z,2027-03-31T16:00:00Z,2027-03-31T19:00:00Z,Wed,3,24,Week 24,false,,,,,Xfinity Mobile Arena,PA,Philadelphia,N,,,False,1610612755,76ers,Philadelphia,PHI,sixers,0,0,0,0,1610612744,Warriors,Golden State,GSW,warriors,0,0,0,0,natl,tv,2.0,ESPN,ESPN,,,https://www.espn.com/watch/catalog/7b3729c9-7f69-308a-bf8a-ee15a6aba154/nba#bucketId=29446&sourceCollection=Featured_Sports_,-1.0,2.0,,,,,,,,,,,,,,,,,,,,,,,,natl,radio,1001098,SiriusXM,SiriusXM,,,https://www.siriusxm.com/sports/nba,-1,,,,,,,,,,,,,,,,,,,,,,,,,,,,,,,,,,,,,,,,,,,,,,,away,tv,1097.0,NBCSBA,NBCSBA,,,,1610612744.0,,,,,,,,,,,,,
00,2026-27,03/31/2027 00:00:00,0022601106,20270331/CHIWAS,1,7:00 pm ET,4,2027-03-31T00:00:00Z,1900-01-01T19:00:00Z,2027-03-31T19:00:00Z,2027-03-31T04:00:00Z,1900-01-01T23:00:00Z,2027-03-31T23:00:00Z,2027-03-31T18:00:00Z,2027-03-31T19:00:00Z,Wed,3,24,Week 24,false,,,,,Capital One Arena,DC,Washington,N,,,False,1610612764,Wizards,Washington,WAS,wizards,0,0,0,0,1610612741,Bulls,Chicago,CHI,bulls,0,0,0,0,,,,,,,,,,,,,,,,,,,,,,,,,,,,,,,,,,natl,radio,1001098,SiriusXM,SiriusXM,,,https://www.siriusxm.com/sports/nba,-1,,,,,,,,,,,,,,,,,,,,,,,,,,,,,,,,,,,,,,,,,,,,,,,,,,,,,,,,,,,,,,,,,,,,
00,2026-27,03/31/2027 00:00:00,0022601107,20270331/CLEBKN,1,7:30 pm ET,5,2027-03-31T00:00:00Z,1900-01-01T19:30:00Z,2027-03-31T19:30:00Z,2027-03-31T04:00:00Z,1900-01-01T23:30:00Z,2027-03-31T23:30:00Z,2027-03-31T19:30:00Z,2027-03-31T19:30:00Z,Wed,3,24,Week 24,false,,,,,Barclays Center,NY,Brooklyn,N,,,False,1610612751,Nets,Brooklyn,BKN,nets,0,0,0,0,1610612739,Cavaliers,Cleveland,CLE,cavaliers,0,0,0,0,,,,,,,,,,,,,,,,,,,,,,,,,,,,,,,,,,natl,radio,1001098,SiriusXM,SiriusXM,,,https://www.siriusxm.com/sports/nba,-1,,,,,,,,,,,,,,home,tv,175.0,DAZN (YES),YES,,,,1610612751.0,,,,,,,,,,,,,,,,,,,,,,,,,,,,,,,,,,,,,,,,,,,,,,
00,2026-27,03/31/2027 00:00:00,0022601108,20270331/NOPMIL,1,8:00 pm ET,6,2027-03-31T00:00:00Z,1900-01-01T20:00:00Z,2027-03-31T20:00:00Z,2027-03-31T04:00:00Z,1900-01-01T00:00:00Z,2027-04-01T00:00:00Z,2027-03-31T19:00:00Z,2027-03-31T19:00:00Z,Wed,3,24,Week 24,false,,,,,Fiserv Forum,WI,Milwaukee,N,,,False,1610612749,Bucks,Milwaukee,MIL,bucks,0,0,0,0,1610612740,Pelicans,New Orleans,NOP,pelicans,0,0,0,0,,,,,,,,,,,,,,,,,,,,,,,,,,,,,,,,,,natl,radio,1001098,SiriusXM,SiriusXM,,,https://www.siriusxm.com/sports/nba,-1,,,,,,,,,,,,,,,,,,,,,,,,,,,,,,,,,,,,,,,,,,,,,,,,,,,,,,,,,,,,,,,,,,,,
00,2026-27,03/31/2027 00:00:00,0022601109,20270331/SACMIN,1,8:00 pm ET,7,2027-03-31T00:00:00Z,1900-01-01T20:00:00Z,2027-03-31T20:00:00Z,2027-03-31T04:00:00Z,1900-01-01T00:00:00Z,2027-04-01T00:00:00Z,2027-03-31T17:00:00Z,2027-03-31T19:00:00Z,Wed,3,24,Week 24,false,,,,,Target Center,MN,Minneapolis,N,,,False,1610612750,Timberwolves,Minnesota,MIN,timberwolves,0,0,0,0,1610612758,Kings,Sacramento,SAC,kings,0,0,0,0,,,,,,,,,,,,,,,,,,,,,,,,,,,,,,,,,,natl,radio,1001098,SiriusXM,SiriusXM,,,https://www.siriusxm.com/sports/nba,-1,,,,,,,,,,,,,,,,,,,,,,,,,,,,,,,,,,,,,,,,,,,,,,,away,tv,1027.0,NBCSCA,NBCSCA,,,,1610612758.0,,,,,,,,,,,,,
00,2026-27,03/31/2027 00:00:00,0022601110,20270331/PHXSAS,1,8:00 pm ET,8,2027-03-31T00:00:00Z,1900-01-01T20:00:00Z,2027-03-31T20:00:00Z,2027-03-31T04:00:00Z,1900-01-01T00:00:00Z,2027-04-01T00:00:00Z,2027-03-31T17:00:00Z,2027-03-31T19:00:00Z,Wed,3,24,Week 24,false,,,,,Frost Bank Center,TX,San Antonio,N,,,False,1610612759,Spurs,San Antonio,SAS,spurs,0,0,0,0,1610612756,Suns,Phoenix,PHX,suns,0,0,0,0,,,,,,,,,,,,,,,,,,,,,,,,,,,,,,,,,,natl,radio,1001098,SiriusXM,SiriusXM,,,https://www.siriusxm.com/sports/nba,-1,,,,,,,,,,,,,,,,,,,,,,,,,,,,,,,,,,,,,,,,,,,,,,,,,,,,,,,,,,,,,,,,,,,,
00,2026-27,03/31/2027 00:00:00,0022601111,20270331/DENDAL,1,9:30 pm ET,9,2027-03-31T00:00:00Z,1900-01-01T21:30:00Z,2027-03-31T21:30:00Z,2027-03-31T04:00:00Z,1900-01-01T01:30:00Z,2027-04-01T01:30:00Z,2027-03-31T19:30:00Z,2027-03-31T20:30:00Z,Wed,3,24,Week 24,false,,,,,American Airlines Center,TX,Dallas,N,,,False,1610612742,Mavericks,Dallas,DAL,mavericks,0,0,0,0,1610612743,Nuggets,Denver,DEN,nuggets,0,0,0,0,natl,tv,2.0,ESPN,ESPN,,,https://www.espn.com/watch/catalog/7b3729c9-7f69-308a-bf8a-ee15a6aba154/nba#bucketId=29446&sourceCollection=Featured_Sports_,-1.0,2.0,,,,,,,,,,,,,,,,,,,,,,,,natl,radio,1001098,SiriusXM,SiriusXM,,,https://www.siriusxm.com/sports/nba,-1,,,,,,,,,,,,,,,,,,,,,,,,,,,,,,,,,,,,,,,,,,,,,,,,,,,,,,,,,,,,,,,,,,,,
00,2026-27,03/31/2027 00:00:00,0022601112,20270331/HOUPOR,1,10:00 pm ET,10,2027-03-31T00:00:00Z,1900-01-01T22:00:00Z,2027-03-31T22:00:00Z,2027-03-31T04:00:00Z,1900-01-01T02:00:00Z,2027-04-01T02:00:00Z,2027-03-31T21:00:00Z,2027-03-31T19:00:00Z,Wed,3,24,Week 24,false,,,,,Moda Center,OR,Portland,N,,,False,1610612757,Trail Blazers,Portland,POR,blazers,0,0,0,0,1610612745,Rockets,Houston,HOU,rockets,0,0,0,0,,,,,,,,,,,,,,,,,,,,,,,,,,,,,,,,,,natl,radio,1001098,SiriusXM,SiriusXM,,,https://www.siriusxm.com/sports/nba,-1,,,,,,,,,,,,,,home,tv,1001196.0,KUNP,KUNP,,,,1610612757.0,,,,,,,,,,,,,,home,radio,1472.0,Rip City Radio 620,KPOJ,,,,1610612757.0,,,,,,,,,,,,,,,,,,,,,,,,
00,2026-27,04/01/2027 00:00:00,0022601113,20270401/BOSCLE,1,7:00 pm ET,1,2027-04-01T00:00:00Z,1900-01-01T19:00:00Z,2027-04-01T19:00:00Z,2027-04-01T04:00:00Z,1900-01-01T23:00:00Z,2027-04-01T23:00:00Z,2027-04-01T19:00:00Z,2027-04-01T19:00:00Z,Thu,4,24,Week 24,false,,,,,Rocket Arena,OH,Cleveland,N,,,False,1610612739,Cavaliers,Cleveland,CLE,cavaliers,0,0,0,0,1610612738,Celtics,Boston,BOS,celtics,0,0,0,0,natl,tv,1000664.0,Prime Video,Amazon,,,https://www.amazon.com/gp/video/tournament/amzn1.dv.icid.cf75b42a-68cd-4a1c-993a-a0b3f0575c5f?jic=20%7CCgZTcG9ydHMSA2FsbA%3D%3D&ref_=atv_hm_spo_c_7a7vxF_4_6,-1.0,4.0,,,,,,,,,,,,,,,,,,,,,,,,natl,radio,1001098,SiriusXM,SiriusXM,,,https://www.siriusxm.com/sports/nba,-1,,,,,,,,,,,,,,,,,,,,,,,,,,,,,,,,,,,,,,,,,,,,,,,away,tv,1658.0,NBC SPORTS BOSTON,NBCSB,,,,1610612738.0,,,,,,,,,,,,,
00,2026-27,04/01/2027 00:00:00,0022601114,20270401/ORLIND,1,7:00 pm ET,2,2027-04-01T00:00:00Z,1900-01-01T19:00:00Z,2027-04-01T19:00:00Z,2027-04-01T04:00:00Z,1900-01-01T23:00:00Z,2027-04-01T23:00:00Z,2027-04-01T19:00:00Z,2027-04-01T19:00:00Z,Thu,4,24,Week 24,false,,,,,Gainbridge Fieldhouse,IN,Indianapolis,N,,,False,1610612754,Pacers,Indiana,IND,pacers,0,0,0,0,1610612753,Magic,Orlando,ORL,magic,0,0,0,0,,,,,,,,,,,,,,,,,,,,,,,,,,,,,,,,,,natl,radio,1001098,SiriusXM,SiriusXM,,,https://www.siriusxm.com/sports/nba,-1,,,,,,,,,,,,,,,,,,,,,,,,,,,,,,,,,,,,,,,,,,,,,,,,,,,,,,,,,,,,,,,,,,,,
00,2026-27,04/01/2027 00:00:00,0022601115,20270401/CHANYK,1,7:30 pm ET,3,2027-04-01T00:00:00Z,1900-01-01T19:30:00Z,2027-04-01T19:30:00Z,2027-04-01T04:00:00Z,1900-01-01T23:30:00Z,2027-04-01T23:30:00Z,2027-04-01T19:30:00Z,2027-04-01T19:30:00Z,Thu,4,24,Week 24,false,,,,,Madison Square Garden,NY,New York,N,,,False,1610612752,Knicks,New York,NYK,knicks,0,0,0,0,1610612766,Hornets,Charlotte,CHA,hornets,0,0,0,0,,,,,,,,,,,,,,,,,,,,,,,,,,,,,,,,,,natl,radio,1001098,SiriusXM,SiriusXM,,,https://www.siriusxm.com/sports/nba,-1,,,,,,,,,,,,,,,,,,,,,,,,,,,,,,,,,,,,,,,,,,,,,,,,,,,,,,,,,,,,,,,,,,,,
00,2026-27,04/01/2027 00:00:00,0022601116,20270401/LALOKC,1,9:30 pm ET,4,2027-04-01T00:00:00Z,1900-01-01T21:30:00Z,2027-04-01T21:30:00Z,2027-04-01T04:00:00Z,1900-01-01T01:30:00Z,2027-04-02T01:30:00Z,2027-04-01T18:30:00Z,2027-04-01T20:30:00Z,Thu,4,24,Week 24,false,,,,,Paycom Center,OK,Oklahoma City,N,,,False,1610612760,Thunder,Oklahoma City,OKC,thunder,0,0,0,0,1610612747,Lakers,Los Angeles,LAL,lakers,0,0,0,0,natl,tv,1000664.0,Prime Video,Amazon,,,https://www.amazon.com/gp/video/tournament/amzn1.dv.icid.cf75b42a-68cd-4a1c-993a-a0b3f0575c5f?jic=20%7CCgZTcG9ydHMSA2FsbA%3D%3D&ref_=atv_hm_spo_c_7a7vxF_4_6,-1.0,4.0,,,,,,,,,,,,,,,,,,,,,,,,natl,radio,3,ESPN Radio,ESPNR,,,,-1,,,natl,radio,1001098.0,SiriusXM,SiriusXM,,,https://www.siriusxm.com/sports/nba,-1.0,,,,,,,,,,,,,,,,,,,,,,,,,,,,,,,,,,,,away,tv,1651.0,Spectrum SportsNet,SPECSN,,,,1610612747.0,,,away,radio,1001605.0,ESPN LA 710/980 KFWB,KSPN/KFWB,,,,1610612747.0,,
00,2026-27,04/02/2027 00:00:00,0022601117,20270402/PHIWAS,1,7:00 pm ET,1,2027-04-02T00:00:00Z,1900-01-01T19:00:00Z,2027-04-02T19:00:00Z,2027-04-02T04:00:00Z,1900-01-01T23:00:00Z,2027-04-02T23:00:00Z,2027-04-02T19:00:00Z,2027-04-02T19:00:00Z,Fri,4,24,Week 24,false,,,,,Capital One Arena,DC,Washington,N,,,False,1610612764,Wizards,Washington,WAS,wizards,0,0,0,0,1610612755,76ers,Philadelphia,PHI,sixers,0,0,0,0,,,,,,,,,,,,,,,,,,,,,,,,,,,,,,,,,,natl,radio,1001098,SiriusXM,SiriusXM,,,https://www.siriusxm.com/sports/nba,-1,,,,,,,,,,,,,,,,,,,,,,,,,,,,,,,,,,,,,,,,,,,,,,,,,,,,,,,,,,,,,,,,,,,,
00,2026-27,04/02/2027 00:00:00,0022601118,20270402/MIABOS,1,7:30 pm ET,2,2027-04-02T00:00:00Z,1900-01-01T19:30:00Z,2027-04-02T19:30:00Z,2027-04-02T04:00:00Z,1900-01-01T23:30:00Z,2027-04-02T23:30:00Z,2027-04-02T19:30:00Z,2027-04-02T19:30:00Z,Fri,4,24,Week 24,false,,,,,TD Garden,MA,Boston,N,,,False,1610612738,Celtics,Boston,BOS,celtics,0,0,0,0,1610612748,Heat,Miami,MIA,heat,0,0,0,0,,,,,,,,,,,,,,,,,,,,,,,,,,,,,,,,,,natl,radio,1001098,SiriusXM,SiriusXM,,,https://www.siriusxm.com/sports/nba,-1,,,,,,,,,,,,,,home,tv,1658.0,NBC SPORTS BOSTON,NBCSB,,,,1610612738.0,,,,,,,,,,,,,,,,,,,,,,,,,away,tv,1001720.0,WPLG Local 10,WPLG,,,https://local10plusplatinum.maz.tv/open?deeplink=local10platinum://item/3776211-3882966?item=44d4cc7fbb9f4bd72cf272489b39eadf-3742525-3848761,1610612748.0,,,away,radio,1001523.0,FM 104.3 WQAM / S: WAQI 710,WQAM-FM/WAQI,,,,1610612748.0,,
00,2026-27,04/02/2027 00:00:00,0022601119,20270402/NYKBKN,1,7:30 pm ET,3,2027-04-02T00:00:00Z,1900-01-01T19:30:00Z,2027-04-02T19:30:00Z,2027-04-02T04:00:00Z,1900-01-01T23:30:00Z,2027-04-02T23:30:00Z,2027-04-02T19:30:00Z,2027-04-02T19:30:00Z,Fri,4,24,Week 24,false,,,,,Barclays Center,NY,Brooklyn,N,,,False,1610612751,Nets,Brooklyn,BKN,nets,0,0,0,0,1610612752,Knicks,New York,NYK,knicks,0,0,0,0,,,,,,,,,,,,,,,,,,,,,,,,,,,,,,,,,,natl,radio,1001098,SiriusXM,SiriusXM,,,https://www.siriusxm.com/sports/nba,-1,,,,,,,,,,,,,,home,tv,175.0,DAZN (YES),YES,,,,1610612751.0,,,,,,,,,,,,,,,,,,,,,,,,,,,,,,,,,,,,,,,,,,,,,,
00,2026-27,04/02/2027 00:00:00,0022601120,20270402/GSWMIN,1,7:30 pm ET,4,2027-04-02T00:00:00Z,1900-01-01T19:30:00Z,2027-04-02T19:30:00Z,2027-04-02T04:00:00Z,1900-01-01T23:30:00Z,2027-04-02T23:30:00Z,2027-04-02T16:30:00Z,2027-04-02T18:30:00Z,Fri,4,24,Week 24,false,,,,,Target Center,MN,Minneapolis,N,,,False,1610612750,Timberwolves,Minnesota,MIN,timberwolves,0,0,0,0,1610612744,Warriors,Golden State,GSW,warriors,0,0,0,0,natl,tv,1000664.0,Prime Video,Amazon,,,https://www.amazon.com/gp/video/tournament/amzn1.dv.icid.cf75b42a-68cd-4a1c-993a-a0b3f0575c5f?jic=20%7CCgZTcG9ydHMSA2FsbA%3D%3D&ref_=atv_hm_spo_c_7a7vxF_4_6,-1.0,4.0,,,,,,,,,,,,,,,,,,,,,,,,natl,radio,1001098,SiriusXM,SiriusXM,,,https://www.siriusxm.com/sports/nba,-1,,,,,,,,,,,,,,,,,,,,,,,,,,,,,,,,,,,,,,,,,,,,,,,away,tv,1097.0,NBCSBA,NBCSBA,,,,1610612744.0,,,,,,,,,,,,,
00,2026-27,04/02/2027 00:00:00,0022601121,20270402/DETCHI,1,8:00 pm ET,5,2027-04-02T00:00:00Z,1900-01-01T20:00:00Z,2027-04-02T20:00:00Z,2027-04-02T04:00:00Z,1900-01-01T00:00:00Z,2027-04-03T00:00:00Z,2027-04-02T20:00:00Z,2027-04-02T19:00:00Z,Fri,4,24,Week 24,false,,,,,United Center,IL,Chicago,N,,,False,1610612741,Bulls,Chicago,CHI,bulls,0,0,0,0,1610612765,Pistons,Detroit,DET,pistons,0,0,0,0,,,,,,,,,,,,,,,,,,,,,,,,,,,,,,,,,,natl,radio,1001098,SiriusXM,SiriusXM,,,https://www.siriusxm.com/sports/nba,-1,,,,,,,,,,,,,,,,,,,,,,,,,,,,,,,,,,,,,,,,,,,,,,,,,,,,,,,,,,,,,,,,,,,,
00,2026-27,04/02/2027 00:00:00,0022601122,20270402/SACDAL,1,8:00 pm ET,6,2027-04-02T00:00:00Z,1900-01-01T20:00:00Z,2027-04-02T20:00:00Z,2027-04-02T04:00:00Z,1900-01-01T00:00:00Z,2027-04-03T00:00:00Z,2027-04-02T17:00:00Z,2027-04-02T19:00:00Z,Fri,4,24,Week 24,false,,,,,American Airlines Center,TX,Dallas,N,,,False,1610612742,Mavericks,Dallas,DAL,mavericks,0,0,0,0,1610612758,Kings,Sacramento,SAC,kings,0,0,0,0,,,,,,,,,,,,,,,,,,,,,,,,,,,,,,,,,,natl,radio,1001098,SiriusXM,SiriusXM,,,https://www.siriusxm.com/sports/nba,-1,,,,,,,,,,,,,,,,,,,,,,,,,,,,,,,,,,,,,,,,,,,,,,,away,tv,1027.0,NBCSCA,NBCSCA,,,,1610612758.0,,,,,,,,,,,,,
00,2026-27,04/02/2027 00:00:00,0022601123,20270402/CHAMIL,1,8:00 pm ET,7,2027-04-02T00:00:00Z,1900-01-01T20:00:00Z,2027-04-02T20:00:00Z,2027-04-02T04:00:00Z,1900-01-01T00:00:00Z,2027-04-03T00:00:00Z,2027-04-02T20:00:00Z,2027-04-02T19:00:00Z,Fri,4,24,Week 24,false,,,,,Fiserv Forum,WI,Milwaukee,N,,,False,1610612749,Bucks,Milwaukee,MIL,bucks,0,0,0,0,1610612766,Hornets,Charlotte,CHA,hornets,0,0,0,0,,,,,,,,,,,,,,,,,,,,,,,,,,,,,,,,,,natl,radio,1001098,SiriusXM,SiriusXM,,,https://www.siriusxm.com/sports/nba,-1,,,,,,,,,,,,,,,,,,,,,,,,,,,,,,,,,,,,,,,,,,,,,,,,,,,,,,,,,,,,,,,,,,,,
00,2026-27,04/02/2027 00:00:00,0022601124,20270402/ATLTOR,1,8:30 pm ET,8,2027-04-02T00:00:00Z,1900-01-01T20:30:00Z,2027-04-02T20:30:00Z,2027-04-02T04:00:00Z,1900-01-01T00:30:00Z,2027-04-03T00:30:00Z,2027-04-02T20:30:00Z,2027-04-02T20:30:00Z,Fri,4,24,Week 24,false,,,,,Scotiabank Arena,ON,Toronto,N,,,False,1610612761,Raptors,Toronto,TOR,raptors,0,0,0,0,1610612737,Hawks,Atlanta,ATL,hawks,0,0,0,0,,,,,,,,,,,,,,,,,,,,,,,,,,,,,,,,,,natl,radio,1001098,SiriusXM,SiriusXM,,,https://www.siriusxm.com/sports/nba,-1,,,,,,,,,,,,,,,,,,,,,,,,,,,,,,,,,,,,,,,,,,,,,,,,,,,,,,,,,,,,,,,,,,,,
00,2026-27,04/02/2027 00:00:00,0022601125,20270402/MEMHOU,1,8:30 pm ET,9,2027-04-02T00:00:00Z,1900-01-01T20:30:00Z,2027-04-02T20:30:00Z,2027-04-02T04:00:00Z,1900-01-01T00:30:00Z,2027-04-03T00:30:00Z,2027-04-02T19:30:00Z,2027-04-02T19:30:00Z,Fri,4,24,Week 24,false,,,,,Toyota Center,TX,Houston,N,,,False,1610612745,Rockets,Houston,HOU,rockets,0,0,0,0,1610612763,Grizzlies,Memphis,MEM,grizzlies,0,0,0,0,,,,,,,,,,,,,,,,,,,,,,,,,,,,,,,,,,natl,radio,1001098,SiriusXM,SiriusXM,,,https://www.siriusxm.com/sports/nba,-1,,,,,,,,,,,,,,,,,,,,,,,,,,,,,,,,,,,,,,,,,,,,,,,,,,,,,,,,,,,,,,,,,,,,
00,2026-27,04/02/2027 00:00:00,0022601126,20270402/DENPHX,1,10:00 pm ET,10,2027-04-02T00:00:00Z,1900-01-01T22:00:00Z,2027-04-02T22:00:00Z,2027-04-02T04:00:00Z,1900-01-01T02:00:00Z,2027-04-03T02:00:00Z,2027-04-02T20:00:00Z,2027-04-02T19:00:00Z,Fri,4,24,Week 24,false,,,,,Mortgage Matchup Center,AZ,Phoenix,N,,,False,1610612756,Suns,Phoenix,PHX,suns,0,0,0,0,1610612743,Nuggets,Denver,DEN,nuggets,0,0,0,0,natl,tv,1000664.0,Prime Video,Amazon,,,https://www.amazon.com/gp/video/tournament/amzn1.dv.icid.cf75b42a-68cd-4a1c-993a-a0b3f0575c5f?jic=20%7CCgZTcG9ydHMSA2FsbA%3D%3D&ref_=atv_hm_spo_c_7a7vxF_4_6,-1.0,4.0,,,,,,,,,,,,,,,,,,,,,,,,natl,radio,1001098,SiriusXM,SiriusXM,,,https://www.siriusxm.com/sports/nba,-1,,,,,,,,,,,,,,,,,,,,,,,,,,,,,,,,,,,,,,,,,,,,,,,,,,,,,,,,,,,,,,,,,,,,
00,2026-27,04/02/2027 00:00:00,0022601127,20270402/UTAPOR,1,10:00 pm ET,11,2027-04-02T00:00:00Z,1900-01-01T22:00:00Z,2027-04-02T22:00:00Z,2027-04-02T04:00:00Z,1900-01-01T02:00:00Z,2027-04-03T02:00:00Z,2027-04-02T20:00:00Z,2027-04-02T19:00:00Z,Fri,4,24,Week 24,false,,,,,Moda Center,OR,Portland,N,,,False,1610612757,Trail Blazers,Portland,POR,blazers,0,0,0,0,1610612762,Jazz,Utah,UTA,jazz,0,0,0,0,,,,,,,,,,,,,,,,,,,,,,,,,,,,,,,,,,natl,radio,1001098,SiriusXM,SiriusXM,,,https://www.siriusxm.com/sports/nba,-1,,,,,,,,,,,,,,home,tv,1001196.0,KUNP,KUNP,,,,1610612757.0,,,,,,,,,,,,,,home,radio,1472.0,Rip City Radio 620,KPOJ,,,,1610612757.0,,,,,,,,,,,,,,,,,,,,,,,,
00,2026-27,04/02/2027 00:00:00,0022601128,20270402/SASLAC,1,10:30 pm ET,12,2027-04-02T00:00:00Z,1900-01-01T22:30:00Z,2027-04-02T22:30:00Z,2027-04-02T04:00:00Z,1900-01-01T02:30:00Z,2027-04-03T02:30:00Z,2027-04-02T21:30:00Z,2027-04-02T19:30:00Z,Fri,4,24,Week 24,false,,,,,Intuit Dome,CA,Inglewood,N,,,False,1610612746,Clippers,LA,LAC,clippers,0,0,0,0,1610612759,Spurs,San Antonio,SAS,spurs,0,0,0,0,,,,,,,,,,,,,,,,,,,,,,,,,,,,,,,,,,natl,radio,1001098,SiriusXM,SiriusXM,,,https://www.siriusxm.com/sports/nba,-1,,,,,,,,,,,,,,,,,,,,,,,,,,,,,,,,,,,,,,,,,,,,,,,,,,,,,,,,,,,,,,,,,,,,
00,2026-27,04/03/2027 00:00:00,0022601129,20270403/NOPOKC,1,5:00 pm ET,1,2027-04-03T00:00:00Z,1900-01-01T17:00:00Z,2027-04-03T17:00:00Z,2027-04-03T04:00:00Z,1900-01-01T21:00:00Z,2027-04-03T21:00:00Z,2027-04-03T16:00:00Z,2027-04-03T16:00:00Z,Sat,4,24,Week 24,false,,,,,Paycom Center,OK,Oklahoma City,N,,,False,1610612760,Thunder,Oklahoma City,OKC,thunder,0,0,0,0,1610612740,Pelicans,New Orleans,NOP,pelicans,0,0,0,0,,,,,,,,,,,,,,,,,,,,,,,,,,,,,,,,,,natl,radio,1001098,SiriusXM,SiriusXM,,,https://www.siriusxm.com/sports/nba,-1,,,,,,,,,,,,,,,,,,,,,,,,,,,,,,,,,,,,,,,,,,,,,,,,,,,,,,,,,,,,,,,,,,,,
00,2026-27,04/03/2027 00:00:00,0022601130,20270403/WASORL,1,7:00 pm ET,2,2027-04-03T00:00:00Z,1900-01-01T19:00:00Z,2027-04-03T19:00:00Z,2027-04-03T04:00:00Z,1900-01-01T23:00:00Z,2027-04-03T23:00:00Z,2027-04-03T19:00:00Z,2027-04-03T19:00:00Z,Sat,4,24,Week 24,false,,,,,Kia Center,FL,Orlando,N,,,False,1610612753,Magic,Orlando,ORL,magic,0,0,0,0,1610612764,Wizards,Washington,WAS,wizards,0,0,0,0,,,,,,,,,,,,,,,,,,,,,,,,,,,,,,,,,,natl,radio,1001098,SiriusXM,SiriusXM,,,https://www.siriusxm.com/sports/nba,-1,,,,,,,,,,,,,,,,,,,,,,,,,,,,,,,,,,,,,,,,,,,,,,,,,,,,,,,,,,,,,,,,,,,,
00,2026-27,04/04/2027 00:00:00,0022601131,20270404/ATLPHI,1,1:00 pm ET,1,2027-04-04T00:00:00Z,1900-01-01T13:00:00Z,2027-04-04T13:00:00Z,2027-04-04T04:00:00Z,1900-01-01T17:00:00Z,2027-04-04T17:00:00Z,2027-04-04T13:00:00Z,2027-04-04T13:00:00Z,Sun,4,24,Week 24,false,,,,,Xfinity Mobile Arena,PA,Philadelphia,N,,,False,1610612755,76ers,Philadelphia,PHI,sixers,0,0,0,0,1610612737,Hawks,Atlanta,ATL,hawks,0,0,0,0,,,,,,,,,,,,,,,,,,,,,,,,,,,,,,,,,,natl,radio,1001098,SiriusXM,SiriusXM,,,https://www.siriusxm.com/sports/nba,-1,,,,,,,,,,,,,,,,,,,,,,,,,,,,,,,,,,,,,,,,,,,,,,,,,,,,,,,,,,,,,,,,,,,,
00,2026-27,04/04/2027 00:00:00,0022601132,20270404/BKNMIL,1,2:00 pm ET,2,2027-04-04T00:00:00Z,1900-01-01T14:00:00Z,2027-04-04T14:00:00Z,2027-04-04T04:00:00Z,1900-01-01T18:00:00Z,2027-04-04T18:00:00Z,2027-04-04T14:00:00Z,2027-04-04T13:00:00Z,Sun,4,24,Week 24,false,,,,,Fiserv Forum,WI,Milwaukee,N,,,False,1610612749,Bucks,Milwaukee,MIL,bucks,0,0,0,0,1610612751,Nets,Brooklyn,BKN,nets,0,0,0,0,,,,,,,,,,,,,,,,,,,,,,,,,,,,,,,,,,natl,radio,1001098,SiriusXM,SiriusXM,,,https://www.siriusxm.com/sports/nba,-1,,,,,,,,,,,,,,,,,,,,,,,,,,,,,,,,,,,,,,,,,,,,,,,away,tv,175.0,DAZN (YES),YES,,,,1610612751.0,,,,,,,,,,,,,
00,2026-27,04/04/2027 00:00:00,0022601133,20270404/CHACLE,1,3:00 pm ET,3,2027-04-04T00:00:00Z,1900-01-01T15:00:00Z,2027-04-04T15:00:00Z,2027-04-04T04:00:00Z,1900-01-01T19:00:00Z,2027-04-04T19:00:00Z,2027-04-04T15:00:00Z,2027-04-04T15:00:00Z,Sun,4,24,Week 24,false,,,,,Rocket Arena,OH,Cleveland,N,,,False,1610612739,Cavaliers,Cleveland,CLE,cavaliers,0,0,0,0,1610612766,Hornets,Charlotte,CHA,hornets,0,0,0,0,,,,,,,,,,,,,,,,,,,,,,,,,,,,,,,,,,natl,radio,1001098,SiriusXM,SiriusXM,,,https://www.siriusxm.com/sports/nba,-1,,,,,,,,,,,,,,,,,,,,,,,,,,,,,,,,,,,,,,,,,,,,,,,,,,,,,,,,,,,,,,,,,,,,
00,2026-27,04/04/2027 00:00:00,0022601134,20270404/MIADET,1,3:00 pm ET,4,2027-04-04T00:00:00Z,1900-01-01T15:00:00Z,2027-04-04T15:00:00Z,2027-04-04T04:00:00Z,1900-01-01T19:00:00Z,2027-04-04T19:00:00Z,2027-04-04T15:00:00Z,2027-04-04T15:00:00Z,Sun,4,24,Week 24,false,,,,,Little Caesars Arena,MI,Detroit,N,,,False,1610612765,Pistons,Detroit,DET,pistons,0,0,0,0,1610612748,Heat,Miami,MIA,heat,0,0,0,0,,,,,,,,,,,,,,,,,,,,,,,,,,,,,,,,,,natl,radio,1001098,SiriusXM,SiriusXM,,,https://www.siriusxm.com/sports/nba,-1,,,,,,,,,,,,,,,,,,,,,,,,,,,,,,,,,,,,,,,,,,,,,,,away,tv,1001720.0,WPLG Local 10,WPLG,,,https://local10plusplatinum.maz.tv/open?deeplink=local10platinum://item/3776211-3882966?item=44d4cc7fbb9f4bd72cf272489b39eadf-3742525-3848761,1610612748.0,,,away,radio,1001523.0,FM 104.3 WQAM / S: WAQI 710,WQAM-FM/WAQI,,,,1610612748.0,,
00,2026-27,04/04/2027 00:00:00,0022601135,20270404/MINDAL,1,3:00 pm ET,5,2027-04-04T00:00:00Z,1900-01-01T15:00:00Z,2027-04-04T15:00:00Z,2027-04-04T04:00:00Z,1900-01-01T19:00:00Z,2027-04-04T19:00:00Z,2027-04-04T14:00:00Z,2027-04-04T14:00:00Z,Sun,4,24,Week 24,false,,,,,American Airlines Center,TX,Dallas,N,,,False,1610612742,Mavericks,Dallas,DAL,mavericks,0,0,0,0,1610612750,Timberwolves,Minnesota,MIN,timberwolves,0,0,0,0,natl,tv,7.0,NBA TV,NBA TV,Watch with League Pass or your TV subscription,,,-1.0,,,,,,,,,,,,,,,,,,,,,,,,,natl,radio,1001098,SiriusXM,SiriusXM,,,https://www.siriusxm.com/sports/nba,-1,,,,,,,,,,,,,,,,,,,,,,,,,,,,,,,,,,,,,,,,,,,,,,,,,,,,,,,,,,,,,,,,,,,,
00,2026-27,04/04/2027 00:00:00,0022601136,20270404/INDTOR,1,3:30 pm ET,6,2027-04-04T00:00:00Z,1900-01-01T15:30:00Z,2027-04-04T15:30:00Z,2027-04-04T04:00:00Z,1900-01-01T19:30:00Z,2027-04-04T19:30:00Z,2027-04-04T15:30:00Z,2027-04-04T15:30:00Z,Sun,4,24,Week 24,false,,,,,Scotiabank Arena,ON,Toronto,N,,,False,1610612761,Raptors,Toronto,TOR,raptors,0,0,0,0,1610612754,Pacers,Indiana,IND,pacers,0,0,0,0,,,,,,,,,,,,,,,,,,,,,,,,,,,,,,,,,,natl,radio,1001098,SiriusXM,SiriusXM,,,https://www.siriusxm.com/sports/nba,-1,,,,,,,,,,,,,,,,,,,,,,,,,,,,,,,,,,,,,,,,,,,,,,,,,,,,,,,,,,,,,,,,,,,,
00,2026-27,04/04/2027 00:00:00,0022601137,20270404/CHIHOU,1,4:00 pm ET,7,2027-04-04T00:00:00Z,1900-01-01T16:00:00Z,2027-04-04T16:00:00Z,2027-04-04T04:00:00Z,1900-01-01T20:00:00Z,2027-04-04T20:00:00Z,2027-04-04T15:00:00Z,2027-04-04T15:00:00Z,Sun,4,24,Week 24,false,,,,,Toyota Center,TX,Houston,N,,,False,1610612745,Rockets,Houston,HOU,rockets,0,0,0,0,1610612741,Bulls,Chicago,CHI,bulls,0,0,0,0,,,,,,,,,,,,,,,,,,,,,,,,,,,,,,,,,,natl,radio,1001098,SiriusXM,SiriusXM,,,https://www.siriusxm.com/sports/nba,-1,,,,,,,,,,,,,,,,,,,,,,,,,,,,,,,,,,,,,,,,,,,,,,,,,,,,,,,,,,,,,,,,,,,,
00,2026-27,04/04/2027 00:00:00,0022601138,20270404/PHXLAC,1,4:30 pm ET,8,2027-04-04T00:00:00Z,1900-01-01T16:30:00Z,2027-04-04T16:30:00Z,2027-04-04T04:00:00Z,1900-01-01T20:30:00Z,2027-04-04T20:30:00Z,2027-04-04T13:30:00Z,2027-04-04T13:30:00Z,Sun,4,24,Week 24,false,,,,,Intuit Dome,CA,Inglewood,N,,,False,1610612746,Clippers,LA,LAC,clippers,0,0,0,0,1610612756,Suns,Phoenix,PHX,suns,0,0,0,0,,,,,,,,,,,,,,,,,,,,,,,,,,,,,,,,,,natl,radio,1001098,SiriusXM,SiriusXM,,,https://www.siriusxm.com/sports/nba,-1,,,,,,,,,,,,,,,,,,,,,,,,,,,,,,,,,,,,,,,,,,,,,,,,,,,,,,,,,,,,,,,,,,,,
00,2026-27,04/04/2027 00:00:00,0022601139,20270404/MEMDEN,1,5:00 pm ET,9,2027-04-04T00:00:00Z,1900-01-01T17:00:00Z,2027-04-04T17:00:00Z,2027-04-04T04:00:00Z,1900-01-01T21:00:00Z,2027-04-04T21:00:00Z,2027-04-04T16:00:00Z,2027-04-04T15:00:00Z,Sun,4,24,Week 24,false,,,,,Ball Arena,CO,Denver,N,,,False,1610612743,Nuggets,Denver,DEN,nuggets,0,0,0,0,1610612763,Grizzlies,Memphis,MEM,grizzlies,0,0,0,0,,,,,,,,,,,,,,,,,,,,,,,,,,,,,,,,,,natl,radio,1001098,SiriusXM,SiriusXM,,,https://www.siriusxm.com/sports/nba,-1,,,,,,,,,,,,,,,,,,,,,,,,,,,,,,,,,,,,,,,,,,,,,,,,,,,,,,,,,,,,,,,,,,,,
00,2026-27,04/04/2027 00:00:00,0022601140,20270404/PORUTA,1,5:00 pm ET,10,2027-04-04T00:00:00Z,1900-01-01T17:00:00Z,2027-04-04T17:00:00Z,2027-04-04T04:00:00Z,1900-01-01T21:00:00Z,2027-04-04T21:00:00Z,2027-04-04T14:00:00Z,2027-04-04T15:00:00Z,Sun,4,24,Week 24,false,,,,,Delta Center,UT,Salt Lake City,N,,,False,1610612762,Jazz,Utah,UTA,jazz,0,0,0,0,1610612757,Trail Blazers,Portland,POR,blazers,0,0,0,0,,,,,,,,,,,,,,,,,,,,,,,,,,,,,,,,,,natl,radio,1001098,SiriusXM,SiriusXM,,,https://www.siriusxm.com/sports/nba,-1,,,,,,,,,,,,,,,,,,,,,,,,,,,,,,,,,,,,,,,,,,,,,,,away,tv,1001196.0,KUNP,KUNP,,,,1610612757.0,,,away,radio,1472.0,Rip City Radio 620,KPOJ,,,,1610612757.0,,
00,2026-27,04/04/2027 00:00:00,0022601141,20270404/GSWSAC,1,6:00 pm ET,11,2027-04-04T00:00:00Z,1900-01-01T18:00:00Z,2027-04-04T18:00:00Z,2027-04-04T04:00:00Z,1900-01-01T22:00:00Z,2027-04-04T22:00:00Z,2027-04-04T15:00:00Z,2027-04-04T15:00:00Z,Sun,4,24,Week 24,false,,,,,Golden 1 Center,CA,Sacramento,N,,,False,1610612758,Kings,Sacramento,SAC,kings,0,0,0,0,1610612744,Warriors,Golden State,GSW,warriors,0,0,0,0,,,,,,,,,,,,,,,,,,,,,,,,,,,,,,,,,,natl,radio,1001098,SiriusXM,SiriusXM,,,https://www.siriusxm.com/sports/nba,-1,,,,,,,,,,,,,,home,tv,1027.0,NBCSCA,NBCSCA,,,,1610612758.0,,,,,,,,,,,,,,,,,,,,,,,,,away,tv,1097.0,NBCSBA,NBCSBA,,,,1610612744.0,,,,,,,,,,,,,
00,2026-27,04/04/2027 00:00:00,0022601142,20270404/BOSNYK,1,7:30 pm ET,12,2027-04-04T00:00:00Z,1900-01-01T19:30:00Z,2027-04-04T19:30:00Z,2027-04-04T04:00:00Z,1900-01-01T23:30:00Z,2027-04-04T23:30:00Z,2027-04-04T19:30:00Z,2027-04-04T19:30:00Z,Sun,4,24,Week 24,false,,,,,Madison Square Garden,NY,New York,N,,,False,1610612752,Knicks,New York,NYK,knicks,0,0,0,0,1610612738,Celtics,Boston,BOS,celtics,0,0,0,0,natl,tv,147.0,Telemundo,Telemundo,,,,-1.0,10.0,,natl,tv,1001452.0,NBC,NBC,,,,-1.0,5.0,National,natl,tv,1001453.0,Peacock,Peacock,,,https://www.peacocktv.com/sports/nba?cid=2508sptnbaexterndinapplk26427&utm_campaign=2508sptnba&utm_source=nba_nba_nba&utm_medium=ernd_inapplk_acq_inapbnr&utm_term=nbafans&utm_content=nbaapplinks,-1.0,3.0,,natl,radio,1001098,SiriusXM,SiriusXM,,,https://www.siriusxm.com/sports/nba,-1,,,,,,,,,,,,,,,,,,,,,,,,,,,,,,,,,,,,,,,,,,,,,,,,,,,,,,,,,,,,,,,,,,,,
00,2026-27,04/04/2027 00:00:00,0022601143,20270404/SASLAL,1,10:00 pm ET,13,2027-04-04T00:00:00Z,1900-01-01T22:00:00Z,2027-04-04T22:00:00Z,2027-04-04T04:00:00Z,1900-01-01T02:00:00Z,2027-04-05T02:00:00Z,2027-04-04T21:00:00Z,2027-04-04T19:00:00Z,Sun,4,24,Week 24,false,,,,,Crypto.com Arena,CA,Los Angeles,N,,,False,1610612747,Lakers,Los Angeles,LAL,lakers,0,0,0,0,1610612759,Spurs,San Antonio,SAS,spurs,0,0,0,0,natl,tv,147.0,Telemundo,Telemundo,,,,-1.0,10.0,,natl,tv,1001452.0,NBC,NBC,,,,-1.0,5.0,National,natl,tv,1001453.0,Peacock,Peacock,,,https://www.peacocktv.com/sports/nba?cid=2508sptnbaexterndinapplk26427&utm_campaign=2508sptnba&utm_source=nba_nba_nba&utm_medium=ernd_inapplk_acq_inapbnr&utm_term=nbafans&utm_content=nbaapplinks,-1.0,3.0,,natl,radio,1001098,SiriusXM,SiriusXM,,,https://www.siriusxm.com/sports/nba,-1,,,,,,,,,,,,,,,,,,,,,,,,,,,,,,,,,,,,home,radio,1001605.0,ESPN LA 710/980 KFWB,KSPN/KFWB,,,,1610612747.0,,,,,,,,,,,,,,,,,,,,,,,,
00,2026-27,04/05/2027 00:00:00,0022601144,20270405/BKNCLE,1,7:00 pm ET,1,2027-04-05T00:00:00Z,1900-01-01T19:00:00Z,2027-04-05T19:00:00Z,2027-04-05T04:00:00Z,1900-01-01T23:00:00Z,2027-04-05T23:00:00Z,2027-04-05T19:00:00Z,2027-04-05T19:00:00Z,Mon,4,25,Week 25,false,,,,,Rocket Arena,OH,Cleveland,N,,,False,1610612739,Cavaliers,Cleveland,CLE,cavaliers,0,0,0,0,1610612751,Nets,Brooklyn,BKN,nets,0,0,0,0,,,,,,,,,,,,,,,,,,,,,,,,,,,,,,,,,,natl,radio,1001098,SiriusXM,SiriusXM,,,https://www.siriusxm.com/sports/nba,-1,,,,,,,,,,,,,,,,,,,,,,,,,,,,,,,,,,,,,,,,,,,,,,,away,tv,175.0,DAZN (YES),YES,,,,1610612751.0,,,,,,,,,,,,,
00,2026-27,04/05/2027 00:00:00,0022601145,20270405/MIAORL,1,7:00 pm ET,2,2027-04-05T00:00:00Z,1900-01-01T19:00:00Z,2027-04-05T19:00:00Z,2027-04-05T04:00:00Z,1900-01-01T23:00:00Z,2027-04-05T23:00:00Z,2027-04-05T19:00:00Z,2027-04-05T19:00:00Z,Mon,4,25,Week 25,false,,,,,Kia Center,FL,Orlando,N,,,False,1610612753,Magic,Orlando,ORL,magic,0,0,0,0,1610612748,Heat,Miami,MIA,heat,0,0,0,0,natl,tv,1001453.0,Peacock,Peacock,,,https://www.peacocktv.com/sports/nba?cid=2508sptnbaexterndinapplk26427&utm_campaign=2508sptnba&utm_source=nba_nba_nba&utm_medium=ernd_inapplk_acq_inapbnr&utm_term=nbafans&utm_content=nbaapplinks,-1.0,3.0,,natl,tv,1001488.0,NBC Sports Network,NBCSN,,,,-1.0,7.0,National,,,,,,,,,,,,natl,radio,1001098,SiriusXM,SiriusXM,,,https://www.siriusxm.com/sports/nba,-1,,,,,,,,,,,,,,,,,,,,,,,,,,,,,,,,,,,,,,,,,,,,,,,away,tv,1001720.0,WPLG Local 10,WPLG,,,https://local10plusplatinum.maz.tv/open?deeplink=local10platinum://item/3776211-3882966?item=44d4cc7fbb9f4bd72cf272489b39eadf-3742525-3848761,1610612748.0,,,away,radio,1001523.0,FM 104.3 WQAM / S: WAQI 710,WQAM-FM/WAQI,,,,1610612748.0,,
00,2026-27,04/05/2027 00:00:00,0022601146,20270405/WASNOP,1,8:00 pm ET,3,2027-04-05T00:00:00Z,1900-01-01T20:00:00Z,2027-04-05T20:00:00Z,2027-04-05T04:00:00Z,1900-01-01T00:00:00Z,2027-04-06T00:00:00Z,2027-04-05T20:00:00Z,2027-04-05T19:00:00Z,Mon,4,25,Week 25,false,,,,,Smoothie King Center,LA,New Orleans,N,,,False,1610612740,Pelicans,New Orleans,NOP,pelicans,0,0,0,0,1610612764,Wizards,Washington,WAS,wizards,0,0,0,0,,,,,,,,,,,,,,,,,,,,,,,,,,,,,,,,,,natl,radio,1001098,SiriusXM,SiriusXM,,,https://www.siriusxm.com/sports/nba,-1,,,,,,,,,,,,,,,,,,,,,,,,,,,,,,,,,,,,,,,,,,,,,,,,,,,,,,,,,,,,,,,,,,,,
00,2026-27,04/06/2027 00:00:00,0022601147,20270406/INDCHA,1,7:00 pm ET,1,2027-04-06T00:00:00Z,1900-01-01T19:00:00Z,2027-04-06T19:00:00Z,2027-04-06T04:00:00Z,1900-01-01T23:00:00Z,2027-04-06T23:00:00Z,2027-04-06T19:00:00Z,2027-04-06T19:00:00Z,Tue,4,25,Week 25,false,,,,,Spectrum Center,NC,Charlotte,N,,,False,1610612766,Hornets,Charlotte,CHA,hornets,0,0,0,0,1610612754,Pacers,Indiana,IND,pacers,0,0,0,0,,,,,,,,,,,,,,,,,,,,,,,,,,,,,,,,,,natl,radio,1001098,SiriusXM,SiriusXM,,,https://www.siriusxm.com/sports/nba,-1,,,,,,,,,,,,,,,,,,,,,,,,,,,,,,,,,,,,,,,,,,,,,,,,,,,,,,,,,,,,,,,,,,,,
00,2026-27,04/06/2027 00:00:00,0022601148,20270406/PHITOR,1,7:30 pm ET,2,2027-04-06T00:00:00Z,1900-01-01T19:30:00Z,2027-04-06T19:30:00Z,2027-04-06T04:00:00Z,1900-01-01T23:30:00Z,2027-04-06T23:30:00Z,2027-04-06T19:30:00Z,2027-04-06T19:30:00Z,Tue,4,25,Week 25,false,,,,,Scotiabank Arena,ON,Toronto,N,,,False,1610612761,Raptors,Toronto,TOR,raptors,0,0,0,0,1610612755,76ers,Philadelphia,PHI,sixers,0,0,0,0,,,,,,,,,,,,,,,,,,,,,,,,,,,,,,,,,,natl,radio,1001098,SiriusXM,SiriusXM,,,https://www.siriusxm.com/sports/nba,-1,,,,,,,,,,,,,,,,,,,,,,,,,,,,,,,,,,,,,,,,,,,,,,,,,,,,,,,,,,,,,,,,,,,,
00,2026-27,04/06/2027 00:00:00,0022601149,20270406/NYKATL,1,8:00 pm ET,3,2027-04-06T00:00:00Z,1900-01-01T20:00:00Z,2027-04-06T20:00:00Z,2027-04-06T04:00:00Z,1900-01-01T00:00:00Z,2027-04-07T00:00:00Z,2027-04-06T20:00:00Z,2027-04-06T20:00:00Z,Tue,4,25,Week 25,false,,,,,State Farm Arena,GA,Atlanta,N,,,False,1610612737,Hawks,Atlanta,ATL,hawks,0,0,0,0,1610612752,Knicks,New York,NYK,knicks,0,0,0,0,natl,tv,1001452.0,NBC,NBC,,,,-1.0,5.0,East,natl,tv,1001453.0,Peacock,Peacock,,,https://www.peacocktv.com/sports/nba?cid=2508sptnbaexterndinapplk26427&utm_campaign=2508sptnba&utm_source=nba_nba_nba&utm_medium=ernd_inapplk_acq_inapbnr&utm_term=nbafans&utm_content=nbaapplinks,-1.0,3.0,,,,,,,,,,,,,natl,radio,1001098,SiriusXM,SiriusXM,,,https://www.siriusxm.com/sports/nba,-1,,,,,,,,,,,,,,,,,,,,,,,,,,,,,,,,,,,,,,,,,,,,,,,,,,,,,,,,,,,,,,,,,,,,
00,2026-27,04/06/2027 00:00:00,0022601150,20270406/DETMEM,1,8:00 pm ET,4,2027-04-06T00:00:00Z,1900-01-01T20:00:00Z,2027-04-06T20:00:00Z,2027-04-06T04:00:00Z,1900-01-01T00:00:00Z,2027-04-07T00:00:00Z,2027-04-06T20:00:00Z,2027-04-06T19:00:00Z,Tue,4,25,Week 25,false,,,,,FedExForum,TN,Memphis,N,,,False,1610612763,Grizzlies,Memphis,MEM,grizzlies,0,0,0,0,1610612765,Pistons,Detroit,DET,pistons,0,0,0,0,,,,,,,,,,,,,,,,,,,,,,,,,,,,,,,,,,natl,radio,1001098,SiriusXM,SiriusXM,,,https://www.siriusxm.com/sports/nba,-1,,,,,,,,,,,,,,,,,,,,,,,,,,,,,,,,,,,,,,,,,,,,,,,,,,,,,,,,,,,,,,,,,,,,
00,2026-27,04/06/2027 00:00:00,0022601151,20270406/CHIMIL,1,8:00 pm ET,5,2027-04-06T00:00:00Z,1900-01-01T20:00:00Z,2027-04-06T20:00:00Z,2027-04-06T04:00:00Z,1900-01-01T00:00:00Z,2027-04-07T00:00:00Z,2027-04-06T19:00:00Z,2027-04-06T19:00:00Z,Tue,4,25,Week 25,false,,,,,Fiserv Forum,WI,Milwaukee,N,,,False,1610612749,Bucks,Milwaukee,MIL,bucks,0,0,0,0,1610612741,Bulls,Chicago,CHI,bulls,0,0,0,0,,,,,,,,,,,,,,,,,,,,,,,,,,,,,,,,,,natl,radio,1001098,SiriusXM,SiriusXM,,,https://www.siriusxm.com/sports/nba,-1,,,,,,,,,,,,,,,,,,,,,,,,,,,,,,,,,,,,,,,,,,,,,,,,,,,,,,,,,,,,,,,,,,,,
00,2026-27,04/06/2027 00:00:00,0022601152,20270406/SACSAS,1,8:00 pm ET,6,2027-04-06T00:00:00Z,1900-01-01T20:00:00Z,2027-04-06T20:00:00Z,2027-04-06T04:00:00Z,1900-01-01T00:00:00Z,2027-04-07T00:00:00Z,2027-04-06T17:00:00Z,2027-04-06T19:00:00Z,Tue,4,25,Week 25,false,,,,,Frost Bank Center,TX,San Antonio,N,,,False,1610612759,Spurs,San Antonio,SAS,spurs,0,0,0,0,1610612758,Kings,Sacramento,SAC,kings,0,0,0,0,,,,,,,,,,,,,,,,,,,,,,,,,,,,,,,,,,natl,radio,1001098,SiriusXM,SiriusXM,,,https://www.siriusxm.com/sports/nba,-1,,,,,,,,,,,,,,,,,,,,,,,,,,,,,,,,,,,,,,,,,,,,,,,away,tv,1027.0,NBCSCA,NBCSCA,,,,1610612758.0,,,,,,,,,,,,,
00,2026-27,04/06/2027 00:00:00,0022601153,20270406/NOPDEN,1,9:00 pm ET,7,2027-04-06T00:00:00Z,1900-01-01T21:00:00Z,2027-04-06T21:00:00Z,2027-04-06T04:00:00Z,1900-01-01T01:00:00Z,2027-04-07T01:00:00Z,2027-04-06T20:00:00Z,2027-04-06T19:00:00Z,Tue,4,25,Week 25,false,,,,,Ball Arena,CO,Denver,N,,,False,1610612743,Nuggets,Denver,DEN,nuggets,0,0,0,0,1610612740,Pelicans,New Orleans,NOP,pelicans,0,0,0,0,,,,,,,,,,,,,,,,,,,,,,,,,,,,,,,,,,natl,radio,1001098,SiriusXM,SiriusXM,,,https://www.siriusxm.com/sports/nba,-1,,,,,,,,,,,,,,,,,,,,,,,,,,,,,,,,,,,,,,,,,,,,,,,,,,,,,,,,,,,,,,,,,,,,
00,2026-27,04/06/2027 00:00:00,0022601154,20270406/OKCUTA,1,9:00 pm ET,8,2027-04-06T00:00:00Z,1900-01-01T21:00:00Z,2027-04-06T21:00:00Z,2027-04-06T04:00:00Z,1900-01-01T01:00:00Z,2027-04-07T01:00:00Z,2027-04-06T20:00:00Z,2027-04-06T19:00:00Z,Tue,4,25,Week 25,false,,,,,Delta Center,UT,Salt Lake City,N,,,False,1610612762,Jazz,Utah,UTA,jazz,0,0,0,0,1610612760,Thunder,Oklahoma City,OKC,thunder,0,0,0,0,,,,,,,,,,,,,,,,,,,,,,,,,,,,,,,,,,natl,radio,1001098,SiriusXM,SiriusXM,,,https://www.siriusxm.com/sports/nba,-1,,,,,,,,,,,,,,,,,,,,,,,,,,,,,,,,,,,,,,,,,,,,,,,,,,,,,,,,,,,,,,,,,,,,
00,2026-27,04/06/2027 00:00:00,0022601155,20270406/DALLAL,1,10:00 pm ET,9,2027-04-06T00:00:00Z,1900-01-01T22:00:00Z,2027-04-06T22:00:00Z,2027-04-06T04:00:00Z,1900-01-01T02:00:00Z,2027-04-07T02:00:00Z,2027-04-06T21:00:00Z,2027-04-06T19:00:00Z,Tue,4,25,Week 25,false,,,,,Crypto.com Arena,CA,Los Angeles,N,,,False,1610612747,Lakers,Los Angeles,LAL,lakers,0,0,0,0,1610612742,Mavericks,Dallas,DAL,mavericks,0,0,0,0,,,,,,,,,,,,,,,,,,,,,,,,,,,,,,,,,,natl,radio,1001098,SiriusXM,SiriusXM,,,https://www.siriusxm.com/sports/nba,-1,,,,,,,,,,,,,,home,tv,1651.0,Spectrum SportsNet,SPECSN,,,,1610612747.0,,,,,,,,,,,,,,home,radio,1001605.0,ESPN LA 710/980 KFWB,KSPN/KFWB,,,,1610612747.0,,,,,,,,,,,,,,,,,,,,,,,,
00,2026-27,04/06/2027 00:00:00,0022601156,20270406/MINLAC,1,10:30 pm ET,10,2027-04-06T00:00:00Z,1900-01-01T22:30:00Z,2027-04-06T22:30:00Z,2027-04-06T04:00:00Z,1900-01-01T02:30:00Z,2027-04-07T02:30:00Z,2027-04-06T21:30:00Z,2027-04-06T19:30:00Z,Tue,4,25,Week 25,false,,,,,Intuit Dome,CA,Inglewood,N,,,False,1610612746,Clippers,LA,LAC,clippers,0,0,0,0,1610612750,Timberwolves,Minnesota,MIN,timberwolves,0,0,0,0,,,,,,,,,,,,,,,,,,,,,,,,,,,,,,,,,,natl,radio,1001098,SiriusXM,SiriusXM,,,https://www.siriusxm.com/sports/nba,-1,,,,,,,,,,,,,,,,,,,,,,,,,,,,,,,,,,,,,,,,,,,,,,,,,,,,,,,,,,,,,,,,,,,,
00,2026-27,04/06/2027 00:00:00,0022601157,20270406/PHXGSW,1,11:00 pm ET,11,2027-04-06T00:00:00Z,1900-01-01T23:00:00Z,2027-04-06T23:00:00Z,2027-04-06T04:00:00Z,1900-01-01T03:00:00Z,2027-04-07T03:00:00Z,2027-04-06T20:00:00Z,2027-04-06T20:00:00Z,Tue,4,25,Week 25,false,,,,,Chase Center,CA,San Francisco,N,,,False,1610612744,Warriors,Golden State,GSW,warriors,0,0,0,0,1610612756,Suns,Phoenix,PHX,suns,0,0,0,0,natl,tv,1001452.0,NBC,NBC,,,,-1.0,5.0,West,natl,tv,1001453.0,Peacock,Peacock,,,https://www.peacocktv.com/sports/nba?cid=2508sptnbaexterndinapplk26427&utm_campaign=2508sptnba&utm_source=nba_nba_nba&utm_medium=ernd_inapplk_acq_inapbnr&utm_term=nbafans&utm_content=nbaapplinks,-1.0,3.0,,,,,,,,,,,,,natl,radio,1001098,SiriusXM,SiriusXM,,,https://www.siriusxm.com/sports/nba,-1,,,,,,,,,,,,,,home,tv,1097.0,NBCSBA,NBCSBA,,,,1610612744.0,,,,,,,,,,,,,,,,,,,,,,,,,,,,,,,,,,,,,,,,,,,,,,
00,2026-27,04/07/2027 00:00:00,0022601158,20270407/INDDET,1,7:00 pm ET,1,2027-04-07T00:00:00Z,1900-01-01T19:00:00Z,2027-04-07T19:00:00Z,2027-04-07T04:00:00Z,1900-01-01T23:00:00Z,2027-04-07T23:00:00Z,2027-04-07T19:00:00Z,2027-04-07T19:00:00Z,Wed,4,25,Week 25,false,,,,,Little Caesars Arena,MI,Detroit,N,,,False,1610612765,Pistons,Detroit,DET,pistons,0,0,0,0,1610612754,Pacers,Indiana,IND,pacers,0,0,0,0,,,,,,,,,,,,,,,,,,,,,,,,,,,,,,,,,,natl,radio,1001098,SiriusXM,SiriusXM,,,https://www.siriusxm.com/sports/nba,-1,,,,,,,,,,,,,,,,,,,,,,,,,,,,,,,,,,,,,,,,,,,,,,,,,,,,,,,,,,,,,,,,,,,,
00,2026-27,04/07/2027 00:00:00,0022601159,20270407/BOSORL,1,7:00 pm ET,2,2027-04-07T00:00:00Z,1900-01-01T19:00:00Z,2027-04-07T19:00:00Z,2027-04-07T04:00:00Z,1900-01-01T23:00:00Z,2027-04-07T23:00:00Z,2027-04-07T19:00:00Z,2027-04-07T19:00:00Z,Wed,4,25,Week 25,false,,,,,Kia Center,FL,Orlando,N,,,False,1610612753,Magic,Orlando,ORL,magic,0,0,0,0,1610612738,Celtics,Boston,BOS,celtics,0,0,0,0,,,,,,,,,,,,,,,,,,,,,,,,,,,,,,,,,,natl,radio,1001098,SiriusXM,SiriusXM,,,https://www.siriusxm.com/sports/nba,-1,,,,,,,,,,,,,,,,,,,,,,,,,,,,,,,,,,,,,,,,,,,,,,,away,tv,1658.0,NBC SPORTS BOSTON,NBCSB,,,,1610612738.0,,,,,,,,,,,,,
00,2026-27,04/07/2027 00:00:00,0022601160,20270407/BKNTOR,1,7:30 pm ET,3,2027-04-07T00:00:00Z,1900-01-01T19:30:00Z,2027-04-07T19:30:00Z,2027-04-07T04:00:00Z,1900-01-01T23:30:00Z,2027-04-07T23:30:00Z,2027-04-07T19:30:00Z,2027-04-07T19:30:00Z,Wed,4,25,Week 25,false,,,,,Scotiabank Arena,ON,Toronto,N,,,False,1610612761,Raptors,Toronto,TOR,raptors,0,0,0,0,1610612751,Nets,Brooklyn,BKN,nets,0,0,0,0,,,,,,,,,,,,,,,,,,,,,,,,,,,,,,,,,,natl,radio,1001098,SiriusXM,SiriusXM,,,https://www.siriusxm.com/sports/nba,-1,,,,,,,,,,,,,,,,,,,,,,,,,,,,,,,,,,,,,,,,,,,,,,,away,tv,175.0,DAZN (YES),YES,,,,1610612751.0,,,,,,,,,,,,,
00,2026-27,04/07/2027 00:00:00,0022601161,20270407/CLESAS,1,7:30 pm ET,4,2027-04-07T00:00:00Z,1900-01-01T19:30:00Z,2027-04-07T19:30:00Z,2027-04-07T04:00:00Z,1900-01-01T23:30:00Z,2027-04-07T23:30:00Z,2027-04-07T19:30:00Z,2027-04-07T18:30:00Z,Wed,4,25,Week 25,false,,,,,Frost Bank Center,TX,San Antonio,N,,,False,1610612759,Spurs,San Antonio,SAS,spurs,0,0,0,0,1610612739,Cavaliers,Cleveland,CLE,cavaliers,0,0,0,0,natl,tv,2.0,ESPN,ESPN,,,https://www.espn.com/watch/catalog/7b3729c9-7f69-308a-bf8a-ee15a6aba154/nba#bucketId=29446&sourceCollection=Featured_Sports_,-1.0,2.0,,,,,,,,,,,,,,,,,,,,,,,,natl,radio,1001098,SiriusXM,SiriusXM,,,https://www.siriusxm.com/sports/nba,-1,,,,,,,,,,,,,,,,,,,,,,,,,,,,,,,,,,,,,,,,,,,,,,,,,,,,,,,,,,,,,,,,,,,,
00,2026-27,04/07/2027 00:00:00,0022601162,20270407/CHACHI,1,8:00 pm ET,5,2027-04-07T00:00:00Z,1900-01-01T20:00:00Z,2027-04-07T20:00:00Z,2027-04-07T04:00:00Z,1900-01-01T00:00:00Z,2027-04-08T00:00:00Z,2027-04-07T20:00:00Z,2027-04-07T19:00:00Z,Wed,4,25,Week 25,false,,,,,United Center,IL,Chicago,N,,,False,1610612741,Bulls,Chicago,CHI,bulls,0,0,0,0,1610612766,Hornets,Charlotte,CHA,hornets,0,0,0,0,,,,,,,,,,,,,,,,,,,,,,,,,,,,,,,,,,natl,radio,1001098,SiriusXM,SiriusXM,,,https://www.siriusxm.com/sports/nba,-1,,,,,,,,,,,,,,,,,,,,,,,,,,,,,,,,,,,,,,,,,,,,,,,,,,,,,,,,,,,,,,,,,,,,
00,2026-27,04/07/2027 00:00:00,0022601163,20270407/WASMEM,1,8:00 pm ET,6,2027-04-07T00:00:00Z,1900-01-01T20:00:00Z,2027-04-07T20:00:00Z,2027-04-07T04:00:00Z,1900-01-01T00:00:00Z,2027-04-08T00:00:00Z,2027-04-07T20:00:00Z,2027-04-07T19:00:00Z,Wed,4,25,Week 25,false,,,,,FedExForum,TN,Memphis,N,,,False,1610612763,Grizzlies,Memphis,MEM,grizzlies,0,0,0,0,1610612764,Wizards,Washington,WAS,wizards,0,0,0,0,,,,,,,,,,,,,,,,,,,,,,,,,,,,,,,,,,natl,radio,1001098,SiriusXM,SiriusXM,,,https://www.siriusxm.com/sports/nba,-1,,,,,,,,,,,,,,,,,,,,,,,,,,,,,,,,,,,,,,,,,,,,,,,,,,,,,,,,,,,,,,,,,,,,
00,2026-27,04/07/2027 00:00:00,0022601164,20270407/SACHOU,1,8:30 pm ET,7,2027-04-07T00:00:00Z,1900-01-01T20:30:00Z,2027-04-07T20:30:00Z,2027-04-07T04:00:00Z,1900-01-01T00:30:00Z,2027-04-08T00:30:00Z,2027-04-07T17:30:00Z,2027-04-07T19:30:00Z,Wed,4,25,Week 25,false,,,,,Toyota Center,TX,Houston,N,,,False,1610612745,Rockets,Houston,HOU,rockets,0,0,0,0,1610612758,Kings,Sacramento,SAC,kings,0,0,0,0,,,,,,,,,,,,,,,,,,,,,,,,,,,,,,,,,,natl,radio,1001098,SiriusXM,SiriusXM,,,https://www.siriusxm.com/sports/nba,-1,,,,,,,,,,,,,,,,,,,,,,,,,,,,,,,,,,,,,,,,,,,,,,,away,tv,1027.0,NBCSCA,NBCSCA,,,,1610612758.0,,,,,,,,,,,,,
00,2026-27,04/07/2027 00:00:00,0022601165,20270407/MINLAL,1,10:00 pm ET,8,2027-04-07T00:00:00Z,1900-01-01T22:00:00Z,2027-04-07T22:00:00Z,2027-04-07T04:00:00Z,1900-01-01T02:00:00Z,2027-04-08T02:00:00Z,2027-04-07T21:00:00Z,2027-04-07T19:00:00Z,Wed,4,25,Week 25,false,,,,,Crypto.com Arena,CA,Los Angeles,N,,,False,1610612747,Lakers,Los Angeles,LAL,lakers,0,0,0,0,1610612750,Timberwolves,Minnesota,MIN,timberwolves,0,0,0,0,natl,tv,2.0,ESPN,ESPN,,,https://www.espn.com/watch/catalog/7b3729c9-7f69-308a-bf8a-ee15a6aba154/nba#bucketId=29446&sourceCollection=Featured_Sports_,-1.0,2.0,,,,,,,,,,,,,,,,,,,,,,,,natl,radio,1001098,SiriusXM,SiriusXM,,,https://www.siriusxm.com/sports/nba,-1,,,,,,,,,,,,,,home,tv,1651.0,Spectrum SportsNet,SPECSN,,,,1610612747.0,,,,,,,,,,,,,,home,radio,1001605.0,ESPN LA 710/980 KFWB,KSPN/KFWB,,,,1610612747.0,,,,,,,,,,,,,,,,,,,,,,,,
00,2026-27,04/07/2027 00:00:00,0022601166,20270407/DALPOR,1,10:00 pm ET,9,2027-04-07T00:00:00Z,1900-01-01T22:00:00Z,2027-04-07T22:00:00Z,2027-04-07T04:00:00Z,1900-01-01T02:00:00Z,2027-04-08T02:00:00Z,2027-04-07T21:00:00Z,2027-04-07T19:00:00Z,Wed,4,25,Week 25,false,,,,,Moda Center,OR,Portland,N,,,False,1610612757,Trail Blazers,Portland,POR,blazers,0,0,0,0,1610612742,Mavericks,Dallas,DAL,mavericks,0,0,0,0,,,,,,,,,,,,,,,,,,,,,,,,,,,,,,,,,,natl,radio,1001098,SiriusXM,SiriusXM,,,https://www.siriusxm.com/sports/nba,-1,,,,,,,,,,,,,,home,tv,1001196.0,KUNP,KUNP,,,,1610612757.0,,,,,,,,,,,,,,home,radio,1472.0,Rip City Radio 620,KPOJ,,,,1610612757.0,,,,,,,,,,,,,,,,,,,,,,,,
00,2026-27,04/08/2027 00:00:00,0022601167,20270408/PHIMIA,1,7:00 pm ET,1,2027-04-08T00:00:00Z,1900-01-01T19:00:00Z,2027-04-08T19:00:00Z,2027-04-08T04:00:00Z,1900-01-01T23:00:00Z,2027-04-08T23:00:00Z,2027-04-08T19:00:00Z,2027-04-08T19:00:00Z,Thu,4,25,Week 25,false,,,,,Kaseya Center,FL,Miami,N,,,False,1610612748,Heat,Miami,MIA,heat,0,0,0,0,1610612755,76ers,Philadelphia,PHI,sixers,0,0,0,0,natl,tv,1000664.0,Prime Video,Amazon,,,https://www.amazon.com/gp/video/tournament/amzn1.dv.icid.cf75b42a-68cd-4a1c-993a-a0b3f0575c5f?jic=20%7CCgZTcG9ydHMSA2FsbA%3D%3D&ref_=atv_hm_spo_c_7a7vxF_4_6,-1.0,4.0,,,,,,,,,,,,,,,,,,,,,,,,natl,radio,3,ESPN Radio,ESPNR,,,,-1,,,natl,radio,1001098.0,SiriusXM,SiriusXM,,,https://www.siriusxm.com/sports/nba,-1.0,,,,,,,,,,,,,,,,,,,,,,,,,home,radio,1001523.0,FM 104.3 WQAM / S: WAQI 710,WQAM-FM/WAQI,,,,1610612748.0,,,,,,,,,,,,,,,,,,,,,,,,
00,2026-27,04/08/2027 00:00:00,0022601168,20270408/NYKMIL,1,8:00 pm ET,2,2027-04-08T00:00:00Z,1900-01-01T20:00:00Z,2027-04-08T20:00:00Z,2027-04-08T04:00:00Z,1900-01-01T00:00:00Z,2027-04-09T00:00:00Z,2027-04-08T20:00:00Z,2027-04-08T19:00:00Z,Thu,4,25,Week 25,false,,,,,Fiserv Forum,WI,Milwaukee,N,,,False,1610612749,Bucks,Milwaukee,MIL,bucks,0,0,0,0,1610612752,Knicks,New York,NYK,knicks,0,0,0,0,,,,,,,,,,,,,,,,,,,,,,,,,,,,,,,,,,natl,radio,1001098,SiriusXM,SiriusXM,,,https://www.siriusxm.com/sports/nba,-1,,,,,,,,,,,,,,,,,,,,,,,,,,,,,,,,,,,,,,,,,,,,,,,,,,,,,,,,,,,,,,,,,,,,
00,2026-27,04/08/2027 00:00:00,0022601169,20270408/LACDEN,1,9:00 pm ET,3,2027-04-08T00:00:00Z,1900-01-01T21:00:00Z,2027-04-08T21:00:00Z,2027-04-08T04:00:00Z,1900-01-01T01:00:00Z,2027-04-09T01:00:00Z,2027-04-08T18:00:00Z,2027-04-08T19:00:00Z,Thu,4,25,Week 25,false,,,,,Ball Arena,CO,Denver,N,,,False,1610612743,Nuggets,Denver,DEN,nuggets,0,0,0,0,1610612746,Clippers,LA,LAC,clippers,0,0,0,0,,,,,,,,,,,,,,,,,,,,,,,,,,,,,,,,,,natl,radio,1001098,SiriusXM,SiriusXM,,,https://www.siriusxm.com/sports/nba,-1,,,,,,,,,,,,,,,,,,,,,,,,,,,,,,,,,,,,,,,,,,,,,,,,,,,,,,,,,,,,,,,,,,,,
00,2026-27,04/08/2027 00:00:00,0022601170,20270408/NOPUTA,1,9:00 pm ET,4,2027-04-08T00:00:00Z,1900-01-01T21:00:00Z,2027-04-08T21:00:00Z,2027-04-08T04:00:00Z,1900-01-01T01:00:00Z,2027-04-09T01:00:00Z,2027-04-08T20:00:00Z,2027-04-08T19:00:00Z,Thu,4,25,Week 25,false,,,,,Delta Center,UT,Salt Lake City,N,,,False,1610612762,Jazz,Utah,UTA,jazz,0,0,0,0,1610612740,Pelicans,New Orleans,NOP,pelicans,0,0,0,0,,,,,,,,,,,,,,,,,,,,,,,,,,,,,,,,,,natl,radio,1001098,SiriusXM,SiriusXM,,,https://www.siriusxm.com/sports/nba,-1,,,,,,,,,,,,,,,,,,,,,,,,,,,,,,,,,,,,,,,,,,,,,,,,,,,,,,,,,,,,,,,,,,,,
00,2026-27,04/08/2027 00:00:00,0022601171,20270408/GSWOKC,1,9:30 pm ET,5,2027-04-08T00:00:00Z,1900-01-01T21:30:00Z,2027-04-08T21:30:00Z,2027-04-08T04:00:00Z,1900-01-01T01:30:00Z,2027-04-09T01:30:00Z,2027-04-08T18:30:00Z,2027-04-08T20:30:00Z,Thu,4,25,Week 25,false,,,,,Paycom Center,OK,Oklahoma City,N,,,False,1610612760,Thunder,Oklahoma City,OKC,thunder,0,0,0,0,1610612744,Warriors,Golden State,GSW,warriors,0,0,0,0,natl,tv,1000664.0,Prime Video,Amazon,,,https://www.amazon.com/gp/video/tournament/amzn1.dv.icid.cf75b42a-68cd-4a1c-993a-a0b3f0575c5f?jic=20%7CCgZTcG9ydHMSA2FsbA%3D%3D&ref_=atv_hm_spo_c_7a7vxF_4_6,-1.0,4.0,,,,,,,,,,,,,,,,,,,,,,,,natl,radio,1001098,SiriusXM,SiriusXM,,,https://www.siriusxm.com/sports/nba,-1,,,,,,,,,,,,,,,,,,,,,,,,,,,,,,,,,,,,,,,,,,,,,,,away,tv,1097.0,NBCSBA,NBCSBA,,,,1610612744.0,,,,,,,,,,,,,
00,2026-27,04/09/2027 00:00:00,0022601172,20270409/BOSATL,1,7:00 pm ET,1,2027-04-09T00:00:00Z,1900-01-01T19:00:00Z,2027-04-09T19:00:00Z,2027-04-09T04:00:00Z,1900-01-01T23:00:00Z,2027-04-09T23:00:00Z,2027-04-09T19:00:00Z,2027-04-09T19:00:00Z,Fri,4,25,Week 25,false,,,,,State Farm Arena,GA,Atlanta,N,,,False,1610612737,Hawks,Atlanta,ATL,hawks,0,0,0,0,1610612738,Celtics,Boston,BOS,celtics,0,0,0,0,,,,,,,,,,,,,,,,,,,,,,,,,,,,,,,,,,natl,radio,1001098,SiriusXM,SiriusXM,,,https://www.siriusxm.com/sports/nba,-1,,,,,,,,,,,,,,,,,,,,,,,,,,,,,,,,,,,,,,,,,,,,,,,away,tv,1658.0,NBC SPORTS BOSTON,NBCSB,,,,1610612738.0,,,,,,,,,,,,,
00,2026-27,04/09/2027 00:00:00,0022601173,20270409/BKNCHA,1,7:00 pm ET,2,2027-04-09T00:00:00Z,1900-01-01T19:00:00Z,2027-04-09T19:00:00Z,2027-04-09T04:00:00Z,1900-01-01T23:00:00Z,2027-04-09T23:00:00Z,2027-04-09T19:00:00Z,2027-04-09T19:00:00Z,Fri,4,25,Week 25,false,,,,,Spectrum Center,NC,Charlotte,N,,,False,1610612766,Hornets,Charlotte,CHA,hornets,0,0,0,0,1610612751,Nets,Brooklyn,BKN,nets,0,0,0,0,,,,,,,,,,,,,,,,,,,,,,,,,,,,,,,,,,natl,radio,1001098,SiriusXM,SiriusXM,,,https://www.siriusxm.com/sports/nba,-1,,,,,,,,,,,,,,,,,,,,,,,,,,,,,,,,,,,,,,,,,,,,,,,away,tv,175.0,DAZN (YES),YES,,,,1610612751.0,,,,,,,,,,,,,
00,2026-27,04/09/2027 00:00:00,0022601174,20270409/CLEIND,1,7:00 pm ET,3,2027-04-09T00:00:00Z,1900-01-01T19:00:00Z,2027-04-09T19:00:00Z,2027-04-09T04:00:00Z,1900-01-01T23:00:00Z,2027-04-09T23:00:00Z,2027-04-09T19:00:00Z,2027-04-09T19:00:00Z,Fri,4,25,Week 25,false,,,,,Gainbridge Fieldhouse,IN,Indianapolis,N,,,False,1610612754,Pacers,Indiana,IND,pacers,0,0,0,0,1610612739,Cavaliers,Cleveland,CLE,cavaliers,0,0,0,0,,,,,,,,,,,,,,,,,,,,,,,,,,,,,,,,,,natl,radio,1001098,SiriusXM,SiriusXM,,,https://www.siriusxm.com/sports/nba,-1,,,,,,,,,,,,,,,,,,,,,,,,,,,,,,,,,,,,,,,,,,,,,,,,,,,,,,,,,,,,,,,,,,,,
00,2026-27,04/09/2027 00:00:00,0022601175,20270409/DETNYK,1,7:00 pm ET,4,2027-04-09T00:00:00Z,1900-01-01T19:00:00Z,2027-04-09T19:00:00Z,2027-04-09T04:00:00Z,1900-01-01T23:00:00Z,2027-04-09T23:00:00Z,2027-04-09T19:00:00Z,2027-04-09T19:00:00Z,Fri,4,25,Week 25,false,,,,,Madison Square Garden,NY,New York,N,,,False,1610612752,Knicks,New York,NYK,knicks,0,0,0,0,1610612765,Pistons,Detroit,DET,pistons,0,0,0,0,natl,tv,1000664.0,Prime Video,Amazon,,,https://www.amazon.com/gp/video/tournament/amzn1.dv.icid.cf75b42a-68cd-4a1c-993a-a0b3f0575c5f?jic=20%7CCgZTcG9ydHMSA2FsbA%3D%3D&ref_=atv_hm_spo_c_7a7vxF_4_6,-1.0,4.0,,,,,,,,,,,,,,,,,,,,,,,,natl,radio,1001098,SiriusXM,SiriusXM,,,https://www.siriusxm.com/sports/nba,-1,,,,,,,,,,,,,,,,,,,,,,,,,,,,,,,,,,,,,,,,,,,,,,,,,,,,,,,,,,,,,,,,,,,,
00,2026-27,04/09/2027 00:00:00,0022601176,20270409/TORORL,1,7:00 pm ET,5,2027-04-09T00:00:00Z,1900-01-01T19:00:00Z,2027-04-09T19:00:00Z,2027-04-09T04:00:00Z,1900-01-01T23:00:00Z,2027-04-09T23:00:00Z,2027-04-09T19:00:00Z,2027-04-09T19:00:00Z,Fri,4,25,Week 25,false,,,,,Kia Center,FL,Orlando,N,,,False,1610612753,Magic,Orlando,ORL,magic,0,0,0,0,1610612761,Raptors,Toronto,TOR,raptors,0,0,0,0,,,,,,,,,,,,,,,,,,,,,,,,,,,,,,,,,,natl,radio,1001098,SiriusXM,SiriusXM,,,https://www.siriusxm.com/sports/nba,-1,,,,,,,,,,,,,,,,,,,,,,,,,,,,,,,,,,,,,,,,,,,,,,,,,,,,,,,,,,,,,,,,,,,,
00,2026-27,04/09/2027 00:00:00,0022601177,20270409/WASMIA,1,8:00 pm ET,6,2027-04-09T00:00:00Z,1900-01-01T20:00:00Z,2027-04-09T20:00:00Z,2027-04-09T04:00:00Z,1900-01-01T00:00:00Z,2027-04-10T00:00:00Z,2027-04-09T20:00:00Z,2027-04-09T20:00:00Z,Fri,4,25,Week 25,false,,,,,Kaseya Center,FL,Miami,N,,,False,1610612748,Heat,Miami,MIA,heat,0,0,0,0,1610612764,Wizards,Washington,WAS,wizards,0,0,0,0,,,,,,,,,,,,,,,,,,,,,,,,,,,,,,,,,,natl,radio,1001098,SiriusXM,SiriusXM,,,https://www.siriusxm.com/sports/nba,-1,,,,,,,,,,,,,,home,tv,1001720.0,WPLG Local 10,WPLG,,,https://local10plusplatinum.maz.tv/open?deeplink=local10platinum://item/3776211-3882966?item=44d4cc7fbb9f4bd72cf272489b39eadf-3742525-3848761,1610612748.0,,,,,,,,,,,,,,home,radio,1001523.0,FM 104.3 WQAM / S: WAQI 710,WQAM-FM/WAQI,,,,1610612748.0,,,,,,,,,,,,,,,,,,,,,,,,
00,2026-27,04/09/2027 00:00:00,0022601178,20270409/MILCHI,1,8:00 pm ET,7,2027-04-09T00:00:00Z,1900-01-01T20:00:00Z,2027-04-09T20:00:00Z,2027-04-09T04:00:00Z,1900-01-01T00:00:00Z,2027-04-10T00:00:00Z,2027-04-09T19:00:00Z,2027-04-09T19:00:00Z,Fri,4,25,Week 25,false,,,,,United Center,IL,Chicago,N,,,False,1610612741,Bulls,Chicago,CHI,bulls,0,0,0,0,1610612749,Bucks,Milwaukee,MIL,bucks,0,0,0,0,,,,,,,,,,,,,,,,,,,,,,,,,,,,,,,,,,natl,radio,1001098,SiriusXM,SiriusXM,,,https://www.siriusxm.com/sports/nba,-1,,,,,,,,,,,,,,,,,,,,,,,,,,,,,,,,,,,,,,,,,,,,,,,,,,,,,,,,,,,,,,,,,,,,
00,2026-27,04/09/2027 00:00:00,0022601179,20270409/GSWOKC,1,8:00 pm ET,8,2027-04-09T00:00:00Z,1900-01-01T20:00:00Z,2027-04-09T20:00:00Z,2027-04-09T04:00:00Z,1900-01-01T00:00:00Z,2027-04-10T00:00:00Z,2027-04-09T17:00:00Z,2027-04-09T19:00:00Z,Fri,4,25,Week 25,false,,,,,Paycom Center,OK,Oklahoma City,N,,,False,1610612760,Thunder,Oklahoma City,OKC,thunder,0,0,0,0,1610612744,Warriors,Golden State,GSW,warriors,0,0,0,0,,,,,,,,,,,,,,,,,,,,,,,,,,,,,,,,,,natl,radio,1001098,SiriusXM,SiriusXM,,,https://www.siriusxm.com/sports/nba,-1,,,,,,,,,,,,,,,,,,,,,,,,,,,,,,,,,,,,,,,,,,,,,,,away,tv,1097.0,NBCSBA,NBCSBA,,,,1610612744.0,,,,,,,,,,,,,
00,2026-27,04/09/2027 00:00:00,0022601180,20270409/PORHOU,1,8:30 pm ET,9,2027-04-09T00:00:00Z,1900-01-01T20:30:00Z,2027-04-09T20:30:00Z,2027-04-09T04:00:00Z,1900-01-01T00:30:00Z,2027-04-10T00:30:00Z,2027-04-09T17:30:00Z,2027-04-09T19:30:00Z,Fri,4,25,Week 25,false,,,,,Toyota Center,TX,Houston,N,,,False,1610612745,Rockets,Houston,HOU,rockets,0,0,0,0,1610612757,Trail Blazers,Portland,POR,blazers,0,0,0,0,,,,,,,,,,,,,,,,,,,,,,,,,,,,,,,,,,natl,radio,1001098,SiriusXM,SiriusXM,,,https://www.siriusxm.com/sports/nba,-1,,,,,,,,,,,,,,,,,,,,,,,,,,,,,,,,,,,,,,,,,,,,,,,away,tv,1001196.0,KUNP,KUNP,,,,1610612757.0,,,away,radio,1472.0,Rip City Radio 620,KPOJ,,,,1610612757.0,,
00,2026-27,04/09/2027 00:00:00,0022601181,20270409/DENSAS,1,9:30 pm ET,10,2027-04-09T00:00:00Z,1900-01-01T21:30:00Z,2027-04-09T21:30:00Z,2027-04-09T04:00:00Z,1900-01-01T01:30:00Z,2027-04-10T01:30:00Z,2027-04-09T19:30:00Z,2027-04-09T20:30:00Z,Fri,4,25,Week 25,false,,,,,Frost Bank Center,TX,San Antonio,N,,,False,1610612759,Spurs,San Antonio,SAS,spurs,0,0,0,0,1610612743,Nuggets,Denver,DEN,nuggets,0,0,0,0,natl,tv,1000664.0,Prime Video,Amazon,,,https://www.amazon.com/gp/video/tournament/amzn1.dv.icid.cf75b42a-68cd-4a1c-993a-a0b3f0575c5f?jic=20%7CCgZTcG9ydHMSA2FsbA%3D%3D&ref_=atv_hm_spo_c_7a7vxF_4_6,-1.0,4.0,,,,,,,,,,,,,,,,,,,,,,,,natl,radio,1001098,SiriusXM,SiriusXM,,,https://www.siriusxm.com/sports/nba,-1,,,,,,,,,,,,,,,,,,,,,,,,,,,,,,,,,,,,,,,,,,,,,,,,,,,,,,,,,,,,,,,,,,,,
00,2026-27,04/09/2027 00:00:00,0022601182,20270409/LACUTA,1,9:30 pm ET,11,2027-04-09T00:00:00Z,1900-01-01T21:30:00Z,2027-04-09T21:30:00Z,2027-04-09T04:00:00Z,1900-01-01T01:30:00Z,2027-04-10T01:30:00Z,2027-04-09T18:30:00Z,2027-04-09T19:30:00Z,Fri,4,25,Week 25,false,,,,,Delta Center,UT,Salt Lake City,N,,,False,1610612762,Jazz,Utah,UTA,jazz,0,0,0,0,1610612746,Clippers,LA,LAC,clippers,0,0,0,0,,,,,,,,,,,,,,,,,,,,,,,,,,,,,,,,,,natl,radio,1001098,SiriusXM,SiriusXM,,,https://www.siriusxm.com/sports/nba,-1,,,,,,,,,,,,,,,,,,,,,,,,,,,,,,,,,,,,,,,,,,,,,,,,,,,,,,,,,,,,,,,,,,,,
00,2026-27,04/09/2027 00:00:00,0022601183,20270409/MINLAL,1,10:00 pm ET,12,2027-04-09T00:00:00Z,1900-01-01T22:00:00Z,2027-04-09T22:00:00Z,2027-04-09T04:00:00Z,1900-01-01T02:00:00Z,2027-04-10T02:00:00Z,2027-04-09T21:00:00Z,2027-04-09T19:00:00Z,Fri,4,25,Week 25,false,,,,,Crypto.com Arena,CA,Los Angeles,N,,,False,1610612747,Lakers,Los Angeles,LAL,lakers,0,0,0,0,1610612750,Timberwolves,Minnesota,MIN,timberwolves,0,0,0,0,,,,,,,,,,,,,,,,,,,,,,,,,,,,,,,,,,natl,radio,1001098,SiriusXM,SiriusXM,,,https://www.siriusxm.com/sports/nba,-1,,,,,,,,,,,,,,home,tv,1651.0,Spectrum SportsNet,SPECSN,,,,1610612747.0,,,,,,,,,,,,,,home,radio,1001605.0,ESPN LA 710/980 KFWB,KSPN/KFWB,,,,1610612747.0,,,,,,,,,,,,,,,,,,,,,,,,
00,2026-27,04/09/2027 00:00:00,0022601184,20270409/MEMPHX,1,10:00 pm ET,13,2027-04-09T00:00:00Z,1900-01-01T22:00:00Z,2027-04-09T22:00:00Z,2027-04-09T04:00:00Z,1900-01-01T02:00:00Z,2027-04-10T02:00:00Z,2027-04-09T21:00:00Z,2027-04-09T19:00:00Z,Fri,4,25,Week 25,false,,,,,Mortgage Matchup Center,AZ,Phoenix,N,,,False,1610612756,Suns,Phoenix,PHX,suns,0,0,0,0,1610612763,Grizzlies,Memphis,MEM,grizzlies,0,0,0,0,,,,,,,,,,,,,,,,,,,,,,,,,,,,,,,,,,natl,radio,1001098,SiriusXM,SiriusXM,,,https://www.siriusxm.com/sports/nba,-1,,,,,,,,,,,,,,,,,,,,,,,,,,,,,,,,,,,,,,,,,,,,,,,,,,,,,,,,,,,,,,,,,,,,
00,2026-27,04/09/2027 00:00:00,0022601185,20270409/DALSAC,1,10:00 pm ET,14,2027-04-09T00:00:00Z,1900-01-01T22:00:00Z,2027-04-09T22:00:00Z,2027-04-09T04:00:00Z,1900-01-01T02:00:00Z,2027-04-10T02:00:00Z,2027-04-09T21:00:00Z,2027-04-09T19:00:00Z,Fri,4,25,Week 25,false,,,,,Golden 1 Center,CA,Sacramento,N,,,False,1610612758,Kings,Sacramento,SAC,kings,0,0,0,0,1610612742,Mavericks,Dallas,DAL,mavericks,0,0,0,0,,,,,,,,,,,,,,,,,,,,,,,,,,,,,,,,,,natl,radio,1001098,SiriusXM,SiriusXM,,,https://www.siriusxm.com/sports/nba,-1,,,,,,,,,,,,,,home,tv,1027.0,NBCSCA,NBCSCA,,,,1610612758.0,,,,,,,,,,,,,,,,,,,,,,,,,,,,,,,,,,,,,,,,,,,,,,
00,2026-27,04/11/2027 00:00:00,0022601186,20270411/MILBOS,1,6:00 pm ET,1,2027-04-11T00:00:00Z,1900-01-01T18:00:00Z,2027-04-11T18:00:00Z,2027-04-11T04:00:00Z,1900-01-01T22:00:00Z,2027-04-11T22:00:00Z,2027-04-11T17:00:00Z,2027-04-11T18:00:00Z,Sun,4,25,Week 25,false,,,,,TD Garden,MA,Boston,N,,,False,1610612738,Celtics,Boston,BOS,celtics,0,0,0,0,1610612749,Bucks,Milwaukee,MIL,bucks,0,0,0,0,,,,,,,,,,,,,,,,,,,,,,,,,,,,,,,,,,natl,radio,1001098,SiriusXM,SiriusXM,,,https://www.siriusxm.com/sports/nba,-1,,,,,,,,,,,,,,home,tv,1658.0,NBC SPORTS BOSTON,NBCSB,,,,1610612738.0,,,,,,,,,,,,,,,,,,,,,,,,,,,,,,,,,,,,,,,,,,,,,,
00,2026-27,04/11/2027 00:00:00,0022601187,20270411/TORBKN,1,6:00 pm ET,2,2027-04-11T00:00:00Z,1900-01-01T18:00:00Z,2027-04-11T18:00:00Z,2027-04-11T04:00:00Z,1900-01-01T22:00:00Z,2027-04-11T22:00:00Z,2027-04-11T18:00:00Z,2027-04-11T18:00:00Z,Sun,4,25,Week 25,false,,,,,Barclays Center,NY,Brooklyn,N,,,False,1610612751,Nets,Brooklyn,BKN,nets,0,0,0,0,1610612761,Raptors,Toronto,TOR,raptors,0,0,0,0,,,,,,,,,,,,,,,,,,,,,,,,,,,,,,,,,,natl,radio,1001098,SiriusXM,SiriusXM,,,https://www.siriusxm.com/sports/nba,-1,,,,,,,,,,,,,,home,tv,175.0,DAZN (YES),YES,,,,1610612751.0,,,,,,,,,,,,,,,,,,,,,,,,,,,,,,,,,,,,,,,,,,,,,,
00,2026-27,04/11/2027 00:00:00,0022601188,20270411/ATLCLE,1,6:00 pm ET,3,2027-04-11T00:00:00Z,1900-01-01T18:00:00Z,2027-04-11T18:00:00Z,2027-04-11T04:00:00Z,1900-01-01T22:00:00Z,2027-04-11T22:00:00Z,2027-04-11T18:00:00Z,2027-04-11T18:00:00Z,Sun,4,25,Week 25,false,,,,,Rocket Arena,OH,Cleveland,N,,,False,1610612739,Cavaliers,Cleveland,CLE,cavaliers,0,0,0,0,1610612737,Hawks,Atlanta,ATL,hawks,0,0,0,0,,,,,,,,,,,,,,,,,,,,,,,,,,,,,,,,,,natl,radio,1001098,SiriusXM,SiriusXM,,,https://www.siriusxm.com/sports/nba,-1,,,,,,,,,,,,,,,,,,,,,,,,,,,,,,,,,,,,,,,,,,,,,,,,,,,,,,,,,,,,,,,,,,,,
00,2026-27,04/11/2027 00:00:00,0022601189,20270411/ORLMIA,1,6:00 pm ET,4,2027-04-11T00:00:00Z,1900-01-01T18:00:00Z,2027-04-11T18:00:00Z,2027-04-11T04:00:00Z,1900-01-01T22:00:00Z,2027-04-11T22:00:00Z,2027-04-11T18:00:00Z,2027-04-11T18:00:00Z,Sun,4,25,Week 25,false,,,,,Kaseya Center,FL,Miami,N,,,False,1610612748,Heat,Miami,MIA,heat,0,0,0,0,1610612753,Magic,Orlando,ORL,magic,0,0,0,0,,,,,,,,,,,,,,,,,,,,,,,,,,,,,,,,,,natl,radio,1001098,SiriusXM,SiriusXM,,,https://www.siriusxm.com/sports/nba,-1,,,,,,,,,,,,,,home,tv,1001720.0,WPLG Local 10,WPLG,,,https://local10plusplatinum.maz.tv/open?deeplink=local10platinum://item/3776211-3882966?item=44d4cc7fbb9f4bd72cf272489b39eadf-3742525-3848761,1610612748.0,,,,,,,,,,,,,,home,radio,1001523.0,FM 104.3 WQAM / S: WAQI 710,WQAM-FM/WAQI,,,,1610612748.0,,,,,,,,,,,,,,,,,,,,,,,,
00,2026-27,04/11/2027 00:00:00,0022601190,20270411/INDNYK,1,6:00 pm ET,5,2027-04-11T00:00:00Z,1900-01-01T18:00:00Z,2027-04-11T18:00:00Z,2027-04-11T04:00:00Z,1900-01-01T22:00:00Z,2027-04-11T22:00:00Z,2027-04-11T18:00:00Z,2027-04-11T18:00:00Z,Sun,4,25,Week 25,false,,,,,Madison Square Garden,NY,New York,N,,,False,1610612752,Knicks,New York,NYK,knicks,0,0,0,0,1610612754,Pacers,Indiana,IND,pacers,0,0,0,0,,,,,,,,,,,,,,,,,,,,,,,,,,,,,,,,,,natl,radio,1001098,SiriusXM,SiriusXM,,,https://www.siriusxm.com/sports/nba,-1,,,,,,,,,,,,,,,,,,,,,,,,,,,,,,,,,,,,,,,,,,,,,,,,,,,,,,,,,,,,,,,,,,,,
00,2026-27,04/11/2027 00:00:00,0022601191,20270411/CHAPHI,1,6:00 pm ET,6,2027-04-11T00:00:00Z,1900-01-01T18:00:00Z,2027-04-11T18:00:00Z,2027-04-11T04:00:00Z,1900-01-01T22:00:00Z,2027-04-11T22:00:00Z,2027-04-11T18:00:00Z,2027-04-11T18:00:00Z,Sun,4,25,Week 25,false,,,,,Xfinity Mobile Arena,PA,Philadelphia,N,,,False,1610612755,76ers,Philadelphia,PHI,sixers,0,0,0,0,1610612766,Hornets,Charlotte,CHA,hornets,0,0,0,0,,,,,,,,,,,,,,,,,,,,,,,,,,,,,,,,,,natl,radio,1001098,SiriusXM,SiriusXM,,,https://www.siriusxm.com/sports/nba,-1,,,,,,,,,,,,,,,,,,,,,,,,,,,,,,,,,,,,,,,,,,,,,,,,,,,,,,,,,,,,,,,,,,,,
00,2026-27,04/11/2027 00:00:00,0022601192,20270411/DETWAS,1,6:00 pm ET,7,2027-04-11T00:00:00Z,1900-01-01T18:00:00Z,2027-04-11T18:00:00Z,2027-04-11T04:00:00Z,1900-01-01T22:00:00Z,2027-04-11T22:00:00Z,2027-04-11T18:00:00Z,2027-04-11T18:00:00Z,Sun,4,25,Week 25,false,,,,,Capital One Arena,DC,Washington,N,,,False,1610612764,Wizards,Washington,WAS,wizards,0,0,0,0,1610612765,Pistons,Detroit,DET,pistons,0,0,0,0,,,,,,,,,,,,,,,,,,,,,,,,,,,,,,,,,,natl,radio,1001098,SiriusXM,SiriusXM,,,https://www.siriusxm.com/sports/nba,-1,,,,,,,,,,,,,,,,,,,,,,,,,,,,,,,,,,,,,,,,,,,,,,,,,,,,,,,,,,,,,,,,,,,,
00,2026-27,04/11/2027 00:00:00,0022601193,20270411/CHINOP,1,6:00 pm ET,8,2027-04-11T00:00:00Z,1900-01-01T18:00:00Z,2027-04-11T18:00:00Z,2027-04-11T04:00:00Z,1900-01-01T22:00:00Z,2027-04-11T22:00:00Z,2027-04-11T17:00:00Z,2027-04-11T17:00:00Z,Sun,4,25,Week 25,false,,,,,Smoothie King Center,LA,New Orleans,N,,,False,1610612740,Pelicans,New Orleans,NOP,pelicans,0,0,0,0,1610612741,Bulls,Chicago,CHI,bulls,0,0,0,0,,,,,,,,,,,,,,,,,,,,,,,,,,,,,,,,,,natl,radio,1001098,SiriusXM,SiriusXM,,,https://www.siriusxm.com/sports/nba,-1,,,,,,,,,,,,,,,,,,,,,,,,,,,,,,,,,,,,,,,,,,,,,,,,,,,,,,,,,,,,,,,,,,,,
00,2026-27,04/11/2027 00:00:00,0022601194,20270411/MEMDAL,1,8:30 pm ET,9,2027-04-11T00:00:00Z,1900-01-01T20:30:00Z,2027-04-11T20:30:00Z,2027-04-11T04:00:00Z,1900-01-01T00:30:00Z,2027-04-12T00:30:00Z,2027-04-11T19:30:00Z,2027-04-11T19:30:00Z,Sun,4,25,Week 25,false,,,,,American Airlines Center,TX,Dallas,N,,,False,1610612742,Mavericks,Dallas,DAL,mavericks,0,0,0,0,1610612763,Grizzlies,Memphis,MEM,grizzlies,0,0,0,0,,,,,,,,,,,,,,,,,,,,,,,,,,,,,,,,,,natl,radio,1001098,SiriusXM,SiriusXM,,,https://www.siriusxm.com/sports/nba,-1,,,,,,,,,,,,,,,,,,,,,,,,,,,,,,,,,,,,,,,,,,,,,,,,,,,,,,,,,,,,,,,,,,,,
00,2026-27,04/11/2027 00:00:00,0022601195,20270411/HOUMIN,1,8:30 pm ET,10,2027-04-11T00:00:00Z,1900-01-01T20:30:00Z,2027-04-11T20:30:00Z,2027-04-11T04:00:00Z,1900-01-01T00:30:00Z,2027-04-12T00:30:00Z,2027-04-11T19:30:00Z,2027-04-11T19:30:00Z,Sun,4,25,Week 25,false,,,,,Target Center,MN,Minneapolis,N,,,False,1610612750,Timberwolves,Minnesota,MIN,timberwolves,0,0,0,0,1610612745,Rockets,Houston,HOU,rockets,0,0,0,0,,,,,,,,,,,,,,,,,,,,,,,,,,,,,,,,,,natl,radio,1001098,SiriusXM,SiriusXM,,,https://www.siriusxm.com/sports/nba,-1,,,,,,,,,,,,,,,,,,,,,,,,,,,,,,,,,,,,,,,,,,,,,,,,,,,,,,,,,,,,,,,,,,,,
00,2026-27,04/11/2027 00:00:00,0022601196,20270411/PORSAS,1,8:30 pm ET,11,2027-04-11T00:00:00Z,1900-01-01T20:30:00Z,2027-04-11T20:30:00Z,2027-04-11T04:00:00Z,1900-01-01T00:30:00Z,2027-04-12T00:30:00Z,2027-04-11T17:30:00Z,2027-04-11T19:30:00Z,Sun,4,25,Week 25,false,,,,,Frost Bank Center,TX,San Antonio,N,,,False,1610612759,Spurs,San Antonio,SAS,spurs,0,0,0,0,1610612757,Trail Blazers,Portland,POR,blazers,0,0,0,0,,,,,,,,,,,,,,,,,,,,,,,,,,,,,,,,,,natl,radio,1001098,SiriusXM,SiriusXM,,,https://www.siriusxm.com/sports/nba,-1,,,,,,,,,,,,,,,,,,,,,,,,,,,,,,,,,,,,,,,,,,,,,,,away,tv,1001196.0,KUNP,KUNP,,,,1610612757.0,,,away,radio,1472.0,Rip City Radio 620,KPOJ,,,,1610612757.0,,
00,2026-27,04/11/2027 00:00:00,0022601197,20270411/OKCDEN,1,8:30 pm ET,12,2027-04-11T00:00:00Z,1900-01-01T20:30:00Z,2027-04-11T20:30:00Z,2027-04-11T04:00:00Z,1900-01-01T00:30:00Z,2027-04-12T00:30:00Z,2027-04-11T19:30:00Z,2027-04-11T18:30:00Z,Sun,4,25,Week 25,false,,,,,Ball Arena,CO,Denver,N,,,False,1610612743,Nuggets,Denver,DEN,nuggets,0,0,0,0,1610612760,Thunder,Oklahoma City,OKC,thunder,0,0,0,0,,,,,,,,,,,,,,,,,,,,,,,,,,,,,,,,,,natl,radio,1001098,SiriusXM,SiriusXM,,,https://www.siriusxm.com/sports/nba,-1,,,,,,,,,,,,,,,,,,,,,,,,,,,,,,,,,,,,,,,,,,,,,,,,,,,,,,,,,,,,,,,,,,,,
00,2026-27,04/11/2027 00:00:00,0022601198,20270411/UTAGSW,1,8:30 pm ET,13,2027-04-11T00:00:00Z,1900-01-01T20:30:00Z,2027-04-11T20:30:00Z,2027-04-11T04:00:00Z,1900-01-01T00:30:00Z,2027-04-12T00:30:00Z,2027-04-11T18:30:00Z,2027-04-11T17:30:00Z,Sun,4,25,Week 25,false,,,,,Chase Center,CA,San Francisco,N,,,False,1610612744,Warriors,Golden State,GSW,warriors,0,0,0,0,1610612762,Jazz,Utah,UTA,jazz,0,0,0,0,,,,,,,,,,,,,,,,,,,,,,,,,,,,,,,,,,natl,radio,1001098,SiriusXM,SiriusXM,,,https://www.siriusxm.com/sports/nba,-1,,,,,,,,,,,,,,home,tv,1097.0,NBCSBA,NBCSBA,,,,1610612744.0,,,,,,,,,,,,,,,,,,,,,,,,,,,,,,,,,,,,,,,,,,,,,,
00,2026-27,04/11/2027 00:00:00,0022601199,20270411/SACLAC,1,8:30 pm ET,14,2027-04-11T00:00:00Z,1900-01-01T20:30:00Z,2027-04-11T20:30:00Z,2027-04-11T04:00:00Z,1900-01-01T00:30:00Z,2027-04-12T00:30:00Z,2027-04-11T17:30:00Z,2027-04-11T17:30:00Z,Sun,4,25,Week 25,false,,,,,Intuit Dome,CA,Inglewood,N,,,False,1610612746,Clippers,LA,LAC,clippers,0,0,0,0,1610612758,Kings,Sacramento,SAC,kings,0,0,0,0,,,,,,,,,,,,,,,,,,,,,,,,,,,,,,,,,,natl,radio,1001098,SiriusXM,SiriusXM,,,https://www.siriusxm.com/sports/nba,-1,,,,,,,,,,,,,,,,,,,,,,,,,,,,,,,,,,,,,,,,,,,,,,,away,tv,1027.0,NBCSCA,NBCSCA,,,,1610612758.0,,,,,,,,,,,,,
00,2026-27,04/11/2027 00:00:00,0022601200,20270411/PHXLAL,1,8:30 pm ET,15,2027-04-11T00:00:00Z,1900-01-01T20:30:00Z,2027-04-11T20:30:00Z,2027-04-11T04:00:00Z,1900-01-01T00:30:00Z,2027-04-12T00:30:00Z,2027-04-11T17:30:00Z,2027-04-11T17:30:00Z,Sun,4,25,Week 25,false,,,,,Crypto.com Arena,CA,Los Angeles,N,,,False,1610612747,Lakers,Los Angeles,LAL,lakers,0,0,0,0,1610612756,Suns,Phoenix,PHX,suns,0,0,0,0,,,,,,,,,,,,,,,,,,,,,,,,,,,,,,,,,,natl,radio,1001098,SiriusXM,SiriusXM,,,https://www.siriusxm.com/sports/nba,-1,,,,,,,,,,,,,,home,tv,1651.0,Spectrum SportsNet,SPECSN,,,,1610612747.0,,,,,,,,,,,,,,home,radio,1001605.0,ESPN LA 710/980 KFWB,KSPN/KFWB,,,,1610612747.0,,,,,,,,,,,,,,,,,,,,,,,,
