PLAYER_ID,PLAYER_NAME,PLAYER_LAST_TEAM_ID,PLAYER_LAST_TEAM_ABBREVIATION,AGE,GP,G,FGA_FREQUENCY,FGM,FGA,FG_PCT,EFG_PCT,FG2A_FREQUENCY,FG2M,FG2A,FG2_PCT,FG3A_FREQUENCY,FG3M,FG3A,FG3_PCT,PlayerDashboardByClutch_GROUP_SET,PlayerDashboardByClutch_GROUP_VALUE,PlayerDashboardByClutch_GP,PlayerDashboardByClutch_W,PlayerDashboardByClutch_L,PlayerDashboardByClutch_W_PCT,PlayerDashboardByClutch_MIN,PlayerDashboardByClutch_FGM,PlayerDashboardByClutch_FGA,PlayerDashboardByClutch_FG_PCT,PlayerDashboardByClutch_FG3M,PlayerDashboardByClutch_FG3A,PlayerDashboardByClutch_FG3_PCT,PlayerDashboardByClutch_FTM,PlayerDashboardByClutch_FTA,PlayerDashboardByClutch_FT_PCT,PlayerDashboardByClutch_OREB,PlayerDashboardByClutch_DREB,PlayerDashboardByClutch_REB,PlayerDashboardByClutch_AST,PlayerDashboardByClutch_TOV,PlayerDashboardByClutch_STL,PlayerDashboardByClutch_BLK,PlayerDashboardByClutch_BLKA,PlayerDashboardByClutch_PF,PlayerDashboardByClutch_PFD,PlayerDashboardByClutch_PTS,PlayerDashboardByClutch_PLUS_MINUS,PlayerDashboardByClutch_NBA_FANTASY_PTS,PlayerDashboardByClutch_DD2,PlayerDashboardByClutch_TD3,PlayerDashboardByClutch_WNBA_FANTASY_PTS,PlayerDashboardByClutch_FP_HIGH_SCORE,PlayerDashboardByClutch_GP_RANK,PlayerDashboardByClutch_W_RANK,PlayerDashboardByClutch_L_RANK,PlayerDashboardByClutch_W_PCT_RANK,PlayerDashboardByClutch_MIN_RANK,PlayerDashboardByClutch_FGM_RANK,PlayerDashboardByClutch_FGA_RANK,PlayerDashboardByClutch_FG_PCT_RANK,PlayerDashboardByClutch_FG3M_RANK,PlayerDashboardByClutch_FG3A_RANK,PlayerDashboardByClutch_FG3_PCT_RANK,PlayerDashboardByClutch_FTM_RANK,PlayerDashboardByClutch_FTA_RANK,PlayerDashboardByClutch_FT_PCT_RANK,PlayerDashboardByClutch_OREB_RANK,PlayerDashboardByClutch_DREB_RANK,PlayerDashboardByClutch_REB_RANK,PlayerDashboardByClutch_AST_RANK,PlayerDashboardByClutch_TOV_RANK,PlayerDashboardByClutch_STL_RANK,PlayerDashboardByClutch_BLK_RANK,PlayerDashboardByClutch_BLKA_RANK,PlayerDashboardByClutch_PF_RANK,PlayerDashboardByClutch_PFD_RANK,PlayerDashboardByClutch_PTS_RANK,PlayerDashboardByClutch_PLUS_MINUS_RANK,PlayerDashboardByClutch_NBA_FANTASY_PTS_RANK,PlayerDashboardByClutch_DD2_RANK,PlayerDashboardByClutch_TD3_RANK,PlayerDashboardByClutch_WNBA_FANTASY_PTS_RANK,PlayerDashboardByClutch_FP_HIGH_SCORE_RANK,PlayerDashboardByClutch_TEAM_COUNT
1628983,Shai Gilgeous-Alexander,1610612760,OKC,26.0,76,76,1.0,860,1656,0.519,0.569,0.737,697,1221,0.571,0.263,163,435,0.375,Overall,2024-25,76,63,13,0.829,2597.63,860,1656,0.519,163,435,0.375,601,669,0.898,67,312,379,486,183,131,77,77,164,467,2484,918,4108.8,6,0,3928.0,4459.0,1,1,1,1,1,1,1,1,1,1,1,1,1,1,1,1,1,1,1,1,1,1,1,1,1,1,1,1,1,1,1,1
1630162,Anthony Edwards,1610612750,MIN,23.0,79,79,1.0,721,1612,0.447,0.547,0.497,401,801,0.501,0.503,320,811,0.395,Overall,2024-25,79,48,31,0.608,2871.0583333333334,721,1612,0.447,320,811,0.395,415,496,0.837,61,389,450,359,249,91,51,55,150,343,2177,291,3432.5,7,0,3590.0,3771.0,1,1,1,1,1,1,1,1,1,1,1,1,1,1,1,1,1,1,1,1,1,1,1,1,1,1,1,1,1,1,1,1
1630595,Cade Cunningham,1610612765,DET,23.0,70,70,1.0,683,1456,0.469,0.52,0.713,534,1038,0.514,0.287,149,418,0.356,Overall,2024-25,70,38,32,0.543,2451.9466666666667,684,1457,0.469,149,418,0.356,313,370,0.846,56,369,425,638,309,71,53,100,195,279,1830,175,3360.0,31,9,3290.0,3903.0,1,1,1,1,1,1,1,1,1,1,1,1,1,1,1,1,1,1,1,1,1,1,1,1,1,1,1,1,1,1,1,1
1628369,Jayson Tatum,1610612738,BOS,27.0,72,71,1.0,651,1442,0.451,0.538,0.501,402,723,0.556,0.499,249,719,0.346,Overall,2024-25,72,53,19,0.736,2623.8166666666666,662,1465,0.452,250,728,0.343,358,440,0.814,48,575,623,431,209,76,38,56,157,307,1932,534,3459.1,31,2,3464.0,3759.0,1,1,1,1,1,1,1,1,1,1,1,1,1,1,1,1,1,1,1,1,1,1,1,1,1,1,1,1,1,1,1,1
1630224,Jalen Green,1610612745,HOU,23.0,82,82,1.0,608,1437,0.423,0.505,0.54,374,776,0.482,0.46,234,661,0.354,Overall,2024-25,82,52,30,0.634,2697.11,608,1437,0.423,234,661,0.354,273,336,0.813,45,332,377,282,203,71,27,106,127,248,1723,166,2689.4,4,0,2812.0,2958.0,1,1,1,1,1,1,1,1,1,1,1,1,1,1,1,1,1,1,1,1,1,1,1,1,1,1,1,1,1,1,1,1
1626164,Devin Booker,1610612756,PHX,28.0,75,75,1.0,654,1420,0.461,0.525,0.612,471,869,0.542,0.388,183,551,0.332,Overall,2024-25,75,35,40,0.467,2794.9666666666667,654,1420,0.461,183,551,0.332,432,483,0.894,76,229,305,529,220,67,16,62,198,404,1923,-177,3111.5,16,0,3106.0,3535.0,1,1,1,1,1,1,1,1,1,1,1,1,1,1,1,1,1,1,1,1,1,1,1,1,1,1,1,1,1,1,1,1
1629639,Tyler Herro,1610612748,MIA,25.0,77,77,1.0,651,1378,0.472,0.563,0.513,400,707,0.566,0.487,251,671,0.374,Overall,2024-25,77,37,40,0.481,2725.08,651,1378,0.472,251,670,0.375,287,327,0.878,35,364,399,424,198,69,17,75,85,227,1840,99,3014.8,9,0,3086.0,3345.0,1,1,1,1,1,1,1,1,1,1,1,1,1,1,1,1,1,1,1,1,1,1,1,1,1,1,1,1,1,1,1,1
1629027,Trae Young,1610612737,ATL,26.0,76,76,1.0,566,1376,0.411,0.491,0.533,348,734,0.474,0.467,218,642,0.34,Overall,2024-25,76,36,40,0.474,2739.06,566,1376,0.411,218,642,0.34,491,561,0.875,36,200,236,880,355,91,12,66,145,430,1841,34,3398.2,51,0,3381.0,4146.0,1,1,1,1,1,1,1,1,1,1,1,1,1,1,1,1,1,1,1,1,1,1,1,1,1,1,1,1,1,1,1,1
203999,Nikola Jokić,1610612743,DEN,30.0,70,70,1.0,786,1363,0.577,0.627,0.758,648,1033,0.627,0.242,138,330,0.418,Overall,2024-25,70,46,24,0.657,2570.765,786,1364,0.576,138,331,0.417,361,451,0.8,200,692,892,716,230,127,45,63,160,410,2071,594,4501.4,59,34,4161.0,4911.0,1,1,1,1,1,1,1,1,1,1,1,1,1,1,1,1,1,1,1,1,1,1,1,1,1,1,1,1,1,1,1,1
1628378,Donovan Mitchell,1610612739,CLE,28.0,71,71,1.0,585,1320,0.443,0.531,0.52,352,687,0.512,0.48,233,633,0.368,Overall,2024-25,71,55,16,0.775,2232.0333333333333,585,1320,0.443,233,633,0.368,298,362,0.823,57,265,322,354,149,95,17,50,140,278,1701,522,2805.4,6,0,2834.0,3067.0,1,1,1,1,1,1,1,1,1,1,1,1,1,1,1,1,1,1,1,1,1,1,1,1,1,1,1,1,1,1,1,1
203507,Giannis Antetokounmpo,1610612749,MIL,30.0,67,67,1.0,793,1319,0.601,0.607,0.952,779,1256,0.62,0.048,14,63,0.222,Overall,2024-25,67,40,27,0.597,2288.63,793,1319,0.601,14,63,0.222,436,707,0.617,147,651,798,433,206,58,78,76,155,507,2036,334,3845.1,55,11,3553.0,4108.0,1,1,1,1,1,1,1,1,1,1,1,1,1,1,1,1,1,1,1,1,1,1,1,1,1,1,1,1,1,1,1,1
201942,DeMar DeRozan,1610612758,SAC,35.0,77,77,1.0,624,1308,0.477,0.509,0.804,540,1051,0.514,0.196,84,257,0.327,Overall,2024-25,77,38,39,0.494,2767.615,624,1308,0.477,84,256,0.328,378,441,0.857,50,248,298,342,105,62,32,57,150,316,1710,110,2757.6,3,0,2622.0,2974.0,1,1,1,1,1,1,1,1,1,1,1,1,1,1,1,1,1,1,1,1,1,1,1,1,1,1,1,1,1,1,1,1
201935,James Harden,1610612746,LAC,35.0,79,79,1.0,531,1295,0.41,0.501,0.484,296,627,0.472,0.516,235,668,0.352,Overall,2024-25,79,50,29,0.633,2789.036666666667,531,1295,0.41,235,668,0.352,505,578,0.874,55,401,456,687,341,118,55,65,162,371,1802,344,3557.7,38,3,3526.0,4151.0,1,1,1,1,1,1,1,1,1,1,1,1,1,1,1,1,1,1,1,1,1,1,1,1,1,1,1,1,1,1,1,1
2544,LeBron James,1610612747,LAL,40.0,70,70,1.0,651,1270,0.513,0.571,0.688,502,874,0.574,0.312,149,396,0.376,Overall,2024-25,70,44,26,0.629,2444.4466666666667,651,1270,0.513,149,396,0.376,259,331,0.782,72,474,546,575,260,70,39,51,99,265,1710,-54,3294.7,32,10,3198.0,3733.0,1,1,1,1,1,1,1,1,1,1,1,1,1,1,1,1,1,1,1,1,1,1,1,1,1,1,1,1,1,1,1,1
201939,Stephen Curry,1610612744,GSW,37.0,70,70,1.0,564,1257,0.449,0.572,0.377,253,474,0.534,0.623,311,783,0.397,Overall,2024-25,70,41,29,0.586,2252.45,564,1258,0.448,311,784,0.397,279,299,0.933,40,270,310,421,200,80,30,47,95,247,1718,299,2851.5,9,0,2980.0,3200.0,1,1,1,1,1,1,1,1,1,1,1,1,1,1,1,1,1,1,1,1,1,1,1,1,1,1,1,1,1,1,1,1
203897,Zach LaVine,1610612758,SAC,30.0,74,74,1.0,625,1223,0.511,0.609,0.562,386,687,0.562,0.438,239,536,0.446,Overall,2024-25,74,32,42,0.432,2602.48,625,1223,0.511,239,536,0.446,235,285,0.825,22,293,315,310,208,58,12,48,121,228,1724,-70,2569.0,6,0,2728.0,2869.0,1,1,1,1,1,1,1,1,1,1,1,1,1,1,1,1,1,1,1,1,1,1,1,1,1,1,1,1,1,1,1,2
1626157,Karl-Anthony Towns,1610612752,NYK,29.0,71,71,1.0,635,1203,0.528,0.586,0.724,494,871,0.567,0.276,141,332,0.425,Overall,2024-25,72,46,26,0.639,2516.72,639,1215,0.526,142,338,0.42,339,409,0.829,212,708,920,222,192,71,50,83,249,345,1759,378,3367.0,58,1,3285.0,3486.0,1,1,1,1,1,1,1,1,1,1,1,1,1,1,1,1,1,1,1,1,1,1,1,1,1,1,1,1,1,1,1,1
1628991,Jaren Jackson Jr.,1610612763,MEM,25.0,73,72,1.0,586,1198,0.489,0.55,0.679,441,814,0.542,0.321,145,384,0.378,Overall,2024-25,74,42,32,0.568,2206.951666666667,592,1213,0.488,146,389,0.375,311,398,0.781,91,326,417,148,153,92,113,87,257,334,1641,331,2825.4,6,0,2762.0,2969.0,1,1,1,1,1,1,1,1,1,1,1,1,1,1,1,1,1,1,1,1,1,1,1,1,1,1,1,1,1,1,1,1
1627783,Pascal Siakam,1610612754,IND,31.0,78,78,1.0,613,1182,0.519,0.572,0.726,487,858,0.568,0.274,126,324,0.389,Overall,2024-25,78,47,31,0.603,2547.8533333333335,613,1182,0.519,126,324,0.389,226,308,0.734,133,407,540,263,109,70,42,45,189,267,1578,312,2847.5,11,0,2731.0,2980.0,1,1,1,1,1,1,1,1,1,1,1,1,1,1,1,1,1,1,1,1,1,1,1,1,1,1,1,1,1,1,1,1
1628973,Jalen Brunson,1610612752,NYK,28.0,64,64,1.0,575,1177,0.489,0.552,0.668,425,786,0.541,0.332,150,391,0.384,Overall,2024-25,65,40,25,0.615,2300.7083333333335,585,1200,0.488,152,397,0.383,368,448,0.821,27,160,187,475,164,60,8,50,138,410,1690,146,2666.9,14,0,2640.0,3031.0,1,1,1,1,1,1,1,1,1,1,1,1,1,1,1,1,1,1,1,1,1,1,1,1,1,1,1,1,1,1,1,1
1629636,Darius Garland,1610612739,CLE,25.0,75,75,1.0,554,1174,0.472,0.562,0.549,342,645,0.53,0.451,212,529,0.401,Overall,2024-25,75,60,15,0.8,2300.77,554,1174,0.472,212,529,0.401,224,255,0.878,47,167,214,506,189,91,11,43,143,227,1544,499,2676.8,7,0,2680.0,3076.0,1,1,1,1,1,1,1,1,1,1,1,1,1,1,1,1,1,1,1,1,1,1,1,1,1,1,1,1,1,1,1,1
1628969,Mikal Bridges,1610612752,NYK,28.0,81,80,1.0,585,1169,0.5,0.571,0.608,421,711,0.592,0.392,164,458,0.358,Overall,2024-25,82,51,31,0.622,3036.076666666667,592,1183,0.5,164,463,0.354,96,118,0.814,71,188,259,306,132,75,43,24,127,130,1444,334,2435.8,1,0,2409.0,2669.0,1,1,1,1,1,1,1,1,1,1,1,1,1,1,1,1,1,1,1,1,1,1,1,1,1,1,1,1,1,1,1,1
1631114,Jalen Williams,1610612760,OKC,24.0,69,69,1.0,565,1168,0.484,0.537,0.709,441,828,0.533,0.291,124,340,0.365,Overall,2024-25,69,55,14,0.797,2236.673333333333,565,1168,0.484,124,340,0.365,236,299,0.789,59,310,369,354,150,111,46,59,158,245,1490,456,2784.8,3,0,2651.0,3038.0,1,1,1,1,1,1,1,1,1,1,1,1,1,1,1,1,1,1,1,1,1,1,1,1,1,1,1,1,1,1,1,1
1628368,De'Aaron Fox,1610612759,SAS,27.0,62,62,1.0,539,1163,0.463,0.514,0.672,421,782,0.538,0.328,118,381,0.31,Overall,2024-25,62,27,35,0.435,2241.1366666666668,539,1163,0.463,118,381,0.31,263,318,0.827,54,244,298,392,174,91,25,56,164,261,1459,-69,2578.6,9,0,2499.0,2889.0,1,1,1,1,1,1,1,1,1,1,1,1,1,1,1,1,1,1,1,1,1,1,1,1,1,1,1,1,1,1,1,2
1630532,Franz Wagner,1610612753,ORL,23.0,60,60,1.0,537,1161,0.463,0.507,0.697,433,809,0.535,0.303,104,352,0.295,Overall,2024-25,60,33,27,0.55,2023.3066666666666,537,1161,0.463,104,352,0.295,271,311,0.871,56,286,342,284,138,75,21,75,147,252,1449,247,2435.4,3,0,2371.0,2647.0,1,1,1,1,1,1,1,1,1,1,1,1,1,1,1,1,1,1,1,1,1,1,1,1,1,1,1,1,1,1,1,1
1630578,Alperen Sengun,1610612745,HOU,22.0,76,76,1.0,567,1143,0.496,0.505,0.921,546,1053,0.519,0.079,21,90,0.233,Overall,2024-25,76,52,24,0.684,2394.9766666666665,567,1143,0.496,21,90,0.233,296,428,0.692,262,524,786,372,194,84,61,84,209,406,1451,410,3193.2,45,4,2920.0,3416.0,1,1,1,1,1,1,1,1,1,1,1,1,1,1,1,1,1,1,1,1,1,1,1,1,1,1,1,1,1,1,1,1
1629014,Anfernee Simons,1610612757,POR,26.0,70,70,1.0,479,1125,0.426,0.521,0.473,264,532,0.496,0.527,215,593,0.363,Overall,2024-25,70,28,42,0.4,2291.8983333333335,479,1125,0.426,215,593,0.363,175,194,0.902,25,164,189,337,143,60,5,64,117,140,1348,-220,2132.3,2,0,2219.0,2406.0,1,1,1,1,1,1,1,1,1,1,1,1,1,1,1,1,1,1,1,1,1,1,1,1,1,1,1,1,1,1,1,1
201142,Kevin Durant,1610612756,PHX,36.0,62,62,1.0,592,1124,0.527,0.598,0.669,432,752,0.574,0.331,160,372,0.43,Overall,2024-25,62,33,29,0.532,2264.685,592,1124,0.527,160,372,0.43,303,361,0.839,23,351,374,263,190,50,77,32,104,331,1647,-38,2681.3,5,0,2698.0,2928.0,1,1,1,1,1,1,1,1,1,1,1,1,1,1,1,1,1,1,1,1,1,1,1,1,1,1,1,1,1,1,1,1
1629632,Coby White,1610612741,CHI,25.0,74,74,1.0,508,1121,0.453,0.55,0.479,292,537,0.544,0.521,216,584,0.37,Overall,2024-25,74,35,39,0.473,2450.2566666666667,508,1121,0.453,216,584,0.37,277,307,0.902,25,248,273,330,177,69,16,77,154,267,1509,-141,2409.6,2,0,2498.0,2697.0,1,1,1,1,1,1,1,1,1,1,1,1,1,1,1,1,1,1,1,1,1,1,1,1,1,1,1,1,1,1,1,1
1628389,Bam Adebayo,1610612748,MIA,27.0,78,78,1.0,540,1113,0.485,0.521,0.801,461,892,0.517,0.199,79,221,0.357,Overall,2024-25,78,36,42,0.462,2673.693333333333,540,1113,0.485,79,221,0.357,251,328,0.765,185,564,749,337,161,98,53,46,162,309,1410,27,3106.3,38,1,2877.0,3286.0,1,1,1,1,1,1,1,1,1,1,1,1,1,1,1,1,1,1,1,1,1,1,1,1,1,1,1,1,1,1,1,1
1627750,Jamal Murray,1610612743,DEN,28.0,67,67,1.0,523,1106,0.473,0.543,0.646,368,714,0.515,0.354,155,392,0.395,Overall,2024-25,67,41,26,0.612,2418.346666666667,531,1121,0.474,156,397,0.393,218,246,0.886,45,216,261,403,138,91,33,46,128,211,1436,331,2587.7,5,0,2504.0,2875.0,1,1,1,1,1,1,1,1,1,1,1,1,1,1,1,1,1,1,1,1,1,1,1,1,1,1,1,1,1,1,1,1
1627759,Jaylen Brown,1610612738,BOS,28.0,63,62,1.0,512,1105,0.463,0.516,0.677,396,748,0.529,0.323,116,357,0.325,Overall,2024-25,63,46,17,0.73,2157.9283333333333,518,1118,0.463,116,358,0.324,246,322,0.764,82,286,368,286,162,73,19,68,154,292,1398,402,2382.6,5,0,2352.0,2614.0,1,1,1,1,1,1,1,1,1,1,1,1,1,1,1,1,1,1,1,1,1,1,1,1,1,1,1,1,1,1,1,1
1631101,Shaedon Sharpe,1610612757,POR,22.0,72,72,1.0,499,1104,0.452,0.519,0.572,352,632,0.557,0.428,147,472,0.311,Overall,2024-25,72,32,40,0.444,2252.33,499,1104,0.452,147,472,0.311,190,242,0.785,68,256,324,198,150,62,16,48,120,189,1335,-138,2104.8,3,0,2160.0,2289.0,1,1,1,1,1,1,1,1,1,1,1,1,1,1,1,1,1,1,1,1,1,1,1,1,1,1,1,1,1,1,1,1
1630178,Tyrese Maxey,1610612755,PHI,24.0,52,52,1.0,477,1091,0.437,0.511,0.562,316,613,0.515,0.438,161,478,0.337,Overall,2024-25,52,20,32,0.385,1960.195,477,1091,0.437,161,478,0.337,254,289,0.879,15,159,174,317,124,91,21,61,116,224,1369,-124,2265.3,8,1,2245.0,2513.0,1,1,1,1,1,1,1,1,1,1,1,1,1,1,1,1,1,1,1,1,1,1,1,1,1,1,1,1,1,1,1,1
1628970,Miles Bridges,1610612766,CHA,27.0,64,64,1.0,469,1089,0.431,0.495,0.587,328,639,0.513,0.413,141,450,0.313,Overall,2024-25,64,16,48,0.25,2028.735,469,1089,0.431,141,450,0.313,221,254,0.87,72,409,481,248,136,44,45,72,93,181,1300,-259,2380.2,14,1,2348.0,2544.0,1,1,1,1,1,1,1,1,1,1,1,1,1,1,1,1,1,1,1,1,1,1,1,1,1,1,1,1,1,1,1,1
1627736,Malik Beasley,1610612765,DET,28.0,82,82,1.0,460,1069,0.43,0.579,0.285,142,305,0.466,0.715,318,764,0.416,Overall,2024-25,82,44,38,0.537,2282.9466666666667,461,1071,0.43,319,766,0.416,95,140,0.679,47,167,214,139,83,73,5,29,125,108,1336,175,1952.3,1,0,2164.0,2062.0,1,1,1,1,1,1,1,1,1,1,1,1,1,1,1,1,1,1,1,1,1,1,1,1,1,1,1,1,1,1,1,1
1630567,Scottie Barnes,1610612761,TOR,23.0,65,65,1.0,473,1062,0.445,0.481,0.736,397,782,0.508,0.264,76,280,0.271,Overall,2024-25,65,26,39,0.4,2134.13,474,1063,0.446,76,280,0.271,228,302,0.755,109,393,502,378,184,93,63,40,113,246,1252,-130,2705.4,26,1,2520.0,2978.0,1,1,1,1,1,1,1,1,1,1,1,1,1,1,1,1,1,1,1,1,1,1,1,1,1,1,1,1,1,1,1,1
1629673,Jordan Poole,1610612764,WAS,26.0,68,68,1.0,457,1056,0.433,0.544,0.411,222,434,0.512,0.589,235,622,0.378,Overall,2024-25,68,15,53,0.221,2000.8866666666668,457,1057,0.432,235,622,0.378,242,274,0.883,31,172,203,303,204,86,27,68,201,287,1391,-558,2224.1,1,0,2358.0,2539.0,1,1,1,1,1,1,1,1,1,1,1,1,1,1,1,1,1,1,1,1,1,1,1,1,1,1,1,1,1,1,1,1
202696,Nikola Vučević,1610612741,CHI,34.0,73,73,1.0,550,1038,0.53,0.592,0.691,421,717,0.587,0.309,129,321,0.402,Overall,2024-25,73,34,39,0.466,2278.25,550,1038,0.53,129,321,0.402,120,149,0.805,178,557,735,256,119,61,52,38,163,164,1349,-98,2835.0,45,1,2695.0,2935.0,1,1,1,1,1,1,1,1,1,1,1,1,1,1,1,1,1,1,1,1,1,1,1,1,1,1,1,1,1,1,1,1
1630559,Austin Reaves,1610612747,LAL,27.0,73,73,1.0,477,1037,0.46,0.556,0.488,277,506,0.547,0.512,200,531,0.377,Overall,2024-25,73,46,27,0.63,2550.0916666666667,477,1037,0.46,200,531,0.377,321,366,0.877,61,268,329,421,177,81,22,47,151,321,1475,195,2633.3,9,1,2631.0,2955.0,1,1,1,1,1,1,1,1,1,1,1,1,1,1,1,1,1,1,1,1,1,1,1,1,1,1,1,1,1,1,1,1
1629008,Michael Porter Jr.,1610612743,DEN,27.0,77,76,1.0,523,1035,0.505,0.598,0.534,332,553,0.6,0.466,191,482,0.396,Overall,2024-25,77,47,30,0.61,2593.2633333333333,528,1048,0.504,193,489,0.395,149,194,0.768,138,402,540,165,104,50,38,48,157,138,1398,265,2453.5,15,0,2472.0,2532.0,1,1,1,1,1,1,1,1,1,1,1,1,1,1,1,1,1,1,1,1,1,1,1,1,1,1,1,1,1,1,1,1
1629029,Luka Dončić,1610612747,LAL,26.0,50,50,1.0,461,1025,0.45,0.536,0.531,284,544,0.522,0.469,177,481,0.368,Overall,2024-25,50,31,19,0.62,1768.55,461,1025,0.45,177,481,0.368,309,395,0.782,40,369,409,383,179,89,21,30,126,293,1408,344,2624.3,21,5,2597.0,2913.0,1,1,1,1,1,1,1,1,1,1,1,1,1,1,1,1,1,1,1,1,1,1,1,1,1,1,1,1,1,1,1,2
1628384,OG Anunoby,1610612752,NYK,27.0,73,73,1.0,482,1010,0.477,0.56,0.554,315,560,0.563,0.446,167,450,0.371,Overall,2024-25,74,45,29,0.608,2705.7766666666666,489,1027,0.476,171,460,0.372,183,226,0.81,97,261,358,164,102,110,65,89,172,175,1332,301,2430.6,1,0,2375.0,2543.0,1,1,1,1,1,1,1,1,1,1,1,1,1,1,1,1,1,1,1,1,1,1,1,1,1,1,1,1,1,1,1,1
1630169,Tyrese Haliburton,1610612754,IND,25.0,73,73,1.0,476,1006,0.473,0.582,0.441,258,444,0.581,0.559,218,562,0.388,Overall,2024-25,73,46,27,0.63,2450.391666666667,476,1006,0.473,218,562,0.388,189,222,0.851,42,216,258,673,120,105,49,23,92,175,1359,222,3020.1,31,0,2816.0,3425.0,1,1,1,1,1,1,1,1,1,1,1,1,1,1,1,1,1,1,1,1,1,1,1,1,1,1,1,1,1,1,1,1
1630163,LaMelo Ball,1610612766,CHA,23.0,47,47,1.0,406,1003,0.405,0.494,0.474,227,475,0.478,0.526,179,528,0.339,Overall,2024-25,47,16,31,0.34,1504.475,406,1003,0.405,179,528,0.339,193,229,0.843,47,185,232,346,167,54,13,43,157,221,1184,-130,2015.4,13,0,2075.0,2309.0,1,1,1,1,1,1,1,1,1,1,1,1,1,1,1,1,1,1,1,1,1,1,1,1,1,1,1,1,1,1,1,1
1630217,Desmond Bane,1610612753,ORL,27.0,68,68,1.0,484,1001,0.484,0.565,0.586,320,587,0.545,0.414,164,414,0.396,Overall,2024-25,69,38,31,0.551,2205.225,493,1018,0.484,164,418,0.392,177,198,0.894,62,356,418,369,169,80,28,76,164,137,1327,143,2537.1,10,1,2494.0,2807.0,1,1,1,1,1,1,1,1,1,1,1,1,1,1,1,1,1,1,1,1,1,1,1,1,1,1,1,1,1,1,1,1
203468,CJ McCollum,1610612740,NOP,33.0,56,56,1.0,444,1000,0.444,0.53,0.541,273,541,0.505,0.459,171,459,0.373,Overall,2024-25,56,17,39,0.304,1831.6783333333333,444,1000,0.444,171,459,0.373,124,173,0.717,42,170,212,227,106,46,24,39,124,136,1183,-279,1881.9,0,0,1933.0,2059.0,1,1,1,1,1,1,1,1,1,1,1,1,1,1,1,1,1,1,1,1,1,1,1,1,1,1,1,1,1,1,1,1
203081,Damian Lillard,1610612749,MIL,34.0,58,58,1.0,444,992,0.448,0.547,0.472,247,468,0.528,0.528,197,524,0.376,Overall,2024-25,58,32,26,0.552,2092.87,444,992,0.448,197,524,0.376,362,393,0.921,29,243,272,410,162,70,10,43,97,299,1447,53,2466.4,14,2,2486.0,2779.0,1,1,1,1,1,1,1,1,1,1,1,1,1,1,1,1,1,1,1,1,1,1,1,1,1,1,1,1,1,1,1,1
1642264,Stephon Castle,1610612759,SAS,20.0,81,81,1.0,423,988,0.428,0.476,0.663,328,655,0.501,0.337,95,333,0.285,Overall,2024-25,81,33,48,0.407,2162.0216666666665,423,988,0.428,95,333,0.285,249,344,0.724,89,208,297,332,177,74,22,66,164,262,1190,-239,2155.4,6,0,2106.0,2439.0,1,1,1,1,1,1,1,1,1,1,1,1,1,1,1,1,1,1,1,1,1,1,1,1,1,1,1,1,1,1,1,1
1629628,RJ Barrett,1610612761,TOR,25.0,58,58,1.0,459,980,0.468,0.523,0.688,352,674,0.522,0.312,107,306,0.35,Overall,2024-25,58,23,35,0.397,1868.8033333333333,460,982,0.468,107,306,0.35,196,311,0.63,61,305,366,314,166,46,17,81,137,233,1223,-139,2156.2,10,2,2136.0,2406.0,1,1,1,1,1,1,1,1,1,1,1,1,1,1,1,1,1,1,1,1,1,1,1,1,1,1,1,1,1,1,1,1
1628401,Derrick White,1610612738,BOS,30.0,76,76,1.0,424,959,0.442,0.58,0.279,159,268,0.593,0.721,265,691,0.384,Overall,2024-25,76,58,18,0.763,2573.615,424,959,0.442,265,691,0.384,135,161,0.839,67,274,341,361,131,72,80,23,138,164,1248,540,2523.7,4,0,2519.0,2767.0,1,1,1,1,1,1,1,1,1,1,1,1,1,1,1,1,1,1,1,1,1,1,1,1,1,1,1,1,1,1,1,1
1626181,Norman Powell,1610612746,LAC,32.0,60,60,1.0,457,945,0.484,0.578,0.547,278,517,0.538,0.453,179,428,0.418,Overall,2024-25,60,39,21,0.65,1957.9883333333332,457,945,0.484,179,428,0.418,213,265,0.804,21,169,190,125,108,73,9,52,114,208,1306,352,1859.5,1,0,1964.0,1992.0,1,1,1,1,1,1,1,1,1,1,1,1,1,1,1,1,1,1,1,1,1,1,1,1,1,1,1,1,1,1,1,1
202681,Kyrie Irving,1610612742,DAL,33.0,50,50,1.0,447,945,0.473,0.549,0.62,303,586,0.517,0.38,144,359,0.401,Overall,2024-25,50,28,22,0.56,1803.7966666666666,447,945,0.473,144,359,0.401,196,214,0.916,60,180,240,231,111,66,23,40,101,164,1234,124,2024.5,0,0,2027.0,2203.0,1,1,1,1,1,1,1,1,1,1,1,1,1,1,1,1,1,1,1,1,1,1,1,1,1,1,1,1,1,1,1,1
1627826,Ivica Zubac,1610612746,LAC,28.0,80,80,1.0,592,940,0.63,0.63,1.0,592,940,0.63,0.0,0,0,,Overall,2024-25,80,50,30,0.625,2624.1766666666667,592,942,0.628,0,0,0.0,156,236,0.661,300,710,1010,214,127,55,90,58,168,242,1340,514,3181.0,59,1,2854.0,3213.0,1,1,1,1,1,1,1,1,1,1,1,1,1,1,1,1,1,1,1,1,1,1,1,1,1,1,1,1,1,1,1,1
203944,Julius Randle,1610612750,MIN,30.0,69,69,1.0,455,939,0.485,0.542,0.666,347,625,0.555,0.334,108,314,0.344,Overall,2024-25,69,44,25,0.638,2225.5266666666666,455,939,0.485,108,314,0.344,270,335,0.806,144,343,487,323,196,47,16,60,175,257,1288,166,2349.9,14,0,2332.0,2610.0,1,1,1,1,1,1,1,1,1,1,1,1,1,1,1,1,1,1,1,1,1,1,1,1,1,1,1,1,1,1,1,1
1628370,Malik Monk,1610612758,SAC,27.0,65,65,1.0,412,939,0.439,0.513,0.544,273,511,0.534,0.456,139,428,0.325,Overall,2024-25,65,36,29,0.554,2054.11,412,939,0.439,139,428,0.325,154,178,0.865,30,215,245,362,159,61,38,54,158,149,1117,116,2092.0,4,0,2061.0,2383.0,1,1,1,1,1,1,1,1,1,1,1,1,1,1,1,1,1,1,1,1,1,1,1,1,1,1,1,1,1,1,1,1
1630700,Dyson Daniels,1610612737,ATL,22.0,76,76,1.0,455,923,0.493,0.536,0.745,375,688,0.545,0.255,80,235,0.34,Overall,2024-25,76,37,39,0.487,2571.17,455,923,0.493,80,235,0.34,83,140,0.593,124,325,449,333,155,229,55,45,175,131,1073,-65,2808.3,9,0,2503.0,3040.0,1,1,1,1,1,1,1,1,1,1,1,1,1,1,1,1,1,1,1,1,1,1,1,1,1,1,1,1,1,1,1,1
1629675,Naz Reid,1610612750,MIN,25.0,80,80,1.0,426,923,0.462,0.556,0.499,251,461,0.544,0.501,175,462,0.379,Overall,2024-25,80,47,33,0.588,2200.116666666667,426,923,0.462,175,462,0.379,111,143,0.776,92,388,480,181,108,58,72,41,189,119,1138,340,2267.5,10,0,2234.0,2370.0,1,1,1,1,1,1,1,1,1,1,1,1,1,1,1,1,1,1,1,1,1,1,1,1,1,1,1,1,1,1,1,1
1641718,Keyonte George,1610612762,UTA,21.0,67,67,1.0,359,919,0.391,0.485,0.448,185,412,0.449,0.552,174,507,0.343,Overall,2024-25,67,13,54,0.194,2108.475,359,919,0.391,174,507,0.343,233,285,0.818,26,227,253,377,183,46,9,71,111,227,1125,-512,1976.1,4,0,2039.0,2297.0,1,1,1,1,1,1,1,1,1,1,1,1,1,1,1,1,1,1,1,1,1,1,1,1,1,1,1,1,1,1,1,1
1631094,Paolo Banchero,1610612753,ORL,22.0,46,46,1.0,412,911,0.452,0.5,0.701,325,639,0.509,0.299,87,272,0.32,Overall,2024-25,46,21,25,0.457,1581.53,412,911,0.452,87,272,0.32,280,385,0.727,51,294,345,219,136,36,28,51,97,265,1191,-21,1989.5,11,0,1970.0,2166.0,1,1,1,1,1,1,1,1,1,1,1,1,1,1,1,1,1,1,1,1,1,1,1,1,1,1,1,1,1,1,1,1
203076,Anthony Davis,1610612742,DAL,32.0,51,51,1.0,470,910,0.516,0.536,0.864,435,786,0.553,0.136,35,124,0.282,Overall,2024-25,51,30,21,0.588,1705.4883333333332,470,910,0.516,35,124,0.282,286,369,0.775,134,456,590,181,113,59,110,39,98,273,1261,25,2634.5,36,1,2405.0,2720.0,1,1,1,1,1,1,1,1,1,1,1,1,1,1,1,1,1,1,1,1,1,1,1,1,1,1,1,1,1,1,1,2
1630596,Evan Mobley,1610612739,CLE,24.0,71,71,1.0,505,906,0.557,0.604,0.746,420,676,0.621,0.254,85,230,0.37,Overall,2024-25,71,58,13,0.817,2166.555,505,906,0.557,85,230,0.37,221,305,0.725,164,495,659,226,145,61,113,51,141,239,1316,546,2822.8,37,0,2634.0,2949.0,1,1,1,1,1,1,1,1,1,1,1,1,1,1,1,1,1,1,1,1,1,1,1,1,1,1,1,1,1,1,1,1
1628415,Dillon Brooks,1610612745,HOU,29.0,75,75,1.0,384,895,0.429,0.533,0.476,198,426,0.465,0.524,186,469,0.397,Overall,2024-25,75,49,26,0.653,2388.2616666666668,384,895,0.429,186,469,0.397,99,121,0.818,75,200,275,128,76,60,16,36,242,109,1053,207,1727.0,0,0,1794.0,1812.0,1,1,1,1,1,1,1,1,1,1,1,1,1,1,1,1,1,1,1,1,1,1,1,1,1,1,1,1,1,1,1,1
1627734,Domantas Sabonis,1610612758,SAC,29.0,70,69,1.0,527,893,0.59,0.627,0.825,462,737,0.627,0.175,65,156,0.417,Overall,2024-25,70,36,34,0.514,2428.8766666666666,527,893,0.59,65,156,0.417,218,289,0.754,267,705,972,423,202,48,26,59,229,277,1337,144,3157.9,61,10,2945.0,3377.0,1,1,1,1,1,1,1,1,1,1,1,1,1,1,1,1,1,1,1,1,1,1,1,1,1,1,1,1,1,1,1,1
1630170,Devin Vassell,1610612759,SAS,24.0,64,64,1.0,394,889,0.443,0.532,0.517,236,460,0.513,0.483,158,429,0.368,Overall,2024-25,64,24,40,0.375,1983.185,394,889,0.443,158,429,0.368,95,120,0.792,34,221,255,183,88,84,33,29,108,98,1041,-262,1884.5,2,0,1871.0,2013.0,1,1,1,1,1,1,1,1,1,1,1,1,1,1,1,1,1,1,1,1,1,1,1,1,1,1,1,1,1,1,1,1
202691,Klay Thompson,1610612742,DAL,35.0,72,72,1.0,361,877,0.412,0.535,0.369,145,324,0.448,0.631,216,553,0.391,Overall,2024-25,72,33,39,0.458,1964.5683333333334,361,877,0.412,216,553,0.391,67,74,0.905,44,202,246,145,88,50,30,21,81,51,1005,-79,1669.7,0,0,1772.0,1781.0,1,1,1,1,1,1,1,1,1,1,1,1,1,1,1,1,1,1,1,1,1,1,1,1,1,1,1,1,1,1,1,1
1629012,Collin Sexton,1610612762,UTA,26.0,63,63,1.0,416,867,0.48,0.543,0.687,306,596,0.513,0.313,110,271,0.406,Overall,2024-25,63,14,49,0.222,1757.76,416,867,0.48,110,271,0.406,217,251,0.865,60,111,171,264,160,47,6,75,144,219,1159,-286,1759.2,2,0,1810.0,2017.0,1,1,1,1,1,1,1,1,1,1,1,1,1,1,1,1,1,1,1,1,1,1,1,1,1,1,1,1,1,1,1,1
1629630,Ja Morant,1610612763,MEM,25.0,49,49,1.0,395,867,0.456,0.506,0.678,307,588,0.522,0.322,88,279,0.315,Overall,2024-25,50,30,20,0.6,1519.11,404,889,0.454,88,285,0.309,263,319,0.824,34,171,205,364,185,61,12,51,113,249,1159,226,1985.0,13,1,1962.0,2311.0,1,1,1,1,1,1,1,1,1,1,1,1,1,1,1,1,1,1,1,1,1,1,1,1,1,1,1,1,1,1,1,1
1630202,Payton Pritchard,1610612738,BOS,27.0,80,79,1.0,408,860,0.474,0.622,0.278,154,239,0.644,0.722,254,621,0.409,Overall,2024-25,80,59,21,0.738,2270.875,409,866,0.472,255,626,0.407,71,84,0.845,102,205,307,279,83,70,14,38,118,86,1144,430,2099.9,5,0,2153.0,2261.0,1,1,1,1,1,1,1,1,1,1,1,1,1,1,1,1,1,1,1,1,1,1,1,1,1,1,1,1,1,1,1,1
1641705,Victor Wembanyama,1610612759,SAS,21.0,46,46,1.0,408,857,0.476,0.559,0.53,266,454,0.586,0.47,142,403,0.352,Overall,2024-25,46,21,25,0.457,1527.2533333333333,408,857,0.476,142,403,0.352,158,189,0.836,82,424,506,168,149,52,176,27,105,226,1116,102,2510.2,28,1,2388.0,2642.0,1,1,1,1,1,1,1,1,1,1,1,1,1,1,1,1,1,1,1,1,1,1,1,1,1,1,1,1,1,1,1,1
1631097,Bennedict Mathurin,1610612754,IND,23.0,72,72,1.0,391,853,0.458,0.516,0.662,293,565,0.519,0.338,98,288,0.34,Overall,2024-25,72,43,29,0.597,2149.318333333333,391,853,0.458,98,288,0.34,276,332,0.831,87,296,383,136,135,47,24,67,162,245,1156,94,1897.6,8,0,1915.0,2024.0,1,1,1,1,1,1,1,1,1,1,1,1,1,1,1,1,1,1,1,1,1,1,1,1,1,1,1,1,1,1,1,1
1628398,Kyle Kuzma,1610612749,MIL,29.0,65,65,1.0,370,848,0.436,0.493,0.631,274,535,0.512,0.369,96,313,0.307,Overall,2024-25,65,25,40,0.385,1936.415,370,848,0.436,96,313,0.307,128,202,0.634,54,316,370,152,146,36,19,39,119,159,964,-419,1655.0,6,0,1692.0,1803.0,1,1,1,1,1,1,1,1,1,1,1,1,1,1,1,1,1,1,1,1,1,1,1,1,1,1,1,1,1,1,1,2
1630166,Deni Avdija,1610612757,POR,24.0,72,72,1.0,402,844,0.476,0.55,0.595,277,502,0.552,0.405,125,342,0.365,Overall,2024-25,72,33,39,0.458,2161.1483333333335,402,844,0.476,125,342,0.365,290,372,0.78,110,412,522,281,196,71,35,65,171,295,1219,-78,2388.9,17,2,2359.0,2621.0,1,1,1,1,1,1,1,1,1,1,1,1,1,1,1,1,1,1,1,1,1,1,1,1,1,1,1,1,1,1,1,1
1630530,Trey Murphy III,1610612740,NOP,25.0,53,52,1.0,381,839,0.454,0.548,0.478,223,401,0.556,0.522,158,438,0.361,Overall,2024-25,53,14,39,0.264,1854.23,381,839,0.454,158,438,0.361,204,230,0.887,47,221,268,188,103,56,39,29,112,186,1124,-384,1909.6,2,0,1928.0,2053.0,1,1,1,1,1,1,1,1,1,1,1,1,1,1,1,1,1,1,1,1,1,1,1,1,1,1,1,1,1,1,1,1
203952,Andrew Wiggins,1610612748,MIA,30.0,60,60,1.0,376,839,0.448,0.526,0.585,246,491,0.501,0.415,130,348,0.374,Overall,2024-25,60,27,33,0.45,1842.2816666666668,376,839,0.448,130,348,0.374,196,257,0.763,89,180,269,158,99,60,50,63,101,174,1078,-100,1868.8,3,0,1855.0,1993.0,1,1,1,1,1,1,1,1,1,1,1,1,1,1,1,1,1,1,1,1,1,1,1,1,1,1,1,1,1,1,1,2
1630183,Jaden McDaniels,1610612750,MIN,24.0,82,82,1.0,398,834,0.477,0.537,0.637,298,531,0.561,0.363,100,303,0.33,Overall,2024-25,82,49,33,0.598,2614.41,398,834,0.477,100,303,0.33,104,128,0.813,129,341,470,163,95,110,74,41,225,136,1000,172,2265.5,10,0,2101.0,2348.0,1,1,1,1,1,1,1,1,1,1,1,1,1,1,1,1,1,1,1,1,1,1,1,1,1,1,1,1,1,1,1,1
1642259,Alex Sarr,1610612764,WAS,20.0,67,67,1.0,326,828,0.394,0.457,0.588,221,487,0.454,0.412,105,341,0.308,Overall,2024-25,67,13,54,0.194,1814.2283333333332,326,828,0.394,105,341,0.308,112,165,0.679,124,311,435,161,114,44,101,39,146,123,869,-546,1953.5,10,0,1860.0,2061.0,1,1,1,1,1,1,1,1,1,1,1,1,1,1,1,1,1,1,1,1,1,1,1,1,1,1,1,1,1,1,1,1
203471,Dennis Schröder,1610612765,DET,31.0,75,75,1.0,336,826,0.407,0.484,0.551,209,455,0.459,0.449,127,371,0.342,Overall,2024-25,75,37,38,0.493,2104.778333333333,336,827,0.406,127,371,0.342,181,216,0.838,27,171,198,404,142,66,12,57,180,211,980,-72,1915.6,7,0,1865.0,2220.0,1,1,1,1,1,1,1,1,1,1,1,1,1,1,1,1,1,1,1,1,1,1,1,1,1,1,1,1,1,1,1,3
1629656,Quentin Grimes,1610612755,PHI,25.0,75,74,1.0,384,823,0.467,0.565,0.488,222,402,0.552,0.512,162,421,0.385,Overall,2024-25,75,29,46,0.387,2013.09,384,823,0.467,162,421,0.385,162,214,0.757,59,265,324,228,141,74,22,32,138,174,1092,-261,1969.8,4,0,1998.0,2160.0,1,1,1,1,1,1,1,1,1,1,1,1,1,1,1,1,1,1,1,1,1,1,1,1,1,1,1,1,1,1,1,2
1631099,Keegan Murray,1610612758,SAC,24.0,76,76,1.0,364,820,0.444,0.538,0.452,210,371,0.566,0.548,154,449,0.343,Overall,2024-25,76,36,40,0.474,2610.173333333333,364,820,0.444,154,449,0.343,60,72,0.833,146,361,507,109,60,61,69,28,186,79,942,46,2043.9,11,0,1972.0,2057.0,1,1,1,1,1,1,1,1,1,1,1,1,1,1,1,1,1,1,1,1,1,1,1,1,1,1,1,1,1,1,1,1
201566,Russell Westbrook,1610612743,DEN,36.0,75,75,1.0,365,814,0.448,0.504,0.654,275,532,0.517,0.346,90,282,0.319,Overall,2024-25,75,43,32,0.573,2092.2916666666665,373,831,0.449,94,291,0.323,154,233,0.661,102,268,370,457,242,106,37,53,188,172,994,-24,2310.5,13,4,2201.0,2707.0,1,1,1,1,1,1,1,1,1,1,1,1,1,1,1,1,1,1,1,1,1,1,1,1,1,1,1,1,1,1,1,1
1631128,Christian Braun,1610612743,DEN,24.0,79,78,1.0,471,811,0.581,0.634,0.729,384,591,0.65,0.271,87,220,0.395,Overall,2024-25,79,48,31,0.608,2675.383333333333,476,821,0.58,89,224,0.397,177,214,0.827,98,312,410,205,81,85,37,62,170,143,1218,480,2302.5,6,0,2166.0,2404.0,1,1,1,1,1,1,1,1,1,1,1,1,1,1,1,1,1,1,1,1,1,1,1,1,1,1,1,1,1,1,1,1
1626167,Myles Turner,1610612754,IND,29.0,72,72,1.0,390,811,0.481,0.577,0.514,234,417,0.561,0.486,156,394,0.396,Overall,2024-25,72,44,28,0.611,2173.6366666666668,390,811,0.481,156,394,0.396,184,238,0.773,90,381,471,111,123,54,144,37,183,204,1120,202,2322.7,13,0,2254.0,2407.0,1,1,1,1,1,1,1,1,1,1,1,1,1,1,1,1,1,1,1,1,1,1,1,1,1,1,1,1,1,1,1,1
202699,Tobias Harris,1610612765,DET,32.0,73,73,1.0,384,805,0.477,0.534,0.672,293,541,0.542,0.328,91,264,0.345,Overall,2024-25,73,40,33,0.548,2305.4133333333334,384,805,0.477,91,264,0.345,143,166,0.861,65,367,432,162,85,74,57,46,138,121,1002,187,2071.4,5,0,1949.0,2151.0,1,1,1,1,1,1,1,1,1,1,1,1,1,1,1,1,1,1,1,1,1,1,1,1,1,1,1,1,1,1,1,1
1630581,Josh Giddey,1610612741,CHI,22.0,70,70,1.0,366,791,0.463,0.528,0.652,262,516,0.508,0.348,104,275,0.378,Overall,2024-25,70,33,37,0.471,2116.641666666667,371,798,0.465,105,278,0.378,175,224,0.781,127,439,566,503,202,84,45,66,122,179,1022,-68,2640.7,30,7,2454.0,2981.0,1,1,1,1,1,1,1,1,1,1,1,1,1,1,1,1,1,1,1,1,1,1,1,1,1,1,1,1,1,1,1,1
1627741,Buddy Hield,1610612744,GSW,32.0,82,82,1.0,328,786,0.417,0.546,0.302,125,237,0.527,0.698,203,549,0.37,Overall,2024-25,82,48,34,0.585,1862.9883333333332,328,786,0.417,203,549,0.37,53,64,0.828,51,213,264,134,91,69,23,31,132,46,912,141,1614.8,0,0,1697.0,1720.0,1,1,1,1,1,1,1,1,1,1,1,1,1,1,1,1,1,1,1,1,1,1,1,1,1,1,1,1,1,1,1,1
1642258,Zaccharie Risacher,1610612737,ATL,20.0,75,75,1.0,357,780,0.458,0.536,0.559,235,436,0.539,0.441,122,344,0.355,Overall,2024-25,75,38,37,0.507,1843.3866666666668,357,779,0.458,122,344,0.355,106,149,0.711,86,182,268,92,92,52,37,53,149,106,942,-121,1576.6,1,0,1602.0,1661.0,1,1,1,1,1,1,1,1,1,1,1,1,1,1,1,1,1,1,1,1,1,1,1,1,1,1,1,1,1,1,1,1
1630553,Keon Johnson,1610612751,BKN,23.0,79,79,1.0,303,779,0.389,0.47,0.485,177,378,0.468,0.515,126,401,0.314,Overall,2024-25,79,25,54,0.316,1925.2016666666666,303,779,0.389,126,401,0.314,107,139,0.77,63,234,297,175,116,82,30,75,209,120,839,-423,1677.9,0,0,1661.0,1822.0,1,1,1,1,1,1,1,1,1,1,1,1,1,1,1,1,1,1,1,1,1,1,1,1,1,1,1,1,1,1,1,1
201572,Brook Lopez,1610612749,MIL,37.0,80,80,1.0,394,774,0.509,0.599,0.518,255,401,0.636,0.482,139,373,0.373,Overall,2024-25,80,47,33,0.588,2546.07,394,774,0.509,139,373,0.373,114,138,0.826,113,288,401,143,84,50,148,20,171,135,1041,134,2246.7,4,0,2120.0,2322.0,1,1,1,1,1,1,1,1,1,1,1,1,1,1,1,1,1,1,1,1,1,1,1,1,1,1,1,1,1,1,1,1
1629640,Keldon Johnson,1610612759,SAS,25.0,77,77,1.0,371,770,0.482,0.538,0.644,284,496,0.573,0.356,87,274,0.318,Overall,2024-25,77,31,46,0.403,1837.9966666666667,371,770,0.482,87,274,0.318,150,194,0.773,112,259,371,125,77,49,22,37,115,140,979,-217,1747.7,3,0,1704.0,1813.0,1,1,1,1,1,1,1,1,1,1,1,1,1,1,1,1,1,1,1,1,1,1,1,1,1,1,1,1,1,1,1,1
1628404,Josh Hart,1610612752,NYK,30.0,76,77,1.0,402,765,0.525,0.58,0.672,319,514,0.621,0.328,83,251,0.331,Overall,2024-25,77,48,29,0.623,2896.83,404,770,0.525,84,252,0.333,159,205,0.776,161,576,737,453,158,119,27,59,201,182,1051,203,2894.9,34,9,2617.0,3132.0,1,1,1,1,1,1,1,1,1,1,1,1,1,1,1,1,1,1,1,1,1,1,1,1,1,1,1,1,1,1,1,1
1629631,De'Andre Hunter,1610612739,CLE,27.0,64,64,1.0,357,759,0.47,0.573,0.49,201,372,0.54,0.51,156,387,0.403,Overall,2024-25,64,38,26,0.594,1740.015,358,762,0.47,157,388,0.405,215,254,0.846,44,214,258,92,82,50,13,39,155,211,1088,88,1642.6,2,0,1721.0,1719.0,1,1,1,1,1,1,1,1,1,1,1,1,1,1,1,1,1,1,1,1,1,1,1,1,1,1,1,1,1,1,1,2
1627832,Fred VanVleet,1610612745,HOU,31.0,60,60,1.0,287,759,0.378,0.483,0.393,128,298,0.43,0.607,159,461,0.345,Overall,2024-25,60,41,19,0.683,2111.298333333333,287,759,0.378,159,461,0.345,111,137,0.81,32,189,221,333,87,94,25,22,140,116,844,264,1878.7,4,0,1795.0,2088.0,1,1,1,1,1,1,1,1,1,1,1,1,1,1,1,1,1,1,1,1,1,1,1,1,1,1,1,1,1,1,1,1
1642267,Bub Carrington,1610612764,WAS,19.0,82,82,1.0,300,748,0.401,0.493,0.456,162,341,0.475,0.544,138,407,0.339,Overall,2024-25,82,18,64,0.22,2457.79,300,748,0.401,138,407,0.339,69,85,0.812,33,308,341,364,141,54,21,23,190,111,807,-798,1846.2,5,0,1800.0,2101.0,1,1,1,1,1,1,1,1,1,1,1,1,1,1,1,1,1,1,1,1,1,1,1,1,1,1,1,1,1,1,1,1
1629661,Cameron Johnson,1610612751,BKN,29.0,57,57,1.0,355,747,0.475,0.582,0.454,196,339,0.578,0.546,159,408,0.39,Overall,2024-25,57,21,36,0.368,1799.7633333333333,355,747,0.475,159,408,0.39,201,225,0.893,54,193,247,194,99,53,25,36,104,170,1070,-200,1792.4,2,0,1826.0,1939.0,1,1,1,1,1,1,1,1,1,1,1,1,1,1,1,1,1,1,1,1,1,1,1,1,1,1,1,1,1,1,1,1
1626162,Kelly Oubre Jr.,1610612755,PHI,29.0,60,60,1.0,348,741,0.47,0.518,0.673,277,499,0.555,0.327,71,242,0.293,Overall,2024-25,60,21,39,0.35,2078.19,348,741,0.47,71,242,0.293,139,185,0.751,97,271,368,108,80,92,30,66,180,168,906,-258,1795.6,10,0,1697.0,1856.0,1,1,1,1,1,1,1,1,1,1,1,1,1,1,1,1,1,1,1,1,1,1,1,1,1,1,1,1,1,1,1,1
1630598,Aaron Wiggins,1610612760,OKC,26.0,76,75,1.0,355,728,0.488,0.577,0.534,225,389,0.578,0.466,130,339,0.383,Overall,2024-25,76,62,14,0.816,1743.9,355,728,0.488,130,339,0.383,74,89,0.831,81,214,295,134,69,60,18,39,101,68,914,514,1634.0,2,0,1629.0,1711.0,1,1,1,1,1,1,1,1,1,1,1,1,1,1,1,1,1,1,1,1,1,1,1,1,1,1,1,1,1,1,1,1
1641739,Toumani Camara,1610612757,POR,25.0,78,78,1.0,328,716,0.458,0.552,0.497,193,356,0.542,0.503,135,360,0.375,Overall,2024-25,78,33,45,0.423,2548.0516666666667,328,716,0.458,135,360,0.375,91,126,0.722,173,277,450,175,109,116,50,28,230,221,882,-114,2073.5,4,0,1974.0,2180.0,1,1,1,1,1,1,1,1,1,1,1,1,1,1,1,1,1,1,1,1,1,1,1,1,1,1,1,1,1,1,1,1
1630230,Naji Marshall,1610612742,DAL,27.0,69,69,1.0,362,712,0.508,0.551,0.694,302,494,0.611,0.306,60,218,0.275,Overall,2024-25,69,32,37,0.464,1919.0833333333333,362,712,0.508,60,218,0.275,130,160,0.813,76,252,328,208,112,70,11,37,109,118,914,-137,1750.6,6,0,1672.0,1901.0,1,1,1,1,1,1,1,1,1,1,1,1,1,1,1,1,1,1,1,1,1,1,1,1,1,1,1,1,1,1,1,1
1628374,Lauri Markkanen,1610612762,UTA,28.0,47,47,1.0,296,700,0.423,0.521,0.43,158,301,0.525,0.57,138,399,0.346,Overall,2024-25,47,9,38,0.191,1475.8433333333332,296,700,0.423,138,399,0.346,162,185,0.876,72,206,278,70,66,33,17,39,79,159,892,-186,1414.6,5,0,1478.0,1460.0,1,1,1,1,1,1,1,1,1,1,1,1,1,1,1,1,1,1,1,1,1,1,1,1,1,1,1,1,1,1,1,1
1641708,Amen Thompson,1610612745,HOU,22.0,69,69,1.0,388,697,0.557,0.575,0.869,363,606,0.599,0.131,25,91,0.275,Overall,2024-25,69,43,26,0.623,2225.415,388,697,0.557,25,91,0.275,169,247,0.684,192,372,564,265,138,97,89,45,167,175,970,268,2464.3,21,3,2196.0,2622.0,1,1,1,1,1,1,1,1,1,1,1,1,1,1,1,1,1,1,1,1,1,1,1,1,1,1,1,1,1,1,1,1
203078,Bradley Beal,1610612756,PHX,32.0,53,53,1.0,345,694,0.497,0.571,0.62,243,430,0.565,0.38,102,264,0.386,Overall,2024-25,53,22,31,0.415,1702.1916666666666,345,694,0.497,102,264,0.386,110,137,0.803,34,143,177,195,99,58,28,21,136,115,902,-273,1565.9,1,0,1548.0,1727.0,1,1,1,1,1,1,1,1,1,1,1,1,1,1,1,1,1,1,1,1,1,1,1,1,1,1,1,1,1,1,1,1
1630703,Scoot Henderson,1610612757,POR,21.0,66,66,1.0,287,685,0.419,0.496,0.566,182,388,0.469,0.434,105,297,0.354,Overall,2024-25,66,30,36,0.455,1759.0716666666667,287,685,0.419,105,297,0.354,158,206,0.767,52,146,198,335,177,68,13,44,181,182,837,-38,1643.1,2,0,1637.0,1948.0,1,1,1,1,1,1,1,1,1,1,1,1,1,1,1,1,1,1,1,1,1,1,1,1,1,1,1,1,1,1,1,1
1630168,Onyeka Okongwu,1610612737,ATL,24.0,74,74,1.0,388,684,0.567,0.602,0.784,340,536,0.634,0.216,48,148,0.324,Overall,2024-25,74,35,39,0.473,2063.9266666666667,388,684,0.567,48,148,0.324,164,216,0.759,220,440,660,168,90,69,68,50,193,167,988,40,2353.0,28,0,2138.0,2395.0,1,1,1,1,1,1,1,1,1,1,1,1,1,1,1,1,1,1,1,1,1,1,1,1,1,1,1,1,1,1,1,1
203084,Harrison Barnes,1610612759,SAS,33.0,82,82,1.0,347,683,0.508,0.622,0.473,191,323,0.591,0.527,156,360,0.433,Overall,2024-25,82,34,48,0.415,2230.0633333333335,347,683,0.508,156,360,0.433,161,199,0.809,97,213,310,136,50,39,14,28,75,147,1011,-25,1696.0,1,0,1719.0,1752.0,1,1,1,1,1,1,1,1,1,1,1,1,1,1,1,1,1,1,1,1,1,1,1,1,1,1,1,1,1,1,1,1
1626145,Tyus Jones,1610612756,PHX,29.0,81,81,1.0,306,683,0.448,0.57,0.413,140,282,0.496,0.587,166,401,0.414,Overall,2024-25,81,36,45,0.444,2173.516666666667,306,683,0.448,166,401,0.414,51,57,0.895,40,156,196,429,91,69,8,26,63,76,829,-92,1847.7,6,0,1774.0,2114.0,1,1,1,1,1,1,1,1,1,1,1,1,1,1,1,1,1,1,1,1,1,1,1,1,1,1,1,1,1,1,1,1
203915,Spencer Dinwiddie,1610612742,DAL,32.0,79,77,1.0,284,682,0.416,0.496,0.522,175,356,0.492,0.478,109,326,0.334,Overall,2024-25,79,37,42,0.468,2136.085,284,682,0.416,109,326,0.334,195,243,0.802,18,191,209,349,102,70,17,23,121,197,872,-222,1805.3,5,0,1713.0,2040.0,1,1,1,1,1,1,1,1,1,1,1,1,1,1,1,1,1,1,1,1,1,1,1,1,1,1,1,1,1,1,1,1
203501,Tim Hardaway Jr.,1610612765,DET,33.0,77,77,1.0,276,680,0.406,0.529,0.328,108,223,0.484,0.672,168,457,0.368,Overall,2024-25,77,41,36,0.532,2152.795,276,680,0.406,168,457,0.368,124,145,0.855,18,165,183,123,48,38,7,19,96,151,844,25,1335.1,0,0,1408.0,1408.0,1,1,1,1,1,1,1,1,1,1,1,1,1,1,1,1,1,1,1,1,1,1,1,1,1,1,1,1,1,1,1,1
1642377,Jaylen Wells,1610612763,MEM,21.0,78,78,1.0,286,672,0.426,0.528,0.423,149,284,0.525,0.577,137,388,0.353,Overall,2024-25,79,47,32,0.595,2043.4816666666666,287,676,0.425,138,392,0.352,111,135,0.822,87,181,268,135,69,44,8,33,146,150,823,186,1434.1,1,0,1468.0,1517.0,1,1,1,1,1,1,1,1,1,1,1,1,1,1,1,1,1,1,1,1,1,1,1,1,1,1,1,1,1,1,1,1
1629023,P.J. Washington,1610612742,DAL,26.0,57,57,1.0,301,665,0.453,0.521,0.641,210,426,0.493,0.359,91,239,0.381,Overall,2024-25,57,31,26,0.544,1834.8583333333333,301,665,0.453,91,239,0.381,143,198,0.722,82,360,442,131,118,63,60,50,131,158,836,49,1813.9,14,0,1746.0,1909.0,1,1,1,1,1,1,1,1,1,1,1,1,1,1,1,1,1,1,1,1,1,1,1,1,1,1,1,1,1,1,1,1
1630577,Julian Champagnie,1610612759,SAS,24.0,82,82,1.0,276,665,0.415,0.549,0.278,98,185,0.53,0.722,178,480,0.371,Overall,2024-25,82,34,48,0.415,1932.1283333333333,276,665,0.415,178,480,0.371,85,94,0.904,67,251,318,111,74,61,35,32,114,54,815,-67,1577.1,0,0,1614.0,1643.0,1,1,1,1,1,1,1,1,1,1,1,1,1,1,1,1,1,1,1,1,1,1,1,1,1,1,1,1,1,1,1,1
1629130,Duncan Robinson,1610612748,MIA,31.0,74,74,1.0,290,663,0.437,0.581,0.271,100,180,0.556,0.729,190,483,0.393,Overall,2024-25,74,30,44,0.405,1785.595,290,663,0.437,190,483,0.393,47,53,0.887,18,149,167,176,86,40,6,29,135,61,817,66,1333.4,0,0,1442.0,1474.0,1,1,1,1,1,1,1,1,1,1,1,1,1,1,1,1,1,1,1,1,1,1,1,1,1,1,1,1,1,1,1,1
1629018,Gary Trent Jr.,1610612749,MIL,26.0,74,74,1.0,283,657,0.431,0.568,0.341,103,224,0.46,0.659,180,433,0.416,Overall,2024-25,74,44,30,0.595,1893.395,283,657,0.431,180,433,0.416,78,92,0.848,20,148,168,87,42,72,4,11,124,71,824,70,1342.1,0,0,1411.0,1394.0,1,1,1,1,1,1,1,1,1,1,1,1,1,1,1,1,1,1,1,1,1,1,1,1,1,1,1,1,1,1,1,1
1629645,Kevin Porter Jr.,1610612749,MIL,25.0,75,75,1.0,293,652,0.449,0.492,0.729,238,475,0.501,0.271,55,177,0.311,Overall,2024-25,75,43,32,0.573,1482.02,293,652,0.449,55,177,0.311,130,169,0.769,42,236,278,256,136,81,13,48,119,145,771,27,1634.6,2,1,1548.0,1843.0,1,1,1,1,1,1,1,1,1,1,1,1,1,1,1,1,1,1,1,1,1,1,1,1,1,1,1,1,1,1,1,2
1641711,Gradey Dick,1610612761,TOR,21.0,54,54,1.0,265,647,0.41,0.498,0.496,151,321,0.47,0.504,114,326,0.35,Overall,2024-25,54,15,39,0.278,1587.3733333333332,265,647,0.41,114,326,0.35,133,155,0.858,44,149,193,98,83,48,10,36,120,127,777,-210,1246.6,0,0,1298.0,1340.0,1,1,1,1,1,1,1,1,1,1,1,1,1,1,1,1,1,1,1,1,1,1,1,1,1,1,1,1,1,1,1,1
1628386,Jarrett Allen,1610612739,CLE,27.0,82,82,1.0,452,640,0.706,0.706,0.992,452,635,0.712,0.008,0,5,0.0,Overall,2024-25,82,64,18,0.78,2296.0533333333333,452,640,0.706,0,5,0.0,199,277,0.718,216,582,798,158,97,77,73,47,127,257,1103,514,2650.6,40,0,2359.0,2667.0,1,1,1,1,1,1,1,1,1,1,1,1,1,1,1,1,1,1,1,1,1,1,1,1,1,1,1,1,1,1,1,1
1626156,D'Angelo Russell,1610612751,BKN,29.0,58,58,1.0,249,638,0.39,0.479,0.436,136,278,0.489,0.564,113,360,0.314,Overall,2024-25,58,26,32,0.448,1480.4183333333333,249,638,0.39,113,360,0.314,121,145,0.834,20,142,162,297,108,56,23,14,115,139,732,0,1500.9,4,0,1462.0,1725.0,1,1,1,1,1,1,1,1,1,1,1,1,1,1,1,1,1,1,1,1,1,1,1,1,1,1,1,1,1,1,1,2
1630583,Santi Aldama,1610612763,MEM,24.0,64,64,1.0,308,636,0.484,0.577,0.498,190,317,0.599,0.502,118,319,0.37,Overall,2024-25,65,38,27,0.585,1659.6483333333333,313,648,0.483,120,326,0.368,65,94,0.691,94,322,416,188,71,52,29,21,76,83,811,149,1764.2,10,0,1697.0,1846.0,1,1,1,1,1,1,1,1,1,1,1,1,1,1,1,1,1,1,1,1,1,1,1,1,1,1,1,1,1,1,1,1
1626179,Terry Rozier,1610612748,MIA,31.0,64,64,1.0,248,635,0.391,0.462,0.515,157,327,0.48,0.485,91,308,0.295,Overall,2024-25,64,27,37,0.422,1658.22,248,635,0.391,91,308,0.295,92,108,0.852,44,194,238,167,78,37,14,36,73,98,679,-141,1290.1,0,0,1277.0,1404.0,1,1,1,1,1,1,1,1,1,1,1,1,1,1,1,1,1,1,1,1,1,1,1,1,1,1,1,1,1,1,1,1
1641764,Brandin Podziemski,1610612744,GSW,22.0,64,63,1.0,280,629,0.445,0.537,0.509,165,320,0.516,0.491,115,309,0.372,Overall,2024-25,64,38,26,0.594,1716.3483333333334,280,629,0.445,115,309,0.372,72,95,0.758,65,260,325,220,75,69,13,26,95,123,747,261,1638.0,2,0,1571.0,1758.0,1,1,1,1,1,1,1,1,1,1,1,1,1,1,1,1,1,1,1,1,1,1,1,1,1,1,1,1,1,1,1,1
202685,Jonas Valanciunas,1610612758,SAC,33.0,81,81,1.0,345,627,0.55,0.557,0.941,337,590,0.571,0.059,8,37,0.216,Overall,2024-25,81,23,58,0.284,1523.7633333333333,345,627,0.55,8,37,0.216,145,165,0.879,190,437,627,164,120,37,46,39,181,168,843,-304,1970.4,21,0,1808.0,2047.0,1,1,1,1,1,1,1,1,1,1,1,1,1,1,1,1,1,1,1,1,1,1,1,1,1,1,1,1,1,1,1,2
204456,T.J. McConnell,1610612754,IND,33.0,79,78,1.0,324,624,0.519,0.531,0.921,309,575,0.537,0.079,15,49,0.306,Overall,2024-25,79,49,30,0.62,1415.4333333333334,324,624,0.519,15,49,0.306,57,77,0.74,44,149,193,351,109,83,21,42,79,95,720,-56,1681.1,2,0,1487.0,1927.0,1,1,1,1,1,1,1,1,1,1,1,1,1,1,1,1,1,1,1,1,1,1,1,1,1,1,1,1,1,1,1,1
1641731,Bilal Coulibaly,1610612764,WAS,20.0,59,59,1.0,263,624,0.421,0.472,0.641,200,400,0.5,0.359,63,224,0.281,Overall,2024-25,59,13,46,0.22,1947.5066666666667,263,624,0.421,63,224,0.281,138,185,0.746,91,203,294,199,125,78,41,46,139,143,727,-587,1610.3,3,1,1521.0,1776.0,1,1,1,1,1,1,1,1,1,1,1,1,1,1,1,1,1,1,1,1,1,1,1,1,1,1,1,1,1,1,1,1
202695,Kawhi Leonard,1610612746,LAC,34.0,37,37,1.0,310,623,0.498,0.56,0.695,232,433,0.536,0.305,78,190,0.411,Overall,2024-25,37,26,11,0.703,1179.9566666666667,310,623,0.498,78,190,0.411,98,121,0.81,35,184,219,116,72,59,17,11,56,122,796,296,1388.8,5,0,1361.0,1475.0,1,1,1,1,1,1,1,1,1,1,1,1,1,1,1,1,1,1,1,1,1,1,1,1,1,1,1,1,1,1,1,1
1641710,Anthony Black,1610612753,ORL,21.0,78,77,1.0,262,621,0.422,0.472,0.686,200,426,0.469,0.314,62,195,0.318,Overall,2024-25,78,39,39,0.5,1886.9933333333333,262,620,0.423,62,195,0.318,150,197,0.761,52,178,230,240,139,86,48,53,166,182,736,-40,1635.0,1,0,1536.0,1848.0,1,1,1,1,1,1,1,1,1,1,1,1,1,1,1,1,1,1,1,1,1,1,1,1,1,1,1,1,1,1,1,1
1627777,Georges Niang,1610612737,ATL,32.0,79,79,1.0,286,620,0.461,0.595,0.34,120,211,0.569,0.66,166,409,0.406,Overall,2024-25,79,55,24,0.696,1697.2333333333333,286,620,0.461,166,409,0.406,46,58,0.793,47,225,272,111,82,28,14,21,201,58,784,194,1320.9,1,0,1417.0,1404.0,1,1,1,1,1,1,1,1,1,1,1,1,1,1,1,1,1,1,1,1,1,1,1,1,1,1,1,1,1,1,1,2
1630592,Jalen Wilson,1610612751,BKN,24.0,79,79,1.0,246,620,0.397,0.495,0.416,124,258,0.481,0.584,122,362,0.337,Overall,2024-25,79,25,54,0.316,2031.3866666666668,246,620,0.397,122,362,0.337,135,165,0.818,75,195,270,145,79,40,5,37,164,122,749,-262,1346.5,0,0,1376.0,1444.0,1,1,1,1,1,1,1,1,1,1,1,1,1,1,1,1,1,1,1,1,1,1,1,1,1,1,1,1,1,1,1,1
1629660,Ty Jerome,1610612739,CLE,27.0,70,70,1.0,319,618,0.516,0.606,0.591,208,365,0.57,0.409,111,253,0.439,Overall,2024-25,70,55,15,0.786,1392.4,319,618,0.516,111,253,0.439,129,148,0.872,50,123,173,237,92,78,3,27,102,124,878,302,1592.1,0,0,1561.0,1768.0,1,1,1,1,1,1,1,1,1,1,1,1,1,1,1,1,1,1,1,1,1,1,1,1,1,1,1,1,1,1,1,1
1629638,Nickeil Alexander-Walker,1610612750,MIN,26.0,82,82,1.0,270,616,0.438,0.553,0.399,129,246,0.524,0.601,141,370,0.381,Overall,2024-25,82,49,33,0.598,2073.1016666666665,270,616,0.438,141,370,0.381,92,118,0.78,54,211,265,223,99,50,34,24,139,139,773,270,1578.5,1,0,1570.0,1736.0,1,1,1,1,1,1,1,1,1,1,1,1,1,1,1,1,1,1,1,1,1,1,1,1,1,1,1,1,1,1,1,1
1628989,Kevin Huerter,1610612741,CHI,26.0,69,69,1.0,257,604,0.425,0.535,0.353,125,213,0.587,0.647,132,391,0.338,Overall,2024-25,69,39,30,0.565,1678.9933333333333,257,604,0.425,132,391,0.338,35,49,0.714,30,175,205,156,67,66,23,14,121,43,681,104,1361.0,0,0,1352.0,1465.0,1,1,1,1,1,1,1,1,1,1,1,1,1,1,1,1,1,1,1,1,1,1,1,1,1,1,1,1,1,1,1,2
1630167,Obi Toppin,1610612754,IND,27.0,79,78,1.0,317,599,0.529,0.621,0.497,207,298,0.695,0.503,110,301,0.365,Overall,2024-25,79,48,31,0.608,1544.815,317,599,0.529,110,301,0.365,89,114,0.781,56,262,318,128,68,46,28,25,108,89,833,-77,1560.6,2,0,1537.0,1629.0,1,1,1,1,1,1,1,1,1,1,1,1,1,1,1,1,1,1,1,1,1,1,1,1,1,1,1,1,1,1,1,1
1627747,Caris LeVert,1610612737,ATL,30.0,64,64,1.0,280,599,0.467,0.556,0.526,174,315,0.552,0.474,106,284,0.373,Overall,2024-25,64,46,18,0.719,1596.1066666666666,280,599,0.467,106,284,0.373,110,155,0.71,41,162,203,215,76,57,33,27,99,109,776,258,1536.1,1,0,1480.0,1679.0,1,1,1,1,1,1,1,1,1,1,1,1,1,1,1,1,1,1,1,1,1,1,1,1,1,1,1,1,1,1,1,2
1641729,Brice Sensabaugh,1610612762,UTA,21.0,71,70,1.0,275,599,0.459,0.59,0.379,118,227,0.52,0.621,157,372,0.422,Overall,2024-25,71,14,57,0.197,1431.9216666666666,275,599,0.459,157,372,0.422,65,73,0.89,42,168,210,110,107,46,8,27,111,54,772,-285,1244.0,0,0,1357.0,1364.0,1,1,1,1,1,1,1,1,1,1,1,1,1,1,1,1,1,1,1,1,1,1,1,1,1,1,1,1,1,1,1,1
202710,Jimmy Butler III,1610612744,GSW,35.0,55,54,1.0,301,597,0.504,0.531,0.826,269,493,0.546,0.174,32,104,0.308,Overall,2024-25,55,36,19,0.655,1746.135,301,597,0.504,32,104,0.308,330,392,0.842,125,171,296,298,74,77,18,50,52,283,964,246,1977.2,6,3,1780.0,2141.0,1,1,1,1,1,1,1,1,1,1,1,1,1,1,1,1,1,1,1,1,1,1,1,1,1,1,1,1,1,1,1,2
1626171,Bobby Portis Jr.,1610612749,MIL,30.0,49,49,1.0,277,595,0.466,0.52,0.701,212,417,0.508,0.299,65,178,0.365,Overall,2024-25,49,30,19,0.612,1243.68,277,595,0.466,65,178,0.365,61,73,0.836,90,321,411,104,57,35,26,31,94,72,680,95,1455.2,11,0,1382.0,1482.0,1,1,1,1,1,1,1,1,1,1,1,1,1,1,1,1,1,1,1,1,1,1,1,1,1,1,1,1,1,1,1,1
1628978,Donte DiVincenzo,1610612750,MIN,28.0,62,62,1.0,250,594,0.421,0.567,0.263,76,156,0.487,0.737,174,438,0.397,Overall,2024-25,62,37,25,0.597,1605.7333333333333,250,593,0.422,174,438,0.397,49,63,0.778,32,196,228,225,99,73,17,22,114,86,723,174,1505.1,1,0,1530.0,1671.0,1,1,1,1,1,1,1,1,1,1,1,1,1,1,1,1,1,1,1,1,1,1,1,1,1,1,1,1,1,1,1,1
1629652,Luguentz Dort,1610612760,OKC,26.0,71,71,1.0,258,593,0.435,0.578,0.304,88,180,0.489,0.696,170,413,0.412,Overall,2024-25,71,57,14,0.803,2073.3,258,593,0.435,170,413,0.412,33,46,0.717,89,204,293,115,51,79,39,23,208,108,719,547,1546.1,0,0,1533.0,1596.0,1,1,1,1,1,1,1,1,1,1,1,1,1,1,1,1,1,1,1,1,1,1,1,1,1,1,1,1,1,1,1,1
1630590,Scotty Pippen Jr.,1610612763,MEM,24.0,78,76,1.0,284,591,0.481,0.554,0.631,197,373,0.528,0.369,87,218,0.399,Overall,2024-25,79,46,33,0.582,1682.88,285,594,0.48,87,219,0.397,122,171,0.713,65,194,259,347,138,103,30,43,203,186,779,44,1871.3,9,1,1738.0,2131.0,1,1,1,1,1,1,1,1,1,1,1,1,1,1,1,1,1,1,1,1,1,1,1,1,1,1,1,1,1,1,1,1
1627884,Derrick Jones Jr.,1610612746,LAC,28.0,77,77,1.0,310,589,0.526,0.593,0.628,232,370,0.627,0.372,78,219,0.356,Overall,2024-25,77,48,29,0.623,1873.3883333333333,310,589,0.526,78,219,0.356,83,118,0.703,93,170,263,60,66,79,33,25,153,102,781,249,1456.6,0,0,1406.0,1500.0,1,1,1,1,1,1,1,1,1,1,1,1,1,1,1,1,1,1,1,1,1,1,1,1,1,1,1,1,1,1,1,1
1631108,Max Christie,1610612742,DAL,22.0,78,78,1.0,252,589,0.428,0.525,0.467,137,275,0.498,0.533,115,314,0.366,Overall,2024-25,78,40,38,0.513,2127.141666666667,252,590,0.427,115,314,0.366,130,152,0.855,38,220,258,146,88,64,31,39,115,113,749,-83,1474.6,0,0,1458.0,1584.0,1,1,1,1,1,1,1,1,1,1,1,1,1,1,1,1,1,1,1,1,1,1,1,1,1,1,1,1,1,1,1,2
1630198,Isaiah Joe,1610612760,OKC,25.0,74,74,1.0,259,588,0.44,0.604,0.207,67,122,0.549,0.793,192,466,0.412,Overall,2024-25,74,63,11,0.851,1603.9766666666667,259,588,0.44,192,466,0.412,46,56,0.821,41,155,196,119,38,48,9,19,113,102,756,550,1302.7,0,0,1377.0,1361.0,1,1,1,1,1,1,1,1,1,1,1,1,1,1,1,1,1,1,1,1,1,1,1,1,1,1,1,1,1,1,1,1
101108,Chris Paul,1610612759,SAS,40.0,82,82,1.0,249,583,0.427,0.547,0.364,109,212,0.514,0.636,140,371,0.377,Overall,2024-25,82,34,48,0.415,2292.1633333333334,249,583,0.427,140,371,0.377,85,92,0.924,33,263,296,605,129,103,22,9,151,85,723,4,2231.7,12,0,2014.0,2604.0,1,1,1,1,1,1,1,1,1,1,1,1,1,1,1,1,1,1,1,1,1,1,1,1,1,1,1,1,1,1,1,1
1627751,Jakob Poeltl,1610612761,TOR,29.0,57,57,1.0,363,579,0.627,0.628,0.995,362,576,0.628,0.005,1,3,0.333,Overall,2024-25,57,21,36,0.368,1685.7483333333332,363,579,0.627,1,3,0.333,97,144,0.674,189,358,547,158,111,66,71,35,176,130,824,-37,2017.4,23,0,1804.0,2098.0,1,1,1,1,1,1,1,1,1,1,1,1,1,1,1,1,1,1,1,1,1,1,1,1,1,1,1,1,1,1,1,1
1629060,Rui Hachimura,1610612747,LAL,27.0,59,59,1.0,293,574,0.51,0.599,0.57,191,327,0.584,0.43,102,247,0.413,Overall,2024-25,59,37,22,0.627,1868.825,293,576,0.509,102,247,0.413,87,113,0.77,79,216,295,83,49,45,26,40,105,85,775,158,1417.5,1,0,1397.0,1449.0,1,1,1,1,1,1,1,1,1,1,1,1,1,1,1,1,1,1,1,1,1,1,1,1,1,1,1,1,1,1,1,1
203924,Jerami Grant,1610612757,POR,31.0,47,47,1.0,214,574,0.373,0.467,0.484,106,278,0.381,0.516,108,296,0.365,Overall,2024-25,47,22,25,0.468,1523.5866666666666,214,574,0.373,108,296,0.365,141,166,0.849,26,137,163,101,65,41,46,42,109,121,677,-202,1220.1,0,0,1223.0,1303.0,1,1,1,1,1,1,1,1,1,1,1,1,1,1,1,1,1,1,1,1,1,1,1,1,1,1,1,1,1,1,1,1
202331,Paul George,1610612755,PHI,35.0,41,41,1.0,245,570,0.43,0.514,0.53,149,302,0.493,0.47,96,268,0.358,Overall,2024-25,41,15,26,0.366,1333.5933333333332,245,570,0.43,96,268,0.358,79,97,0.814,24,195,219,178,106,75,20,20,101,110,665,-83,1373.8,3,0,1348.0,1525.0,1,1,1,1,1,1,1,1,1,1,1,1,1,1,1,1,1,1,1,1,1,1,1,1,1,1,1,1,1,1,1,1
1626220,Royce O'Neale,1610612756,PHX,32.0,75,75,1.0,241,570,0.423,0.58,0.226,62,129,0.481,0.774,179,441,0.406,Overall,2024-25,75,33,42,0.44,1836.8733333333332,241,570,0.423,179,441,0.406,19,26,0.731,53,296,349,163,65,67,33,19,151,31,680,-155,1578.3,1,0,1571.0,1655.0,1,1,1,1,1,1,1,1,1,1,1,1,1,1,1,1,1,1,1,1,1,1,1,1,1,1,1,1,1,1,1,1
1629651,Nic Claxton,1610612751,BKN,26.0,70,70,1.0,320,568,0.563,0.568,0.963,315,547,0.576,0.037,5,21,0.238,Overall,2024-25,70,20,50,0.286,1881.7316666666666,320,568,0.563,5,21,0.238,79,154,0.513,157,358,515,157,87,62,100,30,150,179,724,-497,1976.5,13,0,1725.0,2039.0,1,1,1,1,1,1,1,1,1,1,1,1,1,1,1,1,1,1,1,1,1,1,1,1,1,1,1,1,1,1,1,1
1630541,Moses Moody,1610612744,GSW,23.0,74,74,1.0,246,568,0.433,0.544,0.407,120,231,0.519,0.593,126,337,0.374,Overall,2024-25,74,45,29,0.608,1649.15,246,568,0.433,126,337,0.374,106,133,0.797,52,137,189,96,54,59,31,36,116,104,724,132,1310.8,0,0,1315.0,1375.0,1,1,1,1,1,1,1,1,1,1,1,1,1,1,1,1,1,1,1,1,1,1,1,1,1,1,1,1,1,1,1,1
1641733,Nick Smith Jr.,1610612766,CHA,21.0,60,59,1.0,222,568,0.391,0.482,0.461,118,262,0.45,0.539,104,306,0.34,Overall,2024-25,60,14,46,0.233,1368.7466666666667,222,568,0.391,104,306,0.34,43,46,0.935,13,115,128,145,82,17,6,23,79,40,591,-398,949.1,1,0,1014.0,1078.0,1,1,1,1,1,1,1,1,1,1,1,1,1,1,1,1,1,1,1,1,1,1,1,1,1,1,1,1,1,1,1,1
1630228,Jonathan Kuminga,1610612744,GSW,22.0,47,47,1.0,257,567,0.453,0.494,0.734,211,416,0.507,0.266,46,151,0.305,Overall,2024-25,47,28,19,0.596,1144.08,258,568,0.454,46,151,0.305,157,235,0.668,56,161,217,104,71,38,21,48,90,145,719,8,1241.4,2,0,1204.0,1321.0,1,1,1,1,1,1,1,1,1,1,1,1,1,1,1,1,1,1,1,1,1,1,1,1,1,1,1,1,1,1,1,1
1631095,Jabari Smith Jr.,1610612745,HOU,22.0,57,57,1.0,248,566,0.438,0.525,0.511,150,289,0.519,0.489,98,277,0.354,Overall,2024-25,57,40,17,0.702,1715.5783333333334,248,566,0.438,98,277,0.354,104,126,0.825,105,294,399,60,61,25,41,30,123,120,698,250,1403.8,8,0,1387.0,1415.0,1,1,1,1,1,1,1,1,1,1,1,1,1,1,1,1,1,1,1,1,1,1,1,1,1,1,1,1,1,1,1,1
1630557,Corey Kispert,1610612764,WAS,26.0,61,61,1.0,255,565,0.451,0.558,0.416,135,235,0.574,0.584,120,330,0.364,Overall,2024-25,61,14,47,0.23,1601.5233333333333,255,565,0.451,120,330,0.364,75,88,0.852,36,145,181,103,64,26,14,34,98,60,705,-274,1132.7,0,0,1189.0,1212.0,1,1,1,1,1,1,1,1,1,1,1,1,1,1,1,1,1,1,1,1,1,1,1,1,1,1,1,1,1,1,1,1
1627824,Guerschon Yabusele,1610612755,PHI,29.0,70,70,1.0,282,563,0.501,0.593,0.513,178,289,0.616,0.487,104,274,0.38,Overall,2024-25,70,23,47,0.329,1894.7366666666667,282,563,0.501,104,274,0.38,100,138,0.725,134,261,395,148,87,58,24,31,164,131,768,-118,1623.0,3,0,1579.0,1705.0,1,1,1,1,1,1,1,1,1,1,1,1,1,1,1,1,1,1,1,1,1,1,1,1,1,1,1,1,1,1,1,1
201950,Jrue Holiday,1610612738,BOS,35.0,62,62,1.0,250,563,0.444,0.538,0.467,144,263,0.548,0.533,106,300,0.353,Overall,2024-25,62,47,15,0.758,1896.0683333333334,254,573,0.443,108,306,0.353,70,77,0.909,76,189,265,239,77,66,27,23,101,75,686,339,1564.5,1,0,1484.0,1708.0,1,1,1,1,1,1,1,1,1,1,1,1,1,1,1,1,1,1,1,1,1,1,1,1,1,1,1,1,1,1,1,1
1631106,Tari Eason,1610612745,HOU,24.0,57,57,1.0,272,559,0.487,0.543,0.671,209,375,0.557,0.329,63,184,0.342,Overall,2024-25,57,36,21,0.632,1420.1933333333334,272,559,0.487,63,184,0.342,79,104,0.76,128,234,362,83,65,97,50,45,136,76,686,145,1620.9,6,0,1488.0,1655.0,1,1,1,1,1,1,1,1,1,1,1,1,1,1,1,1,1,1,1,1,1,1,1,1,1,1,1,1,1,1,1,1
1642261,Dalton Knecht,1610612747,LAL,24.0,78,76,1.0,257,557,0.461,0.576,0.39,129,217,0.594,0.61,128,340,0.376,Overall,2024-25,78,47,31,0.603,1493.795,257,557,0.461,128,340,0.376,64,84,0.762,37,179,216,66,37,24,8,27,93,58,706,-73,1123.2,0,0,1180.0,1150.0,1,1,1,1,1,1,1,1,1,1,1,1,1,1,1,1,1,1,1,1,1,1,1,1,1,1,1,1,1,1,1,1
204001,Kristaps Porziņģis,1610612738,BOS,29.0,42,41,1.0,268,556,0.482,0.574,0.556,166,309,0.537,0.444,102,247,0.413,Overall,2024-25,42,30,12,0.714,1209.9633333333334,277,574,0.483,103,250,0.412,161,199,0.809,68,216,284,87,53,31,63,23,116,214,818,173,1518.3,6,0,1480.0,1558.0,1,1,1,1,1,1,1,1,1,1,1,1,1,1,1,1,1,1,1,1,1,1,1,1,1,1,1,1,1,1,1,1
1641722,Jordan Hawkins,1610612740,NOP,23.0,56,56,1.0,207,556,0.372,0.471,0.403,97,224,0.433,0.597,110,332,0.331,Overall,2024-25,56,18,38,0.321,1320.5,207,556,0.372,110,332,0.331,80,98,0.816,25,133,158,66,58,30,23,26,51,73,604,-317,993.6,0,0,1044.0,1053.0,1,1,1,1,1,1,1,1,1,1,1,1,1,1,1,1,1,1,1,1,1,1,1,1,1,1,1,1,1,1,1,1
1641824,Matas Buzelis,1610612741,CHI,20.0,80,78,1.0,252,555,0.454,0.541,0.521,156,289,0.54,0.479,96,266,0.361,Overall,2024-25,80,39,41,0.488,1511.295,252,555,0.454,96,266,0.361,88,108,0.815,55,223,278,79,74,29,75,29,128,80,688,-35,1378.1,1,0,1349.0,1436.0,1,1,1,1,1,1,1,1,1,1,1,1,1,1,1,1,1,1,1,1,1,1,1,1,1,1,1,1,1,1,1,1
1642268,Isaiah Collier,1610612762,UTA,20.0,71,70,1.0,234,555,0.422,0.459,0.695,192,386,0.497,0.305,42,169,0.249,Overall,2024-25,71,14,57,0.197,1839.1066666666666,234,555,0.422,42,169,0.249,105,154,0.682,32,203,235,446,208,66,16,55,149,135,615,-403,1604.0,11,0,1502.0,1988.0,1,1,1,1,1,1,1,1,1,1,1,1,1,1,1,1,1,1,1,1,1,1,1,1,1,1,1,1,1,1,1,1
1631105,Jalen Duren,1610612765,DET,21.0,78,77,1.0,378,546,0.692,0.692,1.0,378,546,0.692,0.0,0,0,,Overall,2024-25,78,43,35,0.551,2033.5483333333334,378,546,0.692,0,0,0.0,162,242,0.669,277,530,807,209,136,54,89,55,251,202,918,36,2492.9,41,0,2220.0,2572.0,1,1,1,1,1,1,1,1,1,1,1,1,1,1,1,1,1,1,1,1,1,1,1,1,1,1,1,1,1,1,1,1
1642273,Kyshawn George,1610612764,WAS,21.0,68,67,1.0,203,546,0.372,0.476,0.352,89,192,0.464,0.648,114,354,0.322,Overall,2024-25,68,15,53,0.221,1802.1833333333334,203,546,0.372,114,354,0.322,70,93,0.753,49,236,285,169,97,68,50,36,201,93,590,-361,1442.5,1,0,1394.0,1567.0,1,1,1,1,1,1,1,1,1,1,1,1,1,1,1,1,1,1,1,1,1,1,1,1,1,1,1,1,1,1,1,1
203484,Kentavious Caldwell-Pope,1610612763,MEM,32.0,77,76,1.0,239,544,0.439,0.543,0.393,126,214,0.589,0.607,113,330,0.342,Overall,2024-25,77,38,39,0.494,2279.036666666667,239,544,0.439,113,330,0.342,82,95,0.863,33,136,169,136,62,99,34,10,136,105,673,11,1416.8,0,0,1357.0,1513.0,1,1,1,1,1,1,1,1,1,1,1,1,1,1,1,1,1,1,1,1,1,1,1,1,1,1,1,1,1,1,1,1
1630175,Cole Anthony,1610612763,MEM,25.0,67,66,1.0,230,543,0.424,0.494,0.599,153,325,0.471,0.401,77,218,0.353,Overall,2024-25,67,35,32,0.522,1234.1133333333332,230,543,0.424,77,218,0.353,93,113,0.823,46,158,204,191,103,45,32,14,151,105,630,-16,1289.3,0,0,1256.0,1447.0,1,1,1,1,1,1,1,1,1,1,1,1,1,1,1,1,1,1,1,1,1,1,1,1,1,1,1,1,1,1,1,1
1629614,Andrew Nembhard,1610612754,IND,25.0,65,65,1.0,247,539,0.458,0.506,0.675,196,364,0.538,0.325,51,175,0.291,Overall,2024-25,65,44,21,0.677,1880.67,247,539,0.458,51,175,0.291,108,136,0.794,34,182,216,326,112,79,11,30,149,130,653,204,1559.2,2,0,1426.0,1791.0,1,1,1,1,1,1,1,1,1,1,1,1,1,1,1,1,1,1,1,1,1,1,1,1,1,1,1,1,1,1,1,1
1630552,Jalen Johnson,1610612737,ATL,23.0,36,36,1.0,269,537,0.501,0.542,0.741,225,398,0.565,0.259,44,139,0.317,Overall,2024-25,36,18,18,0.5,1284.1783333333333,271,542,0.5,44,141,0.312,94,126,0.746,62,297,359,181,106,56,36,39,67,99,680,55,1552.3,20,1,1448.0,1677.0,1,1,1,1,1,1,1,1,1,1,1,1,1,1,1,1,1,1,1,1,1,1,1,1,1,1,1,1,1,1,1,1
1630540,Miles McBride,1610612752,NYK,24.0,63,63,1.0,214,535,0.4,0.504,0.428,103,229,0.45,0.572,111,306,0.363,Overall,2024-25,64,39,25,0.609,1593.455,222,547,0.406,115,312,0.369,52,64,0.813,47,114,161,187,41,67,17,33,108,69,611,211,1295.7,0,0,1242.0,1398.0,1,1,1,1,1,1,1,1,1,1,1,1,1,1,1,1,1,1,1,1,1,1,1,1,1,1,1,1,1,1,1,1
1630534,Ochai Agbaji,1610612761,TOR,25.0,64,64,1.0,266,534,0.498,0.593,0.526,165,281,0.587,0.474,101,253,0.399,Overall,2024-25,64,19,45,0.297,1738.67,266,534,0.498,101,253,0.399,34,48,0.708,61,181,242,98,54,58,30,36,125,48,667,-214,1314.4,0,0,1284.0,1369.0,1,1,1,1,1,1,1,1,1,1,1,1,1,1,1,1,1,1,1,1,1,1,1,1,1,1,1,1,1,1,1,1
1628381,John Collins,1610612762,UTA,27.0,40,40,1.0,280,531,0.527,0.583,0.721,221,383,0.577,0.279,59,148,0.399,Overall,2024-25,40,12,28,0.3,1220.4916666666666,280,531,0.527,59,148,0.399,139,164,0.848,89,238,327,80,103,39,40,54,116,155,758,-16,1404.4,13,0,1382.0,1482.0,1,1,1,1,1,1,1,1,1,1,1,1,1,1,1,1,1,1,1,1,1,1,1,1,1,1,1,1,1,1,1,1
1630631,Jose Alvarado,1610612740,NOP,27.0,56,56,1.0,204,521,0.392,0.498,0.407,93,212,0.439,0.593,111,309,0.359,Overall,2024-25,56,19,37,0.339,1365.9,204,521,0.392,111,309,0.359,60,74,0.811,27,109,136,259,86,74,14,24,91,75,579,-232,1308.7,2,0,1261.0,1497.0,1,1,1,1,1,1,1,1,1,1,1,1,1,1,1,1,1,1,1,1,1,1,1,1,1,1,1,1,1,1,1,1
1630533,Ziaire Williams,1610612751,BKN,23.0,63,63,1.0,214,520,0.412,0.511,0.419,111,218,0.509,0.581,103,302,0.341,Overall,2024-25,63,22,41,0.349,1541.4033333333334,214,520,0.412,103,302,0.341,101,123,0.821,61,226,287,84,67,62,28,38,149,116,632,-330,1305.4,2,0,1286.0,1357.0,1,1,1,1,1,1,1,1,1,1,1,1,1,1,1,1,1,1,1,1,1,1,1,1,1,1,1,1,1,1,1,1
1642271,Kyle Filipowski,1610612762,UTA,21.0,72,71,1.0,260,518,0.502,0.576,0.575,183,298,0.614,0.425,77,220,0.35,Overall,2024-25,72,13,59,0.181,1521.54,260,518,0.502,77,220,0.35,93,143,0.65,112,328,440,140,102,48,22,40,171,125,690,-366,1536.0,13,0,1487.0,1620.0,1,1,1,1,1,1,1,1,1,1,1,1,1,1,1,1,1,1,1,1,1,1,1,1,1,1,1,1,1,1,1,1
1630172,Patrick Williams,1610612741,CHI,23.0,63,63,1.0,205,516,0.397,0.49,0.473,109,244,0.447,0.527,96,272,0.353,Overall,2024-25,63,31,32,0.492,1576.3266666666666,205,516,0.397,96,272,0.353,60,83,0.723,43,194,237,124,86,48,32,37,88,67,566,-182,1190.4,1,0,1183.0,1291.0,1,1,1,1,1,1,1,1,1,1,1,1,1,1,1,1,1,1,1,1,1,1,1,1,1,1,1,1,1,1,1,1
1627752,Taurean Prince,1610612749,MIL,31.0,80,80,1.0,235,514,0.457,0.6,0.348,88,179,0.492,0.652,147,335,0.439,Overall,2024-25,80,46,34,0.575,2165.86,235,514,0.457,147,335,0.439,39,48,0.813,34,253,287,155,82,76,15,22,165,60,656,-22,1423.9,1,0,1427.0,1526.0,1,1,1,1,1,1,1,1,1,1,1,1,1,1,1,1,1,1,1,1,1,1,1,1,1,1,1,1,1,1,1,1
203497,Rudy Gobert,1610612750,MIN,33.0,72,72,1.0,341,510,0.669,0.669,1.0,341,510,0.669,0.0,0,0,,Overall,2024-25,72,43,29,0.597,2388.423333333333,341,510,0.669,0,0,0.0,184,273,0.674,265,520,785,127,89,56,104,54,182,260,866,327,2389.5,36,0,2098.0,2385.0,1,1,1,1,1,1,1,1,1,1,1,1,1,1,1,1,1,1,1,1,1,1,1,1,1,1,1,1,1,1,1,1
1629599,Amir Coffey,1610612746,LAC,28.0,72,69,1.0,240,510,0.471,0.57,0.516,139,263,0.529,0.484,101,247,0.409,Overall,2024-25,72,41,31,0.569,1747.54,240,510,0.471,101,247,0.409,115,129,0.891,32,129,161,77,45,40,7,27,120,95,696,-66,1100.7,0,0,1129.0,1152.0,1,1,1,1,1,1,1,1,1,1,1,1,1,1,1,1,1,1,1,1,1,1,1,1,1,1,1,1,1,1,1,1
203110,Draymond Green,1610612744,GSW,35.0,68,68,1.0,216,509,0.424,0.503,0.517,136,263,0.517,0.483,80,246,0.325,Overall,2024-25,68,42,26,0.618,1983.3066666666666,216,509,0.424,80,246,0.325,101,147,0.687,74,340,414,383,174,99,70,21,219,176,613,275,2017.3,6,1,1828.0,2300.0,1,1,1,1,1,1,1,1,1,1,1,1,1,1,1,1,1,1,1,1,1,1,1,1,1,1,1,1,1,1,1,1
1629627,Zion Williamson,1610612740,NOP,24.0,30,30,1.0,288,508,0.567,0.57,0.974,285,495,0.576,0.026,3,13,0.231,Overall,2024-25,30,10,20,0.333,857.2766666666666,288,508,0.567,3,13,0.231,158,241,0.656,76,140,216,159,90,37,27,61,82,170,737,-42,1336.7,8,2,1243.0,1463.0,1,1,1,1,1,1,1,1,1,1,1,1,1,1,1,1,1,1,1,1,1,1,1,1,1,1,1,1,1,1,1,1
1630625,Dalano Banton,1610612757,POR,25.0,67,61,1.0,198,507,0.391,0.462,0.562,126,285,0.442,0.438,72,222,0.324,Overall,2024-25,67,28,39,0.418,1119.945,198,507,0.391,72,222,0.324,91,125,0.728,30,105,135,160,86,43,34,35,58,92,559,-55,1106.0,0,0,1080.0,1245.0,1,1,1,1,1,1,1,1,1,1,1,1,1,1,1,1,1,1,1,1,1,1,1,1,1,1,1,1,1,1,1,1
1642347,Jamal Shead,1610612761,TOR,22.0,75,74,1.0,203,503,0.404,0.475,0.557,131,280,0.468,0.443,72,223,0.323,Overall,2024-25,75,28,47,0.373,1466.825,204,504,0.405,72,223,0.323,53,69,0.768,30,85,115,316,117,58,10,29,158,99,533,-234,1232.0,1,0,1172.0,1484.0,1,1,1,1,1,1,1,1,1,1,1,1,1,1,1,1,1,1,1,1,1,1,1,1,1,1,1,1,1,1,1,1
203932,Aaron Gordon,1610612743,DEN,29.0,51,51,1.0,264,497,0.531,0.607,0.654,189,325,0.582,0.346,75,172,0.436,Overall,2024-25,51,33,18,0.647,1446.7166666666667,264,497,0.531,75,172,0.436,145,179,0.81,80,167,247,164,73,23,14,37,82,137,748,301,1328.4,3,0,1308.0,1434.0,1,1,1,1,1,1,1,1,1,1,1,1,1,1,1,1,1,1,1,1,1,1,1,1,1,1,1,1,1,1,1,1
1627749,Dejounte Murray,1610612740,NOP,28.0,31,31,1.0,194,493,0.394,0.446,0.647,142,319,0.445,0.353,52,174,0.299,Overall,2024-25,31,9,22,0.29,1012.1483333333333,194,494,0.393,52,174,0.299,102,124,0.823,17,183,200,228,106,63,12,20,61,82,542,-207,1243.0,8,1,1172.0,1423.0,1,1,1,1,1,1,1,1,1,1,1,1,1,1,1,1,1,1,1,1,1,1,1,1,1,1,1,1,1,1,1,1
203992,Bogdan Bogdanović,1610612746,LAC,32.0,54,54,1.0,210,492,0.427,0.534,0.413,105,203,0.517,0.587,105,289,0.363,Overall,2024-25,54,33,21,0.611,1347.6583333333333,210,492,0.427,105,289,0.363,58,66,0.879,24,135,159,146,74,41,11,12,127,73,583,106,1074.8,1,0,1097.0,1190.0,1,1,1,1,1,1,1,1,1,1,1,1,1,1,1,1,1,1,1,1,1,1,1,1,1,1,1,1,1,1,1,2
203903,Jordan Clarkson,1610612762,UTA,33.0,37,37,1.0,201,492,0.409,0.494,0.53,117,261,0.448,0.47,84,231,0.364,Overall,2024-25,37,10,27,0.27,962.47,201,493,0.408,84,232,0.362,114,143,0.797,25,93,118,138,86,31,9,37,52,110,600,-204,982.6,0,0,1020.0,1114.0,1,1,1,1,1,1,1,1,1,1,1,1,1,1,1,1,1,1,1,1,1,1,1,1,1,1,1,1,1,1,1,1
1642274,Yves Missi,1610612740,NOP,21.0,73,71,1.0,269,491,0.548,0.548,0.998,269,490,0.549,0.002,0,1,0.0,Overall,2024-25,73,19,54,0.26,1955.79,269,492,0.547,0,1,0.0,127,204,0.623,255,346,601,99,82,37,98,65,145,166,665,-514,1857.7,14,0,1635.0,1869.0,1,1,1,1,1,1,1,1,1,1,1,1,1,1,1,1,1,1,1,1,1,1,1,1,1,1,1,1,1,1,1,1
1628976,Wendell Carter Jr.,1610612753,ORL,26.0,68,68,1.0,226,491,0.46,0.498,0.678,189,333,0.568,0.322,37,158,0.234,Overall,2024-25,68,31,37,0.456,1758.2683333333334,226,491,0.46,37,158,0.234,129,175,0.737,151,341,492,134,77,52,41,31,199,177,618,-13,1611.4,10,0,1467.0,1657.0,1,1,1,1,1,1,1,1,1,1,1,1,1,1,1,1,1,1,1,1,1,1,1,1,1,1,1,1,1,1,1,1
1641706,Brandon Miller,1610612766,CHA,22.0,27,27,1.0,198,491,0.403,0.509,0.403,94,198,0.475,0.597,104,293,0.355,Overall,2024-25,27,8,19,0.296,923.565,198,491,0.403,104,293,0.355,68,79,0.861,25,106,131,98,76,29,20,21,74,72,568,-124,943.2,2,0,999.0,1042.0,1,1,1,1,1,1,1,1,1,1,1,1,1,1,1,1,1,1,1,1,1,1,1,1,1,1,1,1,1,1,1,1
1641717,Cason Wallace,1610612760,OKC,21.0,68,68,1.0,232,489,0.474,0.55,0.575,158,281,0.562,0.425,74,208,0.356,Overall,2024-25,68,55,13,0.809,1876.26,232,489,0.474,74,208,0.356,30,37,0.811,71,158,229,173,59,120,35,32,145,42,568,369,1508.3,0,0,1354.0,1608.0,1,1,1,1,1,1,1,1,1,1,1,1,1,1,1,1,1,1,1,1,1,1,1,1,1,1,1,1,1,1,1,1
1628960,Grayson Allen,1610612756,PHX,29.0,64,64,1.0,219,489,0.448,0.6,0.284,70,139,0.504,0.716,149,350,0.426,Overall,2024-25,64,29,35,0.453,1543.705,219,489,0.448,149,350,0.426,93,114,0.816,34,160,194,137,75,54,19,18,95,106,680,-79,1262.3,1,0,1306.0,1367.0,1,1,1,1,1,1,1,1,1,1,1,1,1,1,1,1,1,1,1,1,1,1,1,1,1,1,1,1,1,1,1,1
1641783,Tristan da Silva,1610612753,ORL,24.0,74,71,1.0,199,483,0.412,0.495,0.505,119,244,0.488,0.495,80,239,0.335,Overall,2024-25,74,35,39,0.473,1628.6116666666667,199,483,0.412,80,239,0.335,55,63,0.873,73,172,245,113,56,33,18,24,94,57,533,-127,1093.5,1,0,1073.0,1157.0,1,1,1,1,1,1,1,1,1,1,1,1,1,1,1,1,1,1,1,1,1,1,1,1,1,1,1,1,1,1,1,1
1630591,Jalen Suggs,1610612753,ORL,24.0,35,35,1.0,197,481,0.41,0.489,0.497,121,239,0.506,0.503,76,242,0.314,Overall,2024-25,35,20,15,0.571,1002.4533333333334,197,481,0.41,76,242,0.314,97,110,0.882,23,118,141,129,102,51,33,17,98,129,567,3,1079.7,0,0,1081.0,1218.0,1,1,1,1,1,1,1,1,1,1,1,1,1,1,1,1,1,1,1,1,1,1,1,1,1,1,1,1,1,1,1,1
1628392,Isaiah Hartenstein,1610612760,OKC,27.0,57,57,1.0,278,479,0.58,0.58,0.96,278,460,0.604,0.04,0,19,0.0,Overall,2024-25,57,49,8,0.86,1589.6416666666667,279,480,0.581,0,19,0.0,79,117,0.675,163,448,611,219,96,47,62,31,171,94,637,417,1929.7,28,0,1685.0,2013.0,1,1,1,1,1,1,1,1,1,1,1,1,1,1,1,1,1,1,1,1,1,1,1,1,1,1,1,1,1,1,1,1
1630558,Davion Mitchell,1610612748,MIA,26.0,74,73,1.0,223,476,0.468,0.557,0.557,139,265,0.525,0.443,84,211,0.398,Overall,2024-25,74,25,49,0.338,2027.3133333333333,223,476,0.468,84,211,0.398,58,84,0.69,35,132,167,363,128,72,16,24,185,132,588,-3,1468.9,1,0,1378.0,1745.0,1,1,1,1,1,1,1,1,1,1,1,1,1,1,1,1,1,1,1,1,1,1,1,1,1,1,1,1,1,1,1,2
1642346,Ryan Dunn,1610612756,PHX,22.0,74,70,1.0,204,476,0.429,0.514,0.447,123,213,0.577,0.553,81,263,0.308,Overall,2024-25,74,32,42,0.432,1410.4166666666667,205,477,0.43,82,264,0.311,19,39,0.487,92,175,267,57,40,44,40,21,162,28,511,-169,1128.9,3,0,1085.0,1144.0,1,1,1,1,1,1,1,1,1,1,1,1,1,1,1,1,1,1,1,1,1,1,1,1,1,1,1,1,1,1,1,1
1630548,Johnny Juzang,1610612762,UTA,24.0,64,64,1.0,204,475,0.429,0.554,0.339,86,161,0.534,0.661,118,314,0.376,Overall,2024-25,64,15,49,0.234,1269.83,204,475,0.429,118,314,0.376,45,53,0.849,42,142,184,68,36,39,8,15,126,43,571,-357,998.8,0,0,1035.0,1032.0,1,1,1,1,1,1,1,1,1,1,1,1,1,1,1,1,1,1,1,1,1,1,1,1,1,1,1,1,1,1,1,1
1631124,Julian Strawther,1610612743,DEN,23.0,65,64,1.0,202,472,0.428,0.524,0.441,111,208,0.534,0.559,91,264,0.345,Overall,2024-25,65,41,24,0.631,1383.47,210,486,0.432,94,269,0.349,74,90,0.822,17,125,142,83,57,39,16,19,151,97,588,-71,990.9,0,0,1017.0,1061.0,1,1,1,1,1,1,1,1,1,1,1,1,1,1,1,1,1,1,1,1,1,1,1,1,1,1,1,1,1,1,1,1
1631110,Jeremy Sochan,1610612759,SAS,22.0,54,54,1.0,251,469,0.535,0.565,0.804,223,377,0.592,0.196,28,92,0.304,Overall,2024-25,54,21,33,0.389,1363.9683333333332,251,469,0.535,28,91,0.308,87,125,0.696,127,225,352,128,84,45,27,46,131,105,617,-88,1363.4,8,0,1269.0,1441.0,1,1,1,1,1,1,1,1,1,1,1,1,1,1,1,1,1,1,1,1,1,1,1,1,1,1,1,1,1,1,1,1
1630573,Sam Hauser,1610612738,BOS,27.0,71,69,1.0,211,469,0.45,0.624,0.16,48,75,0.64,0.84,163,394,0.414,Overall,2024-25,71,52,19,0.732,1541.1333333333334,214,474,0.451,166,399,0.416,11,11,1.0,44,180,224,64,23,41,13,4,87,29,605,325,1108.8,0,0,1167.0,1119.0,1,1,1,1,1,1,1,1,1,1,1,1,1,1,1,1,1,1,1,1,1,1,1,1,1,1,1,1,1,1,1,1
1629028,Deandre Ayton,1610612757,POR,26.0,40,40,1.0,265,468,0.566,0.573,0.932,259,436,0.594,0.068,6,32,0.188,Overall,2024-25,40,17,23,0.425,1205.62,265,468,0.566,6,32,0.188,40,60,0.667,124,282,406,64,69,31,39,15,88,59,576,-162,1300.2,20,0,1192.0,1320.0,1,1,1,1,1,1,1,1,1,1,1,1,1,1,1,1,1,1,1,1,1,1,1,1,1,1,1,1,1,1,1,1
201144,Mike Conley,1610612750,MIN,37.0,71,71,1.0,187,468,0.4,0.535,0.338,60,158,0.38,0.662,127,310,0.41,Overall,2024-25,71,44,27,0.62,1755.85,187,468,0.4,127,310,0.41,81,90,0.9,32,150,182,319,75,79,14,18,111,100,582,265,1482.9,1,0,1396.0,1681.0,1,1,1,1,1,1,1,1,1,1,1,1,1,1,1,1,1,1,1,1,1,1,1,1,1,1,1,1,1,1,1,1
1631213,Tyrese Martin,1610612751,BKN,26.0,60,58,1.0,189,465,0.406,0.513,0.394,90,183,0.492,0.606,99,282,0.351,Overall,2024-25,60,16,44,0.267,1315.32,189,465,0.406,99,282,0.351,46,58,0.793,58,161,219,122,74,34,9,15,77,50,523,-258,1023.8,1,0,1049.0,1115.0,1,1,1,1,1,1,1,1,1,1,1,1,1,1,1,1,1,1,1,1,1,1,1,1,1,1,1,1,1,1,1,1
1642276,Kel'el Ware,1610612748,MIA,21.0,64,63,1.0,257,464,0.554,0.592,0.761,222,353,0.629,0.239,35,111,0.315,Overall,2024-25,64,28,36,0.438,1422.4866666666667,257,464,0.554,35,111,0.315,46,67,0.687,116,357,473,60,57,39,71,17,111,55,595,39,1525.6,15,0,1383.0,1518.0,1,1,1,1,1,1,1,1,1,1,1,1,1,1,1,1,1,1,1,1,1,1,1,1,1,1,1,1,1,1,1,1
1631165,Keon Ellis,1610612758,SAC,25.0,80,79,1.0,227,464,0.489,0.639,0.308,88,143,0.615,0.692,139,321,0.433,Overall,2024-25,80,39,41,0.488,1948.1916666666666,227,464,0.489,139,321,0.433,73,86,0.849,60,152,212,120,71,121,63,14,176,94,666,64,1581.4,0,0,1505.0,1670.0,1,1,1,1,1,1,1,1,1,1,1,1,1,1,1,1,1,1,1,1,1,1,1,1,1,1,1,1,1,1,1,1
1641741,Ricky Council IV,1610612755,PHI,23.0,73,69,1.0,177,463,0.382,0.442,0.54,122,250,0.488,0.46,55,213,0.258,Overall,2024-25,73,16,57,0.219,1250.015,177,463,0.382,55,213,0.258,123,153,0.804,51,163,214,97,52,32,13,25,67,117,532,-159,1017.3,3,0,988.0,1075.0,1,1,1,1,1,1,1,1,1,1,1,1,1,1,1,1,1,1,1,1,1,1,1,1,1,1,1,1,1,1,1,1
1631170,Jaime Jaquez Jr.,1610612748,MIA,24.0,66,62,1.0,213,462,0.461,0.501,0.742,176,343,0.513,0.258,37,119,0.311,Overall,2024-25,66,32,34,0.485,1368.38,213,462,0.461,37,119,0.311,107,142,0.754,84,206,290,166,98,61,14,60,81,99,570,-152,1294.0,3,1,1213.0,1417.0,1,1,1,1,1,1,1,1,1,1,1,1,1,1,1,1,1,1,1,1,1,1,1,1,1,1,1,1,1,1,1,1
1641709,Ausar Thompson,1610612765,DET,22.0,59,58,1.0,246,460,0.535,0.547,0.893,235,411,0.572,0.107,11,49,0.224,Overall,2024-25,59,34,25,0.576,1327.715,246,460,0.535,11,49,0.224,91,142,0.641,111,192,303,134,80,98,40,42,164,130,594,67,1492.6,3,0,1318.0,1579.0,1,1,1,1,1,1,1,1,1,1,1,1,1,1,1,1,1,1,1,1,1,1,1,1,1,1,1,1,1,1,1,1
201143,Al Horford,1610612738,BOS,39.0,60,59,1.0,192,456,0.421,0.543,0.322,81,147,0.551,0.678,111,309,0.359,Overall,2024-25,60,44,16,0.733,1658.5733333333333,195,461,0.423,114,314,0.363,34,38,0.895,79,290,369,128,46,36,51,8,81,35,538,397,1387.8,7,0,1323.0,1424.0,1,1,1,1,1,1,1,1,1,1,1,1,1,1,1,1,1,1,1,1,1,1,1,1,1,1,1,1,1,1,1,1
1630560,Cam Thomas,1610612751,BKN,23.0,25,25,1.0,199,454,0.438,0.513,0.57,131,259,0.506,0.43,68,195,0.349,Overall,2024-25,25,8,17,0.32,781.1566666666666,199,454,0.438,68,195,0.349,133,151,0.881,15,68,83,94,62,15,2,28,44,115,599,-92,828.6,1,0,878.0,921.0,1,1,1,1,1,1,1,1,1,1,1,1,1,1,1,1,1,1,1,1,1,1,1,1,1,1,1,1,1,1,1,1
1630215,Jared Butler,1610612755,PHI,24.0,60,57,1.0,203,453,0.448,0.514,0.627,143,284,0.504,0.373,60,169,0.355,Overall,2024-25,60,6,54,0.1,1043.735,203,453,0.448,60,169,0.355,75,91,0.824,25,85,110,220,80,42,13,38,97,74,541,-131,1088.0,1,0,1041.0,1256.0,1,1,1,1,1,1,1,1,1,1,1,1,1,1,1,1,1,1,1,1,1,1,1,1,1,1,1,1,1,1,1,2
1630245,Ayo Dosunmu,1610612741,CHI,25.0,46,46,1.0,221,449,0.492,0.561,0.579,159,260,0.612,0.421,62,189,0.328,Overall,2024-25,46,17,29,0.37,1393.8833333333334,221,449,0.492,62,189,0.328,62,79,0.785,26,135,161,208,69,43,18,34,105,63,566,-234,1185.2,1,1,1119.0,1326.0,1,1,1,1,1,1,1,1,1,1,1,1,1,1,1,1,1,1,1,1,1,1,1,1,1,1,1,1,1,1,1,1
1631109,Mark Williams,1610612766,CHA,23.0,44,44,1.0,270,447,0.604,0.604,0.991,270,443,0.609,0.009,0,4,0.0,Overall,2024-25,44,9,35,0.205,1171.045,270,447,0.604,0,4,0.0,131,163,0.804,132,315,447,109,71,32,54,25,105,128,671,-301,1557.9,21,0,1399.0,1594.0,1,1,1,1,1,1,1,1,1,1,1,1,1,1,1,1,1,1,1,1,1,1,1,1,1,1,1,1,1,1,1,1
1626166,Cameron Payne,1610612752,NYK,30.0,71,71,1.0,177,439,0.403,0.508,0.426,85,187,0.455,0.574,92,252,0.365,Overall,2024-25,72,46,26,0.639,1089.9766666666667,179,446,0.401,93,256,0.363,49,54,0.907,14,90,104,203,52,39,16,12,111,61,500,204,1042.3,0,0,1010.0,1175.0,1,1,1,1,1,1,1,1,1,1,1,1,1,1,1,1,1,1,1,1,1,1,1,1,1,1,1,1,1,1,1,1
1630193,Immanuel Quickley,1610612761,TOR,26.0,33,33,1.0,184,438,0.42,0.517,0.486,99,213,0.465,0.514,85,225,0.378,Overall,2024-25,33,12,21,0.364,917.7533333333333,184,438,0.42,85,225,0.378,111,128,0.867,16,101,117,191,58,23,4,25,61,95,564,-39,1013.9,2,0,1011.0,1144.0,1,1,1,1,1,1,1,1,1,1,1,1,1,1,1,1,1,1,1,1,1,1,1,1,1,1,1,1,1,1,1,1
1627739,Kris Dunn,1610612746,LAC,31.0,74,74,1.0,192,437,0.439,0.525,0.487,117,213,0.549,0.513,75,224,0.335,Overall,2024-25,74,45,29,0.608,1782.9183333333333,192,437,0.439,75,224,0.335,15,22,0.682,53,198,251,210,74,128,27,13,197,36,474,262,1481.2,0,0,1320.0,1610.0,1,1,1,1,1,1,1,1,1,1,1,1,1,1,1,1,1,1,1,1,1,1,1,1,1,1,1,1,1,1,1,1
1627827,Dorian Finney-Smith,1610612747,LAL,32.0,63,63,1.0,195,435,0.448,0.597,0.278,66,121,0.545,0.722,129,314,0.411,Overall,2024-25,63,36,27,0.571,1818.6783333333333,195,435,0.448,129,314,0.411,30,45,0.667,80,167,247,90,56,58,23,24,136,42,549,309,1167.4,0,0,1177.0,1219.0,1,1,1,1,1,1,1,1,1,1,1,1,1,1,1,1,1,1,1,1,1,1,1,1,1,1,1,1,1,1,1,2
1641744,Zach Edey,1610612763,MEM,23.0,65,65,1.0,247,428,0.577,0.598,0.879,229,376,0.609,0.121,18,52,0.346,Overall,2024-25,66,35,31,0.53,1415.765,251,433,0.58,18,52,0.346,90,127,0.709,232,316,548,65,88,36,85,31,182,118,610,164,1640.1,12,0,1483.0,1651.0,1,1,1,1,1,1,1,1,1,1,1,1,1,1,1,1,1,1,1,1,1,1,1,1,1,1,1,1,1,1,1,1
1628379,Luke Kennard,1610612763,MEM,29.0,64,62,1.0,203,424,0.479,0.612,0.394,90,167,0.539,0.606,113,257,0.44,Overall,2024-25,65,37,28,0.569,1471.6916666666666,206,431,0.478,113,261,0.433,51,57,0.895,37,146,183,215,72,50,5,11,59,45,576,122,1211.1,0,0,1197.0,1354.0,1,1,1,1,1,1,1,1,1,1,1,1,1,1,1,1,1,1,1,1,1,1,1,1,1,1,1,1,1,1,1,1
1631260,AJ Green,1610612749,MIL,25.0,73,72,1.0,182,424,0.429,0.612,0.144,27,61,0.443,0.856,155,363,0.427,Overall,2024-25,73,44,29,0.603,1659.1416666666667,182,424,0.429,155,363,0.427,22,27,0.815,18,156,174,108,40,37,7,3,157,50,541,227,1003.8,0,0,1066.0,1063.0,1,1,1,1,1,1,1,1,1,1,1,1,1,1,1,1,1,1,1,1,1,1,1,1,1,1,1,1,1,1,1,1
1630241,Sam Merrill,1610612739,CLE,29.0,71,70,1.0,172,424,0.406,0.567,0.132,35,56,0.625,0.868,137,368,0.372,Overall,2024-25,71,54,17,0.761,1401.2816666666668,172,424,0.406,137,368,0.372,28,29,0.966,38,119,157,108,35,53,14,15,124,55,509,321,1025.4,0,0,1045.0,1083.0,1,1,1,1,1,1,1,1,1,1,1,1,1,1,1,1,1,1,1,1,1,1,1,1,1,1,1,1,1,1,1,1
1630182,Josh Green,1610612766,CHA,24.0,68,68,1.0,180,421,0.428,0.543,0.411,83,173,0.48,0.589,97,248,0.391,Overall,2024-25,68,17,51,0.25,1887.5033333333333,180,421,0.428,97,248,0.391,49,72,0.681,56,116,172,108,70,74,15,26,165,87,506,-364,1071.4,0,0,1061.0,1161.0,1,1,1,1,1,1,1,1,1,1,1,1,1,1,1,1,1,1,1,1,1,1,1,1,1,1,1,1,1,1,1,1
1631117,Walker Kessler,1610612762,UTA,23.0,58,58,1.0,278,420,0.662,0.669,0.917,272,385,0.706,0.083,6,35,0.171,Overall,2024-25,58,14,44,0.241,1740.32,278,419,0.663,6,34,0.176,79,152,0.52,266,441,707,97,86,36,138,41,130,129,641,-329,2070.9,28,0,1799.0,2064.0,1,1,1,1,1,1,1,1,1,1,1,1,1,1,1,1,1,1,1,1,1,1,1,1,1,1,1,1,1,1,1,1
1631212,Peyton Watson,1610612743,DEN,22.0,68,68,1.0,200,420,0.476,0.531,0.683,154,287,0.537,0.317,46,133,0.346,Overall,2024-25,68,40,28,0.588,1655.7283333333332,204,428,0.477,48,136,0.353,95,137,0.693,47,186,233,94,56,48,93,36,123,94,551,-26,1338.6,0,0,1208.0,1395.0,1,1,1,1,1,1,1,1,1,1,1,1,1,1,1,1,1,1,1,1,1,1,1,1,1,1,1,1,1,1,1,1
1629216,Gabe Vincent,1610612747,LAL,29.0,72,69,1.0,168,420,0.4,0.53,0.264,59,111,0.532,0.736,109,309,0.353,Overall,2024-25,72,46,26,0.639,1527.265,168,420,0.4,109,309,0.353,15,21,0.714,20,72,92,98,41,51,13,12,152,45,460,48,868.4,0,0,887.0,940.0,1,1,1,1,1,1,1,1,1,1,1,1,1,1,1,1,1,1,1,1,1,1,1,1,1,1,1,1,1,1,1,1
1641842,Ronald Holland II,1610612765,DET,19.0,81,81,1.0,197,415,0.475,0.518,0.639,161,265,0.608,0.361,36,150,0.24,Overall,2024-25,81,44,37,0.543,1266.3216666666667,197,416,0.474,36,151,0.238,92,122,0.754,40,178,218,82,72,49,17,23,141,112,522,-55,1032.6,0,0,990.0,1102.0,1,1,1,1,1,1,1,1,1,1,1,1,1,1,1,1,1,1,1,1,1,1,1,1,1,1,1,1,1,1,1,1
1629611,Terance Mann,1610612737,ATL,28.0,67,67,1.0,205,413,0.496,0.569,0.605,145,250,0.58,0.395,60,163,0.368,Overall,2024-25,67,37,30,0.552,1414.25,205,413,0.496,60,163,0.368,47,68,0.691,68,131,199,121,47,47,15,28,128,64,517,-95,1076.3,0,0,1021.0,1144.0,1,1,1,1,1,1,1,1,1,1,1,1,1,1,1,1,1,1,1,1,1,1,1,1,1,1,1,1,1,1,1,2
1631093,Jaden Ivey,1610612765,DET,23.0,30,30,1.0,190,413,0.46,0.536,0.627,127,259,0.49,0.373,63,154,0.409,Overall,2024-25,30,14,16,0.467,898.0333333333333,190,413,0.46,63,154,0.409,85,116,0.733,40,84,124,119,89,28,11,26,67,95,528,-62,883.3,0,0,912.0,1007.0,1,1,1,1,1,1,1,1,1,1,1,1,1,1,1,1,1,1,1,1,1,1,1,1,1,1,1,1,1,1,1,1
1630702,Jaden Hardy,1610612742,DAL,22.0,57,54,1.0,180,413,0.436,0.528,0.523,104,216,0.481,0.477,76,197,0.386,Overall,2024-25,57,30,27,0.526,907.4383333333334,180,414,0.435,76,197,0.386,60,86,0.698,9,80,89,81,82,28,5,24,90,68,496,-65,741.3,0,0,808.0,846.0,1,1,1,1,1,1,1,1,1,1,1,1,1,1,1,1,1,1,1,1,1,1,1,1,1,1,1,1,1,1,1,1
1630551,Justin Champagnie,1610612764,WAS,24.0,62,56,1.0,210,411,0.511,0.601,0.53,136,218,0.624,0.47,74,193,0.383,Overall,2024-25,62,16,46,0.258,1340.5333333333333,210,411,0.511,74,193,0.383,50,73,0.685,112,239,351,60,54,65,39,23,110,53,544,-288,1313.2,8,0,1237.0,1327.0,1,1,1,1,1,1,1,1,1,1,1,1,1,1,1,1,1,1,1,1,1,1,1,1,1,1,1,1,1,1,1,1
1630188,Jalen Smith,1610612741,CHI,25.0,64,63,1.0,190,408,0.466,0.554,0.456,118,186,0.634,0.544,72,222,0.324,Overall,2024-25,64,28,36,0.438,962.3833333333333,190,408,0.466,72,222,0.324,72,89,0.809,89,268,357,65,37,17,44,14,95,84,524,-36,1195.9,4,0,1140.0,1194.0,1,1,1,1,1,1,1,1,1,1,1,1,1,1,1,1,1,1,1,1,1,1,1,1,1,1,1,1,1,1,1,1
1629655,Daniel Gafford,1610612742,DAL,26.0,57,57,1.0,283,403,0.702,0.702,1.0,283,403,0.702,0.0,0,0,,Overall,2024-25,57,28,29,0.491,1226.095,283,403,0.702,0,0,0.0,135,196,0.689,155,233,388,80,66,23,102,30,152,155,701,35,1595.6,8,0,1419.0,1624.0,1,1,1,1,1,1,1,1,1,1,1,1,1,1,1,1,1,1,1,1,1,1,1,1,1,1,1,1,1,1,1,1
1641715,Cam Whitmore,1610612745,HOU,20.0,51,47,1.0,179,403,0.444,0.525,0.546,114,220,0.518,0.454,65,183,0.355,Overall,2024-25,51,30,21,0.588,826.585,179,403,0.444,65,183,0.355,54,72,0.75,36,115,151,49,46,31,13,30,44,46,477,-1,817.7,2,0,830.0,858.0,1,1,1,1,1,1,1,1,1,1,1,1,1,1,1,1,1,1,1,1,1,1,1,1,1,1,1,1,1,1,1,1
1642266,Ja'Kobe Walter,1610612761,TOR,20.0,52,51,1.0,159,393,0.405,0.487,0.527,94,207,0.454,0.473,65,186,0.349,Overall,2024-25,52,19,33,0.365,1103.235,159,393,0.405,65,186,0.349,66,83,0.795,59,101,160,81,50,43,10,39,95,72,449,-83,871.5,1,0,861.0,930.0,1,1,1,1,1,1,1,1,1,1,1,1,1,1,1,1,1,1,1,1,1,1,1,1,1,1,1,1,1,1,1,1
203991,Clint Capela,1610612737,ATL,31.0,55,55,1.0,218,390,0.559,0.559,0.997,218,389,0.56,0.003,0,1,0.0,Overall,2024-25,55,27,28,0.491,1176.4333333333334,218,390,0.559,0,1,0.0,52,97,0.536,174,295,469,62,47,34,53,36,106,89,488,-79,1357.8,11,0,1193.0,1342.0,1,1,1,1,1,1,1,1,1,1,1,1,1,1,1,1,1,1,1,1,1,1,1,1,1,1,1,1,1,1,1,1
1629312,Haywood Highsmith,1610612748,MIA,28.0,74,71,1.0,179,390,0.459,0.573,0.405,90,158,0.57,0.595,89,232,0.384,Overall,2024-25,74,35,39,0.473,1818.3266666666666,179,391,0.458,89,233,0.382,31,43,0.721,72,180,252,112,54,68,37,15,164,47,478,61,1209.4,0,0,1141.0,1269.0,1,1,1,1,1,1,1,1,1,1,1,1,1,1,1,1,1,1,1,1,1,1,1,1,1,1,1,1,1,1,1,1
1630174,Aaron Nesmith,1610612754,IND,25.0,45,45,1.0,192,379,0.507,0.617,0.485,108,184,0.587,0.515,84,195,0.431,Overall,2024-25,45,29,16,0.644,1121.6183333333333,192,379,0.507,84,195,0.431,73,80,0.913,37,141,178,54,37,35,17,22,114,77,541,198,954.6,0,0,961.0,983.0,1,1,1,1,1,1,1,1,1,1,1,1,1,1,1,1,1,1,1,1,1,1,1,1,1,1,1,1,1,1,1,1
1630527,Brandon Boston Jr.,1610612740,NOP,23.0,42,40,1.0,165,379,0.435,0.5,0.631,116,239,0.485,0.369,49,140,0.35,Overall,2024-25,42,8,34,0.19,992.78,166,381,0.436,49,140,0.35,67,85,0.788,28,106,134,92,52,53,9,24,73,67,448,-140,880.8,0,0,847.0,952.0,1,1,1,1,1,1,1,1,1,1,1,1,1,1,1,1,1,1,1,1,1,1,1,1,1,1,1,1,1,1,1,1
1631107,Nikola Jović,1610612748,MIA,22.0,46,46,1.0,172,378,0.455,0.558,0.444,94,168,0.56,0.556,78,210,0.371,Overall,2024-25,46,21,25,0.457,1155.6766666666667,172,377,0.456,78,210,0.371,72,87,0.828,26,154,180,131,60,38,13,12,82,78,494,-20,999.5,0,0,985.0,1089.0,1,1,1,1,1,1,1,1,1,1,1,1,1,1,1,1,1,1,1,1,1,1,1,1,1,1,1,1,1,1,1,1
1642348,Justin Edwards,1610612755,PHI,21.0,44,43,1.0,171,377,0.454,0.544,0.499,103,188,0.548,0.501,68,189,0.36,Overall,2024-25,44,11,33,0.25,1154.72,172,378,0.455,69,190,0.363,32,46,0.696,46,102,148,69,49,45,16,25,98,38,445,-280,860.1,1,0,853.0,914.0,1,1,1,1,1,1,1,1,1,1,1,1,1,1,1,1,1,1,1,1,1,1,1,1,1,1,1,1,1,1,1,1
1629634,Brandon Clarke,1610612763,MEM,28.0,63,64,1.0,232,376,0.617,0.618,0.955,231,359,0.643,0.045,1,17,0.059,Overall,2024-25,64,40,24,0.625,1206.8616666666667,236,380,0.621,1,17,0.059,61,87,0.701,127,199,326,66,41,52,36,22,145,79,534,181,1247.2,2,0,1103.0,1256.0,1,1,1,1,1,1,1,1,1,1,1,1,1,1,1,1,1,1,1,1,1,1,1,1,1,1,1,1,1,1,1,1
1626168,Trey Lyles,1610612758,SAC,29.0,69,68,1.0,157,374,0.42,0.528,0.364,76,136,0.559,0.636,81,238,0.34,Overall,2024-25,69,34,35,0.493,1349.5216666666668,157,374,0.42,81,238,0.34,56,80,0.7,80,236,316,82,39,41,23,12,86,79,451,-70,1106.2,1,0,1058.0,1123.0,1,1,1,1,1,1,1,1,1,1,1,1,1,1,1,1,1,1,1,1,1,1,1,1,1,1,1,1,1,1,1,1
1629622,Max Strus,1610612739,CLE,29.0,50,50,1.0,165,373,0.442,0.594,0.214,52,80,0.65,0.786,113,293,0.386,Overall,2024-25,50,39,11,0.78,1272.725,165,373,0.442,113,293,0.386,28,34,0.824,53,164,217,158,54,26,12,11,104,57,471,221,1028.4,0,0,1035.0,1118.0,1,1,1,1,1,1,1,1,1,1,1,1,1,1,1,1,1,1,1,1,1,1,1,1,1,1,1,1,1,1,1,1
1631323,Simone Fontecchio,1610612765,DET,29.0,75,74,1.0,150,373,0.402,0.504,0.391,74,146,0.507,0.609,76,227,0.335,Overall,2024-25,75,38,37,0.507,1236.6816666666666,150,373,0.402,76,227,0.335,70,84,0.833,52,163,215,65,54,31,12,18,95,69,446,16,876.5,0,0,888.0,920.0,1,1,1,1,1,1,1,1,1,1,1,1,1,1,1,1,1,1,1,1,1,1,1,1,1,1,1,1,1,1,1,1
1641730,Noah Clowney,1610612751,BKN,20.0,46,46,1.0,133,372,0.358,0.474,0.298,46,111,0.414,0.702,87,261,0.333,Overall,2024-25,46,11,35,0.239,1042.2866666666666,133,372,0.358,87,261,0.333,67,80,0.838,43,138,181,40,46,24,21,28,105,82,420,-261,786.2,0,0,818.0,816.0,1,1,1,1,1,1,1,1,1,1,1,1,1,1,1,1,1,1,1,1,1,1,1,1,1,1,1,1,1,1,1,1
1628449,Chris Boucher,1610612761,TOR,32.0,50,50,1.0,182,369,0.493,0.588,0.48,112,177,0.633,0.52,70,192,0.365,Overall,2024-25,50,18,32,0.36,862.3,182,370,0.492,70,193,0.363,68,87,0.782,70,154,224,33,29,24,25,19,68,69,502,5,938.3,3,0,927.0,939.0,1,1,1,1,1,1,1,1,1,1,1,1,1,1,1,1,1,1,1,1,1,1,1,1,1,1,1,1,1,1,1,1
1641716,Jarace Walker,1610612754,IND,21.0,75,70,1.0,170,360,0.472,0.576,0.486,95,175,0.543,0.514,75,185,0.405,Overall,2024-25,75,45,30,0.6,1186.62,170,360,0.472,75,185,0.405,46,69,0.667,25,204,229,110,78,54,25,10,115,63,461,-146,1059.8,0,0,1033.0,1147.0,1,1,1,1,1,1,1,1,1,1,1,1,1,1,1,1,1,1,1,1,1,1,1,1,1,1,1,1,1,1,1,1
1642367,Jonathan Mogbo,1610612761,TOR,23.0,63,60,1.0,156,356,0.438,0.462,0.803,139,286,0.486,0.197,17,70,0.243,Overall,2024-25,63,18,45,0.286,1285.655,156,356,0.438,17,70,0.243,60,82,0.732,109,202,311,146,70,55,34,31,136,70,389,-241,1178.2,3,1,1041.0,1259.0,1,1,1,1,1,1,1,1,1,1,1,1,1,1,1,1,1,1,1,1,1,1,1,1,1,1,1,1,1,1,1,1
1629026,Kenrich Williams,1610612760,OKC,30.0,69,67,1.0,171,354,0.483,0.576,0.517,105,183,0.574,0.483,66,171,0.386,Overall,2024-25,69,58,11,0.841,1131.5383333333334,171,354,0.483,66,171,0.386,28,39,0.718,65,176,241,97,39,43,10,22,110,54,436,329,990.7,2,0,946.0,1030.0,1,1,1,1,1,1,1,1,1,1,1,1,1,1,1,1,1,1,1,1,1,1,1,1,1,1,1,1,1,1,1,1
203994,Jusuf Nurkić,1610612766,CHA,30.0,51,51,1.0,168,352,0.477,0.523,0.702,136,247,0.551,0.298,32,105,0.305,Overall,2024-25,51,18,33,0.353,1062.8266666666666,168,352,0.477,32,105,0.305,85,128,0.664,85,313,398,115,97,40,34,16,130,127,453,-184,1228.1,10,0,1146.0,1303.0,1,1,1,1,1,1,1,1,1,1,1,1,1,1,1,1,1,1,1,1,1,1,1,1,1,1,1,1,1,1,1,2
1630570,Trendon Watford,1610612751,BKN,24.0,44,43,1.0,164,350,0.469,0.51,0.749,135,262,0.515,0.251,29,88,0.33,Overall,2024-25,44,16,28,0.364,912.6766666666666,164,350,0.469,29,88,0.33,93,122,0.762,37,123,160,115,83,27,12,36,95,106,450,-65,848.5,1,0,832.0,957.0,1,1,1,1,1,1,1,1,1,1,1,1,1,1,1,1,1,1,1,1,1,1,1,1,1,1,1,1,1,1,1,1
1630208,Nick Richards,1610612756,PHX,27.0,57,56,1.0,205,347,0.591,0.591,0.994,205,345,0.594,0.006,0,2,0.0,Overall,2024-25,57,17,40,0.298,1256.2233333333334,205,347,0.591,0,2,0.0,119,160,0.744,148,318,466,49,81,14,55,51,141,118,529,-235,1287.7,16,0,1182.0,1300.0,1,1,1,1,1,1,1,1,1,1,1,1,1,1,1,1,1,1,1,1,1,1,1,1,1,1,1,1,1,1,1,2
1630526,Jeremiah Robinson-Earl,1610612740,NOP,24.0,66,63,1.0,158,347,0.455,0.536,0.527,102,183,0.557,0.473,56,164,0.341,Overall,2024-25,66,17,49,0.258,1238.9,158,347,0.455,56,164,0.341,46,55,0.836,110,205,315,88,51,39,7,18,79,49,418,-331,1015.0,4,0,969.0,1047.0,1,1,1,1,1,1,1,1,1,1,1,1,1,1,1,1,1,1,1,1,1,1,1,1,1,1,1,1,1,1,1,1
1642419,Jamison Battle,1610612761,TOR,24.0,59,56,1.0,149,347,0.429,0.581,0.254,44,88,0.5,0.746,105,259,0.405,Overall,2024-25,59,21,38,0.356,1041.6783333333333,149,347,0.429,105,259,0.405,16,18,0.889,37,121,158,53,27,17,10,14,92,25,419,-183,742.1,0,0,789.0,764.0,1,1,1,1,1,1,1,1,1,1,1,1,1,1,1,1,1,1,1,1,1,1,1,1,1,1,1,1,1,1,1,1
1642275,Tidjane Salaün,1610612766,CHA,19.0,60,60,1.0,114,345,0.33,0.414,0.406,56,140,0.4,0.594,58,205,0.283,Overall,2024-25,60,12,48,0.2,1244.3533333333332,114,345,0.33,58,205,0.283,67,94,0.713,70,210,280,74,58,29,14,29,84,79,353,-321,871.0,2,0,851.0,910.0,1,1,1,1,1,1,1,1,1,1,1,1,1,1,1,1,1,1,1,1,1,1,1,1,1,1,1,1,1,1,1,1
203552,Seth Curry,1610612766,CHA,34.0,68,64,1.0,164,343,0.478,0.599,0.469,81,161,0.503,0.531,83,182,0.456,Overall,2024-25,68,17,51,0.25,1061.9566666666667,164,343,0.478,83,182,0.456,33,39,0.846,24,89,113,60,32,27,7,7,59,52,444,-171,739.6,0,0,768.0,779.0,1,1,1,1,1,1,1,1,1,1,1,1,1,1,1,1,1,1,1,1,1,1,1,1,1,1,1,1,1,1,1,1
1631096,Chet Holmgren,1610612760,OKC,23.0,32,32,1.0,167,341,0.49,0.554,0.66,123,225,0.547,0.34,44,116,0.379,Overall,2024-25,32,26,6,0.813,876.54,167,341,0.49,44,116,0.379,101,134,0.754,48,209,257,63,56,23,71,35,72,95,479,294,1107.9,11,0,1031.0,1144.0,1,1,1,1,1,1,1,1,1,1,1,1,1,1,1,1,1,1,1,1,1,1,1,1,1,1,1,1,1,1,1,1
1629048,Goga Bitadze,1610612753,ORL,25.0,70,62,1.0,207,339,0.611,0.615,0.917,204,311,0.656,0.083,3,28,0.107,Overall,2024-25,70,38,32,0.543,1429.4616666666666,207,339,0.611,3,28,0.107,85,133,0.639,167,296,463,137,72,49,98,23,150,120,502,80,1632.1,15,0,1399.0,1680.0,1,1,1,1,1,1,1,1,1,1,1,1,1,1,1,1,1,1,1,1,1,1,1,1,1,1,1,1,1,1,1,1
203114,Khris Middleton,1610612764,WAS,33.0,37,37,1.0,160,337,0.475,0.546,0.605,112,204,0.549,0.395,48,133,0.361,Overall,2024-25,37,18,19,0.486,843.1816666666666,160,337,0.475,48,133,0.361,72,84,0.857,13,124,137,150,56,35,8,13,75,69,440,39,902.4,0,0,861.0,1006.0,1,1,1,1,1,1,1,1,1,1,1,1,1,1,1,1,1,1,1,1,1,1,1,1,1,1,1,1,1,1,1,2
1631222,Jake LaRavia,1610612758,SAC,23.0,66,65,1.0,160,337,0.475,0.564,0.579,100,195,0.513,0.421,60,142,0.423,Overall,2024-25,66,40,26,0.606,1349.28,160,337,0.475,60,142,0.423,78,115,0.678,90,169,259,158,86,62,23,26,132,91,458,126,1174.8,2,0,1105.0,1288.0,1,1,1,1,1,1,1,1,1,1,1,1,1,1,1,1,1,1,1,1,1,1,1,1,1,1,1,1,1,1,1,2
1642270,Donovan Clingan,1610612757,POR,21.0,67,67,1.0,180,334,0.539,0.56,0.853,166,285,0.582,0.147,14,49,0.286,Overall,2024-25,67,29,38,0.433,1323.6433333333334,180,334,0.539,14,49,0.286,62,104,0.596,217,310,527,77,72,34,110,23,189,98,436,-2,1543.9,8,0,1342.0,1549.0,1,1,1,1,1,1,1,1,1,1,1,1,1,1,1,1,1,1,1,1,1,1,1,1,1,1,1,1,1,1,1,1
1627742,Brandon Ingram,1610612761,TOR,27.0,18,18,1.0,155,333,0.465,0.53,0.655,112,218,0.514,0.345,43,115,0.374,Overall,2024-25,18,5,13,0.278,595.0316666666666,155,333,0.465,43,115,0.374,47,55,0.855,17,83,100,93,69,16,11,21,45,66,400,-128,671.5,0,0,690.0,767.0,1,1,1,1,1,1,1,1,1,1,1,1,1,1,1,1,1,1,1,1,1,1,1,1,1,1,1,1,1,1,1,1
1630173,Precious Achiuwa,1610612752,NYK,25.0,56,56,1.0,163,325,0.502,0.517,0.889,153,289,0.529,0.111,10,36,0.278,Overall,2024-25,57,36,21,0.632,1169.6133333333332,164,327,0.502,10,36,0.278,41,69,0.594,101,216,317,55,45,47,42,24,81,51,379,-48,1063.9,3,0,939.0,1073.0,1,1,1,1,1,1,1,1,1,1,1,1,1,1,1,1,1,1,1,1,1,1,1,1,1,1,1,1,1,1,1,1
1628998,Cody Martin,1610612756,PHX,29.0,53,53,1.0,136,325,0.418,0.485,0.535,93,174,0.534,0.465,43,151,0.285,Overall,2024-25,53,16,37,0.302,1173.2066666666667,136,325,0.418,43,151,0.285,43,61,0.705,53,171,224,105,51,56,32,15,95,61,358,-105,997.3,0,0,906.0,1056.0,1,1,1,1,1,1,1,1,1,1,1,1,1,1,1,1,1,1,1,1,1,1,1,1,1,1,1,1,1,1,1,2
1628371,Jonathan Isaac,1610612753,ORL,27.0,71,70,1.0,134,324,0.414,0.474,0.534,95,173,0.549,0.466,39,151,0.258,Overall,2024-25,71,35,36,0.493,1090.015,134,324,0.414,39,151,0.258,73,107,0.682,120,194,314,40,33,61,80,14,90,79,380,-38,1206.8,2,0,1055.0,1197.0,1,1,1,1,1,1,1,1,1,1,1,1,1,1,1,1,1,1,1,1,1,1,1,1,1,1,1,1,1,1,1,1
1628418,Thomas Bryant,1610612754,IND,27.0,66,64,1.0,163,321,0.508,0.583,0.539,115,173,0.665,0.461,48,148,0.324,Overall,2024-25,66,44,22,0.667,963.0166666666667,163,321,0.508,48,148,0.324,55,64,0.859,83,168,251,53,30,28,41,17,76,62,429,-37,986.7,1,0,919.0,993.0,1,1,1,1,1,1,1,1,1,1,1,1,1,1,1,1,1,1,1,1,1,1,1,1,1,1,1,1,1,1,1,2
1630549,Day'Ron Sharpe,1610612751,BKN,23.0,50,50,1.0,165,317,0.521,0.538,0.858,154,272,0.566,0.142,11,45,0.244,Overall,2024-25,50,14,36,0.28,907.4583333333334,165,317,0.521,11,45,0.244,56,74,0.757,149,181,330,91,63,41,42,27,113,73,397,64,1115.5,4,0,995.0,1158.0,1,1,1,1,1,1,1,1,1,1,1,1,1,1,1,1,1,1,1,1,1,1,1,1,1,1,1,1,1,1,1,1
1630191,Isaiah Stewart,1610612765,DET,24.0,72,69,1.0,176,315,0.559,0.586,0.832,159,262,0.607,0.168,17,53,0.321,Overall,2024-25,72,38,34,0.528,1433.8483333333334,176,315,0.559,17,53,0.321,66,87,0.759,130,269,399,123,68,28,101,12,183,93,435,9,1417.3,2,0,1232.0,1467.0,1,1,1,1,1,1,1,1,1,1,1,1,1,1,1,1,1,1,1,1,1,1,1,1,1,1,1,1,1,1,1,1
203954,Joel Embiid,1610612755,PHI,31.0,19,19,1.0,140,315,0.444,0.481,0.756,117,238,0.492,0.244,23,77,0.299,Overall,2024-25,19,8,11,0.421,574.3933333333333,140,315,0.444,23,77,0.299,149,169,0.882,36,119,155,85,62,14,18,14,42,117,452,-57,799.5,7,1,779.0,873.0,1,1,1,1,1,1,1,1,1,1,1,1,1,1,1,1,1,1,1,1,1,1,1,1,1,1,1,1,1,1,1,1
1627936,Alex Caruso,1610612760,OKC,31.0,54,53,1.0,140,314,0.446,0.541,0.459,80,144,0.556,0.541,60,170,0.353,Overall,2024-25,54,44,10,0.815,1040.635,140,314,0.446,60,170,0.353,42,51,0.824,38,121,159,137,37,87,30,14,102,62,382,321,1092.3,0,0,972.0,1166.0,1,1,1,1,1,1,1,1,1,1,1,1,1,1,1,1,1,1,1,1,1,1,1,1,1,1,1,1,1,1,1,1
1628971,Bruce Brown,1610612740,NOP,28.0,41,41,1.0,130,309,0.421,0.464,0.738,103,228,0.452,0.262,27,81,0.333,Overall,2024-25,41,15,26,0.366,921.53,130,309,0.421,27,81,0.333,53,65,0.815,40,124,164,84,39,34,10,22,71,48,340,-226,755.8,0,0,703.0,804.0,1,1,1,1,1,1,1,1,1,1,1,1,1,1,1,1,1,1,1,1,1,1,1,1,1,1,1,1,1,1,1,2
1630643,Jay Huff,1610612763,MEM,27.0,64,56,1.0,157,305,0.515,0.648,0.344,76,105,0.724,0.656,81,200,0.405,Overall,2024-25,64,37,27,0.578,748.0316666666666,157,305,0.515,81,200,0.405,44,56,0.786,30,99,129,38,34,16,56,8,78,44,439,25,832.8,0,0,831.0,860.0,1,1,1,1,1,1,1,1,1,1,1,1,1,1,1,1,1,1,1,1,1,1,1,1,1,1,1,1,1,1,1,1
1628997,Caleb Martin,1610612742,DAL,29.0,45,43,1.0,129,304,0.424,0.485,0.661,92,201,0.458,0.339,37,103,0.359,Overall,2024-25,45,17,28,0.378,1218.0166666666667,129,304,0.424,37,103,0.359,61,98,0.622,53,124,177,95,56,46,23,15,87,81,356,-155,861.9,1,0,803.0,930.0,1,1,1,1,1,1,1,1,1,1,1,1,1,1,1,1,1,1,1,1,1,1,1,1,1,1,1,1,1,1,1,2
1631218,Trayce Jackson-Davis,1610612744,GSW,25.0,62,54,1.0,174,302,0.576,0.576,0.99,174,299,0.582,0.01,0,3,0.0,Overall,2024-25,62,33,29,0.532,966.7866666666666,174,302,0.576,0,3,0.0,59,102,0.578,122,189,311,104,45,23,38,43,73,75,407,-61,1074.2,4,0,944.0,1109.0,1,1,1,1,1,1,1,1,1,1,1,1,1,1,1,1,1,1,1,1,1,1,1,1,1,1,1,1,1,1,1,1
1628380,Zach Collins,1610612741,CHI,27.0,64,62,1.0,153,302,0.507,0.56,0.649,121,196,0.617,0.351,32,106,0.302,Overall,2024-25,64,34,30,0.531,977.06,153,302,0.507,32,106,0.302,69,78,0.885,102,186,288,111,60,29,29,19,132,84,407,-29,1033.1,4,0,954.0,1091.0,1,1,1,1,1,1,1,1,1,1,1,1,1,1,1,1,1,1,1,1,1,1,1,1,1,1,1,1,1,1,1,2
203937,Kyle Anderson,1610612748,MIA,31.0,61,57,1.0,141,301,0.468,0.51,0.767,116,231,0.502,0.233,25,70,0.357,Overall,2024-25,61,30,31,0.492,1002.0933333333334,142,303,0.469,25,70,0.357,48,65,0.738,53,153,206,145,37,40,33,17,81,60,357,-22,1003.7,2,0,879.0,1072.0,1,1,1,1,1,1,1,1,1,1,1,1,1,1,1,1,1,1,1,1,1,1,1,1,1,1,1,1,1,1,1,2
1629004,Svi Mykhailiuk,1610612762,UTA,28.0,38,37,1.0,118,301,0.392,0.508,0.329,48,99,0.485,0.671,70,202,0.347,Overall,2024-25,38,6,32,0.158,760.3066666666666,118,302,0.391,70,203,0.345,28,35,0.8,22,68,90,76,52,19,7,16,43,30,334,-106,582.0,0,0,622.0,654.0,1,1,1,1,1,1,1,1,1,1,1,1,1,1,1,1,1,1,1,1,1,1,1,1,1,1,1,1,1,1,1,1
1642354,KJ Simpson,1610612766,CHA,22.0,36,36,1.0,104,301,0.346,0.4,0.568,71,171,0.415,0.432,33,130,0.254,Overall,2024-25,36,3,33,0.083,842.0833333333334,104,301,0.346,33,130,0.254,41,50,0.82,39,70,109,112,56,34,6,18,56,77,282,-278,644.8,0,0,616.0,735.0,1,1,1,1,1,1,1,1,1,1,1,1,1,1,1,1,1,1,1,1,1,1,1,1,1,1,1,1,1,1,1,1
1627780,Gary Payton II,1610612744,GSW,32.0,62,61,1.0,171,298,0.574,0.626,0.681,140,203,0.69,0.319,31,95,0.326,Overall,2024-25,62,36,26,0.581,927.1766666666666,171,298,0.574,31,95,0.326,27,38,0.711,53,132,185,83,39,52,17,20,108,36,400,45,914.5,0,0,837.0,958.0,1,1,1,1,1,1,1,1,1,1,1,1,1,1,1,1,1,1,1,1,1,1,1,1,1,1,1,1,1,1,1,1
1631204,Marcus Sasser,1610612765,DET,24.0,57,52,1.0,136,295,0.461,0.558,0.488,79,144,0.549,0.512,57,151,0.377,Overall,2024-25,57,30,27,0.526,810.7866666666666,137,296,0.463,58,152,0.382,43,51,0.843,18,51,69,133,54,37,4,16,72,49,375,41,726.3,1,0,717.0,833.0,1,1,1,1,1,1,1,1,1,1,1,1,1,1,1,1,1,1,1,1,1,1,1,1,1,1,1,1,1,1,1,1
1630249,Vít Krejčí,1610612737,ATL,25.0,57,54,1.0,145,292,0.497,0.651,0.295,55,86,0.64,0.705,90,206,0.437,Overall,2024-25,57,28,29,0.491,1152.6316666666667,145,292,0.497,90,206,0.437,32,45,0.711,22,134,156,147,50,36,26,8,105,41,412,-66,955.7,1,0,929.0,1048.0,1,1,1,1,1,1,1,1,1,1,1,1,1,1,1,1,1,1,1,1,1,1,1,1,1,1,1,1,1,1,1,1
1629659,Talen Horton-Tucker,1610612741,CHI,24.0,58,48,1.0,133,291,0.457,0.527,0.581,92,169,0.544,0.419,41,122,0.336,Overall,2024-25,58,26,32,0.448,723.695,133,291,0.457,41,122,0.336,72,98,0.735,19,81,100,83,40,21,11,17,59,67,379,19,679.5,0,0,667.0,741.0,1,1,1,1,1,1,1,1,1,1,1,1,1,1,1,1,1,1,1,1,1,1,1,1,1,1,1,1,1,1,1,1
1629610,DaQuan Jeffries,1610612766,CHA,27.0,47,45,1.0,118,291,0.405,0.5,0.436,63,127,0.496,0.564,55,164,0.335,Overall,2024-25,47,9,38,0.191,1071.5066666666667,118,291,0.405,55,164,0.335,24,30,0.8,37,98,135,53,35,26,25,17,99,28,315,-276,674.5,0,0,660.0,709.0,1,1,1,1,1,1,1,1,1,1,1,1,1,1,1,1,1,1,1,1,1,1,1,1,1,1,1,1,1,1,1,1
1629750,Javonte Green,1610612739,CLE,31.0,68,63,1.0,123,288,0.427,0.507,0.51,77,147,0.524,0.49,46,141,0.326,Overall,2024-25,68,24,44,0.353,1257.8333333333333,123,287,0.429,46,141,0.326,55,76,0.724,59,159,218,56,32,65,31,14,98,72,347,-212,948.6,0,0,859.0,965.0,1,1,1,1,1,1,1,1,1,1,1,1,1,1,1,1,1,1,1,1,1,1,1,1,1,1,1,1,1,1,1,2
1641763,Julian Phillips,1610612741,CHI,21.0,79,73,1.0,128,287,0.446,0.533,0.467,78,134,0.582,0.533,50,153,0.327,Overall,2024-25,79,37,42,0.468,1122.905,128,287,0.446,50,153,0.327,60,76,0.789,67,102,169,39,27,38,20,17,108,60,366,30,774.3,0,0,740.0,787.0,1,1,1,1,1,1,1,1,1,1,1,1,1,1,1,1,1,1,1,1,1,1,1,1,1,1,1,1,1,1,1,1
1641767,Ben Sheppard,1610612754,IND,23.0,63,61,1.0,120,287,0.418,0.537,0.307,52,88,0.591,0.693,68,199,0.342,Overall,2024-25,63,40,23,0.635,1229.5583333333334,120,287,0.418,68,199,0.342,24,27,0.889,44,133,177,85,22,38,14,13,125,35,332,-59,805.9,0,0,766.0,835.0,1,1,1,1,1,1,1,1,1,1,1,1,1,1,1,1,1,1,1,1,1,1,1,1,1,1,1,1,1,1,1,1
1630572,Sandro Mamukelashvili,1610612759,SAS,26.0,61,56,1.0,141,281,0.502,0.609,0.427,81,120,0.675,0.573,60,161,0.373,Overall,2024-25,61,23,38,0.377,681.2083333333334,141,281,0.502,60,161,0.373,43,58,0.741,62,125,187,48,26,22,17,10,60,43,385,-28,772.4,2,0,758.0,785.0,1,1,1,1,1,1,1,1,1,1,1,1,1,1,1,1,1,1,1,1,1,1,1,1,1,1,1,1,1,1,1,1
1631217,Moussa Diabaté,1610612766,CHA,23.0,71,65,1.0,167,280,0.596,0.596,0.979,167,274,0.609,0.021,0,6,0.0,Overall,2024-25,71,15,56,0.211,1240.6333333333334,167,280,0.596,0,6,0.0,69,116,0.595,187,251,438,56,61,46,40,24,109,115,403,-123,1209.6,7,0,1069.0,1211.0,1,1,1,1,1,1,1,1,1,1,1,1,1,1,1,1,1,1,1,1,1,1,1,1,1,1,1,1,1,1,1,1
1628436,Luke Kornet,1610612738,BOS,29.0,73,66,1.0,186,279,0.667,0.667,0.989,186,276,0.674,0.011,0,3,0.0,Overall,2024-25,73,53,20,0.726,1361.06,187,280,0.668,0,3,0.0,67,97,0.691,190,198,388,117,31,36,71,21,119,104,441,401,1372.1,3,0,1160.0,1384.0,1,1,1,1,1,1,1,1,1,1,1,1,1,1,1,1,1,1,1,1,1,1,1,1,1,1,1,1,1,1,1,1
1631200,Kris Murray,1610612757,POR,24.0,69,59,1.0,117,279,0.419,0.468,0.57,90,159,0.566,0.43,27,120,0.225,Overall,2024-25,69,31,38,0.449,1040.3866666666668,117,279,0.419,27,120,0.225,26,57,0.456,76,106,182,68,43,35,17,20,66,42,287,-50,720.4,1,0,668.0,761.0,1,1,1,1,1,1,1,1,1,1,1,1,1,1,1,1,1,1,1,1,1,1,1,1,1,1,1,1,1,1,1,1
1626172,Kevon Looney,1610612744,GSW,29.0,76,71,1.0,141,275,0.513,0.516,0.982,139,270,0.515,0.018,2,5,0.4,Overall,2024-25,76,45,31,0.592,1142.155,143,278,0.514,2,5,0.4,56,99,0.566,185,277,462,118,39,46,37,17,154,84,344,117,1285.4,2,0,1092.0,1291.0,1,1,1,1,1,1,1,1,1,1,1,1,1,1,1,1,1,1,1,1,1,1,1,1,1,1,1,1,1,1,1,1
1642272,Jared McCain,1610612755,PHI,21.0,23,22,1.0,126,274,0.46,0.553,0.515,75,141,0.532,0.485,51,133,0.383,Overall,2024-25,23,7,16,0.304,591.7916666666666,126,274,0.46,51,133,0.383,49,56,0.875,13,43,56,60,37,15,0,11,37,45,352,-27,517.2,1,0,549.0,573.0,1,1,1,1,1,1,1,1,1,1,1,1,1,1,1,1,1,1,1,1,1,1,1,1,1,1,1,1,1,1,1,1
1642366,Quinten Post,1610612744,GSW,25.0,42,41,1.0,123,274,0.449,0.582,0.347,50,95,0.526,0.653,73,179,0.408,Overall,2024-25,42,26,16,0.619,685.7566666666667,123,274,0.449,73,179,0.408,21,27,0.778,35,113,148,56,33,16,18,16,83,24,340,43,670.6,0,0,685.0,702.0,1,1,1,1,1,1,1,1,1,1,1,1,1,1,1,1,1,1,1,1,1,1,1,1,1,1,1,1,1,1,1,1
203995,Vasilije Micic,1610612756,PHX,31.0,41,36,1.0,95,273,0.348,0.43,0.542,50,148,0.338,0.458,45,125,0.36,Overall,2024-25,41,8,33,0.195,784.9083333333333,95,273,0.348,45,125,0.36,34,41,0.829,20,69,89,128,77,15,0,23,45,48,269,-122,535.8,1,0,561.0,659.0,1,1,1,1,1,1,1,1,1,1,1,1,1,1,1,1,1,1,1,1,1,1,1,1,1,1,1,1,1,1,1,2
1631157,Ryan Rollins,1610612749,MIL,22.0,56,48,1.0,132,271,0.487,0.577,0.557,83,151,0.55,0.443,49,120,0.408,Overall,2024-25,56,30,26,0.536,819.525,132,271,0.487,49,120,0.408,36,45,0.8,21,87,108,104,53,42,17,21,88,47,349,83,758.6,1,0,728.0,842.0,1,1,1,1,1,1,1,1,1,1,1,1,1,1,1,1,1,1,1,1,1,1,1,1,1,1,1,1,1,1,1,1
202692,Alec Burks,1610612748,MIA,33.0,49,48,1.0,115,271,0.424,0.587,0.236,27,64,0.422,0.764,88,207,0.425,Overall,2024-25,49,26,23,0.531,863.4966666666667,115,271,0.424,88,207,0.425,38,49,0.776,15,109,124,55,29,28,7,9,37,43,356,110,663.3,0,0,693.0,695.0,1,1,1,1,1,1,1,1,1,1,1,1,1,1,1,1,1,1,1,1,1,1,1,1,1,1,1,1,1,1,1,1
1629731,Dean Wade,1610612739,CLE,28.0,59,59,1.0,112,271,0.413,0.561,0.181,32,49,0.653,0.819,80,222,0.36,Overall,2024-25,59,47,12,0.797,1252.4516666666666,112,271,0.413,80,222,0.36,16,30,0.533,51,198,249,76,22,42,20,9,101,32,320,284,896.8,1,0,849.0,907.0,1,1,1,1,1,1,1,1,1,1,1,1,1,1,1,1,1,1,1,1,1,1,1,1,1,1,1,1,1,1,1,1
203482,Kelly Olynyk,1610612740,NOP,34.0,44,43,1.0,134,268,0.5,0.562,0.705,101,189,0.534,0.295,33,79,0.418,Overall,2024-25,44,12,32,0.273,890.9983333333333,134,268,0.5,33,79,0.418,83,108,0.769,62,144,206,128,76,33,19,13,123,96,384,-58,903.2,2,0,855.0,1002.0,1,1,1,1,1,1,1,1,1,1,1,1,1,1,1,1,1,1,1,1,1,1,1,1,1,1,1,1,1,1,1,2
1631207,Dalen Terry,1610612741,CHI,22.0,73,66,1.0,120,268,0.448,0.517,0.612,83,164,0.506,0.388,37,104,0.356,Overall,2024-25,73,33,40,0.452,987.1783333333333,120,268,0.448,37,104,0.356,49,69,0.71,38,86,124,97,53,44,15,17,114,55,326,-172,744.3,0,0,702.0,821.0,1,1,1,1,1,1,1,1,1,1,1,1,1,1,1,1,1,1,1,1,1,1,1,1,1,1,1,1,1,1,1,1
1628988,Aaron Holiday,1610612745,HOU,28.0,62,58,1.0,117,268,0.437,0.571,0.325,45,87,0.517,0.675,72,181,0.398,Overall,2024-25,62,39,23,0.629,792.2466666666667,117,268,0.437,72,181,0.398,34,41,0.829,13,65,78,83,37,19,11,11,64,49,340,88,611.1,0,0,633.0,674.0,1,1,1,1,1,1,1,1,1,1,1,1,1,1,1,1,1,1,1,1,1,1,1,1,1,1,1,1,1,1,1,1
1630171,Isaac Okoro,1610612739,CLE,24.0,55,55,1.0,124,267,0.464,0.569,0.434,68,116,0.586,0.566,56,151,0.371,Overall,2024-25,55,44,11,0.8,1053.2033333333334,124,267,0.464,56,151,0.371,33,46,0.717,49,81,130,68,23,32,16,19,104,44,337,253,716.0,0,0,687.0,747.0,1,1,1,1,1,1,1,1,1,1,1,1,1,1,1,1,1,1,1,1,1,1,1,1,1,1,1,1,1,1,1,1
1641724,Jett Howard,1610612753,ORL,21.0,60,56,1.0,98,262,0.374,0.479,0.29,43,76,0.566,0.71,55,186,0.296,Overall,2024-25,60,29,31,0.483,701.1066666666667,98,262,0.374,55,186,0.296,16,23,0.696,20,50,70,44,36,13,11,6,68,18,267,-86,453.0,0,0,484.0,497.0,1,1,1,1,1,1,1,1,1,1,1,1,1,1,1,1,1,1,1,1,1,1,1,1,1,1,1,1,1,1,1,1
1631115,Orlando Robinson,1610612761,TOR,24.0,44,40,1.0,116,261,0.444,0.477,0.801,99,209,0.474,0.199,17,52,0.327,Overall,2024-25,44,23,21,0.523,769.8016666666666,116,261,0.444,17,52,0.327,54,70,0.771,89,131,220,77,49,17,16,26,100,53,303,-87,732.5,4,0,683.0,776.0,1,1,1,1,1,1,1,1,1,1,1,1,1,1,1,1,1,1,1,1,1,1,1,1,1,1,1,1,1,1,1,2
1629726,Garrison Mathews,1610612737,ATL,28.0,47,45,1.0,102,257,0.397,0.562,0.152,17,39,0.436,0.848,85,218,0.39,Overall,2024-25,47,21,26,0.447,829.5083333333333,102,257,0.397,85,218,0.39,64,78,0.821,13,74,87,60,31,26,15,4,81,68,353,-60,639.4,0,0,667.0,683.0,1,1,1,1,1,1,1,1,1,1,1,1,1,1,1,1,1,1,1,1,1,1,1,1,1,1,1,1,1,1,1,1
203935,Marcus Smart,1610612764,WAS,31.0,34,33,1.0,101,257,0.393,0.488,0.451,52,116,0.448,0.549,49,141,0.348,Overall,2024-25,34,17,17,0.5,680.34,101,257,0.393,49,141,0.348,54,71,0.761,18,54,72,109,54,39,9,9,53,68,305,42,644.9,0,0,631.0,739.0,1,1,1,1,1,1,1,1,1,1,1,1,1,1,1,1,1,1,1,1,1,1,1,1,1,1,1,1,1,1,1,2
1642262,Cody Williams,1610612762,UTA,20.0,50,48,1.0,83,257,0.323,0.391,0.475,48,122,0.393,0.525,35,135,0.259,Overall,2024-25,50,9,41,0.18,1059.6116666666667,83,257,0.323,35,135,0.259,29,40,0.725,27,86,113,59,44,23,16,17,95,31,230,-339,527.1,0,0,515.0,578.0,1,1,1,1,1,1,1,1,1,1,1,1,1,1,1,1,1,1,1,1,1,1,1,1,1,1,1,1,1,1,1,1
1629003,Shake Milton,1610612747,LAL,28.0,57,46,1.0,115,254,0.453,0.528,0.583,77,148,0.52,0.417,38,106,0.358,Overall,2024-25,57,29,28,0.509,836.2766666666666,115,254,0.453,38,106,0.358,47,59,0.797,31,73,104,102,40,25,4,19,67,64,315,-118,639.8,1,0,617.0,710.0,1,1,1,1,1,1,1,1,1,1,1,1,1,1,1,1,1,1,1,1,1,1,1,1,1,1,1,1,1,1,1,2
1629021,Moritz Wagner,1610612753,ORL,28.0,30,29,1.0,140,249,0.562,0.616,0.699,113,174,0.649,0.301,27,75,0.36,Overall,2024-25,30,18,12,0.6,564.1566666666666,140,249,0.562,27,75,0.36,79,110,0.718,40,108,148,42,49,24,12,14,55,96,386,-17,685.6,1,0,675.0,726.0,1,1,1,1,1,1,1,1,1,1,1,1,1,1,1,1,1,1,1,1,1,1,1,1,1,1,1,1,1,1,1,1
1641810,Antonio Reeves,1610612740,NOP,24.0,44,41,1.0,113,248,0.456,0.558,0.48,62,119,0.521,0.52,51,129,0.395,Overall,2024-25,44,6,38,0.136,659.5583333333333,113,248,0.456,51,129,0.395,28,35,0.8,18,45,63,39,30,21,4,14,40,22,305,-150,484.1,0,0,508.0,521.0,1,1,1,1,1,1,1,1,1,1,1,1,1,1,1,1,1,1,1,1,1,1,1,1,1,1,1,1,1,1,1,1
1630322,Lindy Waters III,1610612765,DET,27.0,52,51,1.0,92,247,0.372,0.502,0.255,28,63,0.444,0.745,64,184,0.348,Overall,2024-25,52,27,25,0.519,778.41,92,249,0.369,64,186,0.344,8,11,0.727,20,90,110,52,20,27,11,10,62,17,256,13,560.0,0,0,558.0,584.0,1,1,1,1,1,1,1,1,1,1,1,1,1,1,1,1,1,1,1,1,1,1,1,1,1,1,1,1,1,1,1,2
1628366,Lonzo Ball,1610612741,CHI,27.0,35,35,1.0,89,243,0.366,0.504,0.198,22,48,0.458,0.802,67,195,0.344,Overall,2024-25,35,16,19,0.457,777.03,89,243,0.366,67,195,0.344,22,27,0.815,25,93,118,115,41,47,17,4,55,18,267,100,732.1,0,0,695.0,807.0,1,1,1,1,1,1,1,1,1,1,1,1,1,1,1,1,1,1,1,1,1,1,1,1,1,1,1,1,1,1,1,1
1641774,Tristan Vukcevic,1610612764,WAS,22.0,35,33,1.0,120,242,0.496,0.574,0.579,82,140,0.586,0.421,38,102,0.373,Overall,2024-25,35,7,28,0.2,512.51,120,242,0.496,38,102,0.373,52,67,0.776,26,104,130,39,42,11,23,9,57,58,330,-125,604.5,1,0,605.0,640.0,1,1,1,1,1,1,1,1,1,1,1,1,1,1,1,1,1,1,1,1,1,1,1,1,1,1,1,1,1,1,1,1
1627763,Malcolm Brogdon,1610612764,WAS,32.0,24,24,1.0,104,240,0.433,0.467,0.767,88,184,0.478,0.233,16,56,0.286,Overall,2024-25,24,6,18,0.25,564.0766666666667,104,240,0.433,16,56,0.286,81,92,0.88,21,70,91,98,38,13,5,19,30,68,305,-121,577.2,2,0,546.0,646.0,1,1,1,1,1,1,1,1,1,1,1,1,1,1,1,1,1,1,1,1,1,1,1,1,1,1,1,1,1,1,1,1
1642263,Reed Sheppard,1610612745,HOU,21.0,52,46,1.0,84,239,0.351,0.452,0.406,36,97,0.371,0.594,48,142,0.338,Overall,2024-25,52,30,22,0.577,654.3516666666667,84,239,0.351,48,142,0.338,13,16,0.813,16,62,78,75,37,35,17,13,53,11,229,-50,554.1,0,0,534.0,613.0,1,1,1,1,1,1,1,1,1,1,1,1,1,1,1,1,1,1,1,1,1,1,1,1,1,1,1,1,1,1,1,1
1630200,Tre Jones,1610612741,CHI,25.0,46,46,1.0,128,238,0.538,0.578,0.798,109,190,0.574,0.202,19,48,0.396,Overall,2024-25,46,21,25,0.457,904.9716666666667,128,238,0.538,19,48,0.396,55,67,0.821,31,85,116,192,35,37,10,18,55,67,330,-31,863.2,1,0,751.0,971.0,1,1,1,1,1,1,1,1,1,1,1,1,1,1,1,1,1,1,1,1,1,1,1,1,1,1,1,1,1,1,1,2
201587,Nicolas Batum,1610612746,LAC,36.0,78,70,1.0,104,238,0.437,0.622,0.147,16,35,0.457,0.853,88,203,0.433,Overall,2024-25,78,47,31,0.603,1367.3733333333332,104,238,0.437,88,203,0.433,17,21,0.81,47,171,218,84,34,52,36,5,111,21,313,152,930.6,0,0,879.0,963.0,1,1,1,1,1,1,1,1,1,1,1,1,1,1,1,1,1,1,1,1,1,1,1,1,1,1,1,1,1,1,1,1
1631255,Karlo Matković,1610612740,NOP,24.0,42,38,1.0,135,235,0.574,0.619,0.719,114,169,0.675,0.281,21,66,0.318,Overall,2024-25,42,12,30,0.286,790.585,135,235,0.574,21,66,0.318,34,44,0.773,64,145,209,46,43,22,41,11,106,40,325,-89,790.8,4,0,727.0,815.0,1,1,1,1,1,1,1,1,1,1,1,1,1,1,1,1,1,1,1,1,1,1,1,1,1,1,1,1,1,1,1,1
203083,Andre Drummond,1610612755,PHI,31.0,40,40,1.0,117,234,0.5,0.506,0.915,114,214,0.533,0.085,3,20,0.15,Overall,2024-25,40,12,28,0.3,750.6333333333333,117,234,0.5,3,20,0.15,56,90,0.622,109,201,310,34,55,39,18,29,94,69,293,-245,832.0,5,0,754.0,842.0,1,1,1,1,1,1,1,1,1,1,1,1,1,1,1,1,1,1,1,1,1,1,1,1,1,1,1,1,1,1,1,1
1630288,Jeff Dowtin Jr.,1610612755,PHI,28.0,41,37,1.0,112,230,0.487,0.548,0.696,84,160,0.525,0.304,28,70,0.4,Overall,2024-25,41,10,31,0.244,620.77,112,230,0.487,28,70,0.4,33,45,0.733,12,48,60,78,15,24,12,12,29,38,285,-103,567.0,0,0,523.0,609.0,1,1,1,1,1,1,1,1,1,1,1,1,1,1,1,1,1,1,1,1,1,1,1,1,1,1,1,1,1,1,1,1
1631133,Jabari Walker,1610612757,POR,22.0,60,51,1.0,118,229,0.515,0.576,0.686,90,157,0.573,0.314,28,72,0.389,Overall,2024-25,60,23,37,0.383,749.165,118,229,0.515,28,72,0.389,49,71,0.69,59,152,211,37,34,33,6,31,87,62,313,15,704.7,1,0,667.0,715.0,1,1,1,1,1,1,1,1,1,1,1,1,1,1,1,1,1,1,1,1,1,1,1,1,1,1,1,1,1,1,1,1
1629013,Landry Shamet,1610612752,NYK,28.0,49,47,1.0,104,228,0.456,0.59,0.32,43,73,0.589,0.68,61,155,0.394,Overall,2024-25,50,30,20,0.6,761.6,106,230,0.461,62,156,0.397,12,18,0.667,11,50,61,27,22,23,2,12,52,36,286,88,452.7,0,0,486.0,476.0,1,1,1,1,1,1,1,1,1,1,1,1,1,1,1,1,1,1,1,1,1,1,1,1,1,1,1,1,1,1,1,1
1629637,Jaxson Hayes,1610612747,LAL,25.0,56,54,1.0,161,223,0.722,0.722,0.987,161,220,0.732,0.013,0,3,0.0,Overall,2024-25,56,38,18,0.679,1092.6833333333334,161,223,0.722,0,3,0.0,61,98,0.622,78,191,269,58,43,31,51,11,136,112,383,87,995.8,2,0,874.0,1014.0,1,1,1,1,1,1,1,1,1,1,1,1,1,1,1,1,1,1,1,1,1,1,1,1,1,1,1,1,1,1,1,1
1627732,Ben Simmons,1610612746,LAC,28.0,51,48,1.0,116,223,0.52,0.52,1.0,116,223,0.52,0.0,0,0,,Overall,2024-25,51,26,25,0.51,1119.6933333333334,116,223,0.52,0,0,0.0,24,33,0.727,47,194,241,285,102,38,23,10,107,58,256,-56,1053.7,1,0,904.0,1250.0,1,1,1,1,1,1,1,1,1,1,1,1,1,1,1,1,1,1,1,1,1,1,1,1,1,1,1,1,1,1,1,2
1631119,Jaylin Williams,1610612760,OKC,23.0,47,47,1.0,97,221,0.439,0.577,0.308,36,68,0.529,0.692,61,153,0.399,Overall,2024-25,47,40,7,0.851,784.055,97,221,0.439,61,153,0.399,23,30,0.767,48,214,262,120,35,22,29,5,79,42,278,302,890.4,4,3,823.0,933.0,1,1,1,1,1,1,1,1,1,1,1,1,1,1,1,1,1,1,1,1,1,1,1,1,1,1,1,1,1,1,1,1
1641787,Tosan Evbuomwan,1610612751,BKN,24.0,28,28,1.0,94,220,0.427,0.482,0.65,70,143,0.49,0.35,24,77,0.312,Overall,2024-25,28,8,20,0.286,664.93,94,220,0.427,24,77,0.312,55,73,0.753,32,88,120,55,39,24,10,21,55,59,267,-66,556.5,0,0,534.0,599.0,1,1,1,1,1,1,1,1,1,1,1,1,1,1,1,1,1,1,1,1,1,1,1,1,1,1,1,1,1,1,1,1
1642358,AJ Johnson,1610612764,WAS,20.0,29,28,1.0,82,213,0.385,0.441,0.577,58,123,0.472,0.423,24,90,0.267,Overall,2024-25,29,8,21,0.276,638.3866666666667,82,213,0.385,24,90,0.267,32,37,0.865,8,51,59,76,35,12,3,18,50,27,220,-152,414.8,0,0,409.0,476.0,1,1,1,1,1,1,1,1,1,1,1,1,1,1,1,1,1,1,1,1,1,1,1,1,1,1,1,1,1,1,1,2
1629006,Josh Okogie,1610612766,CHA,26.0,40,39,1.0,94,212,0.443,0.519,0.566,62,120,0.517,0.434,32,92,0.348,Overall,2024-25,40,11,29,0.275,624.9783333333334,94,212,0.443,32,92,0.348,63,85,0.741,45,68,113,33,31,48,19,21,47,68,283,-13,638.1,1,0,595.0,663.0,1,1,1,1,1,1,1,1,1,1,1,1,1,1,1,1,1,1,1,1,1,1,1,1,1,1,1,1,1,1,1,2
1629022,Lonnie Walker IV,1610612755,PHI,26.0,20,19,1.0,89,212,0.42,0.526,0.401,44,85,0.518,0.599,45,127,0.354,Overall,2024-25,20,3,17,0.15,476.7033333333333,89,212,0.42,45,127,0.354,24,30,0.8,6,57,63,50,25,10,5,8,27,20,247,-142,417.6,1,0,435.0,455.0,1,1,1,1,1,1,1,1,1,1,1,1,1,1,1,1,1,1,1,1,1,1,1,1,1,1,1,1,1,1,1,1
1642265,Rob Dillingham,1610612750,MIN,20.0,49,41,1.0,93,211,0.441,0.5,0.649,68,137,0.496,0.351,25,74,0.338,Overall,2024-25,49,30,19,0.612,515.975,93,211,0.441,25,74,0.338,8,15,0.533,12,38,50,98,53,20,1,8,37,28,219,19,436.0,0,0,434.0,528.0,1,1,1,1,1,1,1,1,1,1,1,1,1,1,1,1,1,1,1,1,1,1,1,1,1,1,1,1,1,1,1,1
201569,Eric Gordon,1610612755,PHI,36.0,39,38,1.0,87,204,0.426,0.564,0.328,31,67,0.463,0.672,56,137,0.409,Overall,2024-25,39,12,27,0.308,768.4916666666667,87,204,0.426,56,137,0.409,36,48,0.75,8,38,46,65,28,26,12,14,32,33,266,-72,504.7,0,0,509.0,556.0,1,1,1,1,1,1,1,1,1,1,1,1,1,1,1,1,1,1,1,1,1,1,1,1,1,1,1,1,1,1,1,1
1641796,Pelle Larsson,1610612748,MIA,24.0,55,46,1.0,89,203,0.438,0.517,0.532,57,108,0.528,0.468,32,95,0.337,Overall,2024-25,55,24,31,0.436,781.9466666666667,89,203,0.438,32,95,0.337,41,61,0.672,28,64,92,65,24,32,7,11,91,55,251,10,551.9,0,0,518.0,590.0,1,1,1,1,1,1,1,1,1,1,1,1,1,1,1,1,1,1,1,1,1,1,1,1,1,1,1,1,1,1,1,1
203486,Mason Plumlee,1610612756,PHX,35.0,74,64,1.0,125,202,0.619,0.619,0.98,125,198,0.631,0.02,0,4,0.0,Overall,2024-25,74,33,41,0.446,1300.045,125,202,0.619,0,4,0.0,83,128,0.648,116,339,455,134,59,33,47,26,154,110,333,54,1261.0,2,0,1082.0,1296.0,1,1,1,1,1,1,1,1,1,1,1,1,1,1,1,1,1,1,1,1,1,1,1,1,1,1,1,1,1,1,1,1
1630231,KJ Martin,1610612762,UTA,24.0,43,41,1.0,111,201,0.552,0.59,0.711,96,143,0.671,0.289,15,58,0.259,Overall,2024-25,43,11,32,0.256,911.4983333333333,111,201,0.552,15,58,0.259,37,47,0.787,30,95,125,48,24,17,22,20,101,36,274,-142,589.0,0,0,540.0,612.0,1,1,1,1,1,1,1,1,1,1,1,1,1,1,1,1,1,1,1,1,1,1,1,1,1,1,1,1,1,1,1,2
1641713,GG Jackson,1610612763,MEM,20.0,29,28,1.0,74,199,0.372,0.452,0.523,42,104,0.404,0.477,32,95,0.337,Overall,2024-25,29,19,10,0.655,458.615,74,199,0.372,32,95,0.337,29,40,0.725,27,65,92,29,31,12,5,15,30,32,209,-68,382.9,0,0,396.0,410.0,1,1,1,1,1,1,1,1,1,1,1,1,1,1,1,1,1,1,1,1,1,1,1,1,1,1,1,1,1,1,1,1
1629674,Neemias Queta,1610612738,BOS,25.0,62,50,1.0,128,198,0.646,0.646,0.985,128,195,0.656,0.015,0,3,0.0,Overall,2024-25,62,46,16,0.742,863.09,132,203,0.65,0,3,0.0,46,61,0.754,89,147,236,45,40,18,42,13,106,58,310,155,800.7,0,0,711.0,816.0,1,1,1,1,1,1,1,1,1,1,1,1,1,1,1,1,1,1,1,1,1,1,1,1,1,1,1,1,1,1,1,1
1641748,Andre Jackson Jr.,1610612749,MIL,23.0,67,57,1.0,94,197,0.477,0.553,0.614,64,121,0.529,0.386,30,76,0.395,Overall,2024-25,67,39,28,0.582,980.0916666666667,94,197,0.477,30,76,0.395,12,24,0.5,65,117,182,83,58,34,14,7,114,27,230,-33,658.9,0,0,621.0,722.0,1,1,1,1,1,1,1,1,1,1,1,1,1,1,1,1,1,1,1,1,1,1,1,1,1,1,1,1,1,1,1,1
1628420,Monte Morris,1610612756,PHX,30.0,45,44,1.0,83,195,0.426,0.505,0.559,52,109,0.477,0.441,31,86,0.36,Overall,2024-25,45,21,24,0.467,570.77,83,195,0.426,31,86,0.36,36,42,0.857,12,55,67,73,21,20,3,14,23,29,233,47,470.9,0,0,450.0,515.0,1,1,1,1,1,1,1,1,1,1,1,1,1,1,1,1,1,1,1,1,1,1,1,1,1,1,1,1,1,1,1,1
1629234,Drew Eubanks,1610612746,LAC,28.0,61,50,1.0,115,194,0.593,0.601,0.969,112,188,0.596,0.031,3,6,0.5,Overall,2024-25,61,25,36,0.41,746.01,115,194,0.593,3,6,0.5,47,71,0.662,60,166,226,54,41,12,39,26,63,64,280,-126,744.2,0,0,665.0,767.0,1,1,1,1,1,1,1,1,1,1,1,1,1,1,1,1,1,1,1,1,1,1,1,1,1,1,1,1,1,1,1,2
1641737,Adem Bona,1610612755,PHI,22.0,58,46,1.0,135,192,0.703,0.703,0.995,135,191,0.707,0.005,0,1,0.0,Overall,2024-25,58,12,46,0.207,904.55,135,192,0.703,0,1,0.0,67,100,0.67,92,153,245,27,61,26,69,13,125,90,337,-112,895.5,3,0,799.0,921.0,1,1,1,1,1,1,1,1,1,1,1,1,1,1,1,1,1,1,1,1,1,1,1,1,1,1,1,1,1,1,1,1
1641726,Dereck Lively II,1610612742,DAL,21.0,36,36,1.0,134,191,0.702,0.702,1.0,134,191,0.702,0.0,0,0,,Overall,2024-25,36,21,15,0.583,832.7366666666667,134,191,0.702,0,0,0.0,46,73,0.63,104,166,270,85,41,20,56,23,100,51,314,121,952.5,8,0,821.0,982.0,1,1,1,1,1,1,1,1,1,1,1,1,1,1,1,1,1,1,1,1,1,1,1,1,1,1,1,1,1,1,1,1
1631103,Malaki Branham,1610612759,SAS,22.0,47,39,1.0,87,190,0.458,0.547,0.558,53,106,0.5,0.442,34,84,0.405,Overall,2024-25,47,18,29,0.383,426.555,87,190,0.458,34,84,0.405,27,33,0.818,7,44,51,38,34,11,2,13,29,23,235,-33,358.2,0,0,384.0,401.0,1,1,1,1,1,1,1,1,1,1,1,1,1,1,1,1,1,1,1,1,1,1,1,1,1,1,1,1,1,1,1,1
1631216,Caleb Houstan,1610612753,ORL,22.0,58,50,1.0,80,190,0.421,0.589,0.158,16,30,0.533,0.842,64,160,0.4,Overall,2024-25,58,29,29,0.5,787.99,80,190,0.421,64,160,0.4,15,17,0.882,19,56,75,35,13,22,6,6,62,18,239,-66,452.5,0,0,469.0,468.0,1,1,1,1,1,1,1,1,1,1,1,1,1,1,1,1,1,1,1,1,1,1,1,1,1,1,1,1,1,1,1,1
1630639,A.J. Lawson,1610612761,TOR,24.0,26,25,1.0,80,190,0.421,0.508,0.468,47,89,0.528,0.532,33,101,0.327,Overall,2024-25,26,14,12,0.538,486.41,80,190,0.421,33,101,0.327,43,63,0.683,20,66,86,31,15,13,6,12,44,38,236,-17,427.7,2,0,424.0,441.0,1,1,1,1,1,1,1,1,1,1,1,1,1,1,1,1,1,1,1,1,1,1,1,1,1,1,1,1,1,1,1,1
1630314,Brandon Williams,1610612742,DAL,25.0,33,29,1.0,98,188,0.521,0.585,0.681,74,128,0.578,0.319,24,60,0.4,Overall,2024-25,33,15,18,0.455,487.13,98,188,0.521,24,60,0.4,55,66,0.833,12,46,58,76,39,24,5,20,33,57,275,10,506.6,0,0,491.0,572.0,1,1,1,1,1,1,1,1,1,1,1,1,1,1,1,1,1,1,1,1,1,1,1,1,1,1,1,1,1,1,1,1
1642345,Oso Ighodaro,1610612756,PHX,22.0,61,52,1.0,113,187,0.604,0.604,0.989,113,185,0.611,0.011,0,2,0.0,Overall,2024-25,61,25,36,0.41,1045.545,113,187,0.604,0,2,0.0,29,50,0.58,66,156,222,71,39,28,29,15,102,47,255,-21,759.9,0,0,662.0,790.0,1,1,1,1,1,1,1,1,1,1,1,1,1,1,1,1,1,1,1,1,1,1,1,1,1,1,1,1,1,1,1,1
1631104,Blake Wesley,1610612759,SAS,22.0,58,51,1.0,81,186,0.435,0.481,0.688,64,128,0.5,0.312,17,58,0.293,Overall,2024-25,58,23,35,0.397,683.1066666666667,81,186,0.435,17,58,0.293,38,61,0.623,17,44,61,114,54,37,6,13,46,56,217,-9,536.2,0,0,495.0,635.0,1,1,1,1,1,1,1,1,1,1,1,1,1,1,1,1,1,1,1,1,1,1,1,1,1,1,1,1,1,1,1,1
1642349,Ajay Mitchell,1610612760,OKC,23.0,36,34,1.0,92,185,0.497,0.559,0.676,69,125,0.552,0.324,23,60,0.383,Overall,2024-25,36,31,5,0.861,596.955,91,184,0.495,23,60,0.383,29,35,0.829,18,50,68,64,29,25,4,11,68,55,234,127,469.6,1,0,447.0,517.0,1,1,1,1,1,1,1,1,1,1,1,1,1,1,1,1,1,1,1,1,1,1,1,1,1,1,1,1,1,1,1,1
1629626,Bol Bol,1610612756,PHX,25.0,36,32,1.0,96,183,0.525,0.612,0.492,64,90,0.711,0.508,32,93,0.344,Overall,2024-25,36,10,26,0.278,448.48333333333335,96,183,0.525,32,93,0.344,20,26,0.769,20,84,104,22,20,9,25,0,20,18,244,-37,483.8,1,0,470.0,494.0,1,1,1,1,1,1,1,1,1,1,1,1,1,1,1,1,1,1,1,1,1,1,1,1,1,1,1,1,1,1,1,1
1629618,Jalen Pickett,1610612743,DEN,25.0,49,43,1.0,77,180,0.428,0.539,0.439,37,79,0.468,0.561,40,101,0.396,Overall,2024-25,49,31,18,0.633,666.19,77,180,0.428,40,101,0.396,6,8,0.75,15,56,71,107,24,19,5,5,38,8,200,52,493.7,1,1,466.0,557.0,1,1,1,1,1,1,1,1,1,1,1,1,1,1,1,1,1,1,1,1,1,1,1,1,1,1,1,1,1,1,1,1
1630611,Gui Santos,1610612744,GSW,23.0,56,48,1.0,82,179,0.458,0.553,0.425,48,76,0.632,0.575,34,103,0.33,Overall,2024-25,56,36,20,0.643,761.5233333333333,82,179,0.458,34,103,0.33,29,42,0.69,72,100,172,80,42,25,10,9,91,41,227,165,616.4,0,0,583.0,664.0,1,1,1,1,1,1,1,1,1,1,1,1,1,1,1,1,1,1,1,1,1,1,1,1,1,1,1,1,1,1,1,1
1626192,Pat Connaughton,1610612749,MIL,32.0,41,37,1.0,83,177,0.469,0.542,0.542,57,96,0.594,0.458,26,81,0.321,Overall,2024-25,41,19,22,0.463,602.8266666666667,83,177,0.469,26,81,0.321,24,31,0.774,19,90,109,70,24,9,11,10,45,31,216,-13,487.8,1,0,461.0,525.0,1,1,1,1,1,1,1,1,1,1,1,1,1,1,1,1,1,1,1,1,1,1,1,1,1,1,1,1,1,1,1,1
1641765,Olivier-Maxence Prosper,1610612742,DAL,22.0,52,43,1.0,70,174,0.402,0.437,0.707,58,123,0.472,0.293,12,51,0.235,Overall,2024-25,52,27,25,0.519,584.07,70,174,0.402,12,51,0.235,49,76,0.645,44,82,126,40,14,26,6,17,28,53,201,-104,494.2,0,0,443.0,503.0,1,1,1,1,1,1,1,1,1,1,1,1,1,1,1,1,1,1,1,1,1,1,1,1,1,1,1,1,1,1,1,1
1630529,Herbert Jones,1610612740,NOP,26.0,20,20,1.0,75,172,0.436,0.5,0.581,53,100,0.53,0.419,22,72,0.306,Overall,2024-25,20,5,15,0.25,648.1316666666667,75,172,0.436,22,72,0.306,33,40,0.825,22,56,78,65,35,37,9,10,66,39,205,-20,499.1,0,0,462.0,551.0,1,1,1,1,1,1,1,1,1,1,1,1,1,1,1,1,1,1,1,1,1,1,1,1,1,1,1,1,1,1,1,1
1631243,Mouhamed Gueye,1610612737,ATL,22.0,33,33,1.0,72,171,0.421,0.482,0.526,51,90,0.567,0.474,21,81,0.259,Overall,2024-25,33,15,18,0.455,532.7566666666667,72,171,0.421,21,81,0.259,32,42,0.762,44,95,139,27,15,28,33,11,55,30,197,87,572.3,2,0,506.0,573.0,1,1,1,1,1,1,1,1,1,1,1,1,1,1,1,1,1,1,1,1,1,1,1,1,1,1,1,1,1,1,1,1
203500,Steven Adams,1610612745,HOU,31.0,58,49,1.0,91,167,0.545,0.545,0.988,91,165,0.552,0.012,0,2,0.0,Overall,2024-25,58,38,20,0.655,794.0666666666667,91,167,0.545,0,2,0.0,43,93,0.462,166,161,327,66,54,22,28,10,60,103,225,172,812.4,3,0,718.0,834.0,1,1,1,1,1,1,1,1,1,1,1,1,1,1,1,1,1,1,1,1,1,1,1,1,1,1,1,1,1,1,1,1
1641871,Duop Reath,1610612757,POR,29.0,46,40,1.0,70,166,0.422,0.524,0.361,36,60,0.6,0.639,34,106,0.321,Overall,2024-25,46,19,27,0.413,469.4266666666667,70,166,0.422,34,106,0.321,20,22,0.909,44,48,92,26,16,12,14,9,41,17,194,-55,405.4,0,0,398.0,416.0,1,1,1,1,1,1,1,1,1,1,1,1,1,1,1,1,1,1,1,1,1,1,1,1,1,1,1,1,1,1,1,1
1630811,Keaton Wallace,1610612737,ATL,26.0,31,28,1.0,65,162,0.401,0.485,0.494,38,80,0.475,0.506,27,82,0.329,Overall,2024-25,31,15,16,0.484,501.1666666666667,65,162,0.401,27,82,0.329,11,11,1.0,7,43,50,81,33,28,9,3,39,12,168,-19,427.5,1,1,400.0,491.0,1,1,1,1,1,1,1,1,1,1,1,1,1,1,1,1,1,1,1,1,1,1,1,1,1,1,1,1,1,1,1,1
1630544,Tre Mann,1610612766,CHA,24.0,13,13,1.0,70,161,0.435,0.509,0.627,46,101,0.455,0.373,24,60,0.4,Overall,2024-25,13,6,7,0.462,319.045,70,161,0.435,24,60,0.4,19,21,0.905,12,26,38,39,25,7,4,13,24,21,183,-55,295.1,0,0,306.0,332.0,1,1,1,1,1,1,1,1,1,1,1,1,1,1,1,1,1,1,1,1,1,1,1,1,1,1,1,1,1,1,1,1
1631246,Vince Williams Jr.,1610612763,MEM,24.0,26,26,1.0,64,161,0.398,0.475,0.422,39,68,0.574,0.578,25,93,0.269,Overall,2024-25,27,10,17,0.37,498.5466666666667,67,167,0.401,26,95,0.274,19,24,0.792,22,76,98,55,33,12,7,7,45,34,179,6,403.1,1,0,396.0,444.0,1,1,1,1,1,1,1,1,1,1,1,1,1,1,1,1,1,1,1,1,1,1,1,1,1,1,1,1,1,1,1,1
1631221,Collin Gillespie,1610612756,PHX,26.0,33,30,1.0,68,158,0.43,0.554,0.43,29,68,0.426,0.57,39,90,0.433,Overall,2024-25,33,12,21,0.364,461.2183333333333,68,158,0.43,39,90,0.433,19,22,0.864,22,56,78,78,17,21,5,10,30,25,194,-29,465.6,1,0,441.0,506.0,1,1,1,1,1,1,1,1,1,1,1,1,1,1,1,1,1,1,1,1,1,1,1,1,1,1,1,1,1,1,1,1
1631288,Jamal Cain,1610612740,NOP,26.0,37,32,1.0,68,158,0.43,0.513,0.494,42,78,0.538,0.506,26,80,0.325,Overall,2024-25,37,6,31,0.162,501.79833333333335,68,158,0.43,26,80,0.325,34,50,0.68,27,58,85,22,22,23,9,0,46,37,196,-132,405.0,0,0,393.0,421.0,1,1,1,1,1,1,1,1,1,1,1,1,1,1,1,1,1,1,1,1,1,1,1,1,1,1,1,1,1,1,1,1
1626204,Larry Nance Jr.,1610612737,ATL,32.0,24,24,1.0,80,155,0.516,0.626,0.51,46,79,0.582,0.49,34,76,0.447,Overall,2024-25,24,10,14,0.417,463.2266666666667,80,155,0.516,34,76,0.447,9,13,0.692,23,80,103,38,16,20,13,6,37,25,203,-95,466.6,3,0,444.0,481.0,1,1,1,1,1,1,1,1,1,1,1,1,1,1,1,1,1,1,1,1,1,1,1,1,1,1,1,1,1,1,1,1
202709,Cory Joseph,1610612753,ORL,33.0,50,44,1.0,62,154,0.403,0.529,0.305,23,47,0.489,0.695,39,107,0.364,Overall,2024-25,50,26,24,0.52,611.7333333333333,62,154,0.403,39,107,0.364,14,18,0.778,17,57,74,72,18,26,4,5,50,38,177,35,445.8,0,0,422.0,485.0,1,1,1,1,1,1,1,1,1,1,1,1,1,1,1,1,1,1,1,1,1,1,1,1,1,1,1,1,1,1,1,1
1629111,Jock Landale,1610612745,HOU,29.0,42,35,1.0,81,152,0.533,0.569,0.829,70,126,0.556,0.171,11,26,0.423,Overall,2024-25,42,26,16,0.619,500.0233333333333,81,152,0.533,11,26,0.423,27,40,0.675,56,81,137,37,21,13,10,17,49,35,200,-25,467.9,1,0,431.0,480.0,1,1,1,1,1,1,1,1,1,1,1,1,1,1,1,1,1,1,1,1,1,1,1,1,1,1,1,1,1,1,1,1
1642281,Jaylon Tyson,1610612739,CLE,22.0,47,38,1.0,64,149,0.43,0.497,0.611,44,91,0.484,0.389,20,58,0.345,Overall,2024-25,47,37,10,0.787,452.96,64,149,0.43,20,58,0.345,19,24,0.792,37,59,96,44,26,13,3,11,50,25,167,-2,370.2,1,0,359.0,399.0,1,1,1,1,1,1,1,1,1,1,1,1,1,1,1,1,1,1,1,1,1,1,1,1,1,1,1,1,1,1,1,1
1630256,Jae'Sean Tate,1610612745,HOU,29.0,52,43,1.0,70,148,0.473,0.527,0.689,54,102,0.529,0.311,16,46,0.348,Overall,2024-25,52,38,14,0.731,588.11,70,148,0.473,16,46,0.348,32,47,0.681,50,67,117,47,22,26,7,16,82,53,188,51,475.9,0,0,434.0,498.0,1,1,1,1,1,1,1,1,1,1,1,1,1,1,1,1,1,1,1,1,1,1,1,1,1,1,1,1,1,1,1,1
1630243,Trevelin Queen,1610612753,ORL,28.0,31,25,1.0,56,147,0.381,0.456,0.476,34,70,0.486,0.524,22,77,0.286,Overall,2024-25,31,15,16,0.484,430.28,56,147,0.381,22,77,0.286,18,21,0.857,26,28,54,38,22,31,10,11,38,17,152,-86,374.8,0,0,348.0,405.0,1,1,1,1,1,1,1,1,1,1,1,1,1,1,1,1,1,1,1,1,1,1,1,1,1,1,1,1,1,1,1,1
1628975,Jevon Carter,1610612741,CHI,29.0,36,32,1.0,55,146,0.377,0.497,0.281,20,41,0.488,0.719,35,105,0.333,Overall,2024-25,36,13,23,0.361,320.5733333333333,55,146,0.377,35,105,0.333,8,10,0.8,4,35,39,40,11,13,3,4,15,8,153,37,296.8,0,0,299.0,320.0,1,1,1,1,1,1,1,1,1,1,1,1,1,1,1,1,1,1,1,1,1,1,1,1,1,1,1,1,1,1,1,1
1630692,Jordan Goodwin,1610612747,LAL,26.0,29,28,1.0,63,144,0.438,0.528,0.528,37,76,0.487,0.472,26,68,0.382,Overall,2024-25,29,17,12,0.586,542.575,63,144,0.438,26,68,0.382,9,11,0.818,38,74,112,42,26,30,11,7,43,12,161,-11,455.4,0,0,423.0,480.0,1,1,1,1,1,1,1,1,1,1,1,1,1,1,1,1,1,1,1,1,1,1,1,1,1,1,1,1,1,1,1,1
1630194,Paul Reed,1610612765,DET,26.0,45,38,1.0,72,142,0.507,0.535,0.803,64,114,0.561,0.197,8,28,0.286,Overall,2024-25,45,22,23,0.489,437.5366666666667,72,142,0.507,8,28,0.286,32,42,0.762,40,83,123,44,26,39,25,7,75,34,184,43,563.6,0,0,487.0,587.0,1,1,1,1,1,1,1,1,1,1,1,1,1,1,1,1,1,1,1,1,1,1,1,1,1,1,1,1,1,1,1,1
1641712,Rayan Rupert,1610612757,POR,21.0,52,38,1.0,58,142,0.408,0.465,0.585,42,83,0.506,0.415,16,59,0.271,Overall,2024-25,52,23,29,0.442,459.5416666666667,58,142,0.408,16,59,0.271,23,30,0.767,26,44,70,25,30,16,4,15,37,24,155,-86,306.5,1,0,306.0,335.0,1,1,1,1,1,1,1,1,1,1,1,1,1,1,1,1,1,1,1,1,1,1,1,1,1,1,1,1,1,1,1,1
1641854,Craig Porter Jr.,1610612739,CLE,25.0,51,35,1.0,72,140,0.514,0.589,0.657,51,92,0.554,0.343,21,48,0.438,Overall,2024-25,51,40,11,0.784,513.265,72,140,0.514,21,48,0.438,23,32,0.719,19,48,67,71,38,17,15,20,25,23,188,-45,432.9,0,0,411.0,493.0,1,1,1,1,1,1,1,1,1,1,1,1,1,1,1,1,1,1,1,1,1,1,1,1,1,1,1,1,1,1,1,1
201599,DeAndre Jordan,1610612743,DEN,36.0,56,51,1.0,91,139,0.655,0.655,1.0,91,139,0.655,0.0,0,0,,Overall,2024-25,56,37,19,0.661,690.7016666666667,91,140,0.65,0,0,0.0,27,64,0.422,84,200,284,53,40,16,27,14,74,68,209,-47,718.3,3,0,632.0,728.0,1,1,1,1,1,1,1,1,1,1,1,1,1,1,1,1,1,1,1,1,1,1,1,1,1,1,1,1,1,1,1,1
1626158,Richaun Holmes,1610612764,WAS,31.0,31,31,1.0,90,139,0.647,0.647,0.978,90,136,0.662,0.022,0,3,0.0,Overall,2024-25,31,9,22,0.29,534.135,90,139,0.647,0,3,0.0,50,60,0.833,62,115,177,42,21,9,23,10,49,53,230,-36,580.4,3,0,513.0,587.0,1,1,1,1,1,1,1,1,1,1,1,1,1,1,1,1,1,1,1,1,1,1,1,1,1,1,1,1,1,1,1,1
1630192,Zeke Nnaji,1610612743,DEN,24.0,57,45,1.0,70,139,0.504,0.565,0.626,53,87,0.609,0.374,17,52,0.327,Overall,2024-25,57,36,21,0.632,607.9666666666667,70,141,0.496,17,52,0.327,27,44,0.614,33,57,90,23,14,25,38,13,62,38,184,-23,501.5,0,0,440.0,509.0,1,1,1,1,1,1,1,1,1,1,1,1,1,1,1,1,1,1,1,1,1,1,1,1,1,1,1,1,1,1,1,1
1630556,Kessler Edwards,1610612742,DAL,24.0,40,30,1.0,67,135,0.496,0.578,0.6,45,81,0.556,0.4,22,54,0.407,Overall,2024-25,40,17,23,0.425,608.46,67,135,0.496,22,54,0.407,12,13,0.923,22,93,115,42,16,19,20,7,62,15,168,-158,470.0,1,0,425.0,484.0,1,1,1,1,1,1,1,1,1,1,1,1,1,1,1,1,1,1,1,1,1,1,1,1,1,1,1,1,1,1,1,1
1630695,Micah Potter,1610612762,UTA,27.0,38,36,1.0,57,135,0.422,0.537,0.274,26,37,0.703,0.726,31,98,0.316,Overall,2024-25,38,10,28,0.263,705.165,57,135,0.422,31,98,0.316,17,20,0.85,43,121,164,31,31,14,14,5,50,26,162,-104,458.3,0,0,444.0,472.0,1,1,1,1,1,1,1,1,1,1,1,1,1,1,1,1,1,1,1,1,1,1,1,1,1,1,1,1,1,1,1,1
203957,Dante Exum,1610612742,DAL,29.0,20,20,1.0,64,134,0.478,0.563,0.604,41,81,0.506,0.396,23,53,0.434,Overall,2024-25,20,7,13,0.35,372.31,64,134,0.478,23,53,0.434,23,31,0.742,4,29,33,56,22,12,3,14,34,31,174,-48,320.6,0,0,316.0,364.0,1,1,1,1,1,1,1,1,1,1,1,1,1,1,1,1,1,1,1,1,1,1,1,1,1,1,1,1,1,1,1,1
1641757,Jordan Miller,1610612746,LAC,25.0,37,29,1.0,58,134,0.433,0.463,0.716,50,96,0.521,0.284,8,38,0.211,Overall,2024-25,37,21,16,0.568,420.31,58,134,0.433,8,38,0.211,28,35,0.8,23,35,58,34,26,17,5,12,26,26,152,-63,312.6,0,0,296.0,344.0,1,1,1,1,1,1,1,1,1,1,1,1,1,1,1,1,1,1,1,1,1,1,1,1,1,1,1,1,1,1,1,1
202704,Reggie Jackson,1610612755,PHI,35.0,31,30,1.0,52,133,0.391,0.485,0.444,27,59,0.458,0.556,25,74,0.338,Overall,2024-25,31,11,20,0.355,383.9916666666667,52,133,0.391,25,74,0.338,7,9,0.778,8,34,42,45,17,16,3,3,34,8,136,-19,293.9,0,0,286.0,325.0,1,1,1,1,1,1,1,1,1,1,1,1,1,1,1,1,1,1,1,1,1,1,1,1,1,1,1,1,1,1,1,1
203914,Gary Harris,1610612753,ORL,30.0,48,41,1.0,51,133,0.383,0.519,0.241,15,32,0.469,0.759,36,101,0.356,Overall,2024-25,48,28,20,0.583,710.71,51,133,0.383,36,101,0.356,7,12,0.583,20,44,64,30,17,26,12,7,45,7,145,86,363.8,0,0,351.0,383.0,1,1,1,1,1,1,1,1,1,1,1,1,1,1,1,1,1,1,1,1,1,1,1,1,1,1,1,1,1,1,1,1
1641794,Dillon Jones,1610612760,OKC,23.0,54,40,1.0,51,133,0.383,0.444,0.526,35,70,0.5,0.474,16,63,0.254,Overall,2024-25,54,45,9,0.833,551.4933333333333,51,133,0.383,16,63,0.254,17,28,0.607,30,91,121,58,28,16,4,11,54,21,135,75,399.2,1,0,370.0,432.0,1,1,1,1,1,1,1,1,1,1,1,1,1,1,1,1,1,1,1,1,1,1,1,1,1,1,1,1,1,1,1,1
1626153,Delon Wright,1610612752,NYK,33.0,40,34,1.0,45,131,0.344,0.42,0.443,25,58,0.431,0.557,20,73,0.274,Overall,2024-25,40,22,18,0.55,634.4966666666667,45,131,0.344,20,73,0.274,15,25,0.6,27,39,66,77,22,35,12,7,25,31,125,1,438.7,0,0,382.0,486.0,1,1,1,1,1,1,1,1,1,1,1,1,1,1,1,1,1,1,1,1,1,1,1,1,1,1,1,1,1,1,1,2
1641878,Damion Baugh,1610612766,CHA,24.0,15,15,1.0,42,130,0.323,0.369,0.569,30,74,0.405,0.431,12,56,0.214,Overall,2024-25,15,1,14,0.067,370.48833333333334,42,130,0.323,12,56,0.214,13,15,0.867,14,36,50,56,31,15,2,9,22,18,109,-169,273.0,0,0,261.0,322.0,1,1,1,1,1,1,1,1,1,1,1,1,1,1,1,1,1,1,1,1,1,1,1,1,1,1,1,1,1,1,1,1
1628464,Daniel Theis,1610612740,NOP,33.0,38,36,1.0,61,129,0.473,0.508,0.713,52,92,0.565,0.287,9,37,0.243,Overall,2024-25,38,10,28,0.263,621.2416666666667,61,129,0.473,9,37,0.243,31,37,0.838,44,120,164,60,25,18,20,7,70,45,162,-61,537.8,1,0,471.0,560.0,1,1,1,1,1,1,1,1,1,1,1,1,1,1,1,1,1,1,1,1,1,1,1,1,1,1,1,1,1,1,1,1
1641732,Colby Jones,1610612764,WAS,23.0,39,28,1.0,59,129,0.457,0.519,0.62,43,80,0.538,0.38,16,49,0.327,Overall,2024-25,39,12,27,0.308,514.6483333333333,59,129,0.457,16,49,0.327,23,35,0.657,21,66,87,44,23,26,13,10,37,33,157,-112,421.4,1,0,382.0,449.0,1,1,1,1,1,1,1,1,1,1,1,1,1,1,1,1,1,1,1,1,1,1,1,1,1,1,1,1,1,1,1,2
1642269,Devin Carter,1610612758,SAC,23.0,36,32,1.0,47,127,0.37,0.441,0.52,29,66,0.439,0.48,18,61,0.295,Overall,2024-25,36,18,18,0.5,395.9433333333333,47,127,0.37,18,61,0.295,26,44,0.591,19,57,76,41,18,21,4,5,39,47,138,43,347.7,0,0,323.0,371.0,1,1,1,1,1,1,1,1,1,1,1,1,1,1,1,1,1,1,1,1,1,1,1,1,1,1,1,1,1,1,1,1
1631111,Wendell Moore Jr.,1610612766,CHA,23.0,36,31,1.0,59,126,0.468,0.524,0.675,45,85,0.529,0.325,14,41,0.341,Overall,2024-25,36,11,25,0.306,498.9166666666667,59,126,0.468,14,41,0.341,18,22,0.818,30,65,95,42,27,20,5,12,31,19,150,-134,375.0,1,0,351.0,404.0,1,1,1,1,1,1,1,1,1,1,1,1,1,1,1,1,1,1,1,1,1,1,1,1,1,1,1,1,1,1,1,2
1631223,David Roddy,1610612745,HOU,24.0,33,31,1.0,57,125,0.456,0.532,0.512,38,64,0.594,0.488,19,61,0.311,Overall,2024-25,33,9,24,0.273,409.75333333333333,57,125,0.456,19,61,0.311,20,26,0.769,13,71,84,35,22,14,9,9,20,20,153,-76,353.3,0,0,337.0,376.0,1,1,1,1,1,1,1,1,1,1,1,1,1,1,1,1,1,1,1,1,1,1,1,1,1,1,1,1,1,1,1,3
1631172,Ousmane Dieng,1610612760,OKC,22.0,37,33,1.0,54,125,0.432,0.524,0.432,31,54,0.574,0.568,23,71,0.324,Overall,2024-25,37,30,7,0.811,404.84166666666664,54,125,0.432,23,71,0.324,11,16,0.688,18,63,81,31,18,17,7,6,33,13,142,45,339.7,0,0,325.0,357.0,1,1,1,1,1,1,1,1,1,1,1,1,1,1,1,1,1,1,1,1,1,1,1,1,1,1,1,1,1,1,1,1
1629684,Grant Williams,1610612766,CHA,26.0,16,16,1.0,54,123,0.439,0.549,0.398,27,49,0.551,0.602,27,74,0.365,Overall,2024-25,16,6,10,0.375,479.025,54,123,0.439,27,74,0.365,31,37,0.838,18,64,82,37,28,18,13,6,46,43,166,10,384.9,0,0,374.0,415.0,1,1,1,1,1,1,1,1,1,1,1,1,1,1,1,1,1,1,1,1,1,1,1,1,1,1,1,1,1,1,1,1
1631245,Quenton Jackson,1610612754,IND,26.0,28,22,1.0,58,122,0.475,0.537,0.672,43,82,0.524,0.328,15,40,0.375,Overall,2024-25,28,14,14,0.5,381.03833333333336,58,122,0.475,15,40,0.375,31,40,0.775,14,30,44,53,16,21,5,13,43,44,162,-1,356.3,0,0,326.0,390.0,1,1,1,1,1,1,1,1,1,1,1,1,1,1,1,1,1,1,1,1,1,1,1,1,1,1,1,1,1,1,1,1
203901,Elfrid Payton,1610612740,NOP,31.0,24,24,1.0,40,122,0.328,0.332,0.951,39,116,0.336,0.049,1,6,0.167,Overall,2024-25,24,3,21,0.125,510.805,40,122,0.328,1,6,0.167,4,7,0.571,15,64,79,166,59,24,11,10,36,11,85,-149,474.8,2,0,401.0,601.0,1,1,1,1,1,1,1,1,1,1,1,1,1,1,1,1,1,1,1,1,1,1,1,1,1,1,1,1,1,1,1,2
201145,Jeff Green,1610612745,HOU,38.0,32,28,1.0,61,121,0.504,0.624,0.347,32,42,0.762,0.653,29,79,0.367,Overall,2024-25,32,20,12,0.625,396.44666666666666,61,121,0.504,29,79,0.367,21,26,0.808,11,47,58,20,9,6,4,2,32,18,172,-38,292.6,0,0,299.0,300.0,1,1,1,1,1,1,1,1,1,1,1,1,1,1,1,1,1,1,1,1,1,1,1,1,1,1,1,1,1,1,1,1
1629020,Jarred Vanderbilt,1610612747,LAL,26.0,36,35,1.0,59,121,0.488,0.525,0.736,50,89,0.562,0.264,9,32,0.281,Overall,2024-25,36,25,11,0.694,580.8583333333333,59,121,0.488,9,32,0.281,20,36,0.556,68,114,182,41,29,35,10,17,67,39,147,35,532.9,0,0,469.0,546.0,1,1,1,1,1,1,1,1,1,1,1,1,1,1,1,1,1,1,1,1,1,1,1,1,1,1,1,1,1,1,1,1
1641740,Jaylen Clark,1610612750,MIN,23.0,40,35,1.0,56,120,0.467,0.558,0.575,34,69,0.493,0.425,22,51,0.431,Overall,2024-25,40,28,12,0.7,521.9933333333333,56,120,0.467,22,51,0.431,29,37,0.784,26,27,53,26,8,36,2,10,61,30,163,44,371.6,0,0,340.0,382.0,1,1,1,1,1,1,1,1,1,1,1,1,1,1,1,1,1,1,1,1,1,1,1,1,1,1,1,1,1,1,1,1
1641816,Hunter Tyson,1610612743,DEN,25.0,51,40,1.0,45,120,0.375,0.471,0.383,22,46,0.478,0.617,23,74,0.311,Overall,2024-25,51,30,21,0.588,399.935,45,120,0.375,23,74,0.311,21,28,0.75,25,53,78,20,14,10,6,11,44,18,134,-98,291.6,0,0,287.0,300.0,1,1,1,1,1,1,1,1,1,1,1,1,1,1,1,1,1,1,1,1,1,1,1,1,1,1,1,1,1,1,1,1
1630538,Bones Hyland,1610612750,MIN,24.0,24,22,1.0,47,118,0.398,0.534,0.305,15,36,0.417,0.695,32,82,0.39,Overall,2024-25,24,11,13,0.458,238.77,47,118,0.398,32,82,0.39,23,26,0.885,5,20,25,32,25,18,4,5,29,17,149,-31,268.0,0,0,282.0,304.0,1,1,1,1,1,1,1,1,1,1,1,1,1,1,1,1,1,1,1,1,1,1,1,1,1,1,1,1,1,1,1,2
1629646,Charles Bassey,1610612759,SAS,24.0,36,30,1.0,68,117,0.581,0.581,1.0,68,117,0.581,0.0,0,0,,Overall,2024-25,36,14,22,0.389,375.515,68,117,0.581,0,0,0.0,21,33,0.636,56,96,152,17,23,14,30,7,50,26,157,-129,473.9,2,0,414.0,475.0,1,1,1,1,1,1,1,1,1,1,1,1,1,1,1,1,1,1,1,1,1,1,1,1,1,1,1,1,1,1,1,1
203926,Doug McDermott,1610612758,SAC,33.0,42,31,1.0,50,117,0.427,0.615,0.137,6,16,0.375,0.863,44,101,0.436,Overall,2024-25,42,21,21,0.5,341.65166666666664,50,117,0.427,44,101,0.436,3,5,0.6,3,19,22,7,6,4,2,3,30,3,147,27,195.9,0,0,232.0,201.0,1,1,1,1,1,1,1,1,1,1,1,1,1,1,1,1,1,1,1,1,1,1,1,1,1,1,1,1,1,1,1,1
200768,Kyle Lowry,1610612755,PHI,39.0,35,32,1.0,41,117,0.35,0.474,0.248,12,29,0.414,0.752,29,88,0.33,Overall,2024-25,35,14,21,0.4,659.4483333333334,41,117,0.35,29,88,0.33,27,33,0.818,11,56,67,96,21,33,11,7,62,37,138,-71,473.4,0,0,418.0,529.0,1,1,1,1,1,1,1,1,1,1,1,1,1,1,1,1,1,1,1,1,1,1,1,1,1,1,1,1,1,1,1,1
201567,Kevin Love,1610612748,MIA,36.0,23,19,1.0,41,115,0.357,0.461,0.417,17,48,0.354,0.583,24,67,0.358,Overall,2024-25,23,13,10,0.565,251.45333333333335,41,115,0.357,24,67,0.358,16,23,0.696,22,72,94,22,14,15,4,6,21,22,122,-25,310.8,0,0,300.0,317.0,1,1,1,1,1,1,1,1,1,1,1,1,1,1,1,1,1,1,1,1,1,1,1,1,1,1,1,1,1,1,1,1
202687,Bismack Biyombo,1610612759,SAS,32.0,28,26,1.0,67,114,0.588,0.588,1.0,67,114,0.588,0.0,0,0,,Overall,2024-25,28,10,18,0.357,527.4866666666667,67,114,0.588,0,0,0.0,10,25,0.4,43,115,158,31,27,16,23,11,52,28,144,-100,470.1,3,0,411.0,481.0,1,1,1,1,1,1,1,1,1,1,1,1,1,1,1,1,1,1,1,1,1,1,1,1,1,1,1,1,1,1,1,1
1630545,Terrence Shannon Jr,1610612750,MIN,24.0,32,26,1.0,55,114,0.482,0.531,0.728,44,83,0.53,0.272,11,31,0.355,Overall,2024-25,32,21,11,0.656,338.8283333333333,55,114,0.482,11,31,0.355,17,21,0.81,10,37,47,32,15,7,5,18,27,16,138,11,263.4,1,0,252.0,285.0,1,1,1,1,1,1,1,1,1,1,1,1,1,1,1,1,1,1,1,1,1,1,1,1,1,1,1,1,1,1,1,1
1631230,Dominick Barlow,1610612737,ATL,22.0,35,30,1.0,60,113,0.531,0.562,0.761,53,86,0.616,0.239,7,27,0.259,Overall,2024-25,35,13,22,0.371,374.99833333333333,60,113,0.531,7,27,0.259,21,33,0.636,35,50,85,19,5,9,16,7,47,29,148,-2,348.5,1,0,309.0,346.0,1,1,1,1,1,1,1,1,1,1,1,1,1,1,1,1,1,1,1,1,1,1,1,1,1,1,1,1,1,1,1,1
1628964,Mo Bamba,1610612740,NOP,27.0,32,31,1.0,52,112,0.464,0.531,0.518,37,58,0.638,0.482,15,54,0.278,Overall,2024-25,32,19,13,0.594,413.485,52,112,0.464,15,54,0.278,19,27,0.704,32,113,145,18,20,9,31,6,56,19,138,-75,439.0,0,0,396.0,439.0,1,1,1,1,1,1,1,1,1,1,1,1,1,1,1,1,1,1,1,1,1,1,1,1,1,1,1,1,1,1,1,2
1631248,Baylor Scheierman,1610612738,BOS,24.0,31,26,1.0,39,110,0.355,0.473,0.255,13,28,0.464,0.745,26,82,0.317,Overall,2024-25,31,27,4,0.871,383.8883333333333,39,110,0.355,26,82,0.317,9,12,0.75,19,46,65,33,12,17,2,3,22,18,113,29,285.5,0,0,275.0,301.0,1,1,1,1,1,1,1,1,1,1,1,1,1,1,1,1,1,1,1,1,1,1,1,1,1,1,1,1,1,1,1,1
1630539,Kai Jones,1610612742,DAL,24.0,40,28,1.0,87,109,0.798,0.803,0.954,86,104,0.827,0.046,1,5,0.2,Overall,2024-25,40,20,20,0.5,468.37,87,109,0.798,1,5,0.2,23,32,0.719,40,85,125,25,18,15,23,3,50,27,198,-21,481.5,1,0,425.0,487.0,1,1,1,1,1,1,1,1,1,1,1,1,1,1,1,1,1,1,1,1,1,1,1,1,1,1,1,1,1,1,1,2
1631232,Keion Brooks Jr.,1610612740,NOP,24.0,14,13,1.0,53,109,0.486,0.55,0.606,39,66,0.591,0.394,14,43,0.326,Overall,2024-25,14,2,12,0.143,331.7816666666667,53,109,0.486,14,43,0.326,22,30,0.733,12,46,58,13,12,10,10,6,30,20,142,-145,279.1,1,0,267.0,286.0,1,1,1,1,1,1,1,1,1,1,1,1,1,1,1,1,1,1,1,1,1,1,1,1,1,1,1,1,1,1,1,1
1641721,Maxwell Lewis,1610612751,BKN,22.0,28,21,1.0,45,108,0.417,0.505,0.537,26,58,0.448,0.463,19,50,0.38,Overall,2024-25,28,9,19,0.321,327.68833333333333,45,108,0.417,19,50,0.38,7,10,0.7,18,37,55,19,14,9,7,10,29,8,116,-68,244.5,0,0,241.0,257.0,1,1,1,1,1,1,1,1,1,1,1,1,1,1,1,1,1,1,1,1,1,1,1,1,1,1,1,1,1,1,1,2
1641736,Reece Beekman,1610612751,BKN,23.0,36,29,1.0,35,107,0.327,0.36,0.626,28,67,0.418,0.374,7,40,0.175,Overall,2024-25,36,13,23,0.361,469.30333333333334,35,107,0.327,7,40,0.175,16,21,0.762,13,26,39,63,21,33,2,8,36,28,93,-117,318.3,0,0,272.0,363.0,1,1,1,1,1,1,1,1,1,1,1,1,1,1,1,1,1,1,1,1,1,1,1,1,1,1,1,1,1,1,1,2
1628963,Marvin Bagley III,1610612763,MEM,26.0,31,25,1.0,55,106,0.519,0.533,0.821,52,87,0.598,0.179,3,19,0.158,Overall,2024-25,31,7,24,0.226,265.2266666666667,55,106,0.519,3,19,0.158,23,35,0.657,38,46,84,11,12,9,8,4,18,26,136,-10,292.3,1,0,268.0,293.0,1,1,1,1,1,1,1,1,1,1,1,1,1,1,1,1,1,1,1,1,1,1,1,1,1,1,1,1,1,1,1,2
1630568,Luka Garza,1610612750,MIN,26.0,39,32,1.0,52,105,0.495,0.543,0.657,42,69,0.609,0.343,10,36,0.278,Overall,2024-25,39,28,11,0.718,219.31,52,105,0.495,10,36,0.278,24,35,0.686,31,23,54,11,12,6,3,8,29,28,138,1,234.3,0,0,231.0,241.0,1,1,1,1,1,1,1,1,1,1,1,1,1,1,1,1,1,1,1,1,1,1,1,1,1,1,1,1,1,1,1,1
1631209,Isaiah Wong,1610612766,CHA,24.0,20,20,1.0,41,105,0.39,0.452,0.686,28,72,0.389,0.314,13,33,0.394,Overall,2024-25,20,2,18,0.1,265.50333333333333,41,105,0.39,13,33,0.394,25,34,0.735,14,18,32,28,18,11,0,13,21,24,120,-6,215.4,0,0,215.0,241.0,1,1,1,1,1,1,1,1,1,1,1,1,1,1,1,1,1,1,1,1,1,1,1,1,1,1,1,1,1,1,1,1
1631166,Drew Timme,1610612751,BKN,24.0,9,9,1.0,45,102,0.441,0.485,0.657,36,67,0.537,0.343,9,35,0.257,Overall,2024-25,9,3,6,0.333,253.87833333333333,45,102,0.441,9,35,0.257,10,16,0.625,17,48,65,20,15,4,1,2,21,22,109,-66,217.0,3,0,213.0,229.0,1,1,1,1,1,1,1,1,1,1,1,1,1,1,1,1,1,1,1,1,1,1,1,1,1,1,1,1,1,1,1,1
1630311,Pat Spencer,1610612744,GSW,28.0,39,30,1.0,41,101,0.406,0.431,0.782,36,79,0.456,0.218,5,22,0.227,Overall,2024-25,39,24,15,0.615,249.61166666666668,41,101,0.406,5,22,0.227,11,15,0.733,15,31,46,48,18,14,3,10,20,19,98,-17,258.2,0,0,231.0,291.0,1,1,1,1,1,1,1,1,1,1,1,1,1,1,1,1,1,1,1,1,1,1,1,1,1,1,1,1,1,1,1,1
1630658,Colin Castleton,1610612761,TOR,25.0,26,20,1.0,46,98,0.469,0.48,0.837,44,82,0.537,0.163,2,16,0.125,Overall,2024-25,26,15,11,0.577,431.99,46,98,0.469,2,16,0.125,29,38,0.763,53,69,122,28,23,8,10,12,51,31,123,-30,342.4,0,0,311.0,355.0,1,1,1,1,1,1,1,1,1,1,1,1,1,1,1,1,1,1,1,1,1,1,1,1,1,1,1,1,1,1,1,3
1641720,Jalen Hood-Schifino,1610612755,PHI,22.0,15,14,1.0,37,98,0.378,0.449,0.531,23,52,0.442,0.469,14,46,0.304,Overall,2024-25,15,3,12,0.2,314.6766666666667,37,98,0.378,14,46,0.304,18,21,0.857,3,24,27,37,18,5,7,4,25,17,106,-96,211.9,0,0,208.0,243.0,1,1,1,1,1,1,1,1,1,1,1,1,1,1,1,1,1,1,1,1,1,1,1,1,1,1,1,1,1,1,1,2
1642382,Branden Carlson,1610612760,OKC,26.0,32,26,1.0,43,97,0.443,0.557,0.32,21,31,0.677,0.68,22,66,0.333,Overall,2024-25,32,29,3,0.906,246.40333333333334,43,97,0.443,22,66,0.333,14,18,0.778,17,37,54,14,7,5,21,4,22,13,122,41,278.8,1,0,264.0,282.0,1,1,1,1,1,1,1,1,1,1,1,1,1,1,1,1,1,1,1,1,1,1,1,1,1,1,1,1,1,1,1,1
1641727,Dariq Whitehead,1610612751,BKN,20.0,20,15,1.0,39,96,0.406,0.578,0.229,6,22,0.273,0.771,33,74,0.446,Overall,2024-25,20,6,14,0.3,246.07833333333335,39,96,0.406,33,74,0.446,3,5,0.6,4,25,29,12,15,6,1,6,22,7,114,-64,172.8,0,0,202.0,188.0,1,1,1,1,1,1,1,1,1,1,1,1,1,1,1,1,1,1,1,1,1,1,1,1,1,1,1,1,1,1,1,1
1628467,Maxi Kleber,1610612747,LAL,33.0,34,29,1.0,37,96,0.385,0.453,0.49,24,47,0.511,0.51,13,49,0.265,Overall,2024-25,34,18,16,0.529,636.875,37,96,0.385,13,49,0.265,16,21,0.762,25,70,95,43,23,9,17,7,66,29,103,-17,336.5,0,0,306.0,362.0,1,1,1,1,1,1,1,1,1,1,1,1,1,1,1,1,1,1,1,1,1,1,1,1,1,1,1,1,1,1,1,1
201988,Patty Mills,1610612746,LAC,36.0,29,23,1.0,36,96,0.375,0.51,0.219,10,21,0.476,0.781,26,75,0.347,Overall,2024-25,29,12,17,0.414,320.655,36,96,0.375,26,75,0.347,13,14,0.929,4,18,22,26,17,13,3,3,24,18,111,-15,207.4,0,0,217.0,233.0,1,1,1,1,1,1,1,1,1,1,1,1,1,1,1,1,1,1,1,1,1,1,1,1,1,1,1,1,1,1,1,2
1641745,Adam Flagler,1610612760,OKC,25.0,37,27,1.0,25,96,0.26,0.333,0.25,11,24,0.458,0.75,14,72,0.194,Overall,2024-25,37,34,3,0.919,202.965,25,96,0.26,14,72,0.194,1,2,0.5,7,20,27,12,4,8,3,2,15,1,65,7,144.4,0,0,140.0,149.0,1,1,1,1,1,1,1,1,1,1,1,1,1,1,1,1,1,1,1,1,1,1,1,1,1,1,1,1,1,1,1,1
201959,Taj Gibson,1610612766,CHA,40.0,37,32,1.0,47,95,0.495,0.5,0.979,46,93,0.495,0.021,1,2,0.5,Overall,2024-25,37,10,27,0.27,408.85,47,95,0.495,1,2,0.5,12,20,0.6,51,69,120,21,25,9,18,12,54,20,107,-124,338.5,1,0,303.0,350.0,1,1,1,1,1,1,1,1,1,1,1,1,1,1,1,1,1,1,1,1,1,1,1,1,1,1,1,1,1,1,1,1
1629629,Cam Reddish,1610612747,LAL,25.0,33,30,1.0,38,94,0.404,0.473,0.5,25,47,0.532,0.5,13,47,0.277,Overall,2024-25,33,15,18,0.455,589.45,38,94,0.404,13,47,0.277,16,26,0.615,17,49,66,22,12,33,10,5,43,23,105,-91,334.2,0,0,292.0,344.0,1,1,1,1,1,1,1,1,1,1,1,1,1,1,1,1,1,1,1,1,1,1,1,1,1,1,1,1,1,1,1,1
1642277,Johnny Furphy,1610612754,IND,20.0,50,26,1.0,35,92,0.38,0.462,0.457,20,42,0.476,0.543,15,50,0.3,Overall,2024-25,50,31,19,0.62,379.49666666666667,35,92,0.38,15,50,0.3,18,22,0.818,23,48,71,19,12,18,11,11,41,23,103,22,291.7,0,0,266.0,299.0,1,1,1,1,1,1,1,1,1,1,1,1,1,1,1,1,1,1,1,1,1,1,1,1,1,1,1,1,1,1,1,1
1629723,John Konchar,1610612763,MEM,29.0,46,33,1.0,41,91,0.451,0.577,0.319,18,29,0.621,0.681,23,62,0.371,Overall,2024-25,46,26,20,0.565,558.2233333333334,41,91,0.451,23,62,0.371,7,8,0.875,37,114,151,42,16,30,14,5,32,17,112,58,472.2,0,0,416.0,479.0,1,1,1,1,1,1,1,1,1,1,1,1,1,1,1,1,1,1,1,1,1,1,1,1,1,1,1,1,1,1,1,1
1631169,Josh Minott,1610612750,MIN,22.0,46,35,1.0,44,90,0.489,0.567,0.522,30,47,0.638,0.478,14,43,0.326,Overall,2024-25,46,32,14,0.696,276.275,44,90,0.489,14,43,0.326,17,19,0.895,12,35,47,18,11,15,12,6,34,15,119,-16,272.4,0,0,252.0,283.0,1,1,1,1,1,1,1,1,1,1,1,1,1,1,1,1,1,1,1,1,1,1,1,1,1,1,1,1,1,1,1,1
1628470,Torrey Craig,1610612738,BOS,34.0,26,21,1.0,38,90,0.422,0.556,0.267,14,24,0.583,0.733,24,66,0.364,Overall,2024-25,26,16,10,0.615,313.94666666666666,38,90,0.422,24,66,0.364,8,12,0.667,27,46,73,17,8,8,12,3,34,10,108,-49,273.1,0,0,262.0,275.0,1,1,1,1,1,1,1,1,1,1,1,1,1,1,1,1,1,1,1,1,1,1,1,1,1,1,1,1,1,1,1,2
1630531,Jaden Springer,1610612762,UTA,22.0,43,28,1.0,35,90,0.389,0.456,0.467,23,42,0.548,0.533,12,48,0.25,Overall,2024-25,43,22,21,0.512,365.175,35,90,0.389,12,48,0.25,27,38,0.711,17,41,58,33,16,24,4,4,42,37,109,-32,296.1,0,0,268.0,317.0,1,1,1,1,1,1,1,1,1,1,1,1,1,1,1,1,1,1,1,1,1,1,1,1,1,1,1,1,1,1,1,2
1630264,Anthony Gill,1610612764,WAS,32.0,51,32,1.0,43,88,0.489,0.545,0.648,33,57,0.579,0.352,10,31,0.323,Overall,2024-25,51,7,44,0.137,397.575,43,88,0.489,10,31,0.323,33,50,0.66,18,48,66,16,10,9,2,6,30,37,129,-73,255.2,0,0,243.0,260.0,1,1,1,1,1,1,1,1,1,1,1,1,1,1,1,1,1,1,1,1,1,1,1,1,1,1,1,1,1,1,1,1
1629680,Matisse Thybulle,1610612757,POR,28.0,15,14,1.0,42,88,0.477,0.597,0.455,21,40,0.525,0.545,21,48,0.438,Overall,2024-25,15,8,7,0.533,312.2816666666667,42,88,0.477,21,48,0.438,7,15,0.467,14,38,52,28,13,33,9,3,14,13,112,1,329.4,0,0,297.0,346.0,1,1,1,1,1,1,1,1,1,1,1,1,1,1,1,1,1,1,1,1,1,1,1,1,1,1,1,1,1,1,1,1
1631197,Jared Rhoden,1610612761,TOR,25.0,14,14,1.0,42,87,0.483,0.552,0.552,30,48,0.625,0.448,12,39,0.308,Overall,2024-25,14,8,6,0.571,226.16333333333333,42,87,0.483,12,39,0.308,22,25,0.88,14,28,42,16,9,10,2,6,20,15,118,64,219.4,1,0,212.0,228.0,1,1,1,1,1,1,1,1,1,1,1,1,1,1,1,1,1,1,1,1,1,1,1,1,1,1,1,1,1,1,1,2
1642403,Isaac Jones,1610612758,SAC,24.0,40,29,1.0,54,83,0.651,0.669,0.904,51,75,0.68,0.096,3,8,0.375,Overall,2024-25,40,19,21,0.475,303.86333333333334,54,83,0.651,3,8,0.375,23,36,0.639,22,35,57,12,16,5,10,13,30,30,134,-64,249.4,0,0,236.0,260.0,1,1,1,1,1,1,1,1,1,1,1,1,1,1,1,1,1,1,1,1,1,1,1,1,1,1,1,1,1,1,1,1
1641775,Jordan Walsh,1610612738,BOS,21.0,52,41,1.0,30,83,0.361,0.452,0.337,15,28,0.536,0.663,15,55,0.273,Overall,2024-25,52,39,13,0.75,403.00333333333333,30,83,0.361,15,55,0.273,7,12,0.583,23,46,69,19,17,12,11,3,30,15,82,25,245.3,0,0,231.0,258.0,1,1,1,1,1,1,1,1,1,1,1,1,1,1,1,1,1,1,1,1,1,1,1,1,1,1,1,1,1,1,1,1
1642285,Cam Spencer,1610612763,MEM,25.0,25,19,1.0,34,82,0.415,0.53,0.354,15,29,0.517,0.646,19,53,0.358,Overall,2024-25,25,14,11,0.56,252.24333333333334,34,82,0.415,19,52,0.365,19,19,1.0,12,18,30,34,6,9,1,1,23,14,106,40,217.0,0,0,209.0,234.0,1,1,1,1,1,1,1,1,1,1,1,1,1,1,1,1,1,1,1,1,1,1,1,1,1,1,1,1,1,1,1,1
1642278,Tyler Kolek,1610612752,NYK,24.0,41,32,1.0,27,82,0.329,0.415,0.427,13,35,0.371,0.573,14,47,0.298,Overall,2024-25,41,27,14,0.659,296.15166666666664,27,82,0.329,14,47,0.298,13,17,0.765,8,19,27,70,18,12,4,3,26,21,81,-1,248.4,0,0,224.0,296.0,1,1,1,1,1,1,1,1,1,1,1,1,1,1,1,1,1,1,1,1,1,1,1,1,1,1,1,1,1,1,1,1
1629057,Robert Williams III,1610612757,POR,27.0,20,18,1.0,50,78,0.641,0.647,0.962,49,75,0.653,0.038,1,3,0.333,Overall,2024-25,20,7,13,0.35,351.33,50,78,0.641,1,3,0.333,15,17,0.882,35,83,118,21,17,13,33,6,31,13,116,-17,410.1,0,0,348.0,414.0,1,1,1,1,1,1,1,1,1,1,1,1,1,1,1,1,1,1,1,1,1,1,1,1,1,1,1,1,1,1,1,1
1631098,Johnny Davis,1610612764,WAS,23.0,34,30,1.0,32,78,0.41,0.455,0.628,25,49,0.51,0.372,7,29,0.241,Overall,2024-25,34,4,30,0.118,241.65833333333333,32,78,0.41,7,29,0.241,9,15,0.6,10,28,38,11,7,15,6,3,18,14,80,-26,198.1,0,0,178.0,203.0,1,1,1,1,1,1,1,1,1,1,1,1,1,1,1,1,1,1,1,1,1,1,1,1,1,1,1,1,1,1,1,1
1631311,Lester Quiñones,1610612740,NOP,24.0,13,13,1.0,31,78,0.397,0.481,0.436,18,34,0.529,0.564,13,44,0.295,Overall,2024-25,13,3,10,0.231,183.36666666666667,31,78,0.397,13,44,0.295,11,13,0.846,4,15,19,24,14,3,2,3,18,18,86,-26,145.8,0,0,152.0,168.0,1,1,1,1,1,1,1,1,1,1,1,1,1,1,1,1,1,1,1,1,1,1,1,1,1,1,1,1,1,1,1,2
1641998,Trey Jemison III,1610612747,LAL,25.0,38,31,1.0,41,74,0.554,0.554,1.0,41,74,0.554,0.0,0,0,,Overall,2024-25,38,17,21,0.447,392.0233333333333,41,74,0.554,0,0,0.0,13,33,0.394,44,61,105,16,24,9,15,10,69,20,95,-18,293.0,0,0,264.0,304.0,1,1,1,1,1,1,1,1,1,1,1,1,1,1,1,1,1,1,1,1,1,1,1,1,1,1,1,1,1,1,1,2
1641798,Jaylen Martin,1610612764,WAS,21.0,16,14,1.0,31,74,0.419,0.466,0.689,24,51,0.471,0.311,7,23,0.304,Overall,2024-25,16,3,13,0.188,238.62666666666667,31,74,0.419,7,23,0.304,9,10,0.9,11,33,44,17,12,9,0,5,14,8,78,-131,171.3,0,0,164.0,183.0,1,1,1,1,1,1,1,1,1,1,1,1,1,1,1,1,1,1,1,1,1,1,1,1,1,1,1,1,1,1,1,2
1627814,Damion Lee,1610612756,PHX,32.0,25,23,1.0,27,74,0.365,0.426,0.5,18,37,0.486,0.5,9,37,0.243,Overall,2024-25,25,6,19,0.24,144.01833333333335,27,74,0.365,9,37,0.243,20,21,0.952,3,17,20,11,10,6,0,3,6,12,83,25,131.5,0,0,135.0,143.0,1,1,1,1,1,1,1,1,1,1,1,1,1,1,1,1,1,1,1,1,1,1,1,1,1,1,1,1,1,1,1,1
1629669,Jaylen Nowell,1610612764,WAS,25.0,8,7,1.0,26,73,0.356,0.411,0.63,18,46,0.391,0.37,8,27,0.296,Overall,2024-25,8,1,7,0.125,168.075,26,73,0.356,8,27,0.296,7,11,0.636,6,14,20,18,8,1,4,3,9,9,67,-42,125.0,0,0,123.0,138.0,1,1,1,1,1,1,1,1,1,1,1,1,1,1,1,1,1,1,1,1,1,1,1,1,1,1,1,1,1,1,1,1
1641738,Kobe Brown,1610612746,LAC,25.0,40,27,1.0,33,72,0.458,0.5,0.639,27,46,0.587,0.361,6,26,0.231,Overall,2024-25,40,25,15,0.625,272.22,33,72,0.458,6,26,0.231,5,7,0.714,19,46,65,24,12,7,4,3,23,11,77,-53,212.0,0,0,194.0,223.0,1,1,1,1,1,1,1,1,1,1,1,1,1,1,1,1,1,1,1,1,1,1,1,1,1,1,1,1,1,1,1,1
1629162,Jordan McLaughlin,1610612759,SAS,29.0,46,28,1.0,31,72,0.431,0.563,0.361,12,26,0.462,0.639,19,46,0.413,Overall,2024-25,46,17,29,0.37,314.27666666666664,31,72,0.431,19,46,0.413,17,22,0.773,6,24,30,51,16,16,1,4,18,23,98,57,245.5,0,0,232.0,281.0,1,1,1,1,1,1,1,1,1,1,1,1,1,1,1,1,1,1,1,1,1,1,1,1,1,1,1,1,1,1,1,2
1630579,Jericho Sims,1610612749,MIL,26.0,53,32,1.0,45,71,0.634,0.634,1.0,45,71,0.634,0.0,0,0,,Overall,2024-25,53,34,19,0.642,631.245,45,71,0.634,0,0,0.0,8,13,0.615,71,126,197,33,33,10,19,9,65,22,98,25,437.9,0,0,386.0,448.0,1,1,1,1,1,1,1,1,1,1,1,1,1,1,1,1,1,1,1,1,1,1,1,1,1,1,1,1,1,1,1,2
202684,Tristan Thompson,1610612739,CLE,34.0,40,30,1.0,31,71,0.437,0.437,0.958,31,68,0.456,0.042,0,3,0.0,Overall,2024-25,40,31,9,0.775,328.17,31,71,0.437,0,3,0.0,7,30,0.233,32,102,134,24,14,2,11,7,36,22,69,-85,290.8,0,0,253.0,290.0,1,1,1,1,1,1,1,1,1,1,1,1,1,1,1,1,1,1,1,1,1,1,1,1,1,1,1,1,1,1,1,1
1631131,Oscar Tshiebwe,1610612762,UTA,25.0,14,12,1.0,42,70,0.6,0.6,1.0,42,70,0.6,0.0,0,0,,Overall,2024-25,14,3,11,0.214,255.17333333333335,42,70,0.6,0,0,0.0,23,31,0.742,46,76,122,9,10,13,1,10,24,22,107,-11,298.9,4,0,266.0,289.0,1,1,1,1,1,1,1,1,1,1,1,1,1,1,1,1,1,1,1,1,1,1,1,1,1,1,1,1,1,1,1,1
202693,Markieff Morris,1610612747,LAL,35.0,15,14,1.0,21,70,0.3,0.364,0.486,12,34,0.353,0.514,9,36,0.25,Overall,2024-25,15,7,8,0.467,164.43333333333334,21,70,0.3,9,36,0.25,5,6,0.833,3,20,23,21,5,2,3,2,16,5,56,-28,125.1,0,0,119.0,136.0,1,1,1,1,1,1,1,1,1,1,1,1,1,1,1,1,1,1,1,1,1,1,1,1,1,1,1,1,1,1,1,2
1630542,Marcus Bagley,1610612755,PHI,23.0,10,10,1.0,27,69,0.391,0.428,0.536,22,37,0.595,0.464,5,32,0.156,Overall,2024-25,10,1,9,0.1,253.155,27,69,0.391,5,32,0.156,8,10,0.8,23,47,70,10,7,9,12,5,16,10,67,-84,222.0,2,0,194.0,220.0,1,1,1,1,1,1,1,1,1,1,1,1,1,1,1,1,1,1,1,1,1,1,1,1,1,1,1,1,1,1,1,1
1628365,Markelle Fultz,1610612758,SAC,27.0,21,19,1.0,28,67,0.418,0.448,0.881,24,59,0.407,0.119,4,8,0.5,Overall,2024-25,21,9,12,0.429,184.05833333333334,28,67,0.418,4,8,0.5,1,1,1.0,6,14,20,27,15,10,2,2,12,3,61,5,146.5,0,0,136.0,171.0,1,1,1,1,1,1,1,1,1,1,1,1,1,1,1,1,1,1,1,1,1,1,1,1,1,1,1,1,1,1,1,1
1642355,Bronny James,1610612747,LAL,20.0,27,20,1.0,21,67,0.313,0.381,0.522,12,35,0.343,0.478,9,32,0.281,Overall,2024-25,27,17,10,0.63,181.24333333333334,21,67,0.313,9,32,0.281,11,14,0.786,4,14,18,22,13,9,3,5,13,10,62,-71,139.6,0,0,135.0,160.0,1,1,1,1,1,1,1,1,1,1,1,1,1,1,1,1,1,1,1,1,1,1,1,1,1,1,1,1,1,1,1,1
1631132,Christian Koloko,1610612747,LAL,25.0,37,25,1.0,40,66,0.606,0.606,0.939,40,62,0.645,0.061,0,4,0.0,Overall,2024-25,37,23,14,0.622,341.53,40,66,0.606,0,4,0.0,10,14,0.714,35,57,92,16,12,8,16,8,44,21,90,-7,284.4,0,0,246.0,286.0,1,1,1,1,1,1,1,1,1,1,1,1,1,1,1,1,1,1,1,1,1,1,1,1,1,1,1,1,1,1,1,1
1630699,MarJon Beauchamp,1610612752,NYK,24.0,35,29,1.0,27,65,0.415,0.492,0.554,17,36,0.472,0.446,10,29,0.345,Overall,2024-25,35,19,16,0.543,156.28166666666667,27,65,0.415,10,29,0.345,15,20,0.75,11,33,44,11,15,4,1,5,14,12,79,9,148.3,0,0,154.0,160.0,1,1,1,1,1,1,1,1,1,1,1,1,1,1,1,1,1,1,1,1,1,1,1,1,1,1,1,1,1,1,1,3
203458,Alex Len,1610612747,LAL,32.0,46,29,1.0,32,63,0.508,0.524,0.857,30,54,0.556,0.143,2,9,0.222,Overall,2024-25,46,21,25,0.457,379.79,32,63,0.508,2,9,0.222,8,17,0.471,38,57,95,38,20,9,21,7,56,18,74,-153,315.0,0,0,269.0,335.0,1,1,1,1,1,1,1,1,1,1,1,1,1,1,1,1,1,1,1,1,1,1,1,1,1,1,1,1,1,1,1,2
1630205,Lamar Stevens,1610612763,MEM,27.0,17,14,1.0,29,63,0.46,0.524,0.571,21,36,0.583,0.429,8,27,0.296,Overall,2024-25,17,7,10,0.412,155.535,29,63,0.46,8,27,0.296,8,11,0.727,4,34,38,8,10,5,3,8,15,8,74,67,145.6,0,0,144.0,152.0,1,1,1,1,1,1,1,1,1,1,1,1,1,1,1,1,1,1,1,1,1,1,1,1,1,1,1,1,1,1,1,1
1631306,Cole Swider,1610612754,IND,26.0,10,10,1.0,22,63,0.349,0.468,0.254,7,16,0.438,0.746,15,47,0.319,Overall,2024-25,10,5,5,0.5,169.5,22,63,0.349,15,47,0.319,0,1,0.0,5,22,27,3,4,4,2,4,12,3,59,54,109.9,0,0,116.0,110.0,1,1,1,1,1,1,1,1,1,1,1,1,1,1,1,1,1,1,1,1,1,1,1,1,1,1,1,1,1,1,1,2
1631466,Nate Williams,1610612745,HOU,26.0,20,14,1.0,27,62,0.435,0.484,0.581,21,36,0.583,0.419,6,26,0.231,Overall,2024-25,20,14,6,0.7,146.62,27,62,0.435,6,26,0.231,5,8,0.625,5,8,13,9,14,8,4,0,16,7,65,-24,116.1,0,0,117.0,132.0,1,1,1,1,1,1,1,1,1,1,1,1,1,1,1,1,1,1,1,1,1,1,1,1,1,1,1,1,1,1,1,1
203939,Dwight Powell,1610612742,DAL,33.0,55,28,1.0,42,61,0.689,0.705,0.918,40,56,0.714,0.082,2,5,0.4,Overall,2024-25,55,25,30,0.455,550.86,42,61,0.689,2,5,0.4,28,43,0.651,47,71,118,55,18,18,21,6,75,48,114,-14,437.1,0,0,367.0,459.0,1,1,1,1,1,1,1,1,1,1,1,1,1,1,1,1,1,1,1,1,1,1,1,1,1,1,1,1,1,1,1,1
1630696,Dru Smith,1610612748,MIA,27.0,14,13,1.0,31,61,0.508,0.639,0.508,15,31,0.484,0.492,16,30,0.533,Overall,2024-25,14,8,6,0.571,268.205,31,61,0.508,16,30,0.533,9,12,0.75,12,24,36,23,17,21,6,2,30,11,87,38,228.7,0,0,216.0,250.0,1,1,1,1,1,1,1,1,1,1,1,1,1,1,1,1,1,1,1,1,1,1,1,1,1,1,1,1,1,1,1,1
202066,Garrett Temple,1610612761,TOR,39.0,28,18,1.0,18,60,0.3,0.35,0.533,12,32,0.375,0.467,6,28,0.214,Overall,2024-25,28,11,17,0.393,226.76833333333335,18,60,0.3,6,28,0.214,11,12,0.917,9,20,29,31,10,17,2,4,23,15,53,-28,181.3,0,0,157.0,201.0,1,1,1,1,1,1,1,1,1,1,1,1,1,1,1,1,1,1,1,1,1,1,1,1,1,1,1,1,1,1,1,1
1630550,JT Thor,1610612764,WAS,22.0,20,19,1.0,25,59,0.424,0.475,0.644,19,38,0.5,0.356,6,21,0.286,Overall,2024-25,20,10,10,0.5,249.31666666666666,25,59,0.424,6,21,0.286,15,22,0.682,20,28,48,6,9,8,9,4,17,15,71,-96,179.6,0,0,165.0,182.0,1,1,1,1,1,1,1,1,1,1,1,1,1,1,1,1,1,1,1,1,1,1,1,1,1,1,1,1,1,1,1,2
203967,Dario Saric,1610612743,DEN,31.0,16,14,1.0,21,56,0.375,0.438,0.554,14,31,0.452,0.446,7,25,0.28,Overall,2024-25,16,7,9,0.438,210.38333333333333,21,58,0.362,7,26,0.269,7,10,0.7,14,36,50,23,15,7,1,8,19,15,56,-49,159.5,1,0,152.0,176.0,1,1,1,1,1,1,1,1,1,1,1,1,1,1,1,1,1,1,1,1,1,1,1,1,1,1,1,1,1,1,1,1
1642024,Alex Reese,1610612755,PHI,26.0,15,15,1.0,26,54,0.481,0.62,0.241,11,13,0.846,0.759,15,41,0.366,Overall,2024-25,15,4,11,0.267,216.04666666666665,26,54,0.481,15,41,0.366,9,12,0.75,9,38,47,4,6,10,10,1,21,10,76,19,192.4,0,0,182.0,191.0,1,1,1,1,1,1,1,1,1,1,1,1,1,1,1,1,1,1,1,1,1,1,1,1,1,1,1,1,1,1,1,2
1629001,De'Anthony Melton,1610612751,BKN,27.0,6,6,1.0,22,54,0.407,0.528,0.352,9,19,0.474,0.648,13,35,0.371,Overall,2024-25,6,4,2,0.667,120.98333333333333,22,54,0.407,13,35,0.371,5,8,0.625,6,14,20,17,10,7,2,1,18,7,62,27,128.5,1,0,130.0,143.0,1,1,1,1,1,1,1,1,1,1,1,1,1,1,1,1,1,1,1,1,1,1,1,1,1,1,1,1,1,1,1,1
1630214,Xavier Tillman,1610612738,BOS,26.0,33,23,1.0,13,53,0.245,0.292,0.396,8,21,0.381,0.604,5,32,0.156,Overall,2024-25,33,26,7,0.788,230.90333333333334,13,53,0.245,5,32,0.156,3,4,0.75,10,33,43,7,14,11,5,4,18,5,34,-12,130.1,0,0,121.0,139.0,1,1,1,1,1,1,1,1,1,1,1,1,1,1,1,1,1,1,1,1,1,1,1,1,1,1,1,1,1,1,1,1
1629011,Mitchell Robinson,1610612752,NYK,27.0,16,15,1.0,34,52,0.654,0.654,1.0,34,52,0.654,0.0,0,0,,Overall,2024-25,17,10,7,0.588,290.12333333333333,37,56,0.661,0,0,0.0,13,19,0.684,52,49,101,13,10,16,18,1,26,17,87,23,319.7,2,0,269.0,316.0,1,1,1,1,1,1,1,1,1,1,1,1,1,1,1,1,1,1,1,1,1,1,1,1,1,1,1,1,1,1,1,1
1630623,Tyson Etienne,1610612751,BKN,25.0,7,7,1.0,17,52,0.327,0.452,0.154,4,8,0.5,0.846,13,44,0.295,Overall,2024-25,7,1,6,0.143,151.08166666666668,17,52,0.327,13,44,0.295,8,10,0.8,3,6,9,12,8,3,1,2,17,8,55,-70,87.8,0,0,97.0,100.0,1,1,1,1,1,1,1,1,1,1,1,1,1,1,1,1,1,1,1,1,1,1,1,1,1,1,1,1,1,1,1,1
1641890,Tyler Smith,1610612749,MIL,20.0,23,20,1.0,24,50,0.48,0.61,0.4,11,20,0.55,0.6,13,30,0.433,Overall,2024-25,23,12,11,0.522,121.57333333333334,24,50,0.48,13,30,0.433,6,8,0.75,6,19,25,4,8,3,4,1,11,7,67,8,116.0,0,0,123.0,121.0,1,1,1,1,1,1,1,1,1,1,1,1,1,1,1,1,1,1,1,1,1,1,1,1,1,1,1,1,1,1,1,1
1629650,Moses Brown,1610612742,DAL,25.0,13,9,1.0,34,49,0.694,0.694,1.0,34,49,0.694,0.0,0,0,,Overall,2024-25,13,5,8,0.385,118.57666666666667,34,49,0.694,0,0,0.0,8,11,0.727,12,32,44,2,11,6,4,3,17,8,76,-14,150.8,1,0,142.0,154.0,1,1,1,1,1,1,1,1,1,1,1,1,1,1,1,1,1,1,1,1,1,1,1,1,1,1,1,1,1,1,1,2
1628981,Bruno Fernando,1610612761,TOR,26.0,17,15,1.0,26,49,0.531,0.531,1.0,26,49,0.531,0.0,0,0,,Overall,2024-25,17,2,15,0.118,146.58,26,49,0.531,0,0,0.0,6,8,0.75,21,30,51,18,14,4,9,7,27,10,58,-22,171.2,0,0,153.0,184.0,1,1,1,1,1,1,1,1,1,1,1,1,1,1,1,1,1,1,1,1,1,1,1,1,1,1,1,1,1,1,1,1
1641723,Kobe Bufkin,1610612737,ATL,21.0,10,10,1.0,18,47,0.383,0.426,0.596,14,28,0.5,0.404,4,19,0.211,Overall,2024-25,10,6,4,0.6,123.63666666666667,18,47,0.383,4,19,0.211,13,18,0.722,5,16,21,17,8,3,2,6,9,12,53,-23,110.7,0,0,105.0,123.0,1,1,1,1,1,1,1,1,1,1,1,1,1,1,1,1,1,1,1,1,1,1,1,1,1,1,1,1,1,1,1,1
1628396,Tony Bradley,1610612754,IND,27.0,14,9,1.0,29,45,0.644,0.656,0.933,28,42,0.667,0.067,1,3,0.333,Overall,2024-25,14,11,3,0.786,112.73833333333333,29,45,0.644,1,3,0.333,2,6,0.333,18,24,42,6,5,2,9,4,11,10,61,44,148.4,1,0,132.0,148.0,1,1,1,1,1,1,1,1,1,1,1,1,1,1,1,1,1,1,1,1,1,1,1,1,1,1,1,1,1,1,1,1
1631102,TyTy Washington Jr.,1610612756,PHX,23.0,16,11,1.0,14,45,0.311,0.356,0.533,10,24,0.417,0.467,4,21,0.19,Overall,2024-25,16,4,12,0.25,118.34833333333333,14,45,0.311,4,21,0.19,3,6,0.5,4,9,13,16,3,3,0,0,4,4,35,2,80.6,0,0,74.0,89.0,1,1,1,1,1,1,1,1,1,1,1,1,1,1,1,1,1,1,1,1,1,1,1,1,1,1,1,1,1,1,1,1
1630165,Killian Hayes,1610612751,BKN,23.0,6,6,1.0,18,43,0.419,0.512,0.512,10,22,0.455,0.488,8,21,0.381,Overall,2024-25,6,1,5,0.167,162.33333333333334,18,43,0.419,8,21,0.381,10,12,0.833,5,13,18,31,9,4,4,1,13,12,54,-24,137.1,0,0,127.0,158.0,1,1,1,1,1,1,1,1,1,1,1,1,1,1,1,1,1,1,1,1,1,1,1,1,1,1,1,1,1,1,1,1
1641809,Drew Peterson,1610612738,BOS,25.0,25,18,1.0,17,41,0.415,0.573,0.195,4,8,0.5,0.805,13,33,0.394,Overall,2024-25,25,17,8,0.68,186.14666666666668,17,41,0.415,13,33,0.394,7,9,0.778,9,31,40,13,8,5,2,3,18,7,54,46,134.5,0,0,134.0,141.0,1,1,1,1,1,1,1,1,1,1,1,1,1,1,1,1,1,1,1,1,1,1,1,1,1,1,1,1,1,1,1,1
1641725,Trey Alexander,1610612743,DEN,22.0,24,14,1.0,13,41,0.317,0.354,0.585,10,24,0.417,0.415,3,17,0.176,Overall,2024-25,24,14,10,0.583,117.22166666666666,13,41,0.317,3,17,0.176,3,4,0.75,1,11,12,11,5,2,1,1,10,4,32,-25,66.9,0,0,64.0,75.0,1,1,1,1,1,1,1,1,1,1,1,1,1,1,1,1,1,1,1,1,1,1,1,1,1,1,1,1,1,1,1,1
1629643,Chuma Okeke,1610612739,CLE,26.0,9,8,1.0,20,40,0.5,0.638,0.3,9,12,0.75,0.7,11,28,0.393,Overall,2024-25,9,2,7,0.222,196.68,20,40,0.5,11,28,0.393,2,3,0.667,21,26,47,15,3,5,4,1,5,7,53,-28,155.9,1,0,144.0,157.0,1,1,1,1,1,1,1,1,1,1,1,1,1,1,1,1,1,1,1,1,1,1,1,1,1,1,1,1,1,1,1,2
1629052,Oshae Brissett,1610612755,PHI,27.0,6,6,1.0,19,39,0.487,0.564,0.538,13,21,0.619,0.462,6,18,0.333,Overall,2024-25,6,1,5,0.167,142.24166666666667,19,39,0.487,6,18,0.333,8,14,0.571,7,15,22,4,8,4,3,3,14,12,52,-31,97.4,0,0,98.0,103.0,1,1,1,1,1,1,1,1,1,1,1,1,1,1,1,1,1,1,1,1,1,1,1,1,1,1,1,1,1,1,1,1
1641734,Emoni Bates,1610612739,CLE,21.0,10,10,1.0,13,38,0.342,0.487,0.211,2,8,0.25,0.789,11,30,0.367,Overall,2024-25,10,9,1,0.9,74.78333333333333,13,38,0.342,11,30,0.367,0,0,0.0,0,7,7,8,2,1,1,0,4,0,37,-34,61.4,0,0,67.0,66.0,1,1,1,1,1,1,1,1,1,1,1,1,1,1,1,1,1,1,1,1,1,1,1,1,1,1,1,1,1,1,1,1
1626196,Josh Richardson,1610612748,MIA,31.0,8,8,1.0,11,38,0.289,0.368,0.421,5,16,0.313,0.579,6,22,0.273,Overall,2024-25,8,4,4,0.5,149.49,11,38,0.289,6,22,0.273,4,4,1.0,6,6,12,12,8,8,1,3,17,10,32,-31,83.4,0,0,80.0,95.0,1,1,1,1,1,1,1,1,1,1,1,1,1,1,1,1,1,1,1,1,1,1,1,1,1,1,1,1,1,1,1,1
1642402,Enrique Freeman,1610612754,IND,24.0,22,16,1.0,16,37,0.432,0.446,0.73,15,27,0.556,0.27,1,10,0.1,Overall,2024-25,22,7,15,0.318,181.205,16,37,0.432,1,10,0.1,13,19,0.684,11,19,30,9,6,3,3,3,21,15,46,-19,107.5,0,0,98.0,112.0,1,1,1,1,1,1,1,1,1,1,1,1,1,1,1,1,1,1,1,1,1,1,1,1,1,1,1,1,1,1,1,1
1628995,Kevin Knox II,1610612744,GSW,25.0,14,10,1.0,18,36,0.5,0.556,0.583,14,21,0.667,0.417,4,15,0.267,Overall,2024-25,14,11,3,0.786,83.65666666666667,18,36,0.5,4,15,0.267,6,8,0.75,7,10,17,5,4,2,4,1,6,6,46,-3,87.9,0,0,84.0,91.0,1,1,1,1,1,1,1,1,1,1,1,1,1,1,1,1,1,1,1,1,1,1,1,1,1,1,1,1,1,1,1,1
1631116,Patrick Baldwin Jr.,1610612746,LAC,22.0,24,17,1.0,19,35,0.543,0.729,0.343,6,12,0.5,0.657,13,23,0.565,Overall,2024-25,24,3,21,0.125,106.74833333333333,19,35,0.543,13,23,0.565,2,4,0.5,5,20,25,3,5,3,2,2,7,3,53,29,97.5,0,0,104.0,99.0,1,1,1,1,1,1,1,1,1,1,1,1,1,1,1,1,1,1,1,1,1,1,1,1,1,1,1,1,1,1,1,2
1641989,Elijah Harkless,1610612762,UTA,25.0,10,8,1.0,11,35,0.314,0.414,0.286,4,10,0.4,0.714,7,25,0.28,Overall,2024-25,10,1,9,0.1,138.0,11,35,0.314,7,25,0.28,3,6,0.5,9,12,21,8,3,10,1,0,18,12,32,31,99.2,0,0,90.0,102.0,1,1,1,1,1,1,1,1,1,1,1,1,1,1,1,1,1,1,1,1,1,1,1,1,1,1,1,1,1,1,1,1
1631120,JD Davison,1610612738,BOS,22.0,16,13,1.0,12,34,0.353,0.412,0.471,8,16,0.5,0.529,4,18,0.222,Overall,2024-25,16,13,3,0.813,92.915,12,34,0.353,4,18,0.222,5,7,0.714,2,11,13,13,13,5,1,0,2,5,33,-28,73.1,0,0,75.0,90.0,1,1,1,1,1,1,1,1,1,1,1,1,1,1,1,1,1,1,1,1,1,1,1,1,1,1,1,1,1,1,1,1
1642461,Spencer Jones,1610612743,DEN,24.0,20,14,1.0,11,34,0.324,0.338,0.5,10,17,0.588,0.5,1,17,0.059,Overall,2024-25,20,13,7,0.65,124.625,11,34,0.324,1,17,0.059,3,3,1.0,8,9,17,5,5,5,5,0,17,2,26,-45,78.9,0,0,69.0,83.0,1,1,1,1,1,1,1,1,1,1,1,1,1,1,1,1,1,1,1,1,1,1,1,1,1,1,1,1,1,1,1,1
1642484,RayJ Dennis,1610612754,IND,24.0,11,7,1.0,11,33,0.333,0.424,0.364,5,12,0.417,0.636,6,21,0.286,Overall,2024-25,11,7,4,0.636,70.38333333333334,11,33,0.333,6,21,0.286,2,2,1.0,2,10,12,14,5,7,2,3,7,2,30,44,87.4,0,0,80.0,97.0,1,1,1,1,1,1,1,1,1,1,1,1,1,1,1,1,1,1,1,1,1,1,1,1,1,1,1,1,1,1,1,1
1631250,Pete Nance,1610612749,MIL,25.0,13,8,1.0,14,32,0.438,0.578,0.25,5,8,0.625,0.75,9,24,0.375,Overall,2024-25,13,8,5,0.615,138.16666666666666,14,32,0.438,9,24,0.375,1,2,0.5,5,16,21,10,4,2,2,1,17,1,38,-14,86.2,0,0,86.0,91.0,1,1,1,1,1,1,1,1,1,1,1,1,1,1,1,1,1,1,1,1,1,1,1,1,1,1,1,1,1,1,1,2
1641772,Nae'Qwan Tomlin,1610612739,CLE,24.0,5,5,1.0,13,32,0.406,0.438,0.688,11,22,0.5,0.313,2,10,0.2,Overall,2024-25,5,4,1,0.8,63.4,13,32,0.406,2,10,0.2,8,11,0.727,9,12,21,2,2,0,1,4,9,8,36,7,65.2,1,0,63.0,64.0,1,1,1,1,1,1,1,1,1,1,1,1,1,1,1,1,1,1,1,1,1,1,1,1,1,1,1,1,1,1,1,1
1630574,Ariel Hukporti,1610612752,NYK,23.0,25,14,1.0,21,31,0.677,0.677,1.0,21,31,0.677,0.0,0,0,,Overall,2024-25,25,17,8,0.68,217.365,21,31,0.677,0,0,0.0,6,13,0.462,14,37,51,11,21,1,15,2,32,13,48,-63,152.7,0,0,142.0,169.0,1,1,1,1,1,1,1,1,1,1,1,1,1,1,1,1,1,1,1,1,1,1,1,1,1,1,1,1,1,1,1,1
1630528,Josh Christopher,1610612748,MIA,23.0,14,10,1.0,11,31,0.355,0.387,0.645,9,20,0.45,0.355,2,11,0.182,Overall,2024-25,14,9,5,0.643,69.35,11,31,0.355,2,11,0.182,4,6,0.667,0,9,9,8,6,5,3,1,2,4,28,-5,68.8,0,0,63.0,77.0,1,1,1,1,1,1,1,1,1,1,1,1,1,1,1,1,1,1,1,1,1,1,1,1,1,1,1,1,1,1,1,1
1630346,Matt Ryan,1610612740,NOP,28.0,19,14,1.0,10,31,0.323,0.419,0.387,4,12,0.333,0.613,6,19,0.316,Overall,2024-25,19,14,5,0.737,67.82166666666667,10,31,0.323,6,19,0.316,2,2,1.0,0,8,8,3,3,2,0,2,1,2,28,-40,45.1,0,0,49.0,48.0,1,1,1,1,1,1,1,1,1,1,1,1,1,1,1,1,1,1,1,1,1,1,1,1,1,1,1,1,1,1,1,1
1642359,Pacôme Dadiet,1610612752,NYK,19.0,18,13,1.0,10,31,0.323,0.419,0.387,4,12,0.333,0.613,6,19,0.316,Overall,2024-25,18,14,4,0.778,111.17833333333333,10,31,0.323,6,19,0.316,4,6,0.667,3,15,18,5,4,3,2,1,7,6,30,-16,70.1,0,0,69.0,73.0,1,1,1,1,1,1,1,1,1,1,1,1,1,1,1,1,1,1,1,1,1,1,1,1,1,1,1,1,1,1,1,1
1631321,Sidy Cissoko,1610612757,POR,21.0,22,13,1.0,13,30,0.433,0.483,0.567,10,17,0.588,0.433,3,13,0.231,Overall,2024-25,22,11,11,0.5,114.46333333333334,13,30,0.433,3,13,0.231,3,9,0.333,8,13,21,15,11,2,1,5,10,7,32,8,77.7,0,0,77.0,92.0,1,1,1,1,1,1,1,1,1,1,1,1,1,1,1,1,1,1,1,1,1,1,1,1,1,1,1,1,1,1,1,2
1642505,Alex Ducas,1610612760,OKC,24.0,21,15,1.0,12,30,0.4,0.567,0.3,2,9,0.222,0.7,10,21,0.476,Overall,2024-25,21,20,1,0.952,125.34166666666667,12,30,0.4,10,21,0.476,2,2,1.0,9,17,26,5,4,5,0,1,12,1,36,-22,85.7,0,0,87.0,87.0,1,1,1,1,1,1,1,1,1,1,1,1,1,1,1,1,1,1,1,1,1,1,1,1,1,1,1,1,1,1,1,1
1642530,Yuki Kawamura,1610612763,MEM,24.0,22,13,1.0,11,30,0.367,0.483,0.233,4,7,0.571,0.767,7,23,0.304,Overall,2024-25,22,17,5,0.773,92.66666666666667,11,30,0.367,7,23,0.304,7,9,0.778,0,12,12,19,5,2,0,0,8,6,36,27,79.9,0,0,78.0,92.0,1,1,1,1,1,1,1,1,1,1,1,1,1,1,1,1,1,1,1,1,1,1,1,1,1,1,1,1,1,1,1,1
1631301,Jaylen Sims,1610612766,CHA,26.0,6,6,1.0,12,28,0.429,0.536,0.464,6,13,0.462,0.536,6,15,0.4,Overall,2024-25,6,0,6,0.0,111.80833333333334,12,28,0.429,6,15,0.4,12,15,0.8,3,3,6,12,8,3,1,1,10,11,42,-47,71.2,0,0,74.0,84.0,1,1,1,1,1,1,1,1,1,1,1,1,1,1,1,1,1,1,1,1,1,1,1,1,1,1,1,1,1,1,1,1
1630585,Marcus Garrett,1610612766,CHA,26.0,4,4,1.0,11,27,0.407,0.463,0.704,8,19,0.421,0.296,3,8,0.375,Overall,2024-25,4,1,3,0.25,79.38333333333334,11,27,0.407,3,8,0.375,3,4,0.75,1,5,6,13,6,3,2,3,10,3,28,-39,63.7,0,0,60.0,75.0,1,1,1,1,1,1,1,1,1,1,1,1,1,1,1,1,1,1,1,1,1,1,1,1,1,1,1,1,1,1,1,1
1641753,Chris Livingston,1610612749,MIL,21.0,21,12,1.0,9,27,0.333,0.333,0.704,9,19,0.474,0.296,0,8,0.0,Overall,2024-25,21,15,6,0.714,105.81,9,27,0.333,0,8,0.0,12,16,0.75,10,25,35,5,6,5,0,5,8,10,30,-29,88.5,0,0,80.0,90.0,1,1,1,1,1,1,1,1,1,1,1,1,1,1,1,1,1,1,1,1,1,1,1,1,1,1,1,1,1,1,1,1
1642352,Keshad Johnson,1610612748,MIA,24.0,16,6,1.0,18,26,0.692,0.75,0.731,15,19,0.789,0.269,3,7,0.429,Overall,2024-25,16,10,6,0.625,98.125,18,26,0.692,3,7,0.429,4,9,0.444,6,22,28,4,4,5,4,3,11,6,43,5,105.6,0,0,96.0,106.0,1,1,1,1,1,1,1,1,1,1,1,1,1,1,1,1,1,1,1,1,1,1,1,1,1,1,1,1,1,1,1,1
1630537,Chris Duarte,1610612741,CHI,28.0,17,14,1.0,12,26,0.462,0.577,0.423,6,11,0.545,0.577,6,15,0.4,Overall,2024-25,17,4,13,0.235,74.46833333333333,12,26,0.462,6,15,0.4,6,8,0.75,5,15,20,9,1,0,0,1,7,6,36,12,72.5,0,0,71.0,74.0,1,1,1,1,1,1,1,1,1,1,1,1,1,1,1,1,1,1,1,1,1,1,1,1,1,1,1,1,1,1,1,1
1628427,Vlatko Cancar,1610612743,DEN,28.0,13,8,1.0,10,26,0.385,0.462,0.423,6,11,0.545,0.577,4,15,0.267,Overall,2024-25,13,2,11,0.154,135.82833333333335,10,26,0.385,4,15,0.267,0,0,0.0,6,26,32,9,11,3,2,2,10,4,24,-18,79.9,0,0,79.0,89.0,1,1,1,1,1,1,1,1,1,1,1,1,1,1,1,1,1,1,1,1,1,1,1,1,1,1,1,1,1,1,1,1
1630649,Stanley Umude,1610612749,MIL,26.0,22,14,1.0,5,26,0.192,0.25,0.423,2,11,0.182,0.577,3,15,0.2,Overall,2024-25,22,15,7,0.682,85.77666666666667,5,26,0.192,3,15,0.2,2,4,0.5,4,13,17,4,3,3,6,1,8,2,15,-15,65.4,0,0,57.0,67.0,1,1,1,1,1,1,1,1,1,1,1,1,1,1,1,1,1,1,1,1,1,1,1,1,1,1,1,1,1,1,1,1
1631342,Daeqwon Plowden,1610612737,ATL,26.0,6,5,1.0,16,25,0.64,0.82,0.32,7,8,0.875,0.68,9,17,0.529,Overall,2024-25,6,3,3,0.5,71.55,16,25,0.64,9,17,0.529,2,2,1.0,4,7,11,2,4,0,0,0,10,1,43,29,55.2,0,0,65.0,58.0,1,1,1,1,1,1,1,1,1,1,1,1,1,1,1,1,1,1,1,1,1,1,1,1,1,1,1,1,1,1,1,1
1641790,PJ Hall,1610612743,DEN,23.0,19,13,1.0,14,24,0.583,0.625,0.667,12,16,0.75,0.333,2,8,0.25,Overall,2024-25,19,12,7,0.632,66.18333333333334,14,24,0.583,2,8,0.25,3,4,0.75,6,16,22,4,2,0,4,2,11,3,33,-2,75.4,0,0,69.0,75.0,1,1,1,1,1,1,1,1,1,1,1,1,1,1,1,1,1,1,1,1,1,1,1,1,1,1,1,1,1,1,1,1
1642353,Cam Christie,1610612746,LAC,19.0,13,9,1.0,7,24,0.292,0.333,0.458,5,11,0.455,0.542,2,13,0.154,Overall,2024-25,13,10,3,0.769,58.64833333333333,7,24,0.292,2,13,0.154,2,4,0.5,3,9,12,6,2,5,1,1,4,3,18,-10,57.4,0,0,50.0,60.0,1,1,1,1,1,1,1,1,1,1,1,1,1,1,1,1,1,1,1,1,1,1,1,1,1,1,1,1,1,1,1,1
1630543,Isaiah Jackson,1610612754,IND,23.0,5,5,1.0,14,23,0.609,0.609,1.0,14,23,0.609,0.0,0,0,,Overall,2024-25,5,1,4,0.2,83.88,14,23,0.609,0,0,0.0,7,14,0.5,11,17,28,5,5,3,8,2,14,7,35,10,104.1,0,0,90.0,106.0,1,1,1,1,1,1,1,1,1,1,1,1,1,1,1,1,1,1,1,1,1,1,1,1,1,1,1,1,1,1,1,1
1641789,Jazian Gortman,1610612742,DAL,22.0,16,10,1.0,9,23,0.391,0.478,0.522,5,12,0.417,0.478,4,11,0.364,Overall,2024-25,16,8,8,0.5,56.61666666666667,9,23,0.391,4,11,0.364,2,4,0.5,1,4,5,6,5,2,1,1,9,2,24,11,43.0,0,0,45.0,50.0,1,1,1,1,1,1,1,1,1,1,1,1,1,1,1,1,1,1,1,1,1,1,1,1,1,1,1,1,1,1,1,1
204060,Joe Ingles,1610612750,MIN,37.0,19,10,1.0,6,23,0.261,0.326,0.348,3,8,0.375,0.652,3,15,0.2,Overall,2024-25,19,12,7,0.632,114.08666666666667,6,23,0.261,3,15,0.2,0,0,0.0,2,9,11,23,9,2,0,1,12,5,15,2,59.7,0,0,56.0,78.0,1,1,1,1,1,1,1,1,1,1,1,1,1,1,1,1,1,1,1,1,1,1,1,1,1,1,1,1,1,1,1,1
1630283,Kylor Kelley,1610612747,LAL,27.0,11,7,1.0,14,22,0.636,0.636,1.0,14,22,0.636,0.0,0,0,,Overall,2024-25,11,3,8,0.273,125.95666666666666,14,22,0.636,0,0,0.0,6,10,0.6,12,27,39,5,4,1,3,0,15,6,34,-75,96.3,1,0,86.0,95.0,1,1,1,1,1,1,1,1,1,1,1,1,1,1,1,1,1,1,1,1,1,1,1,1,1,1,1,1,1,1,1,2
1631210,Jacob Toppin,1610612737,ATL,25.0,17,8,1.0,9,22,0.409,0.523,0.545,4,12,0.333,0.455,5,10,0.5,Overall,2024-25,17,13,4,0.765,75.15,9,22,0.409,5,10,0.5,0,0,0.0,3,12,15,6,3,2,0,3,3,0,23,-25,53.0,0,0,53.0,56.0,1,1,1,1,1,1,1,1,1,1,1,1,1,1,1,1,1,1,1,1,1,1,1,1,1,1,1,1,1,1,1,2
203109,Jae Crowder,1610612758,SAC,34.0,9,6,1.0,7,22,0.318,0.409,0.318,3,7,0.429,0.682,4,15,0.267,Overall,2024-25,9,3,6,0.333,102.76166666666667,7,22,0.318,4,15,0.267,5,6,0.833,6,14,20,6,4,3,0,1,10,3,23,-18,61.0,0,0,59.0,64.0,1,1,1,1,1,1,1,1,1,1,1,1,1,1,1,1,1,1,1,1,1,1,1,1,1,1,1,1,1,1,1,1
1631303,Justin Minaya,1610612757,POR,26.0,19,9,1.0,8,21,0.381,0.429,0.524,6,11,0.545,0.476,2,10,0.2,Overall,2024-25,19,8,11,0.421,100.67333333333333,8,21,0.381,2,10,0.2,0,2,0.0,5,5,10,7,5,6,1,0,12,3,18,-12,56.5,0,0,51.0,63.0,1,1,1,1,1,1,1,1,1,1,1,1,1,1,1,1,1,1,1,1,1,1,1,1,1,1,1,1,1,1,1,1
1630762,Phillip Wheeler,1610612755,PHI,23.0,5,5,1.0,3,21,0.143,0.143,0.524,3,11,0.273,0.476,0,10,0.0,Overall,2024-25,5,0,5,0.0,44.39666666666667,3,21,0.143,0,10,0.0,2,2,1.0,2,6,8,2,1,1,2,1,1,1,8,13,28.6,0,0,24.0,29.0,1,1,1,1,1,1,1,1,1,1,1,1,1,1,1,1,1,1,1,1,1,1,1,1,1,1,1,1,1,1,1,1
1631247,Luke Travers,1610612739,CLE,23.0,12,6,1.0,5,20,0.25,0.25,0.55,5,11,0.455,0.45,0,9,0.0,Overall,2024-25,12,10,2,0.833,87.86,5,20,0.25,0,9,0.0,2,2,1.0,8,12,20,8,8,1,1,4,6,1,12,-1,46.0,0,0,44.0,54.0,1,1,1,1,1,1,1,1,1,1,1,1,1,1,1,1,1,1,1,1,1,1,1,1,1,1,1,1,1,1,1,1
1642422,Armel Traore,1610612747,LAL,22.0,9,8,1.0,6,19,0.316,0.316,0.632,6,12,0.5,0.368,0,7,0.0,Overall,2024-25,9,5,4,0.556,66.66666666666667,6,19,0.316,0,7,0.0,2,7,0.286,2,13,15,1,3,4,2,1,6,5,14,-49,48.5,0,0,42.0,49.0,1,1,1,1,1,1,1,1,1,1,1,1,1,1,1,1,1,1,1,1,1,1,1,1,1,1,1,1,1,1,1,1
1630222,Mason Jones,1610612758,SAC,26.0,10,7,1.0,9,18,0.5,0.528,0.556,8,10,0.8,0.444,1,8,0.125,Overall,2024-25,10,4,6,0.4,45.391666666666666,9,18,0.5,1,8,0.125,4,5,0.8,2,7,9,11,1,0,1,0,3,3,23,1,52.3,0,0,46.0,57.0,1,1,1,1,1,1,1,1,1,1,1,1,1,1,1,1,1,1,1,1,1,1,1,1,1,1,1,1,1,1,1,1
1641707,Taylor Hendricks,1610612762,UTA,21.0,3,3,1.0,4,18,0.222,0.306,0.333,1,6,0.167,0.667,3,12,0.25,Overall,2024-25,3,0,3,0.0,74.51666666666667,4,18,0.222,3,12,0.25,3,4,0.75,5,10,15,2,2,5,4,0,8,2,14,-22,60.0,0,0,52.0,60.0,1,1,1,1,1,1,1,1,1,1,1,1,1,1,1,1,1,1,1,1,1,1,1,1,1,1,1,1,1,1,1,1
1642050,Jackson Rowe,1610612744,GSW,28.0,6,6,1.0,8,17,0.471,0.559,0.412,5,7,0.714,0.588,3,10,0.3,Overall,2024-25,6,4,2,0.667,51.73166666666667,8,17,0.471,3,10,0.3,3,6,0.5,3,8,11,4,1,4,0,0,4,3,22,23,52.2,0,0,48.0,53.0,1,1,1,1,1,1,1,1,1,1,1,1,1,1,1,1,1,1,1,1,1,1,1,1,1,1,1,1,1,1,1,1
1629098,Jack McVeigh,1610612745,HOU,29.0,9,6,1.0,5,17,0.294,0.412,0.235,1,4,0.25,0.765,4,13,0.308,Overall,2024-25,9,5,4,0.556,43.25,5,17,0.294,4,13,0.308,0,0,0.0,2,3,5,1,2,0,2,0,3,0,14,-10,25.5,0,0,28.0,27.0,1,1,1,1,1,1,1,1,1,1,1,1,1,1,1,1,1,1,1,1,1,1,1,1,1,1,1,1,1,1,1,1
1630604,E.J. Liddell,1610612741,CHI,24.0,12,6,1.0,8,15,0.533,0.633,0.333,5,5,1.0,0.667,3,10,0.3,Overall,2024-25,12,6,6,0.5,52.85666666666667,8,15,0.533,3,10,0.3,2,2,1.0,3,6,9,3,2,1,1,0,11,1,21,-8,40.3,0,0,40.0,42.0,1,1,1,1,1,1,1,1,1,1,1,1,1,1,1,1,1,1,1,1,1,1,1,1,1,1,1,1,1,1,1,1
1631159,Leonard Miller,1610612750,MIN,21.0,13,8,1.0,6,15,0.4,0.4,0.667,6,10,0.6,0.333,0,5,0.0,Overall,2024-25,13,11,2,0.846,31.595,6,15,0.4,0,5,0.0,8,8,1.0,3,8,11,0,2,2,1,1,2,4,20,-12,40.2,0,0,37.0,40.0,1,1,1,1,1,1,1,1,1,1,1,1,1,1,1,1,1,1,1,1,1,1,1,1,1,1,1,1,1,1,1,1
1630561,David Duke Jr.,1610612759,SAS,25.0,6,5,1.0,6,14,0.429,0.536,0.571,3,8,0.375,0.429,3,6,0.5,Overall,2024-25,6,0,6,0.0,33.71666666666667,6,14,0.429,3,6,0.5,1,2,0.5,1,4,5,4,2,1,0,0,1,2,16,28,29.0,0,0,30.0,32.0,1,1,1,1,1,1,1,1,1,1,1,1,1,1,1,1,1,1,1,1,1,1,1,1,1,1,1,1,1,1,1,1
1631121,Bryce McGowens,1610612757,POR,22.0,13,8,1.0,4,14,0.286,0.286,0.714,4,10,0.4,0.286,0,4,0.0,Overall,2024-25,13,8,5,0.615,32.016666666666666,4,14,0.286,0,4,0.0,5,6,0.833,2,1,3,2,4,1,0,1,3,5,13,-4,18.6,0,0,20.0,23.0,1,1,1,1,1,1,1,1,1,1,1,1,1,1,1,1,1,1,1,1,1,1,1,1,1,1,1,1,1,1,1,1
1642368,N'Faly Dante,1610612745,HOU,23.0,4,4,1.0,10,13,0.769,0.769,1.0,10,13,0.769,0.0,0,0,,Overall,2024-25,4,0,4,0.0,50.61666666666667,10,13,0.769,0,0,0.0,4,5,0.8,6,15,21,2,2,1,5,0,9,3,24,-11,68.2,0,0,59.0,67.0,1,1,1,1,1,1,1,1,1,1,1,1,1,1,1,1,1,1,1,1,1,1,1,1,1,1,1,1,1,1,1,1
1630201,Malachi Flynn,1610612759,SAS,27.0,4,3,1.0,5,13,0.385,0.423,0.692,4,9,0.444,0.308,1,4,0.25,Overall,2024-25,4,2,2,0.5,43.68,5,13,0.385,1,4,0.25,5,6,0.833,3,4,7,7,4,3,0,0,4,5,16,1,39.9,0,0,37.0,46.0,1,1,1,1,1,1,1,1,1,1,1,1,1,1,1,1,1,1,1,1,1,1,1,1,1,1,1,1,1,1,1,1
1631123,Jamaree Bouyea,1610612749,MIL,26.0,5,3,1.0,6,12,0.5,0.542,0.583,5,7,0.714,0.417,1,5,0.2,Overall,2024-25,5,4,1,0.8,61.7,6,12,0.5,1,5,0.2,4,6,0.667,1,4,5,10,8,4,2,1,2,6,17,2,48.0,0,0,45.0,60.0,1,1,1,1,1,1,1,1,1,1,1,1,1,1,1,1,1,1,1,1,1,1,1,1,1,1,1,1,1,1,1,1
1642384,Isaiah Crawford,1610612758,SAC,23.0,15,8,1.0,5,11,0.455,0.5,0.545,4,6,0.667,0.455,1,5,0.2,Overall,2024-25,15,7,8,0.467,45.666666666666664,5,11,0.455,1,5,0.2,2,4,0.5,1,7,8,1,1,1,2,0,2,1,13,23,32.1,0,0,29.0,32.0,1,1,1,1,1,1,1,1,1,1,1,1,1,1,1,1,1,1,1,1,1,1,1,1,1,1,1,1,1,1,1,1
201949,James Johnson,1610612754,IND,38.0,12,7,1.0,4,11,0.364,0.364,0.727,4,8,0.5,0.273,0,3,0.0,Overall,2024-25,12,5,7,0.417,36.61666666666667,4,11,0.364,0,3,0.0,0,1,0.0,0,6,6,4,4,0,2,0,5,1,8,-9,23.2,0,0,22.0,28.0,1,1,1,1,1,1,1,1,1,1,1,1,1,1,1,1,1,1,1,1,1,1,1,1,1,1,1,1,1,1,1,1
1642280,Trentyn Flowers,1610612746,LAC,20.0,6,3,1.0,4,11,0.364,0.364,0.818,4,9,0.444,0.182,0,2,0.0,Overall,2024-25,6,4,2,0.667,26.515,4,11,0.364,0,2,0.0,3,3,1.0,1,3,4,0,1,0,0,0,4,2,11,-6,14.8,0,0,15.0,15.0,1,1,1,1,1,1,1,1,1,1,1,1,1,1,1,1,1,1,1,1,1,1,1,1,1,1,1,1,1,1,1,1
1641752,Bobi Klintman,1610612765,DET,22.0,8,2,1.0,6,10,0.6,0.7,0.5,4,5,0.8,0.5,2,5,0.4,Overall,2024-25,8,4,4,0.5,42.38166666666667,6,10,0.6,2,5,0.4,1,2,0.5,1,6,7,7,1,2,1,0,8,2,15,0,41.9,0,0,37.0,45.0,1,1,1,1,1,1,1,1,1,1,1,1,1,1,1,1,1,1,1,1,1,1,1,1,1,1,1,1,1,1,1,1
1642450,Daniss Jenkins,1610612765,DET,23.0,7,5,1.0,3,10,0.3,0.35,0.3,2,3,0.667,0.7,1,7,0.143,Overall,2024-25,7,3,4,0.429,22.748333333333335,3,10,0.3,1,7,0.143,0,2,0.0,0,2,2,3,1,0,0,0,2,2,7,-9,12.9,0,0,13.0,15.0,1,1,1,1,1,1,1,1,1,1,1,1,1,1,1,1,1,1,1,1,1,1,1,1,1,1,1,1,1,1,1,1
1631386,Taze Moore,1610612757,POR,27.0,2,2,1.0,2,10,0.2,0.25,0.6,1,6,0.167,0.4,1,4,0.25,Overall,2024-25,2,0,2,0.0,19.85,2,10,0.2,1,4,0.25,1,2,0.5,4,4,8,1,2,2,0,1,0,1,6,-7,21.1,0,0,20.0,22.0,1,1,1,1,1,1,1,1,1,1,1,1,1,1,1,1,1,1,1,1,1,1,1,1,1,1,1,1,1,1,1,1
1642449,Tolu Smith,1610612765,DET,24.0,1,1,1.0,6,9,0.667,0.667,1.0,6,9,0.667,0.0,0,0,,Overall,2024-25,1,0,1,0.0,22.35,6,9,0.667,0,0,0.0,2,3,0.667,4,4,8,0,2,0,0,2,3,4,14,7,21.6,0,0,22.0,22.0,1,1,1,1,1,1,1,1,1,1,1,1,1,1,1,1,1,1,1,1,1,1,1,1,1,1,1,1,1,1,1,1
1641817,Anton Watson,1610612752,NYK,24.0,9,6,1.0,4,9,0.444,0.444,0.889,4,8,0.5,0.111,0,1,0.0,Overall,2024-25,9,5,4,0.556,22.166666666666668,4,9,0.444,0,1,0.0,0,0,0.0,1,2,3,2,2,1,0,1,3,0,8,-9,15.6,0,0,15.0,18.0,1,1,1,1,1,1,1,1,1,1,1,1,1,1,1,1,1,1,1,1,1,1,1,1,1,1,1,1,1,1,1,1
1641936,Miles Norris,1610612738,BOS,25.0,3,2,1.0,2,9,0.222,0.333,0.222,0,2,0.0,0.778,2,7,0.286,Overall,2024-25,3,2,1,0.667,34.916666666666664,2,9,0.222,2,7,0.286,1,2,0.5,2,7,9,0,0,2,1,1,0,1,7,-14,26.8,0,0,24.0,25.0,1,1,1,1,1,1,1,1,1,1,1,1,1,1,1,1,1,1,1,1,1,1,1,1,1,1,1,1,1,1,1,1
1641801,Emanuel Miller,1610612741,CHI,25.0,6,4,1.0,4,8,0.5,0.5,0.875,4,7,0.571,0.125,0,1,0.0,Overall,2024-25,6,4,2,0.667,24.733333333333334,4,8,0.5,0,1,0.0,2,2,1.0,4,4,8,2,0,1,0,0,3,1,10,-8,25.6,0,0,22.0,25.0,1,1,1,1,1,1,1,1,1,1,1,1,1,1,1,1,1,1,1,1,1,1,1,1,1,1,1,1,1,1,1,1
1641857,Liam Robbins,1610612749,MIL,25.0,13,6,1.0,2,8,0.25,0.25,0.75,2,6,0.333,0.25,0,2,0.0,Overall,2024-25,13,8,5,0.615,56.96666666666667,2,8,0.25,0,2,0.0,5,10,0.5,7,5,12,2,6,2,2,3,9,10,9,-5,32.4,0,0,31.0,37.0,1,1,1,1,1,1,1,1,1,1,1,1,1,1,1,1,1,1,1,1,1,1,1,1,1,1,1,1,1,1,1,1
1641803,Tristen Newton,1610612750,MIN,24.0,8,6,1.0,1,8,0.125,0.125,0.625,1,5,0.2,0.375,0,3,0.0,Overall,2024-25,8,2,6,0.25,16.145,1,8,0.125,0,3,0.0,1,1,1.0,2,2,4,2,2,1,0,1,4,1,3,-5,11.8,0,0,11.0,14.0,1,1,1,1,1,1,1,1,1,1,1,1,1,1,1,1,1,1,1,1,1,1,1,1,1,1,1,1,1,1,1,2
1631199,Ron Harper Jr.,1610612765,DET,25.0,1,1,1.0,1,8,0.125,0.125,0.25,1,2,0.5,0.75,0,6,0.0,Overall,2024-25,1,0,1,0.0,17.0,1,8,0.125,0,6,0.0,2,2,1.0,4,3,7,2,0,0,0,0,0,2,4,-1,15.4,0,0,13.0,15.0,1,1,1,1,1,1,1,1,1,1,1,1,1,1,1,1,1,1,1,1,1,1,1,1,1,1,1,1,1,1,1,1
1641766,Adama Sanogo,1610612741,CHI,23.0,4,3,1.0,4,7,0.571,0.571,1.0,4,7,0.571,0.0,0,0,,Overall,2024-25,4,2,2,0.5,21.498333333333335,4,7,0.571,0,0,0.0,0,0,0.0,5,1,6,1,1,0,0,1,1,1,8,-5,15.7,0,0,15.0,16.0,1,1,1,1,1,1,1,1,1,1,1,1,1,1,1,1,1,1,1,1,1,1,1,1,1,1,1,1,1,1,1,1
200782,P.J. Tucker,1610612752,NYK,40.0,3,2,1.0,3,7,0.429,0.643,0.143,0,1,0.0,0.857,3,6,0.5,Overall,2024-25,3,1,2,0.333,57.86833333333333,3,7,0.429,3,6,0.5,0,0,0.0,4,4,8,0,1,1,1,0,8,1,9,-22,23.6,0,0,24.0,23.0,1,1,1,1,1,1,1,1,1,1,1,1,1,1,1,1,1,1,1,1,1,1,1,1,1,1,1,1,1,1,1,1
1641779,Jalen Bridges,1610612756,PHX,24.0,8,6,1.0,2,7,0.286,0.429,0.0,0,0,,1.0,2,7,0.286,Overall,2024-25,8,1,7,0.125,30.373333333333335,2,7,0.286,2,7,0.286,3,4,0.75,0,4,4,0,4,0,0,0,0,3,9,7,9.8,0,0,15.0,13.0,1,1,1,1,1,1,1,1,1,1,1,1,1,1,1,1,1,1,1,1,1,1,1,1,1,1,1,1,1,1,1,1
1630600,Isaiah Mobley,1610612755,PHI,25.0,1,1,1.0,2,7,0.286,0.357,0.571,1,4,0.25,0.429,1,3,0.333,Overall,2024-25,1,0,1,0.0,17.366666666666667,2,7,0.286,1,3,0.333,1,2,0.5,1,3,4,5,0,1,1,0,3,1,6,-6,24.3,0,0,20.0,26.0,1,1,1,1,1,1,1,1,1,1,1,1,1,1,1,1,1,1,1,1,1,1,1,1,1,1,1,1,1,1,1,1
1641755,Kevin McCullar Jr.,1610612752,NYK,24.0,4,3,1.0,2,7,0.286,0.286,0.857,2,6,0.333,0.143,0,1,0.0,Overall,2024-25,4,4,0,1.0,29.166666666666668,2,7,0.286,0,1,0.0,2,2,1.0,0,8,8,2,0,1,1,1,6,3,6,-2,24.6,0,0,20.0,24.0,1,1,1,1,1,1,1,1,1,1,1,1,1,1,1,1,1,1,1,1,1,1,1,1,1,1,1,1,1,1,1,1
1630618,D.J. Carton,1610612761,TOR,24.0,4,3,1.0,1,7,0.143,0.143,0.571,1,4,0.25,0.429,0,3,0.0,Overall,2024-25,4,1,3,0.25,33.38666666666666,1,7,0.143,0,3,0.0,1,1,1.0,0,4,4,3,4,2,0,2,1,1,3,12,14.3,0,0,14.0,19.0,1,1,1,1,1,1,1,1,1,1,1,1,1,1,1,1,1,1,1,1,1,1,1,1,1,1,1,1,1,1,1,1
1642385,Cui Cui,1610612751,BKN,22.0,5,2,1.0,1,7,0.143,0.143,0.571,1,4,0.25,0.429,0,3,0.0,Overall,2024-25,5,2,3,0.4,10.318333333333333,1,7,0.143,0,3,0.0,1,2,0.5,0,2,2,0,0,0,0,1,0,1,3,2,5.4,0,0,5.0,5.0,1,1,1,1,1,1,1,1,1,1,1,1,1,1,1,1,1,1,1,1,1,1,1,1,1,1,1,1,1,1,1,1
1642443,Jahmir Young,1610612741,CHI,24.0,6,4,1.0,4,5,0.8,0.9,0.6,3,3,1.0,0.4,1,2,0.5,Overall,2024-25,6,4,2,0.667,29.666666666666668,4,5,0.8,1,2,0.5,2,2,1.0,1,2,3,6,1,0,0,1,2,1,11,-7,22.6,0,0,21.0,26.0,1,1,1,1,1,1,1,1,1,1,1,1,1,1,1,1,1,1,1,1,1,1,1,1,1,1,1,1,1,1,1,1
1642279,Ulrich Chomche,1610612761,TOR,19.0,7,4,1.0,2,5,0.4,0.4,1.0,2,5,0.4,0.0,0,0,,Overall,2024-25,7,3,4,0.429,32.175,2,5,0.4,0,0,0.0,1,2,0.5,4,4,8,2,2,0,1,0,5,1,5,-24,18.6,0,0,17.0,20.0,1,1,1,1,1,1,1,1,1,1,1,1,1,1,1,1,1,1,1,1,1,1,1,1,1,1,1,1,1,1,1,1
1642439,Quincy Olivari,1610612747,LAL,24.0,2,2,1.0,1,5,0.2,0.3,0.0,0,0,,1.0,1,5,0.2,Overall,2024-25,2,1,1,0.5,10.3,1,5,0.2,1,5,0.2,0,0,0.0,0,0,0,1,1,0,0,0,0,1,3,-18,3.5,0,0,5.0,5.0,1,1,1,1,1,1,1,1,1,1,1,1,1,1,1,1,1,1,1,1,1,1,1,1,1,1,1,1,1,1,1,1
1627746,Skal Labissiere,1610612758,SAC,29.0,4,2,1.0,2,4,0.5,0.625,0.75,1,3,0.333,0.25,1,1,1.0,Overall,2024-25,4,2,2,0.5,11.96,2,4,0.5,1,1,1.0,0,0,0.0,1,2,3,1,0,0,0,0,1,0,5,-1,10.1,0,0,10.0,10.0,1,1,1,1,1,1,1,1,1,1,1,1,1,1,1,1,1,1,1,1,1,1,1,1,1,1,1,1,1,1,1,1
1631127,Harrison Ingram,1610612759,SAS,22.0,5,4,1.0,2,4,0.5,0.5,0.75,2,3,0.667,0.25,0,1,0.0,Overall,2024-25,5,0,5,0.0,34.75,2,4,0.5,0,1,0.0,0,0,0.0,2,7,9,3,1,3,0,0,2,0,4,30,27.3,0,0,22.0,28.0,1,1,1,1,1,1,1,1,1,1,1,1,1,1,1,1,1,1,1,1,1,1,1,1,1,1,1,1,1,1,1,1
1630164,James Wiseman,1610612754,IND,24.0,1,1,1.0,2,4,0.5,0.5,0.75,2,3,0.667,0.25,0,1,0.0,Overall,2024-25,1,1,0,1.0,4.633333333333334,2,4,0.5,0,1,0.0,2,2,1.0,0,1,1,0,0,0,0,0,0,1,6,-4,7.2,0,0,7.0,7.0,1,1,1,1,1,1,1,1,1,1,1,1,1,1,1,1,1,1,1,1,1,1,1,1,1,1,1,1,1,1,1,1
1630296,Braxton Key,1610612744,GSW,28.0,3,1,1.0,0,4,0.0,0.0,0.75,0,3,0.0,0.25,0,1,0.0,Overall,2024-25,3,3,0,1.0,10.825,0,4,0.0,0,1,0.0,3,6,0.5,1,1,2,0,1,2,0,1,0,3,3,-8,10.4,0,0,9.0,11.0,1,1,1,1,1,1,1,1,1,1,1,1,1,1,1,1,1,1,1,1,1,1,1,1,1,1,1,1,1,1,1,1
1628408,PJ Dozier,1610612750,MIN,28.0,9,3,1.0,2,3,0.667,1.0,0.0,0,0,,1.0,2,3,0.667,Overall,2024-25,9,7,2,0.778,34.916666666666664,2,3,0.667,2,3,0.667,1,6,0.167,1,4,5,5,1,1,0,0,3,3,7,-4,22.5,0,0,21.0,25.0,1,1,1,1,1,1,1,1,1,1,1,1,1,1,1,1,1,1,1,1,1,1,1,1,1,1,1,1,1,1,1,1
1641879,Yuri Collins,1610612744,GSW,24.0,2,1,1.0,1,3,0.333,0.333,1.0,1,3,0.333,0.0,0,0,,Overall,2024-25,2,2,0,1.0,16.3,1,3,0.333,0,0,0.0,0,0,0.0,2,1,3,4,0,2,0,0,5,1,2,-5,17.6,0,0,13.0,19.0,1,1,1,1,1,1,1,1,1,1,1,1,1,1,1,1,1,1,1,1,1,1,1,1,1,1,1,1,1,1,1,1
1631214,Alondes Williams,1610612746,LAC,26.0,1,1,1.0,2,2,1.0,1.25,0.5,1,1,1.0,0.5,1,1,1.0,Overall,2024-25,1,0,1,0.0,3.716666666666667,2,2,1.0,1,1,1.0,0,0,0.0,0,0,0,1,0,0,0,0,0,0,5,6,6.5,0,0,7.0,7.0,1,1,1,1,1,1,1,1,1,1,1,1,1,1,1,1,1,1,1,1,1,1,1,1,1,1,1,1,1,1,1,1
1641815,Isaiah Stevens,1610612748,MIA,24.0,3,2,1.0,0,2,0.0,0.0,0.5,0,1,0.0,0.5,0,1,0.0,Overall,2024-25,3,3,0,1.0,5.55,0,2,0.0,0,1,0.0,0,0,0.0,0,2,2,0,0,1,0,0,0,0,0,4,5.4,0,0,4.0,5.0,1,1,1,1,1,1,1,1,1,1,1,1,1,1,1,1,1,1,1,1,1,1,1,1,1,1,1,1,1,1,1,1
1642502,Malevy Leons,1610612760,OKC,25.0,6,2,1.0,0,2,0.0,0.0,0.5,0,1,0.0,0.5,0,1,0.0,Overall,2024-25,6,6,0,1.0,20.966666666666665,0,2,0.0,0,1,0.0,2,4,0.5,1,2,3,1,1,0,0,1,4,2,2,-18,6.1,0,0,6.0,7.0,1,1,1,1,1,1,1,1,1,1,1,1,1,1,1,1,1,1,1,1,1,1,1,1,1,1,1,1,1,1,1,1
1630644,Mac McClung,1610612753,ORL,26.0,2,1,1.0,0,2,0.0,0.0,0.5,0,1,0.0,0.5,0,1,0.0,Overall,2024-25,2,1,1,0.5,10.233333333333333,0,2,0.0,0,1,0.0,0,0,0.0,0,1,1,3,0,0,0,0,2,1,0,-2,5.7,0,0,4.0,7.0,1,1,1,1,1,1,1,1,1,1,1,1,1,1,1,1,1,1,1,1,1,1,1,1,1,1,1,1,1,1,1,1
1629056,Terence Davis,1610612758,SAC,28.0,1,1,1.0,0,2,0.0,0.0,0.5,0,1,0.0,0.5,0,1,0.0,Overall,2024-25,1,1,0,1.0,7.883333333333334,0,2,0.0,0,1,0.0,0,0,0.0,0,1,1,1,0,0,0,0,0,0,0,-3,2.7,0,0,2.0,3.0,1,1,1,1,1,1,1,1,1,1,1,1,1,1,1,1,1,1,1,1,1,1,1,1,1,1,1,1,1,1,1,1
1630678,Terry Taylor,1610612758,SAC,25.0,3,1,1.0,0,1,0.0,0.0,1.0,0,1,0.0,0.0,0,0,,Overall,2024-25,3,1,2,0.333,6.333333333333333,0,1,0.0,0,0,0.0,0,0,0.0,1,0,1,2,0,0,0,0,0,0,0,9,4.2,0,0,3.0,5.0,1,1,1,1,1,1,1,1,1,1,1,1,1,1,1,1,1,1,1,1,1,1,1,1,1,1,1,1,1,1,1,1
1642389,Zyon Pullin,1610612763,MEM,24.0,3,1,1.0,0,1,0.0,0.0,1.0,0,1,0.0,0.0,0,0,,Overall,2024-25,3,1,2,0.333,2.6016666666666666,0,1,0.0,0,0,0.0,0,0,0.0,0,0,0,0,0,0,0,0,0,0,0,1,0.0,0,0,0.0,0.0,1,1,1,1,1,1,1,1,1,1,1,1,1,1,1,1,1,1,1,1,1,1,1,1,1,1,1,1,1,1,1,1
1642434,Riley Minix,1610612759,SAS,24.0,1,1,1.0,0,1,0.0,0.0,0.0,0,0,,1.0,0,1,0.0,Overall,2024-25,1,0,1,0.0,6.75,0,1,0.0,0,1,0.0,0,0,0.0,0,2,2,0,0,0,0,0,0,0,0,0,2.4,0,0,2.0,2.0,1,1,1,1,1,1,1,1,1,1,1,1,1,1,1,1,1,1,1,1,1,1,1,1,1,1,1,1,1,1,1,1
1630227,Daishen Nix,1610612750,MIN,23.0,3,1,1.0,0,1,0.0,0.0,0.0,0,0,,1.0,0,1,0.0,Overall,2024-25,3,3,0,1.0,13.233333333333333,0,1,0.0,0,1,0.0,1,2,0.5,0,4,4,3,4,0,0,0,1,1,1,9,6.3,0,0,8.0,11.0,1,1,1,1,1,1,1,1,1,1,1,1,1,1,1,1,1,1,1,1,1,1,1,1,1,1,1,1,1,1,1,1
